fullpart_time,gender,months_work,respect,hr_wage
(1) Full-time worker,(2) Female,12,(4) Disagree,NA
(1) Full-time worker,(2) Female,12,(1) Strongly agree,8.6538461538499991
(1) Full-time worker,(2) Female,9,(3) Neither agree nor disagree,4.44444444445
(1) Full-time worker,(2) Female,12,(3) Neither agree nor disagree,10
(2) Part-time worker,(2) Female,9,(1) Strongly agree,8.5
(1) Full-time worker,(2) Female,12,(1) Strongly agree,15
(1) Full-time worker,(2) Female,12,(1) Strongly agree,20.83333333334
(1) Full-time worker,(2) Female,7,(2) Agree,10.5
(1) Full-time worker,(2) Female,8,(1) Strongly agree,12
(1) Full-time worker,(2) Female,12,(1) Strongly agree,NA
(1) Full-time worker,(2) Female,9,(1) Strongly agree,7.89473684211
(2) Part-time worker,(2) Female,11,(1) Strongly agree,3.30882352941
(1) Full-time worker,(2) Female,11,(2) Agree,11.22
(1) Full-time worker,(2) Female,9,NA,11.11111111112
(1) Full-time worker,(2) Female,12,(3) Neither agree nor disagree,14.5
(2) Part-time worker,(2) Female,2,(2) Agree,11.1
(2) Part-time worker,(2) Female,10,(1) Strongly agree,11.2
(1) Full-time worker,(2) Female,10,(2) Agree,11.8918918919
(1) Full-time worker,(2) Female,12,(2) Agree,9.06
(2) Part-time worker,(2) Female,12,(2) Agree,8.33333333334
(1) Full-time worker,(2) Female,12,(1) Strongly agree,15.96
(2) Part-time worker,(2) Female,6,(2) Agree,NA
(1) Full-time worker,(2) Female,12,(1) Strongly agree,13.2
(2) Part-time worker,(2) Female,12,(2) Agree,15
(1) Full-time worker,(2) Female,10,NA,NA
(2) Part-time worker,(2) Female,7,(1) Strongly agree,10
(1) Full-time worker,(2) Female,12,(1) Strongly agree,12
(2) Part-time worker,(2) Female,12,(2) Agree,11.5
NA,NA,NA,NA,NA
(1) Full-time worker,(2) Female,12,(2) Agree,20
(1) Full-time worker,(2) Female,12,(2) Agree,14.58333333334
(2) Part-time worker,(2) Female,10,(1) Strongly agree,25
(2) Part-time worker,(2) Female,9,(1) Strongly agree,12.16
(2) Part-time worker,(2) Female,2,(2) Agree,10.75
(1) Full-time worker,(2) Female,2,(2) Agree,NA
(1) Full-time worker,(1) Male,12,(1) Strongly agree,7.69230769231
(2) Part-time worker,(2) Female,12,(2) Agree,8.39160839161
(1) Full-time worker,(2) Female,9,(2) Agree,13.7125
(1) Full-time worker,(2) Female,9,(2) Agree,15
(2) Part-time worker,(2) Female,12,(2) Agree,20
NA,NA,NA,NA,NA
NA,NA,NA,NA,NA
(1) Full-time worker,(2) Female,10,(1) Strongly agree,31.93277310925
(1) Full-time worker,(2) Female,12,(1) Strongly agree,7.5
(2) Part-time worker,(2) Female,12,NA,12.5
(1) Full-time worker,(2) Female,12,(2) Agree,14
(1) Full-time worker,(2) Female,12,(2) Agree,10
(1) Full-time worker,(2) Female,12,(1) Strongly agree,8
(1) Full-time worker,(2) Female,8,(4) Disagree,10
(1) Full-time worker,(2) Female,12,(1) Strongly agree,17.09401709402
(1) Full-time worker,(2) Female,12,(1) Strongly agree,NA
(1) Full-time worker,(2) Female,12,(1) Strongly agree,NA
(1) Full-time worker,(2) Female,12,(2) Agree,15.75
(2) Part-time worker,(2) Female,9,(1) Strongly agree,14.67
(1) Full-time worker,(2) Female,12,(1) Strongly agree,28.44444444445
(1) Full-time worker,(2) Female,12,(1) Strongly agree,26
(1) Full-time worker,(2) Female,12,(2) Agree,16
(1) Full-time worker,(2) Female,11,(3) Neither agree nor disagree,107.5
(1) Full-time worker,(2) Female,12,NA,NA
(2) Part-time worker,(2) Female,10,(1) Strongly agree,NA
(1) Full-time worker,(2) Female,12,(1) Strongly agree,17
NA,NA,NA,NA,NA
(1) Full-time worker,(2) Female,12,(2) Agree,13.725
(1) Full-time worker,(2) Female,NA,(2) Agree,22.52252252253
(2) Part-time worker,(2) Female,3,(2) Agree,15
NA,NA,NA,NA,NA
(1) Full-time worker,(2) Female,12,NA,12.85714285715
(1) Full-time worker,(2) Female,8,(1) Strongly agree,14
(1) Full-time worker,(2) Female,12,(5) Strongly disagree,31.54761904762
(1) Full-time worker,(2) Female,12,(2) Agree,14.5
(2) Part-time worker,(2) Female,12,(2) Agree,NA
(1) Full-time worker,(2) Female,12,(1) Strongly agree,10
(1) Full-time worker,(2) Female,12,(1) Strongly agree,16
(1) Full-time worker,(2) Female,12,(1) Strongly agree,10
(1) Full-time worker,(2) Female,12,(1) Strongly agree,11
NA,NA,NA,NA,NA
(2) Part-time worker,(2) Female,12,(1) Strongly agree,14.5
(1) Full-time worker,(2) Female,8,(1) Strongly agree,17.72
(2) Part-time worker,(2) Female,10,(1) Strongly agree,13
(1) Full-time worker,(2) Female,12,(2) Agree,16.5
(1) Full-time worker,(2) Female,1,NA,NA
NA,NA,NA,NA,NA
(1) Full-time worker,(1) Male,12,(1) Strongly agree,11
(2) Part-time worker,(2) Female,10,(1) Strongly agree,12.185
(1) Full-time worker,(2) Female,8,(1) Strongly agree,21.11176470589
(1) Full-time worker,(2) Female,10,(4) Disagree,12.5
NA,NA,NA,NA,NA
(1) Full-time worker,(2) Female,10,(2) Agree,14
(1) Full-time worker,(2) Female,9,(3) Neither agree nor disagree,7.75
NA,NA,NA,NA,NA
NA,NA,NA,NA,NA
(1) Full-time worker,(2) Female,12,(1) Strongly agree,13
(1) Full-time worker,(2) Female,12,(1) Strongly agree,11
(1) Full-time worker,(2) Female,12,(3) Neither agree nor disagree,13.725
(2) Part-time worker,(2) Female,12,(3) Neither agree nor disagree,10
(1) Full-time worker,(2) Female,2,(3) Neither agree nor disagree,12.5
(1) Full-time worker,(2) Female,10,(1) Strongly agree,32.7380952381
(1) Full-time worker,(2) Female,12,(2) Agree,NA
(1) Full-time worker,(2) Female,9,(1) Strongly agree,12.01923076924
NA,NA,NA,NA,NA
(1) Full-time worker,(2) Female,12,(2) Agree,11.875
(1) Full-time worker,(2) Female,2,(3) Neither agree nor disagree,8
(1) Full-time worker,(2) Female,9,(2) Agree,21.86
(2) Part-time worker,(2) Female,4,(1) Strongly agree,8
(1) Full-time worker,(2) Female,12,(2) Agree,14.071875
(1) Full-time worker,(2) Female,12,(1) Strongly agree,13.46153846154
(1) Full-time worker,(2) Female,12,(1) Strongly agree,15
(1) Full-time worker,(2) Female,12,(2) Agree,12
(1) Full-time worker,(2) Female,12,(1) Strongly agree,12
(1) Full-time worker,(2) Female,10,(2) Agree,15.9
(1) Full-time worker,(2) Female,12,(1) Strongly agree,NA
(1) Full-time worker,(2) Female,12,(2) Agree,11
(1) Full-time worker,(2) Female,12,(2) Agree,10.91
NA,NA,NA,NA,NA
(1) Full-time worker,(2) Female,12,(4) Disagree,17
NA,NA,NA,NA,NA
(1) Full-time worker,NA,12,NA,8.12790697675
(1) Full-time worker,(2) Female,12,(1) Strongly agree,13
(1) Full-time worker,(2) Female,5,(1) Strongly agree,7.5
(1) Full-time worker,(1) Male,12,(5) Strongly disagree,15.68627450981
NA,NA,NA,NA,NA
(1) Full-time worker,(2) Female,12,(1) Strongly agree,22
(2) Part-time worker,(2) Female,10,(1) Strongly agree,NA
(1) Full-time worker,(2) Female,10,(1) Strongly agree,37.89473684211
(2) Part-time worker,(2) Female,8,(2) Agree,10
(2) Part-time worker,(2) Female,12,(1) Strongly agree,14
(1) Full-time worker,(2) Female,10,(1) Strongly agree,35.51768707483
(1) Full-time worker,(2) Female,12,(2) Agree,10
(1) Full-time worker,(2) Female,12,(2) Agree,9.5
(2) Part-time worker,(2) Female,9,(2) Agree,11.62
(1) Full-time worker,(2) Female,12,(2) Agree,15
(1) Full-time worker,(2) Female,11,(2) Agree,15
(1) Full-time worker,(2) Female,12,(2) Agree,7.3625
NA,NA,NA,NA,NA
(1) Full-time worker,(2) Female,12,(2) Agree,10
NA,NA,NA,NA,NA
NA,NA,NA,NA,NA
NA,NA,NA,NA,NA
(2) Part-time worker,(2) Female,6,(1) Strongly agree,10.4
(2) Part-time worker,(2) Female,9,(2) Agree,18.73170731708
NA,NA,NA,NA,NA
(1) Full-time worker,(2) Female,12,(1) Strongly agree,11
(2) Part-time worker,(1) Male,10,(1) Strongly agree,107.32142857143
(1) Full-time worker,(2) Female,9,(2) Agree,38.88888888889
(1) Full-time worker,(2) Female,10,(2) Agree,17.5
(1) Full-time worker,(2) Female,12,(2) Agree,20.625
(1) Full-time worker,(2) Female,10,(1) Strongly agree,9
(1) Full-time worker,(2) Female,10,(2) Agree,19.69000000001
(1) Full-time worker,(2) Female,10,(2) Agree,21
(2) Part-time worker,(2) Female,12,(2) Agree,10.66666666667
(2) Part-time worker,(2) Female,9,(1) Strongly agree,59.375
(1) Full-time worker,(2) Female,12,(1) Strongly agree,9
(1) Full-time worker,(2) Female,12,(1) Strongly agree,8.75
(1) Full-time worker,(2) Female,12,(3) Neither agree nor disagree,12
(1) Full-time worker,(2) Female,12,(3) Neither agree nor disagree,23.56
(1) Full-time worker,(2) Female,12,(1) Strongly agree,16
(1) Full-time worker,(2) Female,5,(1) Strongly agree,5.68571428572
(2) Part-time worker,(2) Female,12,(1) Strongly agree,12.6
(2) Part-time worker,(2) Female,10,(1) Strongly agree,7
(2) Part-time worker,(2) Female,12,(1) Strongly agree,NA
NA,NA,NA,NA,NA
(1) Full-time worker,(2) Female,12,(2) Agree,12.5
NA,NA,NA,NA,NA
(1) Full-time worker,(2) Female,1,(1) Strongly agree,12
(1) Full-time worker,(2) Female,11,(4) Disagree,12.75
(1) Full-time worker,(2) Female,10,(1) Strongly agree,14
(1) Full-time worker,(2) Female,12,(1) Strongly agree,107.5
(1) Full-time worker,(2) Female,12,(2) Agree,12.85714285715
(1) Full-time worker,(2) Female,12,(3) Neither agree nor disagree,19.9
NA,NA,NA,NA,NA
(1) Full-time worker,(2) Female,9,(1) Strongly agree,10.25
(1) Full-time worker,(2) Female,10,(1) Strongly agree,20.55555555556
(1) Full-time worker,(2) Female,12,(2) Agree,10.80000000001
NA,NA,NA,NA,NA
(1) Full-time worker,(2) Female,12,(2) Agree,15
(1) Full-time worker,(2) Female,12,(1) Strongly agree,12.5
(1) Full-time worker,(2) Female,12,(1) Strongly agree,9.5
(2) Part-time worker,(2) Female,10,NA,NA
(1) Full-time worker,(2) Female,12,(2) Agree,9.1
(1) Full-time worker,(2) Female,12,(2) Agree,11
(1) Full-time worker,(2) Female,10,(2) Agree,16
(1) Full-time worker,(2) Female,12,(2) Agree,9.15
(1) Full-time worker,(2) Female,12,(2) Agree,26.84210526316
(1) Full-time worker,NA,1,(2) Agree,18
NA,NA,NA,NA,NA
(2) Part-time worker,(2) Female,10,(2) Agree,8
NA,NA,NA,NA,NA
(1) Full-time worker,(2) Female,8,(1) Strongly agree,9
(1) Full-time worker,(2) Female,9,(2) Agree,25
(1) Full-time worker,(2) Female,10,(1) Strongly agree,23.33333333334
(2) Part-time worker,(2) Female,12,(1) Strongly agree,10
(1) Full-time worker,(2) Female,12,(2) Agree,9.125
(1) Full-time worker,(2) Female,4,(2) Agree,10
(1) Full-time worker,(2) Female,12,(2) Agree,9
(2) Part-time worker,(2) Female,12,(1) Strongly agree,10.05000000001
(1) Full-time worker,(2) Female,3,(3) Neither agree nor disagree,18.75
(1) Full-time worker,(2) Female,10,(1) Strongly agree,33.33333333334
(1) Full-time worker,(2) Female,12,(2) Agree,17.307692307699998
(2) Part-time worker,(2) Female,5,(1) Strongly agree,7.25
(2) Part-time worker,(2) Female,3,(4) Disagree,7.14285714286
(1) Full-time worker,(2) Female,6,(2) Agree,9
(1) Full-time worker,(2) Female,12,(1) Strongly agree,12.5
(1) Full-time worker,(2) Female,10,(1) Strongly agree,15
(1) Full-time worker,(2) Female,9,(1) Strongly agree,8.48750000001
(1) Full-time worker,(2) Female,12,(2) Agree,10.75
(1) Full-time worker,(2) Female,12,(1) Strongly agree,18.66
(1) Full-time worker,(2) Female,10,(4) Disagree,16.66666666667
(1) Full-time worker,(2) Female,12,(2) Agree,15.5
(1) Full-time worker,(2) Female,7,(2) Agree,11
(1) Full-time worker,(2) Female,12,(2) Agree,13
(2) Part-time worker,(2) Female,1,(2) Agree,12
NA,NA,NA,NA,NA
(1) Full-time worker,(2) Female,12,(1) Strongly agree,NA
(1) Full-time worker,(2) Female,12,(1) Strongly agree,9.25
(2) Part-time worker,(2) Female,2,(2) Agree,9
NA,NA,NA,NA,NA
(1) Full-time worker,(2) Female,12,(2) Agree,20
(2) Part-time worker,(2) Female,9,(5) Strongly disagree,7.75
(1) Full-time worker,(2) Female,11,(3) Neither agree nor disagree,11.9
(1) Full-time worker,(2) Female,12,(1) Strongly agree,10.5
(2) Part-time worker,(2) Female,12,(2) Agree,14.93333333334
(1) Full-time worker,(2) Female,12,(2) Agree,11.75
NA,NA,NA,NA,NA
(2) Part-time worker,(2) Female,1,(1) Strongly agree,14
(2) Part-time worker,(2) Female,12,(2) Agree,12
(1) Full-time worker,(2) Female,12,(1) Strongly agree,7.5
(1) Full-time worker,(2) Female,12,(2) Agree,14
(1) Full-time worker,(1) Male,12,(2) Agree,9
(1) Full-time worker,(2) Female,12,(1) Strongly agree,NA
(1) Full-time worker,(2) Female,12,(2) Agree,16.11111111112
(2) Part-time worker,(2) Female,9,(2) Agree,24.60317460318
(2) Part-time worker,(2) Female,12,(1) Strongly agree,107.5
NA,NA,NA,NA,NA
(1) Full-time worker,(2) Female,10,(1) Strongly agree,9
(2) Part-time worker,(2) Female,8,(2) Agree,12.75
(1) Full-time worker,(2) Female,12,(2) Agree,15
NA,NA,NA,NA,NA
(2) Part-time worker,(2) Female,12,(1) Strongly agree,12
NA,NA,NA,NA,NA
(1) Full-time worker,(2) Female,NA,(2) Agree,NA
(2) Part-time worker,(2) Female,12,(3) Neither agree nor disagree,12.75
(2) Part-time worker,(2) Female,4,(2) Agree,10
(1) Full-time worker,(2) Female,12,(1) Strongly agree,10
(1) Full-time worker,(2) Female,12,(2) Agree,11.6
(1) Full-time worker,(2) Female,12,(3) Neither agree nor disagree,10.5
(1) Full-time worker,(2) Female,12,(2) Agree,30.79207317074
NA,NA,NA,NA,NA
(1) Full-time worker,(2) Female,7,(1) Strongly agree,7.41666666667
(1) Full-time worker,(2) Female,12,(1) Strongly agree,15
NA,(2) Female,NA,(3) Neither agree nor disagree,10
(1) Full-time worker,(2) Female,8,(3) Neither agree nor disagree,31.32716049383
(2) Part-time worker,(2) Female,12,(4) Disagree,13
(1) Full-time worker,(2) Female,12,(2) Agree,NA
(1) Full-time worker,(2) Female,12,(1) Strongly agree,18.25
(1) Full-time worker,(2) Female,12,(1) Strongly agree,25.71428571429
(1) Full-time worker,(2) Female,12,(1) Strongly agree,NA
(2) Part-time worker,(2) Female,12,(1) Strongly agree,14
(2) Part-time worker,(2) Female,8,(1) Strongly agree,11
(1) Full-time worker,(2) Female,10,(2) Agree,10
(1) Full-time worker,(2) Female,12,(1) Strongly agree,8.7537993921
(2) Part-time worker,(2) Female,12,(1) Strongly agree,8
NA,NA,NA,NA,NA
(1) Full-time worker,(2) Female,2,(1) Strongly agree,7.25
(1) Full-time worker,(2) Female,10,(1) Strongly agree,10.09615384616
(1) Full-time worker,(2) Female,12,(3) Neither agree nor disagree,18.48214285715
(1) Full-time worker,(2) Female,12,(2) Agree,11.87
(1) Full-time worker,(2) Female,10,(2) Agree,12
(1) Full-time worker,(2) Female,12,(3) Neither agree nor disagree,NA
(1) Full-time worker,(1) Male,12,(1) Strongly agree,3.09090909091
NA,NA,NA,NA,NA
(1) Full-time worker,(2) Female,12,(1) Strongly agree,NA
(1) Full-time worker,(2) Female,8,(2) Agree,10
(1) Full-time worker,(2) Female,12,(1) Strongly agree,15.28
NA,NA,NA,NA,NA
(1) Full-time worker,(2) Female,9,(1) Strongly agree,26.26262626263
(1) Full-time worker,(2) Female,10,(1) Strongly agree,20.84
(2) Part-time worker,(2) Female,12,(1) Strongly agree,8.75
NA,NA,NA,NA,NA
(1) Full-time worker,(2) Female,1,(2) Agree,10
(1) Full-time worker,(2) Female,12,(3) Neither agree nor disagree,16
(1) Full-time worker,(2) Female,9,(2) Agree,27.77777777778
(1) Full-time worker,(2) Female,12,(1) Strongly agree,9
(1) Full-time worker,(2) Female,11,(1) Strongly agree,14.44444444445
(1) Full-time worker,(2) Female,1,(3) Neither agree nor disagree,9
(1) Full-time worker,(2) Female,12,(1) Strongly agree,12
(1) Full-time worker,(2) Female,10,(1) Strongly agree,18.33333333334
(1) Full-time worker,(2) Female,12,(2) Agree,11
(1) Full-time worker,NA,9,NA,9.85
(1) Full-time worker,(2) Female,10,(2) Agree,17
(1) Full-time worker,(2) Female,12,(2) Agree,14.509
(2) Part-time worker,(2) Female,8,(1) Strongly agree,NA
(2) Part-time worker,(2) Female,10,(1) Strongly agree,27
(2) Part-time worker,(2) Female,4,(1) Strongly agree,NA
(1) Full-time worker,(2) Female,12,(1) Strongly agree,20
(1) Full-time worker,(2) Female,10,(1) Strongly agree,24.36
NA,NA,NA,NA,NA
(1) Full-time worker,(2) Female,12,(2) Agree,15.35
(1) Full-time worker,(2) Female,10,(1) Strongly agree,12.5
(1) Full-time worker,(2) Female,12,(1) Strongly agree,17.52136752137
(1) Full-time worker,(2) Female,9,(1) Strongly agree,NA
(1) Full-time worker,(1) Male,12,(1) Strongly agree,21.42857142858
(1) Full-time worker,(2) Female,12,(1) Strongly agree,NA
(1) Full-time worker,(2) Female,12,(3) Neither agree nor disagree,10
NA,NA,NA,NA,NA
(2) Part-time worker,(2) Female,12,(2) Agree,16.67000000001
(2) Part-time worker,(2) Female,10,(1) Strongly agree,16.5
(1) Full-time worker,(2) Female,12,(2) Agree,16.25
(1) Full-time worker,(2) Female,12,(1) Strongly agree,NA
(1) Full-time worker,(2) Female,8,(1) Strongly agree,10.9375
NA,NA,NA,NA,NA
(1) Full-time worker,(2) Female,12,(1) Strongly agree,10
(1) Full-time worker,(2) Female,12,(2) Agree,16.10000000001
(1) Full-time worker,(2) Female,12,(1) Strongly agree,10
(1) Full-time worker,(2) Female,12,(2) Agree,10
(1) Full-time worker,(2) Female,12,(1) Strongly agree,15.38
(1) Full-time worker,(2) Female,5,(2) Agree,12.75
(1) Full-time worker,(2) Female,12,(3) Neither agree nor disagree,14.78991596639
(1) Full-time worker,(2) Female,12,(1) Strongly agree,20
(1) Full-time worker,(2) Female,12,(1) Strongly agree,13.23529411765
(1) Full-time worker,(2) Female,12,(2) Agree,12.35294117648
(1) Full-time worker,(2) Female,12,(1) Strongly agree,10
(2) Part-time worker,(2) Female,9,(1) Strongly agree,23.80952380953
(1) Full-time worker,(2) Female,10,(4) Disagree,58.33333333334
NA,NA,NA,NA,NA
(2) Part-time worker,(2) Female,12,(4) Disagree,11
(2) Part-time worker,(2) Female,12,(2) Agree,7.75
(1) Full-time worker,(2) Female,10,(1) Strongly agree,29.47142857143
(1) Full-time worker,(2) Female,12,(3) Neither agree nor disagree,14.92
(1) Full-time worker,(2) Female,12,(2) Agree,19
(1) Full-time worker,(2) Female,10,(2) Agree,15.4
(1) Full-time worker,(2) Female,12,(3) Neither agree nor disagree,13.5
(1) Full-time worker,(2) Female,11,(2) Agree,11
(1) Full-time worker,(2) Female,9,(2) Agree,13.54166666667
(1) Full-time worker,(2) Female,9,(2) Agree,10.41666666667
(1) Full-time worker,(2) Female,12,(2) Agree,13.28
(1) Full-time worker,(2) Female,12,(1) Strongly agree,15.68
(1) Full-time worker,(2) Female,12,(1) Strongly agree,15.68000000001
(1) Full-time worker,(1) Male,12,(1) Strongly agree,4.375
(2) Part-time worker,NA,10,(2) Agree,15.53
(1) Full-time worker,(2) Female,9,(1) Strongly agree,9
(1) Full-time worker,(2) Female,12,(1) Strongly agree,11.4
(1) Full-time worker,(1) Male,12,(2) Agree,11
(1) Full-time worker,(2) Female,12,(1) Strongly agree,6.2875
(2) Part-time worker,(2) Female,12,(2) Agree,11.49
(1) Full-time worker,(2) Female,10,(2) Agree,18.53
(1) Full-time worker,(2) Female,10,(1) Strongly agree,6.875
(1) Full-time worker,(2) Female,12,(1) Strongly agree,12
(2) Part-time worker,(2) Female,12,(1) Strongly agree,18
(2) Part-time worker,(2) Female,12,(1) Strongly agree,10
(1) Full-time worker,(2) Female,6,(2) Agree,22
(2) Part-time worker,(2) Female,12,(2) Agree,11.86666666667
(1) Full-time worker,(2) Female,12,(2) Agree,15
(1) Full-time worker,(2) Female,11,(2) Agree,11
NA,NA,NA,NA,NA
(1) Full-time worker,(2) Female,9,(1) Strongly agree,35.80246913581
(1) Full-time worker,(2) Female,12,(2) Agree,10
(1) Full-time worker,(2) Female,12,(3) Neither agree nor disagree,9.5
(1) Full-time worker,(2) Female,12,(4) Disagree,11
(1) Full-time worker,(2) Female,12,(2) Agree,19.47
(1) Full-time worker,(2) Female,12,(1) Strongly agree,38.88888888889
(1) Full-time worker,(2) Female,9,(1) Strongly agree,12
(1) Full-time worker,(2) Female,12,(2) Agree,22.61904761905
(1) Full-time worker,(2) Female,12,(2) Agree,10.25
(1) Full-time worker,(2) Female,3,(2) Agree,9.5
(1) Full-time worker,(2) Female,10,(2) Agree,38.88888888889
NA,NA,NA,NA,NA
(1) Full-time worker,(2) Female,12,(1) Strongly agree,12
(1) Full-time worker,(2) Female,10,(3) Neither agree nor disagree,31.25
(1) Full-time worker,(2) Female,NA,(1) Strongly agree,NA
(1) Full-time worker,(2) Female,12,(2) Agree,18
NA,NA,NA,NA,NA
(1) Full-time worker,(2) Female,12,(2) Agree,42.90350877193
NA,NA,NA,NA,NA
(2) Part-time worker,(2) Female,9,(2) Agree,15
(2) Part-time worker,(2) Female,8,(1) Strongly agree,21
(1) Full-time worker,(2) Female,12,(2) Agree,17.307692307699998
(2) Part-time worker,(2) Female,6,(1) Strongly agree,51.42857142858
NA,NA,NA,NA,NA
(1) Full-time worker,(1) Male,6,(2) Agree,NA
(1) Full-time worker,(2) Female,12,(2) Agree,11
(1) Full-time worker,(2) Female,10,(1) Strongly agree,21.25
(1) Full-time worker,(2) Female,NA,(2) Agree,NA
(2) Part-time worker,(2) Female,6,(1) Strongly agree,20.37037037038
(1) Full-time worker,(2) Female,1,(1) Strongly agree,10
NA,NA,NA,NA,NA
(1) Full-time worker,(2) Female,12,(2) Agree,NA
(2) Part-time worker,(2) Female,10,(1) Strongly agree,10
(1) Full-time worker,(2) Female,3,(2) Agree,16
(1) Full-time worker,(2) Female,10,(1) Strongly agree,107.5
(1) Full-time worker,(2) Female,12,(4) Disagree,14
(1) Full-time worker,(2) Female,12,(2) Agree,1.28571428571
(1) Full-time worker,(2) Female,12,(2) Agree,8.125
(1) Full-time worker,(2) Female,12,(2) Agree,10.825
(1) Full-time worker,(2) Female,9,(1) Strongly agree,15.6
NA,NA,NA,NA,NA
(2) Part-time worker,(2) Female,6,(2) Agree,14
(1) Full-time worker,(1) Male,10,(2) Agree,13
(2) Part-time worker,(2) Female,12,(1) Strongly agree,16.66666666667
(1) Full-time worker,(2) Female,12,(1) Strongly agree,12.55
(1) Full-time worker,(2) Female,12,(4) Disagree,32.29
(2) Part-time worker,(2) Female,10,(2) Agree,10
NA,(2) Female,12,(1) Strongly agree,12.5
(1) Full-time worker,(2) Female,12,(1) Strongly agree,9.1
(1) Full-time worker,(2) Female,1,(1) Strongly agree,NA
NA,NA,NA,NA,NA
(2) Part-time worker,NA,9,NA,10
NA,NA,NA,NA,NA
(1) Full-time worker,(2) Female,12,(2) Agree,NA
(2) Part-time worker,(2) Female,8,(1) Strongly agree,NA
NA,NA,NA,NA,NA
NA,NA,NA,NA,NA
(1) Full-time worker,(2) Female,4,(2) Agree,9.5
(1) Full-time worker,(2) Female,12,(3) Neither agree nor disagree,20.91836734694
(1) Full-time worker,(2) Female,12,(2) Agree,NA
(1) Full-time worker,(2) Female,12,(2) Agree,9
(1) Full-time worker,(2) Female,12,(1) Strongly agree,3.475
(1) Full-time worker,(2) Female,9,(1) Strongly agree,16
(1) Full-time worker,(2) Female,12,(4) Disagree,17.24
(1) Full-time worker,(2) Female,6,(4) Disagree,10
(1) Full-time worker,(2) Female,12,(5) Strongly disagree,8
(1) Full-time worker,(2) Female,10,(2) Agree,13
NA,NA,NA,NA,NA
(1) Full-time worker,(2) Female,12,(1) Strongly agree,13.75
(1) Full-time worker,(2) Female,12,(1) Strongly agree,11
(1) Full-time worker,(2) Female,12,(2) Agree,9.5
(1) Full-time worker,(2) Female,12,(2) Agree,NA
(1) Full-time worker,(2) Female,6,(4) Disagree,15
(1) Full-time worker,(2) Female,12,(2) Agree,12.5
(1) Full-time worker,(2) Female,12,(1) Strongly agree,9.5
(2) Part-time worker,(2) Female,10,(1) Strongly agree,37.1157948718
(1) Full-time worker,(2) Female,10,(1) Strongly agree,14.21052631579
NA,NA,NA,NA,NA
(1) Full-time worker,(2) Female,12,(1) Strongly agree,NA
(1) Full-time worker,(2) Female,8,(2) Agree,10
(1) Full-time worker,(2) Female,12,(2) Agree,9
(2) Part-time worker,(2) Female,3,(2) Agree,8.75
(1) Full-time worker,(2) Female,12,(3) Neither agree nor disagree,12
(1) Full-time worker,(2) Female,12,(1) Strongly agree,10
(1) Full-time worker,(2) Female,12,(1) Strongly agree,14.61
(2) Part-time worker,(2) Female,12,(2) Agree,11
(1) Full-time worker,(2) Female,12,(2) Agree,12.3625
NA,NA,NA,NA,NA
(2) Part-time worker,(2) Female,6,(2) Agree,9
(1) Full-time worker,(2) Female,12,(3) Neither agree nor disagree,12
(1) Full-time worker,(2) Female,12,(3) Neither agree nor disagree,30
(1) Full-time worker,(2) Female,12,(1) Strongly agree,15.38461538462
(2) Part-time worker,(2) Female,12,(2) Agree,17.10000000001
(1) Full-time worker,(2) Female,12,(1) Strongly agree,15.03
(1) Full-time worker,(2) Female,10,(2) Agree,51.42857142858
(1) Full-time worker,(2) Female,12,(1) Strongly agree,23.5
(2) Part-time worker,(2) Female,12,(1) Strongly agree,13
(1) Full-time worker,(2) Female,12,(1) Strongly agree,15
(1) Full-time worker,(2) Female,9,(1) Strongly agree,10.68
(2) Part-time worker,(2) Female,12,(2) Agree,15.23
(1) Full-time worker,(2) Female,10,(2) Agree,15
(1) Full-time worker,(2) Female,12,(4) Disagree,10
(1) Full-time worker,(2) Female,7,(1) Strongly agree,11.65
(1) Full-time worker,NA,12,(2) Agree,NA
(1) Full-time worker,(2) Female,3,(2) Agree,8
(1) Full-time worker,(2) Female,12,(2) Agree,7.25
(1) Full-time worker,(2) Female,12,(2) Agree,15.13071428572
NA,NA,NA,NA,NA
(1) Full-time worker,(2) Female,NA,(1) Strongly agree,NA
(1) Full-time worker,(2) Female,12,(2) Agree,13.25
(1) Full-time worker,(2) Female,12,(2) Agree,15
(1) Full-time worker,(2) Female,12,(1) Strongly agree,18
(2) Part-time worker,(2) Female,9,(1) Strongly agree,15
(2) Part-time worker,(2) Female,9,(1) Strongly agree,13
(1) Full-time worker,(2) Female,12,(2) Agree,17
(1) Full-time worker,(1) Male,10,(1) Strongly agree,NA
(1) Full-time worker,(2) Female,12,(1) Strongly agree,16
(1) Full-time worker,(2) Female,12,(2) Agree,12
(1) Full-time worker,(2) Female,9,(4) Disagree,12
(1) Full-time worker,(2) Female,12,(2) Agree,10.15
NA,NA,NA,NA,NA
(1) Full-time worker,(2) Female,10,(2) Agree,11.53153153154
(2) Part-time worker,(2) Female,1,(1) Strongly agree,NA
(2) Part-time worker,(2) Female,5,(1) Strongly agree,10.5
(1) Full-time worker,(2) Female,10,(1) Strongly agree,17
(1) Full-time worker,(2) Female,12,(3) Neither agree nor disagree,11.19
(1) Full-time worker,(2) Female,12,NA,13
(1) Full-time worker,(2) Female,12,(1) Strongly agree,24.03846153847
(1) Full-time worker,(2) Female,12,(1) Strongly agree,10.55555555556
(1) Full-time worker,(2) Female,12,(2) Agree,12
(1) Full-time worker,(2) Female,9,(3) Neither agree nor disagree,27.77777777778
(1) Full-time worker,(2) Female,10,(1) Strongly agree,11.1
NA,NA,NA,NA,NA
(1) Full-time worker,(2) Female,12,(2) Agree,10.5
(1) Full-time worker,(2) Female,12,(1) Strongly agree,20.37037037038
(1) Full-time worker,(2) Female,12,(2) Agree,NA
(1) Full-time worker,(2) Female,12,(1) Strongly agree,12
NA,NA,NA,NA,NA
(1) Full-time worker,(2) Female,11,(1) Strongly agree,28.33333333334
(2) Part-time worker,(2) Female,9,(1) Strongly agree,16.26984126985
(2) Part-time worker,(2) Female,12,(2) Agree,10.5
(2) Part-time worker,(2) Female,5,(1) Strongly agree,11.85
(1) Full-time worker,(2) Female,12,(1) Strongly agree,12.47401247402
(1) Full-time worker,(2) Female,12,(2) Agree,15
(1) Full-time worker,(2) Female,12,(1) Strongly agree,11.201923076929999
(1) Full-time worker,(1) Male,12,(2) Agree,17.25
(2) Part-time worker,(2) Female,9,(1) Strongly agree,NA
(1) Full-time worker,(2) Female,12,(1) Strongly agree,27.47
(1) Full-time worker,(2) Female,12,(1) Strongly agree,NA
NA,NA,NA,NA,NA
(1) Full-time worker,(2) Female,5,(1) Strongly agree,12
(2) Part-time worker,(2) Female,12,(1) Strongly agree,51.42857142858
(1) Full-time worker,(2) Female,12,(2) Agree,11
(2) Part-time worker,(2) Female,10,(1) Strongly agree,12.5
(2) Part-time worker,(2) Female,10,(1) Strongly agree,12.72727272728
NA,NA,NA,NA,NA
(1) Full-time worker,(2) Female,10,(1) Strongly agree,20.83
(1) Full-time worker,(1) Male,12,(1) Strongly agree,16.75
(2) Part-time worker,(2) Female,9,(1) Strongly agree,15
(1) Full-time worker,(2) Female,10,(4) Disagree,21.5
(1) Full-time worker,(2) Female,8,(2) Agree,7.5
(1) Full-time worker,(2) Female,12,(2) Agree,11.25
(2) Part-time worker,(2) Female,11,(1) Strongly agree,NA
(1) Full-time worker,(2) Female,7,(2) Agree,11.3
(1) Full-time worker,(2) Female,10,(1) Strongly agree,13.15
(1) Full-time worker,(2) Female,12,(2) Agree,21
(1) Full-time worker,(2) Female,12,(2) Agree,13.91
(1) Full-time worker,(2) Female,12,(1) Strongly agree,15.99
NA,NA,NA,NA,NA
(1) Full-time worker,(2) Female,12,(2) Agree,16.24060150376
(1) Full-time worker,(2) Female,11,(2) Agree,16.5
(2) Part-time worker,(2) Female,12,(1) Strongly agree,8.5
(1) Full-time worker,(2) Female,10,(2) Agree,23
(2) Part-time worker,(2) Female,12,(1) Strongly agree,11
(1) Full-time worker,(2) Female,12,(2) Agree,10
(1) Full-time worker,(2) Female,12,(2) Agree,15.85
(1) Full-time worker,(2) Female,9,(4) Disagree,63.33333333334
(1) Full-time worker,(2) Female,10,(2) Agree,18.01801801802
(1) Full-time worker,(2) Female,11,(3) Neither agree nor disagree,NA
(1) Full-time worker,(2) Female,10,(1) Strongly agree,21.54882154883
(1) Full-time worker,(2) Female,12,(4) Disagree,11.25
(1) Full-time worker,(2) Female,12,(1) Strongly agree,13.13
(1) Full-time worker,(2) Female,12,(1) Strongly agree,11.11111111112
(1) Full-time worker,(2) Female,10,(2) Agree,17.5
(1) Full-time worker,(2) Female,6,(1) Strongly agree,10
(1) Full-time worker,(2) Female,NA,(2) Agree,12.5
(1) Full-time worker,(2) Female,12,(2) Agree,13
(1) Full-time worker,(2) Female,3,(1) Strongly agree,11
(1) Full-time worker,(2) Female,3,(1) Strongly agree,8.5
(1) Full-time worker,(2) Female,10,(2) Agree,38.21428571429
(1) Full-time worker,(2) Female,12,(1) Strongly agree,10
(1) Full-time worker,(2) Female,12,(1) Strongly agree,18
NA,NA,NA,NA,NA
(1) Full-time worker,(2) Female,12,(2) Agree,8
(1) Full-time worker,(2) Female,9,(4) Disagree,20
(1) Full-time worker,(2) Female,9,(4) Disagree,31.25
(1) Full-time worker,(2) Female,NA,(3) Neither agree nor disagree,11
(1) Full-time worker,(2) Female,12,(1) Strongly agree,16
NA,NA,NA,NA,NA
(2) Part-time worker,(2) Female,10,(1) Strongly agree,21.53846153847
(1) Full-time worker,(2) Female,10,(1) Strongly agree,13.84615384616
(1) Full-time worker,(2) Female,12,(1) Strongly agree,8
(1) Full-time worker,(2) Female,10,(3) Neither agree nor disagree,14.80051480052
(2) Part-time worker,(2) Female,9,(4) Disagree,12.73
(1) Full-time worker,(2) Female,8,(3) Neither agree nor disagree,8.25
(1) Full-time worker,NA,12,NA,NA
NA,NA,NA,NA,NA
(1) Full-time worker,(2) Female,12,(2) Agree,11.25
(1) Full-time worker,(2) Female,9,(1) Strongly agree,15.9
NA,NA,NA,NA,NA
NA,NA,NA,NA,NA
(1) Full-time worker,(2) Female,11,(1) Strongly agree,15
(1) Full-time worker,(2) Female,1,(3) Neither agree nor disagree,8.5
(1) Full-time worker,(2) Female,12,(1) Strongly agree,14
(1) Full-time worker,(2) Female,12,(4) Disagree,17
(1) Full-time worker,(2) Female,12,(2) Agree,10.25
(1) Full-time worker,(2) Female,12,(1) Strongly agree,12
NA,NA,NA,NA,NA
(2) Part-time worker,(2) Female,12,(1) Strongly agree,12.12121212122
(1) Full-time worker,(2) Female,9,(2) Agree,52.08333333334
(1) Full-time worker,(2) Female,NA,(2) Agree,17
(1) Full-time worker,(2) Female,12,(1) Strongly agree,10.83333333334
(1) Full-time worker,(2) Female,12,(1) Strongly agree,29.16666666667
(1) Full-time worker,(2) Female,12,(1) Strongly agree,10.75
(1) Full-time worker,(2) Female,12,(1) Strongly agree,14
(1) Full-time worker,(2) Female,12,(1) Strongly agree,6.25
(1) Full-time worker,NA,11,NA,11
(1) Full-time worker,(2) Female,3,(1) Strongly agree,5.625
NA,NA,NA,NA,NA
(1) Full-time worker,(2) Female,10,(2) Agree,54.9575
NA,NA,NA,NA,NA
(1) Full-time worker,(2) Female,12,(1) Strongly agree,15
(2) Part-time worker,(2) Female,10,(1) Strongly agree,14.35897435898
(2) Part-time worker,(2) Female,9,(1) Strongly agree,19.23076923077
(1) Full-time worker,(2) Female,12,NA,21.33333333334
(1) Full-time worker,(2) Female,10,(2) Agree,33.33333333334
(1) Full-time worker,(2) Female,12,(3) Neither agree nor disagree,8.24
(1) Full-time worker,(2) Female,12,(1) Strongly agree,13.24324324325
(1) Full-time worker,(2) Female,12,(1) Strongly agree,9
(1) Full-time worker,(2) Female,12,(3) Neither agree nor disagree,12.26666666667
NA,NA,NA,NA,NA
NA,NA,NA,NA,NA
(1) Full-time worker,(2) Female,12,(1) Strongly agree,12
(1) Full-time worker,(2) Female,12,(1) Strongly agree,16
(2) Part-time worker,(2) Female,2,(1) Strongly agree,9
(1) Full-time worker,(2) Female,9,(2) Agree,14.96
(2) Part-time worker,(2) Female,12,(2) Agree,13.32
(2) Part-time worker,(2) Female,10,(3) Neither agree nor disagree,12
(2) Part-time worker,(2) Female,12,(4) Disagree,13.5
(1) Full-time worker,NA,NA,(1) Strongly agree,20
(1) Full-time worker,(2) Female,12,(1) Strongly agree,10.76
(1) Full-time worker,(2) Female,12,(2) Agree,12.24
(1) Full-time worker,(2) Female,12,(1) Strongly agree,11.375
(1) Full-time worker,(1) Male,12,(1) Strongly agree,NA
(1) Full-time worker,(2) Female,12,(1) Strongly agree,5.95178571429
(1) Full-time worker,(2) Female,12,(2) Agree,10.30000000001
NA,NA,NA,NA,NA
(1) Full-time worker,(2) Female,12,(1) Strongly agree,8.95833333334
(1) Full-time worker,(1) Male,12,(1) Strongly agree,10
NA,NA,NA,NA,NA
(2) Part-time worker,(2) Female,8,(1) Strongly agree,NA
NA,NA,NA,NA,NA
(1) Full-time worker,(2) Female,NA,(1) Strongly agree,15
(1) Full-time worker,(2) Female,12,(2) Agree,11.5
(1) Full-time worker,(2) Female,10,(2) Agree,12
(1) Full-time worker,(2) Female,11,(1) Strongly agree,24.01315789474
(1) Full-time worker,(2) Female,12,(2) Agree,17
(1) Full-time worker,(2) Female,1,(2) Agree,12.75510204082
(1) Full-time worker,(2) Female,12,(2) Agree,9.79591836735
(1) Full-time worker,(2) Female,12,(1) Strongly agree,10.5
(1) Full-time worker,(2) Female,12,(2) Agree,17.2625
(1) Full-time worker,(2) Female,9,(1) Strongly agree,NA
(1) Full-time worker,(2) Female,12,(1) Strongly agree,7.85714285715
NA,NA,NA,NA,NA
(2) Part-time worker,(2) Female,10,(2) Agree,14
(1) Full-time worker,(2) Female,12,(2) Agree,7.25
(1) Full-time worker,(2) Female,12,(2) Agree,17
(2) Part-time worker,(2) Female,12,(2) Agree,10
(1) Full-time worker,(2) Female,12,(4) Disagree,15
NA,(1) Male,1,(1) Strongly agree,12.42857142858
(2) Part-time worker,(2) Female,12,(2) Agree,58.33333333334
(2) Part-time worker,(2) Female,9,(1) Strongly agree,17.14285714286
(1) Full-time worker,(2) Female,12,(2) Agree,10
(1) Full-time worker,(2) Female,12,(2) Agree,13.65
(1) Full-time worker,(2) Female,12,(1) Strongly agree,NA
(1) Full-time worker,(2) Female,12,(2) Agree,7.75
(1) Full-time worker,(2) Female,12,(2) Agree,18.5
(1) Full-time worker,(2) Female,12,(1) Strongly agree,10.6
(1) Full-time worker,(2) Female,NA,(1) Strongly agree,8.75675675676
(1) Full-time worker,(2) Female,12,(1) Strongly agree,11.5
(1) Full-time worker,(2) Female,12,(2) Agree,12.625
(1) Full-time worker,(2) Female,12,(2) Agree,NA
(1) Full-time worker,(2) Female,12,(1) Strongly agree,12
(2) Part-time worker,(2) Female,12,(2) Agree,8
(2) Part-time worker,(2) Female,12,(1) Strongly agree,14.5
(1) Full-time worker,(2) Female,12,(4) Disagree,17.307692307699998
(1) Full-time worker,(2) Female,12,(1) Strongly agree,9
(1) Full-time worker,(2) Female,9,(2) Agree,9.1
(1) Full-time worker,(2) Female,12,(2) Agree,9
(1) Full-time worker,(2) Female,12,(2) Agree,27
(2) Part-time worker,(2) Female,12,(1) Strongly agree,25
(2) Part-time worker,(2) Female,12,(1) Strongly agree,25
(1) Full-time worker,(2) Female,12,(1) Strongly agree,12
(2) Part-time worker,(2) Female,12,(1) Strongly agree,11
(1) Full-time worker,(1) Male,12,(1) Strongly agree,13.5
(1) Full-time worker,(2) Female,12,(5) Strongly disagree,18
(2) Part-time worker,(2) Female,6,(2) Agree,10
(1) Full-time worker,(2) Female,12,(1) Strongly agree,26.14379084968
(1) Full-time worker,(2) Female,1,(1) Strongly agree,11.875
NA,NA,NA,NA,NA
(1) Full-time worker,(2) Female,12,(2) Agree,14
(1) Full-time worker,(2) Female,12,(3) Neither agree nor disagree,15
(1) Full-time worker,(2) Female,10,(1) Strongly agree,2.10409745294
(1) Full-time worker,(2) Female,10,(4) Disagree,NA
NA,NA,NA,NA,NA
(1) Full-time worker,(2) Female,11,(2) Agree,12.25
(1) Full-time worker,(2) Female,12,(2) Agree,17.38
(1) Full-time worker,(2) Female,12,(2) Agree,NA
(1) Full-time worker,(2) Female,5,(1) Strongly agree,12.5
(1) Full-time worker,(2) Female,12,(2) Agree,7
(1) Full-time worker,(2) Female,12,(1) Strongly agree,NA
(2) Part-time worker,(2) Female,9,(3) Neither agree nor disagree,26.54761904762
(1) Full-time worker,(2) Female,10,(2) Agree,16.9
(1) Full-time worker,(2) Female,12,(1) Strongly agree,14.68085106383
(1) Full-time worker,(2) Female,8,(1) Strongly agree,8.75
(1) Full-time worker,(2) Female,12,(1) Strongly agree,12
(2) Part-time worker,(2) Female,1,(1) Strongly agree,10
(1) Full-time worker,(2) Female,12,(1) Strongly agree,15
NA,NA,NA,NA,NA
(1) Full-time worker,(2) Female,12,(1) Strongly agree,12.5
(1) Full-time worker,(2) Female,10,(1) Strongly agree,30.0925925926
NA,NA,NA,NA,NA
(2) Part-time worker,(2) Female,11,(3) Neither agree nor disagree,14.9
(1) Full-time worker,(2) Female,5,(2) Agree,9
(1) Full-time worker,(2) Female,10,(3) Neither agree nor disagree,28.37837837838
(1) Full-time worker,(2) Female,12,(1) Strongly agree,NA
(1) Full-time worker,(2) Female,12,(1) Strongly agree,9.9
(2) Part-time worker,(2) Female,12,(2) Agree,15.91
(2) Part-time worker,(2) Female,10,(3) Neither agree nor disagree,12
(1) Full-time worker,(2) Female,10,(2) Agree,15.34391534392
(1) Full-time worker,(2) Female,12,(2) Agree,12
(1) Full-time worker,(2) Female,12,(2) Agree,14
(1) Full-time worker,(2) Female,12,(2) Agree,11.5
(1) Full-time worker,(2) Female,1,(2) Agree,9.30000000001
(2) Part-time worker,(1) Male,11,(2) Agree,13.25
(2) Part-time worker,(2) Female,9,(2) Agree,10.5
(1) Full-time worker,(2) Female,12,(5) Strongly disagree,15
(1) Full-time worker,(2) Female,9,(2) Agree,17.5
(1) Full-time worker,(2) Female,12,(2) Agree,19
(1) Full-time worker,(2) Female,12,(2) Agree,13.5
(1) Full-time worker,(2) Female,9,(3) Neither agree nor disagree,16.66666666667
(2) Part-time worker,(2) Female,1,(2) Agree,8.2
(2) Part-time worker,(2) Female,12,(2) Agree,10.18518518519
(1) Full-time worker,(2) Female,12,(2) Agree,11.97
(1) Full-time worker,(2) Female,12,(2) Agree,10.625
(1) Full-time worker,(2) Female,12,(1) Strongly agree,10.4
(2) Part-time worker,(2) Female,12,(2) Agree,NA
(1) Full-time worker,(2) Female,11,(1) Strongly agree,NA
(2) Part-time worker,(2) Female,9,(1) Strongly agree,18.33333333334
(1) Full-time worker,(2) Female,12,(1) Strongly agree,11.29277777778
(1) Full-time worker,(2) Female,4,(4) Disagree,7.55
(1) Full-time worker,(2) Female,12,(4) Disagree,11
(1) Full-time worker,(2) Female,5,(3) Neither agree nor disagree,11.25
(1) Full-time worker,(1) Male,11,(2) Agree,NA
NA,NA,NA,NA,NA
(1) Full-time worker,(2) Female,12,(1) Strongly agree,11.25
(2) Part-time worker,(2) Female,9,(1) Strongly agree,14.48
(1) Full-time worker,(2) Female,4,(1) Strongly agree,7.5
(1) Full-time worker,(2) Female,12,(2) Agree,8.75
(1) Full-time worker,(2) Female,12,(5) Strongly disagree,2.08333333333
NA,NA,NA,NA,NA
(1) Full-time worker,(2) Female,2,(2) Agree,9
(2) Part-time worker,(2) Female,9,(1) Strongly agree,13
(1) Full-time worker,(2) Female,12,(1) Strongly agree,15
(1) Full-time worker,(2) Female,12,(1) Strongly agree,11
(1) Full-time worker,(2) Female,12,(1) Strongly agree,8.35
(1) Full-time worker,(2) Female,12,(2) Agree,26.44230769231
(1) Full-time worker,(2) Female,12,(2) Agree,9
(1) Full-time worker,(2) Female,12,(1) Strongly agree,9
(1) Full-time worker,(2) Female,12,(1) Strongly agree,14
(1) Full-time worker,(2) Female,12,(2) Agree,NA
NA,NA,NA,NA,NA
(1) Full-time worker,(2) Female,2,(1) Strongly agree,18.82
(1) Full-time worker,(2) Female,12,(1) Strongly agree,17.5
(1) Full-time worker,(2) Female,3,(3) Neither agree nor disagree,5.61034615385
(1) Full-time worker,(2) Female,12,(1) Strongly agree,16
(1) Full-time worker,(2) Female,12,(5) Strongly disagree,11
(1) Full-time worker,(2) Female,12,(3) Neither agree nor disagree,13.25
(2) Part-time worker,(2) Female,12,(1) Strongly agree,NA
NA,NA,NA,NA,NA
(1) Full-time worker,(1) Male,12,(1) Strongly agree,13.33333333334
(1) Full-time worker,(2) Female,12,(1) Strongly agree,NA
(1) Full-time worker,(2) Female,12,(3) Neither agree nor disagree,NA
(2) Part-time worker,NA,10,NA,NA
(1) Full-time worker,(2) Female,6,(4) Disagree,8.75
(1) Full-time worker,(2) Female,12,(2) Agree,13
(1) Full-time worker,(2) Female,4,(2) Agree,33.57142857143
(2) Part-time worker,(2) Female,12,(2) Agree,18.51851851852
(1) Full-time worker,(2) Female,9,(2) Agree,12
(1) Full-time worker,(2) Female,6,(2) Agree,12
(1) Full-time worker,(2) Female,1,(4) Disagree,12
(2) Part-time worker,(2) Female,6,(2) Agree,9
(1) Full-time worker,(2) Female,12,(2) Agree,13.5
(1) Full-time worker,(2) Female,10,(1) Strongly agree,31.25
(1) Full-time worker,(2) Female,10,(1) Strongly agree,22.82857142858
(1) Full-time worker,(2) Female,12,(5) Strongly disagree,11
NA,NA,NA,NA,NA
(1) Full-time worker,(2) Female,12,(2) Agree,26.11111111112
(1) Full-time worker,NA,12,NA,13.5
(1) Full-time worker,(2) Female,12,(1) Strongly agree,18.02
(1) Full-time worker,(2) Female,6,(5) Strongly disagree,11.90476190477
(1) Full-time worker,(2) Female,5,(2) Agree,12.21
NA,NA,NA,NA,7.17703349283
(1) Full-time worker,(2) Female,12,(1) Strongly agree,10.8125
(1) Full-time worker,(2) Female,9,(1) Strongly agree,18
(2) Part-time worker,(2) Female,9,(1) Strongly agree,10
(1) Full-time worker,(2) Female,12,(2) Agree,19.95
(1) Full-time worker,(2) Female,1,(1) Strongly agree,13
(1) Full-time worker,(2) Female,12,(2) Agree,12.5
(1) Full-time worker,(2) Female,12,(2) Agree,9.1
NA,NA,NA,NA,NA
(2) Part-time worker,(2) Female,6,(1) Strongly agree,12
NA,NA,NA,NA,NA
(1) Full-time worker,(2) Female,12,(2) Agree,10.85714285715
(1) Full-time worker,(2) Female,12,(2) Agree,30.55555555556
(1) Full-time worker,(2) Female,12,(1) Strongly agree,12
(2) Part-time worker,(2) Female,5,(2) Agree,10
(1) Full-time worker,(2) Female,4,(1) Strongly agree,7
(1) Full-time worker,(2) Female,12,(3) Neither agree nor disagree,14.39
(1) Full-time worker,(2) Female,8,(1) Strongly agree,24.78048780488
(1) Full-time worker,(2) Female,12,(2) Agree,13
(1) Full-time worker,(2) Female,10,(2) Agree,33.15789473685
NA,NA,NA,NA,NA
(1) Full-time worker,(2) Female,12,(1) Strongly agree,9
(2) Part-time worker,(2) Female,9,(1) Strongly agree,11.16666666667
(1) Full-time worker,(2) Female,7,(1) Strongly agree,8
(2) Part-time worker,(2) Female,2,(1) Strongly agree,9
(1) Full-time worker,(2) Female,10,(2) Agree,22.85714285715
NA,NA,NA,NA,NA
(2) Part-time worker,(2) Female,12,(1) Strongly agree,11.975
(1) Full-time worker,(2) Female,NA,(1) Strongly agree,10
(2) Part-time worker,(2) Female,12,(1) Strongly agree,10.59983333334
(1) Full-time worker,(2) Female,12,(3) Neither agree nor disagree,25.48076923077
(1) Full-time worker,(2) Female,12,(1) Strongly agree,NA
(1) Full-time worker,(2) Female,12,(4) Disagree,9.45
(1) Full-time worker,(2) Female,12,(1) Strongly agree,7.25
NA,NA,NA,NA,NA
(1) Full-time worker,(2) Female,12,(2) Agree,13
(2) Part-time worker,(2) Female,10,(1) Strongly agree,NA
(1) Full-time worker,(2) Female,12,(2) Agree,10.26315789474
(1) Full-time worker,(2) Female,10,(2) Agree,38.88888888889
(1) Full-time worker,(2) Female,10,(1) Strongly agree,9.5
(1) Full-time worker,(2) Female,7,(2) Agree,16
(1) Full-time worker,(2) Female,4,(5) Strongly disagree,12.25
(1) Full-time worker,(2) Female,6,(1) Strongly agree,14
(1) Full-time worker,NA,6,(1) Strongly agree,11.92
(1) Full-time worker,(2) Female,12,(1) Strongly agree,10.25
(2) Part-time worker,NA,12,NA,15.78
(1) Full-time worker,(2) Female,10,(2) Agree,13.98
(1) Full-time worker,(2) Female,10,(2) Agree,12
(1) Full-time worker,(2) Female,12,(1) Strongly agree,16.66666666667
(1) Full-time worker,NA,2,NA,11
(1) Full-time worker,(2) Female,4,(1) Strongly agree,10
(1) Full-time worker,(2) Female,12,(1) Strongly agree,16.97648648649
(1) Full-time worker,(2) Female,NA,(1) Strongly agree,13.31081081082
(1) Full-time worker,(2) Female,12,NA,18.25
(1) Full-time worker,(2) Female,12,(1) Strongly agree,3.77358490566
(1) Full-time worker,(2) Female,12,(1) Strongly agree,NA
NA,NA,NA,NA,NA
(2) Part-time worker,(2) Female,12,(1) Strongly agree,11
(1) Full-time worker,(2) Female,12,(2) Agree,12.959375
(2) Part-time worker,(2) Female,8,(2) Agree,7.31
(1) Full-time worker,(2) Female,12,(2) Agree,9
(1) Full-time worker,(2) Female,12,(1) Strongly agree,9.86842105264
(2) Part-time worker,(2) Female,12,(1) Strongly agree,20
(1) Full-time worker,(2) Female,12,(2) Agree,10
(1) Full-time worker,(2) Female,10,(2) Agree,7.8125
(1) Full-time worker,(2) Female,2,(1) Strongly agree,22.6875
(1) Full-time worker,(2) Female,10,(2) Agree,7.03125
(1) Full-time worker,(2) Female,10,(2) Agree,14.92
(1) Full-time worker,(2) Female,12,(1) Strongly agree,13
(1) Full-time worker,(2) Female,12,(1) Strongly agree,14.75
(2) Part-time worker,(2) Female,7,(1) Strongly agree,14
(1) Full-time worker,(2) Female,12,(3) Neither agree nor disagree,13.2
(1) Full-time worker,(2) Female,2,(2) Agree,10
(1) Full-time worker,(2) Female,12,(3) Neither agree nor disagree,9.8375
(2) Part-time worker,(2) Female,12,(1) Strongly agree,16
(2) Part-time worker,(2) Female,4,(2) Agree,12
(1) Full-time worker,(2) Female,9,(1) Strongly agree,10.5
(2) Part-time worker,(2) Female,12,(2) Agree,8.66666666667
(1) Full-time worker,(2) Female,12,(1) Strongly agree,14.25
(1) Full-time worker,(2) Female,9,(2) Agree,13.51428571429
(1) Full-time worker,(2) Female,12,(3) Neither agree nor disagree,13.29
NA,NA,NA,NA,NA
(1) Full-time worker,(2) Female,12,(1) Strongly agree,15
NA,NA,NA,NA,NA
(1) Full-time worker,(2) Female,12,(2) Agree,12
(1) Full-time worker,(2) Female,12,(1) Strongly agree,NA
(1) Full-time worker,(2) Female,12,(2) Agree,17.81076066791
(1) Full-time worker,(2) Female,10,(1) Strongly agree,17.14285714286
(1) Full-time worker,(2) Female,10,(1) Strongly agree,32.33082706767
(1) Full-time worker,(2) Female,3,(2) Agree,15.59251559252
NA,NA,NA,NA,NA
(1) Full-time worker,(2) Female,12,(1) Strongly agree,10
(2) Part-time worker,(2) Female,12,(2) Agree,16.4
(1) Full-time worker,(2) Female,11,(5) Strongly disagree,11.5
(1) Full-time worker,(2) Female,12,(2) Agree,12
(1) Full-time worker,(2) Female,7,(1) Strongly agree,25
(1) Full-time worker,(2) Female,9,(1) Strongly agree,17.9347826087
(1) Full-time worker,(2) Female,1,(2) Agree,23.25
(1) Full-time worker,(2) Female,8,(2) Agree,NA
(1) Full-time worker,(2) Female,12,(4) Disagree,9.5
(1) Full-time worker,(2) Female,12,(4) Disagree,16.88
(1) Full-time worker,(2) Female,2,(1) Strongly agree,9.86842105264
NA,NA,NA,NA,NA
(1) Full-time worker,(2) Female,12,(1) Strongly agree,25
(2) Part-time worker,(2) Female,12,(2) Agree,9
(1) Full-time worker,(2) Female,10,(1) Strongly agree,20.71428571429
(1) Full-time worker,(2) Female,12,(1) Strongly agree,16.75
(2) Part-time worker,(2) Female,9,(2) Agree,14
(1) Full-time worker,(2) Female,6,(2) Agree,9
NA,NA,NA,NA,NA
NA,NA,NA,NA,NA
(2) Part-time worker,(2) Female,9,(2) Agree,9.4758
(1) Full-time worker,NA,8,NA,12
(1) Full-time worker,(1) Male,12,(1) Strongly agree,NA
(1) Full-time worker,(2) Female,12,(1) Strongly agree,13.66
(1) Full-time worker,(2) Female,2,(3) Neither agree nor disagree,8
(1) Full-time worker,(2) Female,12,(2) Agree,12.75
(1) Full-time worker,(2) Female,9,(1) Strongly agree,26.31578947369
(2) Part-time worker,(2) Female,9,(2) Agree,32
(1) Full-time worker,(2) Female,12,(2) Agree,12
(2) Part-time worker,(2) Female,12,(1) Strongly agree,12
(1) Full-time worker,(2) Female,10,(1) Strongly agree,28
(1) Full-time worker,(2) Female,10,(2) Agree,35.625
(2) Part-time worker,(2) Female,7,(2) Agree,8.5
(2) Part-time worker,(2) Female,8,(1) Strongly agree,12.5
(2) Part-time worker,(2) Female,12,(4) Disagree,12
(2) Part-time worker,(2) Female,3,(3) Neither agree nor disagree,14.4
(1) Full-time worker,(2) Female,9,(2) Agree,22.48677248678
(2) Part-time worker,(2) Female,4,(1) Strongly agree,6.25882352942
NA,NA,NA,NA,NA
(1) Full-time worker,(2) Female,10,(2) Agree,17.82
(1) Full-time worker,(2) Female,10,(1) Strongly agree,11.5
(1) Full-time worker,(2) Female,12,(2) Agree,9.5
(1) Full-time worker,(2) Female,9,(1) Strongly agree,10
(1) Full-time worker,(2) Female,12,(2) Agree,9.5
(1) Full-time worker,(2) Female,12,(2) Agree,15
(2) Part-time worker,(2) Female,8,(1) Strongly agree,22.28333333334
(2) Part-time worker,(2) Female,6,(2) Agree,11.62
(1) Full-time worker,(2) Female,9,(2) Agree,20
NA,NA,NA,NA,NA
(1) Full-time worker,(2) Female,12,(1) Strongly agree,11
(2) Part-time worker,(2) Female,12,(2) Agree,10.5
(1) Full-time worker,(2) Female,12,(1) Strongly agree,16.4
(1) Full-time worker,(2) Female,12,(1) Strongly agree,21.41
(2) Part-time worker,(2) Female,3,(1) Strongly agree,12
(2) Part-time worker,(2) Female,2,(1) Strongly agree,11.16
(1) Full-time worker,(2) Female,12,(1) Strongly agree,13.14814814815
(1) Full-time worker,(2) Female,12,(1) Strongly agree,NA
(1) Full-time worker,(2) Female,12,(1) Strongly agree,NA
(1) Full-time worker,(2) Female,12,(1) Strongly agree,12.5
(2) Part-time worker,(2) Female,8,(1) Strongly agree,14
(2) Part-time worker,(2) Female,12,(1) Strongly agree,16.66666666667
(1) Full-time worker,(2) Female,8,(1) Strongly agree,12.5
(1) Full-time worker,(2) Female,NA,(1) Strongly agree,12
(1) Full-time worker,(2) Female,9,(2) Agree,10.77813333334
(1) Full-time worker,(2) Female,12,(2) Agree,7.75
(1) Full-time worker,(2) Female,12,(1) Strongly agree,NA
(2) Part-time worker,(2) Female,12,(1) Strongly agree,17.12
(1) Full-time worker,(2) Female,9,(1) Strongly agree,17
NA,NA,NA,NA,NA
NA,NA,NA,NA,NA
(2) Part-time worker,(2) Female,8,NA,15
(1) Full-time worker,(2) Female,12,(2) Agree,14
(1) Full-time worker,(2) Female,12,(4) Disagree,5.6
(1) Full-time worker,(2) Female,12,(1) Strongly agree,40.28571428572
(1) Full-time worker,(2) Female,12,(2) Agree,13.5
(2) Part-time worker,(2) Female,10,(1) Strongly agree,15
(1) Full-time worker,(2) Female,12,(2) Agree,12.5
(1) Full-time worker,(2) Female,12,NA,10
(1) Full-time worker,(2) Female,12,(2) Agree,24
(1) Full-time worker,(2) Female,12,(2) Agree,12.49
(1) Full-time worker,(2) Female,12,(1) Strongly agree,12.2
NA,NA,NA,NA,NA
(1) Full-time worker,(2) Female,2,(1) Strongly agree,14
(1) Full-time worker,(2) Female,6,(2) Agree,12
(2) Part-time worker,(2) Female,12,(1) Strongly agree,14.75
(1) Full-time worker,NA,12,NA,16.82692307693
(1) Full-time worker,(2) Female,12,(2) Agree,13
(1) Full-time worker,(2) Female,12,(3) Neither agree nor disagree,11.25
(2) Part-time worker,(2) Female,9,(2) Agree,22.95552367289
(1) Full-time worker,NA,NA,(2) Agree,NA
(1) Full-time worker,(2) Female,12,(3) Neither agree nor disagree,8.55000000001
(2) Part-time worker,(2) Female,10,(1) Strongly agree,23.80952380953
(1) Full-time worker,(2) Female,12,(2) Agree,12
(1) Full-time worker,(2) Female,12,(4) Disagree,15.99
(2) Part-time worker,(2) Female,10,(1) Strongly agree,15.03125
(1) Full-time worker,(2) Female,10,(1) Strongly agree,16
(1) Full-time worker,(2) Female,12,(2) Agree,9.5
(1) Full-time worker,(2) Female,1,(2) Agree,9
(1) Full-time worker,(2) Female,6,(1) Strongly agree,15
(2) Part-time worker,(2) Female,10,(1) Strongly agree,45
(1) Full-time worker,(2) Female,4,(3) Neither agree nor disagree,19.28
(1) Full-time worker,(2) Female,11,(1) Strongly agree,27.65556253929
(1) Full-time worker,(2) Female,12,(1) Strongly agree,14.5
(1) Full-time worker,(2) Female,7,(4) Disagree,9.25
(1) Full-time worker,(2) Female,12,(2) Agree,4.72334682861
(2) Part-time worker,(2) Female,4,(1) Strongly agree,10.25
NA,NA,NA,NA,NA
(1) Full-time worker,(2) Female,12,(2) Agree,11
(1) Full-time worker,(2) Female,8,(5) Strongly disagree,NA
(1) Full-time worker,(2) Female,12,(2) Agree,12.5
(1) Full-time worker,(2) Female,4,(2) Agree,9.14285714286
(1) Full-time worker,(2) Female,12,(2) Agree,NA
(2) Part-time worker,(2) Female,10,(2) Agree,15.5
(2) Part-time worker,(2) Female,9,(2) Agree,14.3
(1) Full-time worker,(2) Female,12,(2) Agree,17
(1) Full-time worker,(2) Female,12,(2) Agree,25
(1) Full-time worker,(2) Female,12,(2) Agree,13.5
(1) Full-time worker,(2) Female,6,(3) Neither agree nor disagree,10.5
(1) Full-time worker,(2) Female,12,(1) Strongly agree,15.55555555556
(1) Full-time worker,(2) Female,12,(1) Strongly agree,NA
(1) Full-time worker,(2) Female,10,(1) Strongly agree,18
(1) Full-time worker,(2) Female,3,(2) Agree,11.5
(1) Full-time worker,(2) Female,12,(2) Agree,4.80769230769
(1) Full-time worker,(2) Female,12,(5) Strongly disagree,11.62
(1) Full-time worker,(2) Female,12,(3) Neither agree nor disagree,9
(1) Full-time worker,(2) Female,12,(1) Strongly agree,21
(1) Full-time worker,(2) Female,12,(1) Strongly agree,20.27027027028
(1) Full-time worker,(2) Female,12,(4) Disagree,10
(1) Full-time worker,(2) Female,10,(2) Agree,25.71428571429
(1) Full-time worker,(2) Female,12,(2) Agree,9
(2) Part-time worker,(2) Female,9,(1) Strongly agree,8.6
(1) Full-time worker,(2) Female,12,(1) Strongly agree,19
(1) Full-time worker,(2) Female,12,(1) Strongly agree,NA
(2) Part-time worker,(2) Female,10,(2) Agree,10
(2) Part-time worker,(2) Female,10,(1) Strongly agree,9
(1) Full-time worker,(2) Female,12,(1) Strongly agree,19.65498181819
(1) Full-time worker,(2) Female,10,(2) Agree,35
(2) Part-time worker,(2) Female,12,(2) Agree,13.6
(1) Full-time worker,(2) Female,11,(2) Agree,58.33333333334
(1) Full-time worker,(2) Female,10,(2) Agree,11
(1) Full-time worker,(2) Female,10,(2) Agree,56.25
(1) Full-time worker,(2) Female,10,(1) Strongly agree,11.71428571429
(1) Full-time worker,(2) Female,12,(2) Agree,9.5
(1) Full-time worker,(2) Female,12,(1) Strongly agree,8.125
(1) Full-time worker,(2) Female,12,(3) Neither agree nor disagree,10
(1) Full-time worker,(2) Female,8,(1) Strongly agree,16.23
NA,NA,NA,NA,NA
(1) Full-time worker,(2) Female,12,(5) Strongly disagree,12.75
(1) Full-time worker,(2) Female,12,(2) Agree,12
(2) Part-time worker,(2) Female,11,(1) Strongly agree,15.75
(1) Full-time worker,(2) Female,12,(1) Strongly agree,NA
(1) Full-time worker,(2) Female,12,(2) Agree,9
(1) Full-time worker,(2) Female,12,(2) Agree,18.26923076924
(1) Full-time worker,(2) Female,12,(2) Agree,12
(2) Part-time worker,(2) Female,12,(1) Strongly agree,107.32142857143
(1) Full-time worker,(2) Female,12,(2) Agree,14
(1) Full-time worker,(2) Female,12,(1) Strongly agree,10
(1) Full-time worker,(2) Female,12,(1) Strongly agree,10
(2) Part-time worker,(2) Female,10,(2) Agree,8.25
NA,NA,NA,NA,NA
(1) Full-time worker,(2) Female,11,(1) Strongly agree,17.14285714286
NA,NA,NA,NA,NA
(1) Full-time worker,(2) Female,12,(2) Agree,NA
(2) Part-time worker,(2) Female,12,(2) Agree,18
(1) Full-time worker,(2) Female,12,(1) Strongly agree,15.35
(1) Full-time worker,(2) Female,10,(2) Agree,13.51351351352
(1) Full-time worker,(2) Female,6,(5) Strongly disagree,7.5
(1) Full-time worker,(2) Female,10,(1) Strongly agree,20.23
(2) Part-time worker,(2) Female,12,(2) Agree,12
(1) Full-time worker,(2) Female,9,(1) Strongly agree,15.37
(2) Part-time worker,(2) Female,10,(1) Strongly agree,17.85714285715
(1) Full-time worker,(2) Female,12,(1) Strongly agree,14.375
(2) Part-time worker,(2) Female,12,(1) Strongly agree,14.61
NA,NA,NA,NA,NA
(1) Full-time worker,(2) Female,12,(1) Strongly agree,12
(1) Full-time worker,(2) Female,NA,(1) Strongly agree,8.2625
(1) Full-time worker,(2) Female,10,(2) Agree,NA
(1) Full-time worker,(2) Female,12,(3) Neither agree nor disagree,11.6
(2) Part-time worker,(2) Female,12,(3) Neither agree nor disagree,7.69230769231
(1) Full-time worker,(2) Female,12,(2) Agree,27.53392857143
(1) Full-time worker,(2) Female,12,(2) Agree,NA
(1) Full-time worker,(2) Female,12,(1) Strongly agree,9
(1) Full-time worker,(2) Female,12,(2) Agree,15
(2) Part-time worker,(2) Female,12,NA,16
NA,NA,NA,NA,NA
(1) Full-time worker,(2) Female,1,(2) Agree,12
(2) Part-time worker,(2) Female,12,(3) Neither agree nor disagree,11
(1) Full-time worker,(2) Female,1,(1) Strongly agree,8.25
(1) Full-time worker,(2) Female,12,(2) Agree,NA
(1) Full-time worker,(1) Male,12,(1) Strongly agree,15.75
(2) Part-time worker,(2) Female,12,(2) Agree,11
NA,NA,NA,NA,NA
(1) Full-time worker,(2) Female,12,(2) Agree,7.3875
(1) Full-time worker,(2) Female,1,(1) Strongly agree,13.88888888889
NA,NA,NA,NA,NA
NA,NA,NA,NA,NA
(1) Full-time worker,(2) Female,12,(2) Agree,9
(2) Part-time worker,(2) Female,12,(1) Strongly agree,NA
(2) Part-time worker,(2) Female,10,(1) Strongly agree,10.55000000001
(1) Full-time worker,(2) Female,12,(1) Strongly agree,11.1
(2) Part-time worker,(2) Female,12,(2) Agree,17.43
(1) Full-time worker,(2) Female,1,(2) Agree,10.57175
(1) Full-time worker,(2) Female,12,(1) Strongly agree,8
(1) Full-time worker,(2) Female,10,(2) Agree,13
(1) Full-time worker,(2) Female,10,(2) Agree,13.5
(1) Full-time worker,(2) Female,10,(1) Strongly agree,14.230769230769999
(1) Full-time worker,(2) Female,12,(2) Agree,14.903846153849999
(1) Full-time worker,(2) Female,12,(1) Strongly agree,8.6538461538499991
(1) Full-time worker,(2) Female,10,(2) Agree,50
(1) Full-time worker,(2) Female,10,(1) Strongly agree,25.961538461539998
(1) Full-time worker,(2) Female,10,(1) Strongly agree,11.25
(2) Part-time worker,(2) Female,10,(2) Agree,11
(1) Full-time worker,(2) Female,8,(1) Strongly agree,10
(1) Full-time worker,(2) Female,9,(1) Strongly agree,20
(1) Full-time worker,(2) Female,10,(1) Strongly agree,NA
(1) Full-time worker,(2) Female,12,(2) Agree,24.7235
(1) Full-time worker,(2) Female,12,(1) Strongly agree,13.5
(1) Full-time worker,(2) Female,12,(2) Agree,15.59
(2) Part-time worker,(2) Female,NA,(1) Strongly agree,14.25
NA,NA,NA,(2) Agree,14.25
(2) Part-time worker,(2) Female,2,(1) Strongly agree,8.5
(1) Full-time worker,(2) Female,12,(1) Strongly agree,8.30000000001
(1) Full-time worker,(2) Female,10,(2) Agree,20
(1) Full-time worker,(2) Female,12,NA,10
(1) Full-time worker,(2) Female,12,(1) Strongly agree,11.538461538469999
(2) Part-time worker,(2) Female,9,(2) Agree,12.6
(2) Part-time worker,(2) Female,12,(1) Strongly agree,11.19583333334
(1) Full-time worker,(2) Female,12,(1) Strongly agree,11.25
(2) Part-time worker,(2) Female,7,(1) Strongly agree,13.72549019608
(1) Full-time worker,(2) Female,12,(1) Strongly agree,11
(1) Full-time worker,(1) Male,9,NA,22.95918367347
(1) Full-time worker,(2) Female,12,(2) Agree,14
(2) Part-time worker,(1) Male,10,(1) Strongly agree,9.35625
(1) Full-time worker,(2) Female,NA,(2) Agree,10.58
(1) Full-time worker,(2) Female,9,(1) Strongly agree,19
(1) Full-time worker,(2) Female,12,(2) Agree,NA
(1) Full-time worker,(2) Female,12,(1) Strongly agree,17
(2) Part-time worker,(2) Female,12,(1) Strongly agree,17.25
(1) Full-time worker,(2) Female,12,(2) Agree,12.25
(2) Part-time worker,(2) Female,12,(2) Agree,7.29166666667
(1) Full-time worker,(2) Female,1,(1) Strongly agree,17
(1) Full-time worker,(2) Female,12,(1) Strongly agree,8.64
NA,NA,NA,NA,NA
(1) Full-time worker,(2) Female,12,(3) Neither agree nor disagree,8.65
(1) Full-time worker,(2) Female,12,(2) Agree,9.25
(1) Full-time worker,(2) Female,12,(1) Strongly agree,17.88
(1) Full-time worker,(2) Female,12,(1) Strongly agree,15.03
(1) Full-time worker,(2) Female,12,(1) Strongly agree,NA
(1) Full-time worker,(2) Female,12,(1) Strongly agree,12.24489795919
(1) Full-time worker,(2) Female,12,(2) Agree,24.48979591837
(1) Full-time worker,(2) Female,12,(2) Agree,15
(1) Full-time worker,(2) Female,9,(2) Agree,18.36734693878
(1) Full-time worker,(2) Female,12,(1) Strongly agree,7.5
(2) Part-time worker,(2) Female,12,(2) Agree,7.5
(1) Full-time worker,(1) Male,12,(1) Strongly agree,16
(1) Full-time worker,NA,12,NA,NA
NA,NA,NA,NA,NA
(1) Full-time worker,(2) Female,8,(2) Agree,7.14285714286
(1) Full-time worker,(2) Female,12,(2) Agree,12
(1) Full-time worker,(2) Female,1,(3) Neither agree nor disagree,9
(1) Full-time worker,(2) Female,11,(5) Strongly disagree,11.4
(2) Part-time worker,(1) Male,10,(1) Strongly agree,33
(2) Part-time worker,(2) Female,7,(2) Agree,10.80000000001
(2) Part-time worker,(2) Female,12,(1) Strongly agree,10
(1) Full-time worker,(2) Female,7,(1) Strongly agree,17.52
(2) Part-time worker,(2) Female,12,(4) Disagree,15.45
(1) Full-time worker,(2) Female,4,(1) Strongly agree,7.25
(1) Full-time worker,(2) Female,12,(1) Strongly agree,11.5
(1) Full-time worker,(2) Female,12,(1) Strongly agree,13.25
(1) Full-time worker,(2) Female,12,(2) Agree,9.25
(1) Full-time worker,(2) Female,12,(2) Agree,25
(2) Part-time worker,(2) Female,12,(2) Agree,11.22
(1) Full-time worker,(2) Female,6,(5) Strongly disagree,17.34
(2) Part-time worker,(2) Female,10,(1) Strongly agree,13
(1) Full-time worker,(2) Female,1,(1) Strongly agree,13.75
(2) Part-time worker,(2) Female,8,(1) Strongly agree,54.9575
(1) Full-time worker,(2) Female,12,(2) Agree,NA
(1) Full-time worker,(2) Female,4,(1) Strongly agree,10.5
(2) Part-time worker,(2) Female,8,(2) Agree,4.62962962963
(1) Full-time worker,(2) Female,12,(1) Strongly agree,10.51
(1) Full-time worker,(2) Female,12,(3) Neither agree nor disagree,13.72222222223
(1) Full-time worker,(2) Female,9,(1) Strongly agree,18
(1) Full-time worker,(2) Female,12,(3) Neither agree nor disagree,9.375
(2) Part-time worker,(2) Female,11,(3) Neither agree nor disagree,10.4029658285
(1) Full-time worker,(2) Female,9,(2) Agree,11.5
(1) Full-time worker,(2) Female,11,(4) Disagree,14.86
(2) Part-time worker,(2) Female,12,(1) Strongly agree,14
(1) Full-time worker,(2) Female,12,(1) Strongly agree,13
(1) Full-time worker,(2) Female,12,(3) Neither agree nor disagree,8
(1) Full-time worker,(2) Female,12,(1) Strongly agree,19.04
(1) Full-time worker,(2) Female,9,(2) Agree,43.91891891892
(2) Part-time worker,(2) Female,10,(1) Strongly agree,NA
(1) Full-time worker,(2) Female,9,(2) Agree,NA
(1) Full-time worker,(2) Female,NA,(2) Agree,NA
(1) Full-time worker,(2) Female,12,(4) Disagree,9.75
(2) Part-time worker,(2) Female,8,(1) Strongly agree,NA
(1) Full-time worker,(1) Male,12,(1) Strongly agree,12
NA,NA,NA,NA,NA
(1) Full-time worker,(2) Female,12,(2) Agree,14
(2) Part-time worker,(2) Female,9,(2) Agree,14.1
(1) Full-time worker,(2) Female,12,(2) Agree,14
(2) Part-time worker,(2) Female,8,(3) Neither agree nor disagree,NA
(1) Full-time worker,(2) Female,10,(2) Agree,7.507
(1) Full-time worker,(2) Female,12,(1) Strongly agree,15
(1) Full-time worker,(2) Female,12,(2) Agree,13.5
(1) Full-time worker,(2) Female,10,(1) Strongly agree,8
(1) Full-time worker,(2) Female,12,NA,10
(2) Part-time worker,(2) Female,12,(2) Agree,8.75
(2) Part-time worker,(2) Female,12,(4) Disagree,NA
(1) Full-time worker,(2) Female,12,(2) Agree,16.88194444445
(1) Full-time worker,(2) Female,12,(4) Disagree,11.25
(2) Part-time worker,(2) Female,9,(1) Strongly agree,13
(2) Part-time worker,(2) Female,12,(1) Strongly agree,19.4
(2) Part-time worker,(2) Female,10,(1) Strongly agree,13.28125
(2) Part-time worker,(2) Female,12,(1) Strongly agree,8.75
(1) Full-time worker,(2) Female,12,(2) Agree,44.71153846154
(1) Full-time worker,(2) Female,12,(2) Agree,NA
(1) Full-time worker,(2) Female,10,(2) Agree,31.83183183184
(2) Part-time worker,(1) Male,11,(2) Agree,6.66666666667
NA,(2) Female,12,(2) Agree,9.84728571429
(1) Full-time worker,(2) Female,12,(1) Strongly agree,10
(2) Part-time worker,(2) Female,12,(4) Disagree,11.5
NA,NA,NA,NA,NA
(1) Full-time worker,(2) Female,12,(2) Agree,NA
(2) Part-time worker,(2) Female,10,(1) Strongly agree,12
NA,NA,NA,NA,NA
(1) Full-time worker,(2) Female,12,(1) Strongly agree,14.13461538462
(2) Part-time worker,(2) Female,9,(1) Strongly agree,9.64285714286
(1) Full-time worker,(2) Female,1,(1) Strongly agree,NA
(1) Full-time worker,(2) Female,2,(2) Agree,10
(2) Part-time worker,(2) Female,9,(1) Strongly agree,8.5
(1) Full-time worker,(2) Female,12,(2) Agree,13.33333333334
(2) Part-time worker,(2) Female,12,(1) Strongly agree,13
(1) Full-time worker,(2) Female,9,(1) Strongly agree,13.425
(1) Full-time worker,(2) Female,12,(2) Agree,8.25
(1) Full-time worker,(2) Female,12,(1) Strongly agree,28.47222222223
(1) Full-time worker,(2) Female,12,(3) Neither agree nor disagree,11.75
(1) Full-time worker,(2) Female,12,(2) Agree,16
(1) Full-time worker,(2) Female,12,(2) Agree,41.77777777778
(2) Part-time worker,(2) Female,10,(1) Strongly agree,15
(1) Full-time worker,(2) Female,12,(1) Strongly agree,NA
(2) Part-time worker,(2) Female,10,(2) Agree,15.55555555556
(1) Full-time worker,(2) Female,12,(2) Agree,15
(2) Part-time worker,(2) Female,12,(1) Strongly agree,9.75
(1) Full-time worker,(2) Female,12,(3) Neither agree nor disagree,NA
(1) Full-time worker,(2) Female,8,(1) Strongly agree,10.625
(1) Full-time worker,(2) Female,11,(3) Neither agree nor disagree,18.3
(1) Full-time worker,(2) Female,12,(2) Agree,9
(1) Full-time worker,(2) Female,10,(3) Neither agree nor disagree,NA
NA,NA,NA,NA,NA
(1) Full-time worker,(2) Female,12,(1) Strongly agree,10
(1) Full-time worker,(2) Female,2,(1) Strongly agree,14.25
(1) Full-time worker,(2) Female,12,(2) Agree,14.25
(1) Full-time worker,(2) Female,12,(2) Agree,15
(2) Part-time worker,(2) Female,1,(1) Strongly agree,13
(2) Part-time worker,(2) Female,12,(3) Neither agree nor disagree,107.5
(1) Full-time worker,(2) Female,12,(2) Agree,17
(1) Full-time worker,(2) Female,12,(3) Neither agree nor disagree,20
NA,NA,NA,NA,NA
(1) Full-time worker,(2) Female,6,(1) Strongly agree,10.5
(1) Full-time worker,(2) Female,12,(1) Strongly agree,9
(1) Full-time worker,(2) Female,12,(1) Strongly agree,20
(2) Part-time worker,(2) Female,12,(2) Agree,12
(1) Full-time worker,(2) Female,12,(4) Disagree,10
(1) Full-time worker,(2) Female,12,(2) Agree,10
(2) Part-time worker,(2) Female,12,(1) Strongly agree,10.5
(2) Part-time worker,NA,12,NA,NA
(1) Full-time worker,(2) Female,12,(1) Strongly agree,20.29914529915
(1) Full-time worker,(2) Female,11,(2) Agree,12.85714285715
(1) Full-time worker,(2) Female,10,(1) Strongly agree,13.75
(1) Full-time worker,(2) Female,12,(1) Strongly agree,11
(1) Full-time worker,(1) Male,10,(2) Agree,15.59563409564
(1) Full-time worker,(2) Female,12,(3) Neither agree nor disagree,14.9
(1) Full-time worker,(2) Female,11,(1) Strongly agree,11.35
(1) Full-time worker,(2) Female,12,(1) Strongly agree,10
(1) Full-time worker,(2) Female,12,(2) Agree,14
(2) Part-time worker,(2) Female,6,(4) Disagree,23.8
(2) Part-time worker,(2) Female,10,(1) Strongly agree,17.13076923077
(1) Full-time worker,(2) Female,12,(1) Strongly agree,8.5
(1) Full-time worker,(2) Female,12,(1) Strongly agree,8.5
(1) Full-time worker,(2) Female,12,(1) Strongly agree,12.5
(1) Full-time worker,(2) Female,10,(1) Strongly agree,15
(1) Full-time worker,(2) Female,12,(2) Agree,11.538461538469999
(2) Part-time worker,(2) Female,9,(2) Agree,15
(1) Full-time worker,(2) Female,4,(3) Neither agree nor disagree,8
(1) Full-time worker,(2) Female,12,(1) Strongly agree,11
(1) Full-time worker,(2) Female,12,(1) Strongly agree,10.30000000001
(1) Full-time worker,(2) Female,10,(1) Strongly agree,50
(1) Full-time worker,(2) Female,8,(1) Strongly agree,NA
(1) Full-time worker,(2) Female,12,(2) Agree,17.18
(1) Full-time worker,(2) Female,NA,(2) Agree,20.83333333334
(1) Full-time worker,(2) Female,8,(1) Strongly agree,11
(1) Full-time worker,(2) Female,12,(1) Strongly agree,13.28671328672
(1) Full-time worker,(2) Female,12,(1) Strongly agree,28.47222222223
(1) Full-time worker,(2) Female,12,(2) Agree,15.78040540541
(1) Full-time worker,(2) Female,12,(2) Agree,31.11111111112
NA,(2) Female,10,(2) Agree,NA
(1) Full-time worker,(2) Female,12,(2) Agree,23
(2) Part-time worker,(2) Female,1,(2) Agree,10
(1) Full-time worker,(2) Female,12,(1) Strongly agree,13.24
(2) Part-time worker,(2) Female,9,(1) Strongly agree,10
(2) Part-time worker,(1) Male,9,(1) Strongly agree,16.60000000001
(2) Part-time worker,(2) Female,NA,(1) Strongly agree,27.02702702703
(2) Part-time worker,(2) Female,11,(1) Strongly agree,10.5
(1) Full-time worker,(2) Female,6,(2) Agree,20
(2) Part-time worker,(2) Female,9,(3) Neither agree nor disagree,13.99
(1) Full-time worker,(2) Female,12,(1) Strongly agree,13
(1) Full-time worker,(2) Female,12,(1) Strongly agree,11
(2) Part-time worker,(2) Female,9,(2) Agree,11.08
NA,(2) Female,5,(2) Agree,12
(1) Full-time worker,(1) Male,12,(1) Strongly agree,19
(1) Full-time worker,(2) Female,10,(2) Agree,10.51862673485
(1) Full-time worker,(2) Female,12,(3) Neither agree nor disagree,8.74
(1) Full-time worker,(2) Female,9,(2) Agree,9.57446808511
(1) Full-time worker,(2) Female,12,(1) Strongly agree,12
(1) Full-time worker,(2) Female,9,(3) Neither agree nor disagree,24.18604651163
(1) Full-time worker,(2) Female,12,(2) Agree,16
NA,NA,NA,NA,NA
(1) Full-time worker,(2) Female,12,(3) Neither agree nor disagree,15.625
(2) Part-time worker,NA,1,(1) Strongly agree,12
(2) Part-time worker,(2) Female,11,(2) Agree,NA
(1) Full-time worker,(2) Female,12,(3) Neither agree nor disagree,NA
(1) Full-time worker,(2) Female,12,(1) Strongly agree,NA
(2) Part-time worker,(2) Female,10,(1) Strongly agree,11.125
(1) Full-time worker,(2) Female,1,(5) Strongly disagree,15.45
(1) Full-time worker,(2) Female,12,(1) Strongly agree,12
(2) Part-time worker,(2) Female,12,(1) Strongly agree,12.24
(1) Full-time worker,(2) Female,10,(1) Strongly agree,18.75
(2) Part-time worker,(2) Female,12,(4) Disagree,13
(1) Full-time worker,(2) Female,12,(1) Strongly agree,22.22222222223
(2) Part-time worker,(2) Female,4,(1) Strongly agree,9
(1) Full-time worker,(2) Female,9,(2) Agree,11
(1) Full-time worker,(2) Female,11,(2) Agree,10.04
NA,NA,NA,NA,NA
NA,NA,NA,NA,NA
(1) Full-time worker,(2) Female,12,(2) Agree,13.03
NA,NA,NA,NA,NA
(2) Part-time worker,(2) Female,12,(3) Neither agree nor disagree,10
(1) Full-time worker,(2) Female,12,(1) Strongly agree,12
(1) Full-time worker,(2) Female,12,(2) Agree,10
(1) Full-time worker,(2) Female,12,(1) Strongly agree,17.5
(1) Full-time worker,(2) Female,12,(1) Strongly agree,NA
NA,NA,NA,NA,NA
(1) Full-time worker,(2) Female,11,(1) Strongly agree,27.3625
NA,NA,NA,NA,NA
NA,NA,NA,NA,NA
(2) Part-time worker,(2) Female,12,(1) Strongly agree,9
(1) Full-time worker,(2) Female,12,(2) Agree,11.66666666667
(1) Full-time worker,(2) Female,12,(2) Agree,11
(2) Part-time worker,(1) Male,10,(3) Neither agree nor disagree,22.756
(1) Full-time worker,(2) Female,10,(1) Strongly agree,20
(1) Full-time worker,(2) Female,12,(4) Disagree,12
NA,NA,NA,NA,NA
(1) Full-time worker,(2) Female,7,(2) Agree,4.97025
(1) Full-time worker,(2) Female,10,(3) Neither agree nor disagree,14
(2) Part-time worker,(2) Female,12,(2) Agree,7.3
(1) Full-time worker,(2) Female,NA,NA,NA
(1) Full-time worker,(2) Female,12,(2) Agree,14
(1) Full-time worker,(2) Female,12,(1) Strongly agree,20
(1) Full-time worker,(2) Female,12,(1) Strongly agree,17.68
(1) Full-time worker,(2) Female,12,(1) Strongly agree,NA
NA,NA,NA,NA,NA
(1) Full-time worker,(2) Female,12,(1) Strongly agree,8
(1) Full-time worker,(2) Female,12,(3) Neither agree nor disagree,8
(1) Full-time worker,(2) Female,12,(4) Disagree,8.25
(2) Part-time worker,(2) Female,12,(3) Neither agree nor disagree,16
(1) Full-time worker,(2) Female,12,(1) Strongly agree,NA
(1) Full-time worker,(2) Female,10,(1) Strongly agree,15
(1) Full-time worker,(2) Female,12,(2) Agree,16.25
(1) Full-time worker,(2) Female,12,(1) Strongly agree,9.28571428572
(1) Full-time worker,(2) Female,11,(1) Strongly agree,11.25
(1) Full-time worker,(2) Female,1,(1) Strongly agree,10
(1) Full-time worker,(2) Female,10,(1) Strongly agree,19.44444444445
NA,NA,NA,NA,NA
NA,(2) Female,NA,(1) Strongly agree,NA
(1) Full-time worker,(2) Female,7,(1) Strongly agree,NA
(1) Full-time worker,(2) Female,12,(2) Agree,18.25
NA,NA,NA,NA,NA
(2) Part-time worker,(2) Female,10,(1) Strongly agree,15
(1) Full-time worker,(1) Male,3,(1) Strongly agree,9.75
(1) Full-time worker,(2) Female,8,(1) Strongly agree,13
(2) Part-time worker,(2) Female,12,(1) Strongly agree,10.78
(2) Part-time worker,(2) Female,10,(1) Strongly agree,15.73333333334
(1) Full-time worker,(2) Female,12,(1) Strongly agree,12
(1) Full-time worker,(2) Female,6,(1) Strongly agree,10
(1) Full-time worker,(2) Female,12,(2) Agree,10.75
(1) Full-time worker,(2) Female,12,(2) Agree,13.63636363637
(1) Full-time worker,(2) Female,8,(1) Strongly agree,13.88892857143
(1) Full-time worker,(2) Female,12,(1) Strongly agree,16
NA,NA,NA,NA,NA
(1) Full-time worker,(2) Female,12,(3) Neither agree nor disagree,14
(1) Full-time worker,(2) Female,3,(2) Agree,13
(1) Full-time worker,(2) Female,12,(3) Neither agree nor disagree,14
(1) Full-time worker,(2) Female,10,(1) Strongly agree,18.47872340426
(1) Full-time worker,(2) Female,12,(1) Strongly agree,10.625
(1) Full-time worker,(2) Female,12,(1) Strongly agree,10.73345259392
(1) Full-time worker,(2) Female,NA,(1) Strongly agree,NA
(1) Full-time worker,(2) Female,1,(2) Agree,11.25
(1) Full-time worker,(2) Female,12,(2) Agree,7.5
(1) Full-time worker,(2) Female,11,(1) Strongly agree,NA
(1) Full-time worker,(2) Female,12,(1) Strongly agree,10
NA,NA,NA,NA,NA
(1) Full-time worker,(2) Female,9,(2) Agree,10
(1) Full-time worker,(2) Female,12,(1) Strongly agree,14
NA,NA,NA,NA,NA
(1) Full-time worker,(2) Female,12,(1) Strongly agree,9.47368421053
(1) Full-time worker,(2) Female,12,(3) Neither agree nor disagree,8.96000000001
(1) Full-time worker,(2) Female,7,(1) Strongly agree,10.56
(1) Full-time worker,(2) Female,12,(2) Agree,12.5
(1) Full-time worker,(2) Female,12,(1) Strongly agree,14.25
(1) Full-time worker,(2) Female,12,(1) Strongly agree,12.5
(1) Full-time worker,(2) Female,8,(2) Agree,29.8
(2) Part-time worker,(2) Female,10,(2) Agree,12.96296296297
(2) Part-time worker,(2) Female,12,(1) Strongly agree,15.625
(1) Full-time worker,(2) Female,8,(2) Agree,20
(1) Full-time worker,(2) Female,10,(1) Strongly agree,NA
(1) Full-time worker,(2) Female,12,(1) Strongly agree,17.5
(1) Full-time worker,(2) Female,12,(1) Strongly agree,15.25
(2) Part-time worker,(2) Female,3,(1) Strongly agree,14
(1) Full-time worker,(2) Female,12,(2) Agree,10.5
(1) Full-time worker,(2) Female,12,(2) Agree,11
(2) Part-time worker,(2) Female,12,(5) Strongly disagree,8.15
(1) Full-time worker,(2) Female,12,(1) Strongly agree,13.75
(1) Full-time worker,(2) Female,9,(1) Strongly agree,10
(1) Full-time worker,(2) Female,12,(3) Neither agree nor disagree,15.72
NA,NA,NA,NA,NA
(2) Part-time worker,(2) Female,12,(1) Strongly agree,9.4
(1) Full-time worker,(2) Female,12,(2) Agree,11.5
(1) Full-time worker,(2) Female,9,(2) Agree,20.67307692308
(2) Part-time worker,(2) Female,5,(2) Agree,13.5
(1) Full-time worker,(2) Female,4,(2) Agree,13.75
(1) Full-time worker,(2) Female,12,(2) Agree,15.39
NA,NA,NA,NA,NA
(1) Full-time worker,(2) Female,10,(1) Strongly agree,48.61111111112
(2) Part-time worker,(2) Female,10,(4) Disagree,9.98
(2) Part-time worker,(2) Female,12,(1) Strongly agree,13.5
(1) Full-time worker,(2) Female,12,(4) Disagree,20
(2) Part-time worker,(2) Female,12,(1) Strongly agree,11.65
(1) Full-time worker,(2) Female,12,(4) Disagree,9.25
NA,(2) Female,9,(2) Agree,NA
(1) Full-time worker,(2) Female,10,(2) Agree,17.85714285715
(2) Part-time worker,(2) Female,9,(1) Strongly agree,11.36363636364
(1) Full-time worker,(2) Female,12,(2) Agree,8.56
(1) Full-time worker,(2) Female,12,(1) Strongly agree,10
(1) Full-time worker,(2) Female,12,(2) Agree,17.25
(2) Part-time worker,(2) Female,2,(1) Strongly agree,10
(1) Full-time worker,(2) Female,12,(2) Agree,10.25
(1) Full-time worker,(2) Female,8,(1) Strongly agree,9.5
(1) Full-time worker,(2) Female,12,(1) Strongly agree,17.68
(1) Full-time worker,(2) Female,9,(1) Strongly agree,2.84765068818
(2) Part-time worker,(2) Female,12,(1) Strongly agree,21.66666666667
(2) Part-time worker,(2) Female,12,(1) Strongly agree,12
(1) Full-time worker,NA,12,(2) Agree,27
(1) Full-time worker,(2) Female,12,(5) Strongly disagree,13.5
(2) Part-time worker,(2) Female,12,(2) Agree,8.5
(1) Full-time worker,(2) Female,12,(4) Disagree,15
(1) Full-time worker,(2) Female,10,(2) Agree,13.25
(1) Full-time worker,(2) Female,2,(2) Agree,13.49
(2) Part-time worker,(2) Female,12,(2) Agree,14.25
NA,NA,NA,NA,NA
(2) Part-time worker,(2) Female,7,(2) Agree,15
(1) Full-time worker,(2) Female,9,(1) Strongly agree,11
(1) Full-time worker,(2) Female,12,(3) Neither agree nor disagree,8.97435897436
(1) Full-time worker,(2) Female,12,(2) Agree,NA
(1) Full-time worker,(2) Female,12,(2) Agree,25
(2) Part-time worker,(2) Female,9,(2) Agree,13
(1) Full-time worker,(2) Female,8,(2) Agree,25.46296296297
(1) Full-time worker,(2) Female,10,NA,32.36111111112
(2) Part-time worker,(2) Female,12,(1) Strongly agree,8.55000000001
(1) Full-time worker,(2) Female,1,(1) Strongly agree,7.8125
NA,NA,NA,NA,NA
(1) Full-time worker,(2) Female,12,(2) Agree,14.375
(1) Full-time worker,(2) Female,10,(2) Agree,15
(1) Full-time worker,(2) Female,9,(1) Strongly agree,16.66666666667
NA,NA,NA,NA,NA
(1) Full-time worker,(2) Female,3,(1) Strongly agree,13.43
(1) Full-time worker,(2) Female,12,(4) Disagree,10.1
(1) Full-time worker,(2) Female,11,(1) Strongly agree,22
(2) Part-time worker,(2) Female,12,(1) Strongly agree,12
(2) Part-time worker,(2) Female,12,(1) Strongly agree,NA
(2) Part-time worker,(2) Female,12,(1) Strongly agree,15.5
(1) Full-time worker,(1) Male,12,(1) Strongly agree,14
(1) Full-time worker,(2) Female,11,NA,NA
NA,NA,NA,NA,NA
(1) Full-time worker,(2) Female,12,(1) Strongly agree,NA
(1) Full-time worker,(2) Female,12,(3) Neither agree nor disagree,10
(1) Full-time worker,(2) Female,9,(1) Strongly agree,11
(1) Full-time worker,(2) Female,12,(2) Agree,27.16049382717
(2) Part-time worker,(2) Female,4,(1) Strongly agree,10
(1) Full-time worker,(2) Female,12,(2) Agree,13.4
(1) Full-time worker,(2) Female,4,(1) Strongly agree,18
(1) Full-time worker,(2) Female,12,(1) Strongly agree,16.10000000001
(1) Full-time worker,(2) Female,3,NA,NA
(2) Part-time worker,(2) Female,8,(1) Strongly agree,15.3
(1) Full-time worker,(2) Female,12,(1) Strongly agree,13
(1) Full-time worker,(2) Female,NA,(2) Agree,12
(1) Full-time worker,(2) Female,12,(1) Strongly agree,13.67521367522
(2) Part-time worker,(2) Female,9,(1) Strongly agree,NA
(1) Full-time worker,(2) Female,10,(2) Agree,17.02127659575
NA,NA,NA,NA,NA
(2) Part-time worker,(2) Female,12,(4) Disagree,8.25
NA,NA,NA,NA,NA
NA,NA,NA,NA,NA
(1) Full-time worker,(2) Female,12,(2) Agree,11.82
(1) Full-time worker,(2) Female,7,(1) Strongly agree,15
NA,NA,NA,NA,NA
(1) Full-time worker,(2) Female,12,(5) Strongly disagree,12
(2) Part-time worker,(2) Female,9,(1) Strongly agree,16.10000000001
(1) Full-time worker,(2) Female,10,(1) Strongly agree,15.76
NA,NA,NA,NA,NA
(1) Full-time worker,(2) Female,12,(2) Agree,NA
(1) Full-time worker,(2) Female,12,(2) Agree,15
(1) Full-time worker,(2) Female,6,(2) Agree,18.79699248121
(1) Full-time worker,(2) Female,12,(1) Strongly agree,17.14285714286
(1) Full-time worker,(2) Female,12,(1) Strongly agree,8.9
(1) Full-time worker,(2) Female,10,(1) Strongly agree,15.44
(2) Part-time worker,(2) Female,10,(1) Strongly agree,14.29
(1) Full-time worker,(2) Female,4,(1) Strongly agree,9
(1) Full-time worker,(2) Female,3,(1) Strongly agree,8
(1) Full-time worker,(2) Female,12,(2) Agree,9.5
(2) Part-time worker,(2) Female,10,(1) Strongly agree,15
(1) Full-time worker,(2) Female,12,(2) Agree,10.25
(1) Full-time worker,(2) Female,9,(1) Strongly agree,9.25925925926
(1) Full-time worker,(2) Female,12,(2) Agree,11
NA,NA,NA,NA,NA
(2) Part-time worker,(2) Female,9,(1) Strongly agree,21.17647058824
NA,NA,NA,NA,NA
(1) Full-time worker,(2) Female,12,(2) Agree,9
(2) Part-time worker,(2) Female,3,(1) Strongly agree,9.5
(1) Full-time worker,(2) Female,1,(1) Strongly agree,7.25
(1) Full-time worker,(2) Female,12,(2) Agree,20.55
(1) Full-time worker,(2) Female,12,(2) Agree,8.75
(1) Full-time worker,(2) Female,12,(2) Agree,16.7004048583
(1) Full-time worker,(2) Female,12,(3) Neither agree nor disagree,19.5
(1) Full-time worker,(2) Female,9,(2) Agree,17.5
(2) Part-time worker,(2) Female,10,(1) Strongly agree,11
(1) Full-time worker,(2) Female,9,(2) Agree,12.35
(2) Part-time worker,(2) Female,9,(1) Strongly agree,20.20202020203
(1) Full-time worker,(2) Female,12,(2) Agree,NA
(1) Full-time worker,(2) Female,11,(2) Agree,13
NA,NA,NA,NA,NA
(1) Full-time worker,(2) Female,12,(5) Strongly disagree,9.6
(1) Full-time worker,(2) Female,12,(1) Strongly agree,9
(1) Full-time worker,(2) Female,10,(2) Agree,8.25
(2) Part-time worker,(2) Female,12,(2) Agree,11
(1) Full-time worker,(2) Female,12,(5) Strongly disagree,10
(1) Full-time worker,(2) Female,12,(2) Agree,13
(1) Full-time worker,(2) Female,12,(1) Strongly agree,15.69767441861
(1) Full-time worker,(2) Female,12,(4) Disagree,12.67
(1) Full-time worker,(2) Female,12,(2) Agree,8
(2) Part-time worker,(2) Female,12,(2) Agree,10.75
(1) Full-time worker,(2) Female,12,(2) Agree,14.8
(2) Part-time worker,(2) Female,8,(3) Neither agree nor disagree,18.38235294118
(2) Part-time worker,(2) Female,11,(1) Strongly agree,9
(1) Full-time worker,(2) Female,12,(2) Agree,NA
(2) Part-time worker,(2) Female,9,(2) Agree,14.28
(2) Part-time worker,(2) Female,12,(2) Agree,11
(2) Part-time worker,(2) Female,8,(1) Strongly agree,9.375
(1) Full-time worker,(2) Female,2,(1) Strongly agree,12.6
(1) Full-time worker,(2) Female,12,(2) Agree,13
(1) Full-time worker,(2) Female,12,(1) Strongly agree,14
(2) Part-time worker,(2) Female,12,(1) Strongly agree,14
(1) Full-time worker,(2) Female,12,(1) Strongly agree,NA
(1) Full-time worker,(2) Female,11,(1) Strongly agree,24.30555555556
(1) Full-time worker,(2) Female,9,(2) Agree,NA
(2) Part-time worker,(2) Female,3,(2) Agree,9
(2) Part-time worker,(2) Female,12,(4) Disagree,14
(1) Full-time worker,(2) Female,12,(1) Strongly agree,10
(1) Full-time worker,(2) Female,12,(1) Strongly agree,1.5625
NA,NA,NA,NA,NA
(2) Part-time worker,(2) Female,12,(3) Neither agree nor disagree,8
(1) Full-time worker,(2) Female,12,(2) Agree,10
(1) Full-time worker,(2) Female,12,(2) Agree,17
(1) Full-time worker,(2) Female,11,(2) Agree,35.88516746412
NA,NA,NA,NA,NA
(2) Part-time worker,(2) Female,12,(2) Agree,11
(1) Full-time worker,(2) Female,4,(2) Agree,8
(1) Full-time worker,(2) Female,12,(2) Agree,13.5
(1) Full-time worker,(2) Female,12,(1) Strongly agree,13.5
NA,(2) Female,NA,NA,30.40935672515
(1) Full-time worker,(2) Female,12,(1) Strongly agree,9
(2) Part-time worker,(2) Female,2,(2) Agree,11
(2) Part-time worker,(2) Female,12,(1) Strongly agree,15
(1) Full-time worker,(2) Female,10,(2) Agree,NA
NA,(2) Female,NA,(1) Strongly agree,16.28571428572
(1) Full-time worker,(2) Female,12,(1) Strongly agree,9.30000000001
(1) Full-time worker,(2) Female,12,(2) Agree,12.5
(1) Full-time worker,(2) Female,9,(1) Strongly agree,25.73099415205
(1) Full-time worker,(2) Female,9,(2) Agree,15.03759398497
(1) Full-time worker,(2) Female,12,(1) Strongly agree,9
(1) Full-time worker,(2) Female,12,(1) Strongly agree,11
(1) Full-time worker,(2) Female,12,(1) Strongly agree,15
(1) Full-time worker,(2) Female,12,(1) Strongly agree,17
(1) Full-time worker,(2) Female,12,(2) Agree,17.61
(2) Part-time worker,(2) Female,6,(2) Agree,NA
(2) Part-time worker,(2) Female,10,(1) Strongly agree,16.57
(2) Part-time worker,(2) Female,9,(2) Agree,15.58441558442
(2) Part-time worker,(2) Female,9,(1) Strongly agree,19
(1) Full-time worker,(2) Female,12,(1) Strongly agree,12.5
(1) Full-time worker,(2) Female,12,(1) Strongly agree,NA
(1) Full-time worker,(2) Female,7,(1) Strongly agree,10
(2) Part-time worker,(2) Female,10,(1) Strongly agree,9
(2) Part-time worker,(2) Female,12,(2) Agree,9.5
(1) Full-time worker,(2) Female,12,(1) Strongly agree,17
(1) Full-time worker,(2) Female,3,(1) Strongly agree,24.03846153847
(1) Full-time worker,(2) Female,12,(1) Strongly agree,NA
(1) Full-time worker,(2) Female,12,(1) Strongly agree,NA
(1) Full-time worker,(2) Female,12,(1) Strongly agree,12.25
(1) Full-time worker,(2) Female,12,(1) Strongly agree,NA
(1) Full-time worker,(2) Female,12,(2) Agree,9.5
(1) Full-time worker,(2) Female,12,(4) Disagree,9
(1) Full-time worker,(2) Female,12,(2) Agree,12
(1) Full-time worker,(2) Female,12,(2) Agree,10
(2) Part-time worker,(2) Female,12,(2) Agree,7.4
(2) Part-time worker,(2) Female,10,(1) Strongly agree,17.39926739927
(1) Full-time worker,(2) Female,10,(1) Strongly agree,17.5
(1) Full-time worker,(2) Female,12,(2) Agree,8
(1) Full-time worker,(2) Female,9,(3) Neither agree nor disagree,25.74424242425
(1) Full-time worker,(2) Female,12,(2) Agree,14.66666666667
(1) Full-time worker,(2) Female,9,(1) Strongly agree,14.75
(1) Full-time worker,(2) Female,12,(1) Strongly agree,14
(2) Part-time worker,(2) Female,5,(1) Strongly agree,15
(2) Part-time worker,(2) Female,12,(1) Strongly agree,12.80303030304
(2) Part-time worker,(2) Female,10,(1) Strongly agree,NA
(2) Part-time worker,(2) Female,12,(2) Agree,22
(2) Part-time worker,(2) Female,12,(1) Strongly agree,10
NA,NA,NA,NA,NA
(2) Part-time worker,(2) Female,9,(1) Strongly agree,NA
(1) Full-time worker,(2) Female,12,(1) Strongly agree,10
(1) Full-time worker,(2) Female,10,(2) Agree,13.04347826087
NA,NA,NA,NA,NA
(1) Full-time worker,(2) Female,12,(2) Agree,11.35
NA,NA,NA,NA,NA
(2) Part-time worker,(2) Female,10,(1) Strongly agree,10.8695652174
(1) Full-time worker,(2) Female,12,(1) Strongly agree,11.1
(1) Full-time worker,(2) Female,9,(1) Strongly agree,20
(2) Part-time worker,(2) Female,12,(1) Strongly agree,26.31578947369
(1) Full-time worker,(2) Female,12,(1) Strongly agree,20.24291497976
(1) Full-time worker,(2) Female,12,(2) Agree,6.25
(1) Full-time worker,(2) Female,12,(2) Agree,12
(1) Full-time worker,(2) Female,12,(1) Strongly agree,26.66666666667
(1) Full-time worker,(2) Female,10,(2) Agree,16.65
(1) Full-time worker,(2) Female,12,(1) Strongly agree,18.8475
(1) Full-time worker,(2) Female,12,(3) Neither agree nor disagree,16.25
(1) Full-time worker,(2) Female,1,(1) Strongly agree,13.83
(1) Full-time worker,(2) Female,12,(1) Strongly agree,8.75
(2) Part-time worker,(2) Female,6,(1) Strongly agree,8.1
(1) Full-time worker,(2) Female,12,(2) Agree,6.66666666667
(1) Full-time worker,(2) Female,12,(3) Neither agree nor disagree,8.6
(2) Part-time worker,(2) Female,4,(3) Neither agree nor disagree,9
(2) Part-time worker,(2) Female,12,(1) Strongly agree,33.33333333334
(1) Full-time worker,(2) Female,12,(2) Agree,10
(1) Full-time worker,(2) Female,12,(1) Strongly agree,9.75
(1) Full-time worker,(2) Female,10,(1) Strongly agree,25.51020408164
(1) Full-time worker,(2) Female,10,(1) Strongly agree,13.5
(2) Part-time worker,(2) Female,5,(3) Neither agree nor disagree,51.42857142858
(1) Full-time worker,(2) Female,12,(1) Strongly agree,13.85
(1) Full-time worker,(2) Female,5,(2) Agree,15.7
(2) Part-time worker,(2) Female,10,(2) Agree,34
(2) Part-time worker,(2) Female,10,(1) Strongly agree,107.5
(1) Full-time worker,(2) Female,12,(4) Disagree,18
(1) Full-time worker,(2) Female,12,(1) Strongly agree,15.25
(1) Full-time worker,(2) Female,10,(2) Agree,12
(1) Full-time worker,(2) Female,3,(1) Strongly agree,7.25
(1) Full-time worker,(2) Female,12,(2) Agree,10.01538461539
(1) Full-time worker,(2) Female,12,(1) Strongly agree,11.70731707318
NA,NA,NA,NA,NA
(1) Full-time worker,(2) Female,12,(1) Strongly agree,10
(1) Full-time worker,(2) Female,12,(1) Strongly agree,11
(1) Full-time worker,(2) Female,12,(1) Strongly agree,12.5
NA,NA,NA,NA,NA
(2) Part-time worker,(2) Female,12,(2) Agree,15
(1) Full-time worker,(2) Female,12,(5) Strongly disagree,13.25
(1) Full-time worker,(2) Female,1,(2) Agree,12
(1) Full-time worker,(2) Female,12,(4) Disagree,14
(1) Full-time worker,(2) Female,12,(1) Strongly agree,8
(1) Full-time worker,(2) Female,1,(5) Strongly disagree,NA
(2) Part-time worker,(2) Female,12,(2) Agree,10
(1) Full-time worker,(2) Female,12,(2) Agree,9.79591836735
(1) Full-time worker,(2) Female,12,(1) Strongly agree,12.74509803922
(1) Full-time worker,(1) Male,8,(2) Agree,15
(1) Full-time worker,(2) Female,12,(4) Disagree,10.4
(1) Full-time worker,(2) Female,1,(2) Agree,NA
(1) Full-time worker,(2) Female,12,(2) Agree,27.47252747253
(1) Full-time worker,(2) Female,12,(3) Neither agree nor disagree,11.111
(2) Part-time worker,(2) Female,9,(1) Strongly agree,25
(2) Part-time worker,(2) Female,8,(1) Strongly agree,NA
(1) Full-time worker,(1) Male,6,(3) Neither agree nor disagree,NA
(1) Full-time worker,(1) Male,12,(1) Strongly agree,13
(2) Part-time worker,(2) Female,6,(1) Strongly agree,12
(1) Full-time worker,(2) Female,12,(2) Agree,12.5
(1) Full-time worker,(2) Female,12,(2) Agree,NA
(1) Full-time worker,(2) Female,12,(2) Agree,2.5
(1) Full-time worker,(2) Female,12,(1) Strongly agree,7.5
(1) Full-time worker,(2) Female,12,(2) Agree,8.22000000001
(1) Full-time worker,(2) Female,12,(2) Agree,13
(1) Full-time worker,(2) Female,12,(1) Strongly agree,13.5
(1) Full-time worker,(2) Female,12,(1) Strongly agree,12
NA,NA,NA,NA,NA
(2) Part-time worker,(2) Female,9,(2) Agree,15.4
(1) Full-time worker,(2) Female,12,(1) Strongly agree,10
(1) Full-time worker,(2) Female,12,(3) Neither agree nor disagree,17.60000000001
(1) Full-time worker,(2) Female,12,(2) Agree,13.6
NA,NA,NA,NA,NA
(1) Full-time worker,(2) Female,12,(2) Agree,11.5
(1) Full-time worker,(2) Female,11,(1) Strongly agree,NA
(1) Full-time worker,(2) Female,10,(2) Agree,21.42857142858
(1) Full-time worker,(2) Female,12,(2) Agree,14
(1) Full-time worker,(2) Female,8,(2) Agree,12
(1) Full-time worker,(2) Female,9,(1) Strongly agree,4.2
NA,NA,NA,NA,NA
(1) Full-time worker,(2) Female,9,(1) Strongly agree,11
(1) Full-time worker,(2) Female,12,(1) Strongly agree,13.75
(1) Full-time worker,(2) Female,12,(1) Strongly agree,26.66666666667
(1) Full-time worker,(2) Female,12,(1) Strongly agree,35
NA,NA,NA,NA,NA
(1) Full-time worker,(2) Female,12,(2) Agree,11.7
(2) Part-time worker,(2) Female,12,(1) Strongly agree,NA
(1) Full-time worker,(2) Female,12,(1) Strongly agree,15
(1) Full-time worker,(2) Female,12,(1) Strongly agree,NA
(1) Full-time worker,(2) Female,12,(1) Strongly agree,10.75
(2) Part-time worker,(2) Female,12,(1) Strongly agree,NA
(1) Full-time worker,(2) Female,12,(2) Agree,15.01
(1) Full-time worker,(2) Female,12,(1) Strongly agree,13
(1) Full-time worker,(2) Female,12,(1) Strongly agree,15
(1) Full-time worker,(2) Female,12,(2) Agree,11.875
(1) Full-time worker,(2) Female,12,(2) Agree,10
(1) Full-time worker,(2) Female,12,(1) Strongly agree,11.5
NA,NA,NA,NA,NA
(1) Full-time worker,(2) Female,12,(2) Agree,12
(1) Full-time worker,(2) Female,12,(1) Strongly agree,NA
(2) Part-time worker,(2) Female,12,(2) Agree,16
(1) Full-time worker,(1) Male,12,(1) Strongly agree,NA
(1) Full-time worker,(2) Female,10,(2) Agree,13
(2) Part-time worker,(2) Female,10,(1) Strongly agree,NA
(1) Full-time worker,(2) Female,12,(1) Strongly agree,9.75
(2) Part-time worker,(2) Female,12,(1) Strongly agree,13
(1) Full-time worker,(2) Female,9,(2) Agree,NA
(1) Full-time worker,(2) Female,12,(4) Disagree,14.5
NA,NA,NA,NA,NA
(2) Part-time worker,(2) Female,9,(2) Agree,8.09563409564
(1) Full-time worker,(2) Female,9,(1) Strongly agree,20.32
(1) Full-time worker,(2) Female,12,(1) Strongly agree,14
NA,NA,NA,NA,NA
(1) Full-time worker,(2) Female,12,(1) Strongly agree,10
(1) Full-time worker,(2) Female,12,(2) Agree,11.42857142858
(1) Full-time worker,(2) Female,12,(2) Agree,15
(1) Full-time worker,(2) Female,12,(5) Strongly disagree,9.375
(2) Part-time worker,(2) Female,10,(3) Neither agree nor disagree,9
(1) Full-time worker,(2) Female,12,(1) Strongly agree,NA
(2) Part-time worker,(2) Female,9,(2) Agree,10
(1) Full-time worker,(2) Female,9,(2) Agree,11.05
(2) Part-time worker,(2) Female,1,(2) Agree,12.25
(1) Full-time worker,(2) Female,12,(2) Agree,12
(2) Part-time worker,(2) Female,10,(1) Strongly agree,17
(2) Part-time worker,(2) Female,10,(2) Agree,18
(2) Part-time worker,(2) Female,9,(1) Strongly agree,22.5
(1) Full-time worker,(2) Female,3,(1) Strongly agree,18.75
(1) Full-time worker,(2) Female,12,(1) Strongly agree,NA
NA,NA,NA,NA,NA
(2) Part-time worker,(2) Female,12,(1) Strongly agree,11
(2) Part-time worker,(2) Female,12,(2) Agree,8
(1) Full-time worker,(2) Female,12,(1) Strongly agree,28.84615384616
(1) Full-time worker,(2) Female,NA,(2) Agree,15
(1) Full-time worker,(2) Female,12,(2) Agree,13.5
NA,NA,NA,NA,NA
(1) Full-time worker,(2) Female,12,(2) Agree,16
(1) Full-time worker,(2) Female,10,(1) Strongly agree,23.95833333334
(1) Full-time worker,(2) Female,8,(1) Strongly agree,10.70175438597
(1) Full-time worker,(2) Female,12,(2) Agree,21.27
(1) Full-time worker,(2) Female,12,(1) Strongly agree,12.5
(1) Full-time worker,(2) Female,12,(1) Strongly agree,13
(1) Full-time worker,(2) Female,12,(1) Strongly agree,20.25
(2) Part-time worker,(2) Female,10,(1) Strongly agree,16.66666666667
(1) Full-time worker,(2) Female,12,(1) Strongly agree,9.25454545455
(1) Full-time worker,(2) Female,12,(2) Agree,20.19230769231
(1) Full-time worker,(2) Female,NA,(1) Strongly agree,10.75
(2) Part-time worker,(2) Female,8,(2) Agree,16.33986928105
(1) Full-time worker,(2) Female,10,(2) Agree,35.68108108109
(1) Full-time worker,(2) Female,12,(1) Strongly agree,9.30000000001
(1) Full-time worker,(2) Female,12,(4) Disagree,12.025
(1) Full-time worker,(2) Female,12,(1) Strongly agree,18
(1) Full-time worker,(2) Female,9,(1) Strongly agree,8
(2) Part-time worker,(1) Male,7,(2) Agree,13
(2) Part-time worker,(2) Female,12,(1) Strongly agree,10.1
NA,NA,NA,NA,NA
(1) Full-time worker,(2) Female,6,(1) Strongly agree,6.6875
(1) Full-time worker,(2) Female,12,(4) Disagree,14
(2) Part-time worker,(2) Female,12,(2) Agree,NA
(1) Full-time worker,(2) Female,12,(3) Neither agree nor disagree,13.25
(1) Full-time worker,(2) Female,12,(2) Agree,10
(1) Full-time worker,(2) Female,12,(1) Strongly agree,14.58333333334
(1) Full-time worker,(2) Female,12,(3) Neither agree nor disagree,10.75
(1) Full-time worker,(2) Female,12,(3) Neither agree nor disagree,8.5
(1) Full-time worker,(2) Female,6,(3) Neither agree nor disagree,13.75
(2) Part-time worker,(2) Female,9,(1) Strongly agree,51.42857142858
(2) Part-time worker,(2) Female,12,(3) Neither agree nor disagree,8
(1) Full-time worker,(2) Female,12,(2) Agree,9
(1) Full-time worker,(2) Female,8,(1) Strongly agree,12
(1) Full-time worker,(2) Female,12,NA,12.5
(1) Full-time worker,(2) Female,4,(2) Agree,17
(1) Full-time worker,(2) Female,12,(1) Strongly agree,15.69444444445
(2) Part-time worker,(2) Female,8,(1) Strongly agree,10
(1) Full-time worker,(2) Female,12,(1) Strongly agree,15
(1) Full-time worker,(2) Female,12,(1) Strongly agree,21
(2) Part-time worker,(2) Female,5,(2) Agree,8.30000000001
(1) Full-time worker,(2) Female,12,(1) Strongly agree,9.2307692307699991
(1) Full-time worker,(2) Female,11,(1) Strongly agree,22.79411764706
(1) Full-time worker,(2) Female,4,(2) Agree,10
(2) Part-time worker,(2) Female,12,(2) Agree,14
(1) Full-time worker,(2) Female,10,(1) Strongly agree,17.10000000001
(1) Full-time worker,(2) Female,12,(4) Disagree,11
NA,NA,NA,NA,NA
(1) Full-time worker,(2) Female,12,(1) Strongly agree,8.91575
(1) Full-time worker,(2) Female,12,(4) Disagree,8.75
(1) Full-time worker,(2) Female,12,(2) Agree,21
(1) Full-time worker,(2) Female,9,(1) Strongly agree,8.28
(1) Full-time worker,(2) Female,10,(2) Agree,15
(1) Full-time worker,(2) Female,8,(1) Strongly agree,7.25
(1) Full-time worker,(2) Female,12,(3) Neither agree nor disagree,13.25
(1) Full-time worker,(2) Female,7,(1) Strongly agree,20
(2) Part-time worker,(2) Female,12,(3) Neither agree nor disagree,10.41666666667
(1) Full-time worker,NA,12,(1) Strongly agree,12
(2) Part-time worker,(2) Female,8,(1) Strongly agree,11.5
(1) Full-time worker,(1) Male,12,(1) Strongly agree,9.6153846153899991
(1) Full-time worker,(2) Female,2,(2) Agree,15
(2) Part-time worker,(2) Female,12,(1) Strongly agree,15
(2) Part-time worker,(2) Female,8,(1) Strongly agree,10
(1) Full-time worker,(2) Female,12,(1) Strongly agree,11
(2) Part-time worker,(1) Male,12,(1) Strongly agree,13
(1) Full-time worker,(2) Female,10,(5) Strongly disagree,22
(2) Part-time worker,(2) Female,10,(1) Strongly agree,8.75
(2) Part-time worker,(2) Female,9,(1) Strongly agree,52.08333333334
(1) Full-time worker,(2) Female,10,(2) Agree,30.55555555556
(1) Full-time worker,(2) Female,12,(4) Disagree,8.5
(1) Full-time worker,(2) Female,12,(1) Strongly agree,24.85
(1) Full-time worker,NA,12,(3) Neither agree nor disagree,16
(1) Full-time worker,(2) Female,12,(3) Neither agree nor disagree,30
(1) Full-time worker,(2) Female,1,(1) Strongly agree,17.31
(1) Full-time worker,(2) Female,12,(3) Neither agree nor disagree,33.75
(2) Part-time worker,(2) Female,12,(1) Strongly agree,8.25
(1) Full-time worker,(2) Female,12,(4) Disagree,7.45
(1) Full-time worker,(2) Female,12,(1) Strongly agree,17
NA,NA,NA,NA,NA
(1) Full-time worker,(2) Female,12,(2) Agree,54.9575
(1) Full-time worker,(2) Female,12,(1) Strongly agree,12.5
(1) Full-time worker,(2) Female,6,(1) Strongly agree,10
(1) Full-time worker,(2) Female,12,(2) Agree,14.58333333334
(1) Full-time worker,(2) Female,10,(1) Strongly agree,26.08695652174
(1) Full-time worker,(2) Female,12,(2) Agree,17.61363636364
(2) Part-time worker,(2) Female,6,(3) Neither agree nor disagree,9.7
(1) Full-time worker,(2) Female,12,(1) Strongly agree,NA
(1) Full-time worker,(2) Female,12,(1) Strongly agree,20
(2) Part-time worker,(2) Female,12,(2) Agree,15
(1) Full-time worker,(2) Female,12,(2) Agree,13.65
(1) Full-time worker,(2) Female,8,(3) Neither agree nor disagree,27.48611111112
(2) Part-time worker,(2) Female,12,(3) Neither agree nor disagree,11
(2) Part-time worker,(2) Female,10,(2) Agree,10
(1) Full-time worker,(2) Female,12,(2) Agree,13.75
(1) Full-time worker,(2) Female,NA,(1) Strongly agree,9.45945945946
(2) Part-time worker,(2) Female,12,(1) Strongly agree,12
(1) Full-time worker,(2) Female,12,(1) Strongly agree,30.71428571429
(1) Full-time worker,(2) Female,2,(1) Strongly agree,16.34
NA,NA,NA,NA,NA
(2) Part-time worker,(2) Female,12,(1) Strongly agree,7.80000000001
(2) Part-time worker,(2) Female,10,(1) Strongly agree,37.03703703704
(1) Full-time worker,(2) Female,10,(5) Strongly disagree,12.32
(2) Part-time worker,(2) Female,12,(1) Strongly agree,12
(1) Full-time worker,(2) Female,12,(2) Agree,30
(1) Full-time worker,(2) Female,12,(1) Strongly agree,NA
(1) Full-time worker,(2) Female,12,(1) Strongly agree,15
(1) Full-time worker,(2) Female,7,(1) Strongly agree,12
(1) Full-time worker,(2) Female,12,(2) Agree,11.11111111112
(1) Full-time worker,(1) Male,8,(2) Agree,11.84210526316
(1) Full-time worker,(2) Female,NA,(2) Agree,NA
(2) Part-time worker,(2) Female,9,(2) Agree,7.4
(1) Full-time worker,(2) Female,12,(1) Strongly agree,15.25
(2) Part-time worker,(2) Female,9,(1) Strongly agree,19.87281399047
(2) Part-time worker,(2) Female,9,(2) Agree,10.25
(1) Full-time worker,(2) Female,12,(2) Agree,12.47297297298
(1) Full-time worker,(2) Female,12,(4) Disagree,11
(2) Part-time worker,(2) Female,10,(1) Strongly agree,NA
(1) Full-time worker,(2) Female,12,(1) Strongly agree,13.25
(1) Full-time worker,(2) Female,12,(1) Strongly agree,16
(2) Part-time worker,(2) Female,12,(3) Neither agree nor disagree,10
(1) Full-time worker,(2) Female,8,(2) Agree,10.15
(1) Full-time worker,(2) Female,12,(1) Strongly agree,9.55000000001
(1) Full-time worker,(2) Female,10,(2) Agree,24.6913580247
(2) Part-time worker,(2) Female,8,(2) Agree,NA
NA,NA,NA,NA,NA
(1) Full-time worker,(2) Female,12,(1) Strongly agree,16.75
(1) Full-time worker,(2) Female,1,(4) Disagree,9.75
(1) Full-time worker,(2) Female,12,(1) Strongly agree,12
NA,NA,NA,NA,NA
(1) Full-time worker,(2) Female,12,(2) Agree,NA
(1) Full-time worker,(2) Female,12,(2) Agree,11.25
(1) Full-time worker,(2) Female,12,(1) Strongly agree,NA
(1) Full-time worker,(2) Female,12,(2) Agree,11.25
(1) Full-time worker,(2) Female,12,(2) Agree,21
(2) Part-time worker,(2) Female,11,(1) Strongly agree,18.306
(1) Full-time worker,(2) Female,12,(1) Strongly agree,NA
(1) Full-time worker,(2) Female,12,(1) Strongly agree,20
(1) Full-time worker,(2) Female,12,(2) Agree,8
(1) Full-time worker,(2) Female,12,(2) Agree,11.42857142858
(1) Full-time worker,(2) Female,12,(2) Agree,107.5
(1) Full-time worker,(2) Female,12,(2) Agree,9.5
(2) Part-time worker,(2) Female,1,(1) Strongly agree,14.65
(1) Full-time worker,(2) Female,12,(2) Agree,20
(1) Full-time worker,(2) Female,7,(2) Agree,9.25
NA,NA,NA,NA,NA
(2) Part-time worker,(2) Female,12,(2) Agree,17
(1) Full-time worker,(2) Female,12,(3) Neither agree nor disagree,8.75
(2) Part-time worker,(2) Female,12,(2) Agree,NA
(1) Full-time worker,(2) Female,12,NA,14.66666666667
(2) Part-time worker,(2) Female,10,(1) Strongly agree,15.87301587302
(2) Part-time worker,(2) Female,10,(1) Strongly agree,14
(1) Full-time worker,(2) Female,9,(4) Disagree,17.83297297298
(1) Full-time worker,(2) Female,12,(2) Agree,11.538461538469999
(1) Full-time worker,(2) Female,12,(2) Agree,2.5
(1) Full-time worker,(2) Female,12,(3) Neither agree nor disagree,NA
(1) Full-time worker,(2) Female,2,(1) Strongly agree,9.5
(2) Part-time worker,(2) Female,12,(1) Strongly agree,18
(1) Full-time worker,(2) Female,NA,(2) Agree,24.5
(2) Part-time worker,(2) Female,2,(2) Agree,20.54
(1) Full-time worker,(2) Female,12,(3) Neither agree nor disagree,26.84210526316
(1) Full-time worker,(2) Female,11,(1) Strongly agree,11
(1) Full-time worker,(2) Female,9,(2) Agree,33.95061728396
(1) Full-time worker,(2) Female,12,(1) Strongly agree,30
(1) Full-time worker,(2) Female,5,(1) Strongly agree,11.75
(1) Full-time worker,(2) Female,12,(2) Agree,13
(1) Full-time worker,(2) Female,12,(1) Strongly agree,18.5
(1) Full-time worker,(2) Female,12,(2) Agree,13
(1) Full-time worker,(2) Female,12,(1) Strongly agree,11
(1) Full-time worker,(2) Female,10,(1) Strongly agree,12.75
NA,NA,NA,NA,NA
(1) Full-time worker,(2) Female,10,(1) Strongly agree,16
NA,NA,NA,NA,NA
(1) Full-time worker,(2) Female,12,(1) Strongly agree,13.5
(1) Full-time worker,(2) Female,12,(3) Neither agree nor disagree,8.24
(2) Part-time worker,(2) Female,9,(1) Strongly agree,12.25
NA,NA,NA,NA,NA
(1) Full-time worker,(2) Female,7,(3) Neither agree nor disagree,6.66666666667
(1) Full-time worker,(2) Female,6,(2) Agree,12
(1) Full-time worker,(2) Female,12,(2) Agree,12
(1) Full-time worker,(2) Female,12,(3) Neither agree nor disagree,17.5
(1) Full-time worker,(2) Female,12,(2) Agree,11.5
(2) Part-time worker,(2) Female,12,(3) Neither agree nor disagree,9.2307692307699991
(2) Part-time worker,(2) Female,10,(2) Agree,13
(1) Full-time worker,(2) Female,12,(4) Disagree,NA
(1) Full-time worker,(2) Female,12,(1) Strongly agree,16
(1) Full-time worker,(2) Female,12,(2) Agree,NA
(1) Full-time worker,(2) Female,12,(1) Strongly agree,5.625
(1) Full-time worker,(2) Female,9,(1) Strongly agree,NA
NA,NA,NA,NA,NA
(2) Part-time worker,(2) Female,2,(1) Strongly agree,13.33333333334
(1) Full-time worker,(2) Female,12,(1) Strongly agree,11.25
(1) Full-time worker,(2) Female,12,(2) Agree,11.25
(1) Full-time worker,(2) Female,4,(1) Strongly agree,10
(1) Full-time worker,(2) Female,12,(1) Strongly agree,14
(1) Full-time worker,(2) Female,10,(1) Strongly agree,49.96666666667
(1) Full-time worker,(2) Female,12,(1) Strongly agree,22.170375
NA,NA,NA,NA,NA
(1) Full-time worker,(2) Female,12,(4) Disagree,10
(2) Part-time worker,(1) Male,10,(1) Strongly agree,14.5
(1) Full-time worker,(2) Female,12,(1) Strongly agree,12.85
NA,NA,NA,NA,NA
(1) Full-time worker,(2) Female,12,(2) Agree,14
(1) Full-time worker,(2) Female,12,(1) Strongly agree,11
(1) Full-time worker,(2) Female,11,(5) Strongly disagree,16.25
(1) Full-time worker,(2) Female,12,(1) Strongly agree,17.4
(1) Full-time worker,(2) Female,2,(1) Strongly agree,12
NA,NA,NA,NA,NA
(1) Full-time worker,(2) Female,12,(2) Agree,NA
(1) Full-time worker,(2) Female,12,(1) Strongly agree,13.87
(1) Full-time worker,(2) Female,1,(2) Agree,11.5
(1) Full-time worker,(2) Female,12,(1) Strongly agree,8
(1) Full-time worker,(2) Female,12,(2) Agree,12
(1) Full-time worker,(2) Female,1,(1) Strongly agree,9
(1) Full-time worker,(2) Female,NA,(3) Neither agree nor disagree,14
(1) Full-time worker,(2) Female,10,(1) Strongly agree,24.67
(1) Full-time worker,(2) Female,12,(1) Strongly agree,16
(1) Full-time worker,(2) Female,12,(1) Strongly agree,6.92307692308
(1) Full-time worker,(2) Female,2,(1) Strongly agree,8.5
(1) Full-time worker,(2) Female,12,(2) Agree,10.5
(2) Part-time worker,(2) Female,12,(1) Strongly agree,13
(2) Part-time worker,(2) Female,10,(1) Strongly agree,8.12
(1) Full-time worker,(2) Female,4,(2) Agree,12.5
(2) Part-time worker,(2) Female,4,(2) Agree,12.15
(2) Part-time worker,(2) Female,12,(1) Strongly agree,NA
(1) Full-time worker,(2) Female,12,(1) Strongly agree,15
(1) Full-time worker,(2) Female,12,(1) Strongly agree,20
(1) Full-time worker,(2) Female,12,(1) Strongly agree,12
(2) Part-time worker,(2) Female,12,(1) Strongly agree,7.33333333334
(1) Full-time worker,(2) Female,11,(2) Agree,22.35763636364
(1) Full-time worker,(2) Female,12,(1) Strongly agree,8
(1) Full-time worker,(2) Female,12,(1) Strongly agree,17
(1) Full-time worker,(2) Female,NA,(2) Agree,14.0125
(1) Full-time worker,(2) Female,12,(1) Strongly agree,7.5
(1) Full-time worker,(2) Female,12,(2) Agree,12.5
(1) Full-time worker,(2) Female,12,(1) Strongly agree,12
(1) Full-time worker,(2) Female,2,(3) Neither agree nor disagree,9.5
(1) Full-time worker,(2) Female,12,(2) Agree,14.79591836735
(1) Full-time worker,(2) Female,12,(1) Strongly agree,15
NA,NA,NA,NA,NA
(2) Part-time worker,(2) Female,12,(3) Neither agree nor disagree,14
(1) Full-time worker,(2) Female,5,(2) Agree,8.16129032259
(2) Part-time worker,(2) Female,12,(1) Strongly agree,27.5
(2) Part-time worker,(2) Female,12,(2) Agree,12.04602941177
(1) Full-time worker,(2) Female,1,(2) Agree,8.75
(2) Part-time worker,(2) Female,12,(1) Strongly agree,7.25
(1) Full-time worker,(2) Female,12,(2) Agree,20.55
(2) Part-time worker,(2) Female,8,(1) Strongly agree,13.83333333334
(2) Part-time worker,(2) Female,10,(1) Strongly agree,28
(2) Part-time worker,(2) Female,10,(3) Neither agree nor disagree,8
(1) Full-time worker,(2) Female,12,(2) Agree,15
(1) Full-time worker,(2) Female,12,(1) Strongly agree,6.25
(1) Full-time worker,(2) Female,10,(3) Neither agree nor disagree,18.26086956522
(1) Full-time worker,(2) Female,10,(1) Strongly agree,26.26190476191
(2) Part-time worker,(2) Female,10,(1) Strongly agree,12
(1) Full-time worker,(2) Female,11,(1) Strongly agree,NA
(1) Full-time worker,(2) Female,12,(2) Agree,14
(1) Full-time worker,(2) Female,10,(2) Agree,38.88888888889
NA,NA,NA,NA,NA
(1) Full-time worker,(2) Female,12,(1) Strongly agree,15
NA,NA,NA,NA,NA
(1) Full-time worker,(2) Female,12,(5) Strongly disagree,14.31
(1) Full-time worker,(1) Male,12,(1) Strongly agree,9
(1) Full-time worker,(2) Female,9,(2) Agree,24
(1) Full-time worker,(2) Female,8,(4) Disagree,27
(1) Full-time worker,(2) Female,12,(2) Agree,11.65
(1) Full-time worker,(2) Female,9,(1) Strongly agree,NA
(1) Full-time worker,(2) Female,12,(2) Agree,14
(1) Full-time worker,(2) Female,12,(2) Agree,9
(2) Part-time worker,(2) Female,1,(2) Agree,8
(1) Full-time worker,(2) Female,3,(1) Strongly agree,8.5
(2) Part-time worker,(2) Female,NA,(2) Agree,10.15
(1) Full-time worker,(2) Female,12,(2) Agree,11.91666666667
(1) Full-time worker,(2) Female,10,(2) Agree,19.375
(2) Part-time worker,(2) Female,9,(2) Agree,NA
(1) Full-time worker,(2) Female,8,(2) Agree,14
(1) Full-time worker,(2) Female,12,(1) Strongly agree,12.5
(1) Full-time worker,(1) Male,12,(2) Agree,13
(2) Part-time worker,NA,11,NA,22
(2) Part-time worker,(2) Female,8,(2) Agree,10
(1) Full-time worker,(2) Female,12,(3) Neither agree nor disagree,NA
(2) Part-time worker,(2) Female,11,(1) Strongly agree,16
(1) Full-time worker,(2) Female,12,(2) Agree,10.25641025642
NA,NA,NA,NA,NA
NA,(2) Female,12,(2) Agree,7.5
(1) Full-time worker,(2) Female,12,(2) Agree,10
(1) Full-time worker,(2) Female,12,(3) Neither agree nor disagree,NA
(1) Full-time worker,(2) Female,9,(2) Agree,19.31
(2) Part-time worker,(2) Female,3,(2) Agree,14
(1) Full-time worker,(2) Female,10,(2) Agree,22
(1) Full-time worker,(2) Female,12,(3) Neither agree nor disagree,NA
(1) Full-time worker,NA,12,NA,8.88000000001
(1) Full-time worker,(2) Female,12,(2) Agree,8.25
(2) Part-time worker,(2) Female,12,(1) Strongly agree,8.5
(1) Full-time worker,(2) Female,12,(1) Strongly agree,11
(1) Full-time worker,(2) Female,1,(2) Agree,15
(1) Full-time worker,(2) Female,6,(4) Disagree,35.71428571429
(1) Full-time worker,(2) Female,6,(1) Strongly agree,11.61
(2) Part-time worker,(2) Female,12,(1) Strongly agree,17.99
(2) Part-time worker,(2) Female,9,(2) Agree,17
NA,NA,NA,NA,NA
(2) Part-time worker,(2) Female,9,(1) Strongly agree,12.5
(1) Full-time worker,(2) Female,12,(1) Strongly agree,12
(2) Part-time worker,(2) Female,10,(1) Strongly agree,12
(1) Full-time worker,(2) Female,12,(1) Strongly agree,13.13
(2) Part-time worker,(2) Female,12,(2) Agree,13.62
(1) Full-time worker,(2) Female,12,(1) Strongly agree,32.60869565218
(1) Full-time worker,(2) Female,11,(2) Agree,32.82
(1) Full-time worker,(2) Female,12,(3) Neither agree nor disagree,19.23076923077
(1) Full-time worker,(2) Female,2,(2) Agree,NA
(2) Part-time worker,NA,12,NA,8.6
(1) Full-time worker,(2) Female,12,(1) Strongly agree,8.5
NA,NA,NA,NA,NA
(1) Full-time worker,(2) Female,12,(1) Strongly agree,12
(2) Part-time worker,(2) Female,9,(1) Strongly agree,13.1
(1) Full-time worker,(2) Female,5,(2) Agree,12
(2) Part-time worker,(1) Male,12,(1) Strongly agree,10.71428571429
(1) Full-time worker,(2) Female,12,(2) Agree,10
(1) Full-time worker,(2) Female,12,(2) Agree,11
(1) Full-time worker,(2) Female,12,(3) Neither agree nor disagree,NA
(1) Full-time worker,(2) Female,12,(1) Strongly agree,NA
(1) Full-time worker,(2) Female,3,(2) Agree,12
(2) Part-time worker,(2) Female,12,(1) Strongly agree,11.5
(1) Full-time worker,(2) Female,12,(1) Strongly agree,NA
(2) Part-time worker,(2) Female,12,(1) Strongly agree,8.75
(2) Part-time worker,(2) Female,3,(2) Agree,9
(1) Full-time worker,(2) Female,12,(2) Agree,25
(1) Full-time worker,(2) Female,9,(1) Strongly agree,14
(1) Full-time worker,(2) Female,12,(1) Strongly agree,10.13000000001
(1) Full-time worker,(2) Female,10,(2) Agree,11.42857142858
(1) Full-time worker,(2) Female,12,(1) Strongly agree,14
NA,NA,NA,NA,NA
(1) Full-time worker,(2) Female,12,(1) Strongly agree,19
NA,NA,NA,NA,NA
(1) Full-time worker,(2) Female,9,(1) Strongly agree,21.95670731708
(1) Full-time worker,(2) Female,12,(4) Disagree,13.75
(2) Part-time worker,(2) Female,9,(3) Neither agree nor disagree,NA
(1) Full-time worker,(2) Female,12,(3) Neither agree nor disagree,13
(2) Part-time worker,(2) Female,9,(1) Strongly agree,NA
(1) Full-time worker,(2) Female,12,(1) Strongly agree,16
(1) Full-time worker,(2) Female,12,(1) Strongly agree,25.08710801394
(1) Full-time worker,(2) Female,12,(2) Agree,14.82
(1) Full-time worker,(2) Female,9,(1) Strongly agree,14.89
(1) Full-time worker,(2) Female,12,(1) Strongly agree,11
(1) Full-time worker,(2) Female,9,(2) Agree,20
(1) Full-time worker,(2) Female,12,(1) Strongly agree,17
(1) Full-time worker,(2) Female,12,(1) Strongly agree,63.33333333334
(2) Part-time worker,(2) Female,10,(5) Strongly disagree,51.42857142858
(1) Full-time worker,(2) Female,9,(1) Strongly agree,15.55
(1) Full-time worker,(2) Female,8,(2) Agree,10.5
(1) Full-time worker,(2) Female,12,(1) Strongly agree,11
(1) Full-time worker,(2) Female,10,(2) Agree,27.14285714286
(1) Full-time worker,(2) Female,10,(2) Agree,NA
NA,NA,NA,NA,NA
(1) Full-time worker,(2) Female,12,(1) Strongly agree,14.375
(1) Full-time worker,(2) Female,12,(2) Agree,10.625
(1) Full-time worker,(2) Female,10,(2) Agree,40.98333333334
(2) Part-time worker,(2) Female,9,(2) Agree,15.75
(2) Part-time worker,(2) Female,12,(2) Agree,10.5
(1) Full-time worker,NA,12,NA,13.625
(1) Full-time worker,(2) Female,12,(4) Disagree,10
(1) Full-time worker,(1) Male,12,(3) Neither agree nor disagree,107.32142857143
(1) Full-time worker,(2) Female,12,(1) Strongly agree,12
(2) Part-time worker,(2) Female,12,(1) Strongly agree,9
(1) Full-time worker,(2) Female,12,(2) Agree,9
(1) Full-time worker,(2) Female,7,(2) Agree,13.5
NA,NA,NA,NA,NA
(1) Full-time worker,(2) Female,6,(1) Strongly agree,13
(1) Full-time worker,(2) Female,12,(2) Agree,13.25
(1) Full-time worker,(2) Female,12,(1) Strongly agree,14
(1) Full-time worker,(2) Female,10,(1) Strongly agree,8.80000000001
(1) Full-time worker,(2) Female,11,(2) Agree,7.5
(1) Full-time worker,(2) Female,12,NA,9.5
(1) Full-time worker,(2) Female,12,(2) Agree,12.5
(1) Full-time worker,(2) Female,1,(2) Agree,11.75
(1) Full-time worker,(2) Female,12,(3) Neither agree nor disagree,9.5
(1) Full-time worker,(1) Male,12,(2) Agree,20
(1) Full-time worker,(2) Female,12,(1) Strongly agree,22.22222222223
(1) Full-time worker,(2) Female,12,(1) Strongly agree,15.5
(1) Full-time worker,(2) Female,10,(1) Strongly agree,25.55555555556
(1) Full-time worker,(2) Female,NA,(1) Strongly agree,3
(1) Full-time worker,(2) Female,12,(1) Strongly agree,17
(2) Part-time worker,(2) Female,12,(1) Strongly agree,NA
(2) Part-time worker,(2) Female,12,(2) Agree,9.85
NA,NA,NA,NA,NA
(1) Full-time worker,(2) Female,12,(1) Strongly agree,10.75
(1) Full-time worker,(2) Female,12,(1) Strongly agree,9
(2) Part-time worker,(1) Male,12,(1) Strongly agree,8
(1) Full-time worker,(2) Female,12,(1) Strongly agree,10
(2) Part-time worker,(2) Female,1,(1) Strongly agree,12
(2) Part-time worker,(2) Female,12,(2) Agree,9.25
(1) Full-time worker,(2) Female,12,(2) Agree,17
(2) Part-time worker,(1) Male,12,(2) Agree,21
(1) Full-time worker,(2) Female,12,(3) Neither agree nor disagree,12.43243243244
(1) Full-time worker,(2) Female,10,(2) Agree,22.22222222223
(1) Full-time worker,(2) Female,12,(1) Strongly agree,NA
(1) Full-time worker,(2) Female,8,(2) Agree,8.5
(1) Full-time worker,(2) Female,12,(2) Agree,11
(1) Full-time worker,(2) Female,NA,(2) Agree,11.56
(1) Full-time worker,(2) Female,10,(3) Neither agree nor disagree,21.71052631579
(1) Full-time worker,(1) Male,8,(4) Disagree,12
(1) Full-time worker,(2) Female,12,(2) Agree,13
(2) Part-time worker,(2) Female,12,(1) Strongly agree,12.5
(2) Part-time worker,(2) Female,12,(1) Strongly agree,14.75
(1) Full-time worker,(2) Female,9,(3) Neither agree nor disagree,15.3
(1) Full-time worker,(2) Female,12,(3) Neither agree nor disagree,33.68421052632
(1) Full-time worker,(2) Female,12,(2) Agree,12.5
(2) Part-time worker,(2) Female,10,(1) Strongly agree,10
(1) Full-time worker,(2) Female,12,(2) Agree,12.55
(1) Full-time worker,(2) Female,12,(3) Neither agree nor disagree,NA
(2) Part-time worker,(2) Female,12,(1) Strongly agree,10.35
(1) Full-time worker,(2) Female,12,(2) Agree,13
(2) Part-time worker,(2) Female,12,(2) Agree,10.5
(1) Full-time worker,(2) Female,12,(4) Disagree,19
(1) Full-time worker,(2) Female,12,(1) Strongly agree,18.5
(1) Full-time worker,(2) Female,6,(1) Strongly agree,13.62
(1) Full-time worker,(2) Female,1,(2) Agree,13.3918918919
(1) Full-time worker,(2) Female,11,(3) Neither agree nor disagree,13
(1) Full-time worker,(2) Female,11,(2) Agree,16.66666666667
(1) Full-time worker,NA,12,(1) Strongly agree,11
(1) Full-time worker,(2) Female,12,(2) Agree,12.31
(1) Full-time worker,(2) Female,12,(2) Agree,18
(2) Part-time worker,(2) Female,9,(3) Neither agree nor disagree,6.06060606061
(1) Full-time worker,(2) Female,12,(2) Agree,13.66396761134
(1) Full-time worker,(2) Female,12,(1) Strongly agree,8.64
(1) Full-time worker,(2) Female,10,(4) Disagree,12
(1) Full-time worker,(2) Female,12,(3) Neither agree nor disagree,9.45945945946
(2) Part-time worker,(2) Female,10,(1) Strongly agree,10
(1) Full-time worker,(2) Female,12,(1) Strongly agree,11.25
(1) Full-time worker,(2) Female,12,(3) Neither agree nor disagree,26.73
(2) Part-time worker,(2) Female,9,(1) Strongly agree,12.38095238096
(2) Part-time worker,(2) Female,5,(1) Strongly agree,10.5
(1) Full-time worker,(2) Female,12,(1) Strongly agree,10.41666666667
(2) Part-time worker,(2) Female,12,(2) Agree,11.11111111112
(1) Full-time worker,(2) Female,12,(1) Strongly agree,14
NA,NA,NA,NA,NA
(1) Full-time worker,(2) Female,12,(1) Strongly agree,11.5
(1) Full-time worker,(2) Female,12,(1) Strongly agree,11
(1) Full-time worker,(2) Female,12,(1) Strongly agree,NA
(2) Part-time worker,(2) Female,9,(2) Agree,24
(1) Full-time worker,(2) Female,12,(1) Strongly agree,10
(1) Full-time worker,(2) Female,1,(5) Strongly disagree,11
NA,NA,NA,NA,NA
(1) Full-time worker,(2) Female,12,(1) Strongly agree,15.1
(1) Full-time worker,(2) Female,12,(1) Strongly agree,10.75
(1) Full-time worker,(2) Female,12,(1) Strongly agree,NA
(1) Full-time worker,(2) Female,12,(2) Agree,8.25
NA,NA,NA,NA,NA
(1) Full-time worker,(2) Female,12,(3) Neither agree nor disagree,21
(2) Part-time worker,(2) Female,10,(1) Strongly agree,27.77777777778
(1) Full-time worker,(2) Female,12,(2) Agree,7.5
NA,NA,NA,NA,NA
NA,NA,NA,NA,NA
(1) Full-time worker,(2) Female,12,(2) Agree,8.5
(1) Full-time worker,(2) Female,12,(3) Neither agree nor disagree,12.8
(2) Part-time worker,(2) Female,9,(1) Strongly agree,15.36
(2) Part-time worker,(2) Female,10,(1) Strongly agree,13.47
(2) Part-time worker,(2) Female,12,(2) Agree,12
(1) Full-time worker,(2) Female,8,(2) Agree,11
(1) Full-time worker,(2) Female,9,(2) Agree,11.90166666667
NA,NA,NA,NA,NA
(1) Full-time worker,(2) Female,12,(1) Strongly agree,18.66666666667
(1) Full-time worker,(2) Female,12,(2) Agree,14
(1) Full-time worker,(2) Female,12,(2) Agree,32.77777777778
(1) Full-time worker,(2) Female,6,(2) Agree,13
(1) Full-time worker,(2) Female,11,(1) Strongly agree,8.15857142858
(1) Full-time worker,(2) Female,12,(1) Strongly agree,16
(1) Full-time worker,(2) Female,12,(1) Strongly agree,7.125
(1) Full-time worker,(2) Female,11,(1) Strongly agree,11.40350877193
(1) Full-time worker,(2) Female,12,(1) Strongly agree,9
(1) Full-time worker,(2) Female,8,(2) Agree,NA
(2) Part-time worker,(2) Female,10,(2) Agree,8.15
(1) Full-time worker,(2) Female,5,(2) Agree,NA
(2) Part-time worker,(2) Female,9,(1) Strongly agree,18.75
(1) Full-time worker,(1) Male,12,(1) Strongly agree,28.57142857143
(2) Part-time worker,(2) Female,10,(1) Strongly agree,10.89
(1) Full-time worker,(2) Female,12,(2) Agree,14.5
(1) Full-time worker,(2) Female,10,(1) Strongly agree,10
(1) Full-time worker,(2) Female,12,(2) Agree,11.1
(1) Full-time worker,(2) Female,10,(5) Strongly disagree,14
NA,NA,NA,NA,NA
(1) Full-time worker,(2) Female,3,(1) Strongly agree,9
(2) Part-time worker,(2) Female,3,(1) Strongly agree,21.33333333334
NA,NA,NA,NA,NA
(1) Full-time worker,(2) Female,10,(2) Agree,21.42857142858
(1) Full-time worker,(2) Female,12,(1) Strongly agree,9
(1) Full-time worker,(2) Female,10,(1) Strongly agree,29.16666666667
NA,NA,NA,NA,NA
(1) Full-time worker,(2) Female,2,(1) Strongly agree,8.6
(2) Part-time worker,(2) Female,6,(1) Strongly agree,11.3
(2) Part-time worker,(2) Female,6,(2) Agree,12.07
(1) Full-time worker,(2) Female,10,(4) Disagree,10.66666666667
(1) Full-time worker,(2) Female,12,(2) Agree,13
(1) Full-time worker,(2) Female,12,(1) Strongly agree,11.538461538469999
(1) Full-time worker,(2) Female,12,(1) Strongly agree,15
(1) Full-time worker,(2) Female,12,(1) Strongly agree,24.59749552773
(1) Full-time worker,(2) Female,7,(1) Strongly agree,7.55
(1) Full-time worker,(2) Female,1,(1) Strongly agree,7.5
(1) Full-time worker,(2) Female,12,(3) Neither agree nor disagree,12
(2) Part-time worker,(2) Female,11,(2) Agree,17.56
(1) Full-time worker,(2) Female,7,(2) Agree,12.5
(1) Full-time worker,(2) Female,11,(3) Neither agree nor disagree,9.5
(1) Full-time worker,(2) Female,7,(2) Agree,13
(2) Part-time worker,(2) Female,1,(2) Agree,15
(1) Full-time worker,(2) Female,6,(2) Agree,10
(2) Part-time worker,NA,10,(1) Strongly agree,23.8
(1) Full-time worker,(2) Female,8,(1) Strongly agree,21.546
(1) Full-time worker,(2) Female,12,(2) Agree,17
(2) Part-time worker,(2) Female,9,(1) Strongly agree,13.5
(1) Full-time worker,(2) Female,12,(1) Strongly agree,12.16216216217
(1) Full-time worker,(2) Female,12,(1) Strongly agree,9.44444444445
(2) Part-time worker,(2) Female,8,(1) Strongly agree,10
(1) Full-time worker,(2) Female,12,(2) Agree,21.36752136753
(1) Full-time worker,(2) Female,12,(2) Agree,11.5
(2) Part-time worker,(2) Female,9,(1) Strongly agree,33.33333333334
(2) Part-time worker,(2) Female,10,(1) Strongly agree,11.51
(1) Full-time worker,(2) Female,10,(1) Strongly agree,27.48538011696
(2) Part-time worker,(2) Female,9,(1) Strongly agree,NA
(2) Part-time worker,(2) Female,6,(2) Agree,9
(1) Full-time worker,(2) Female,12,(1) Strongly agree,16.5
(1) Full-time worker,(2) Female,10,(2) Agree,25.86538461539
(2) Part-time worker,(2) Female,12,(2) Agree,NA
(2) Part-time worker,(2) Female,5,(1) Strongly agree,12
(1) Full-time worker,(2) Female,10,(3) Neither agree nor disagree,32
NA,NA,NA,NA,NA
(1) Full-time worker,(2) Female,12,(2) Agree,NA
(2) Part-time worker,(2) Female,10,(1) Strongly agree,15.25
(1) Full-time worker,(2) Female,12,(1) Strongly agree,16.67289473685
(1) Full-time worker,(2) Female,10,(1) Strongly agree,17
(2) Part-time worker,(2) Female,12,(2) Agree,13
(2) Part-time worker,NA,8,NA,13.75
(2) Part-time worker,(2) Female,9,(1) Strongly agree,25
(1) Full-time worker,(2) Female,9,(1) Strongly agree,14
(1) Full-time worker,(2) Female,6,(2) Agree,11.77
(1) Full-time worker,(2) Female,1,(1) Strongly agree,21.9
NA,NA,NA,NA,NA
(1) Full-time worker,(2) Female,12,(1) Strongly agree,12.5
(1) Full-time worker,(2) Female,12,(1) Strongly agree,12
(2) Part-time worker,(2) Female,12,(2) Agree,22
(1) Full-time worker,(2) Female,12,(2) Agree,17.5
(1) Full-time worker,(2) Female,10,(2) Agree,15.5
(1) Full-time worker,(2) Female,9,(2) Agree,17.56756756757
(1) Full-time worker,(2) Female,12,(1) Strongly agree,NA
(1) Full-time worker,(2) Female,12,(3) Neither agree nor disagree,13
NA,NA,NA,NA,NA
(1) Full-time worker,(2) Female,12,(1) Strongly agree,12.775
(1) Full-time worker,(2) Female,12,(2) Agree,15.75
(1) Full-time worker,(2) Female,12,(1) Strongly agree,16.99
(1) Full-time worker,(2) Female,12,(1) Strongly agree,20.5
(1) Full-time worker,(2) Female,9,(2) Agree,20
(1) Full-time worker,(2) Female,5,(2) Agree,NA
(1) Full-time worker,(2) Female,11,(1) Strongly agree,8.5
NA,NA,NA,NA,NA
(1) Full-time worker,(2) Female,12,(2) Agree,10.25
(1) Full-time worker,(2) Female,12,(1) Strongly agree,10.35
(1) Full-time worker,(2) Female,12,(2) Agree,13.75
NA,NA,NA,NA,NA
(1) Full-time worker,(2) Female,12,(2) Agree,10
(1) Full-time worker,(2) Female,9,(2) Agree,10
(2) Part-time worker,(2) Female,12,(1) Strongly agree,10.75
(1) Full-time worker,(2) Female,11,(1) Strongly agree,20.95
(1) Full-time worker,(2) Female,12,(2) Agree,9.14285714286
(1) Full-time worker,(2) Female,12,(2) Agree,13.5
NA,NA,NA,NA,NA
(1) Full-time worker,(2) Female,12,(4) Disagree,11
NA,NA,NA,NA,NA
(1) Full-time worker,(2) Female,12,(2) Agree,17.31
(2) Part-time worker,(2) Female,10,(2) Agree,19.11
(1) Full-time worker,(2) Female,12,(2) Agree,58.33333333334
(1) Full-time worker,(2) Female,12,(1) Strongly agree,12
(1) Full-time worker,(2) Female,12,(3) Neither agree nor disagree,12.6
(1) Full-time worker,(2) Female,1,(2) Agree,7.25
(1) Full-time worker,(2) Female,11,(1) Strongly agree,11.5
(1) Full-time worker,(2) Female,12,(3) Neither agree nor disagree,8.75
(1) Full-time worker,(2) Female,12,(2) Agree,12.5
(1) Full-time worker,(2) Female,12,(1) Strongly agree,10
(1) Full-time worker,(2) Female,11,(1) Strongly agree,11
NA,NA,NA,NA,NA
(1) Full-time worker,(2) Female,12,(1) Strongly agree,15.85
NA,NA,NA,NA,NA
(1) Full-time worker,(2) Female,10,(2) Agree,12.5
(1) Full-time worker,(2) Female,12,(5) Strongly disagree,15
(1) Full-time worker,(2) Female,6,(2) Agree,9.09090909091
(1) Full-time worker,(2) Female,8,(1) Strongly agree,9
(1) Full-time worker,(2) Female,11,(1) Strongly agree,18
NA,NA,NA,NA,NA
(1) Full-time worker,(2) Female,12,(1) Strongly agree,10
(1) Full-time worker,(2) Female,9,(1) Strongly agree,10.75
(1) Full-time worker,(2) Female,12,(2) Agree,16.66666666667
(2) Part-time worker,(2) Female,9,(1) Strongly agree,11
(1) Full-time worker,(2) Female,10,(2) Agree,22.375
NA,NA,NA,NA,NA
(2) Part-time worker,(2) Female,2,(1) Strongly agree,10.83333333334
(1) Full-time worker,(2) Female,12,(2) Agree,NA
(1) Full-time worker,(2) Female,12,(2) Agree,11
(1) Full-time worker,(2) Female,12,(2) Agree,12.7
(2) Part-time worker,(2) Female,9,(2) Agree,16
(1) Full-time worker,(2) Female,9,(1) Strongly agree,25
(1) Full-time worker,(2) Female,12,(2) Agree,15.71428571429
(1) Full-time worker,(2) Female,12,(4) Disagree,13.1
(1) Full-time worker,(2) Female,10,(2) Agree,12
(2) Part-time worker,(2) Female,12,(1) Strongly agree,9
(1) Full-time worker,(2) Female,12,(1) Strongly agree,14
(1) Full-time worker,(2) Female,6,(1) Strongly agree,7
(1) Full-time worker,(2) Female,12,(2) Agree,9.3125
(2) Part-time worker,(2) Female,10,(1) Strongly agree,10.25
(1) Full-time worker,(2) Female,12,(1) Strongly agree,12.5
(2) Part-time worker,(2) Female,2,(1) Strongly agree,9
(1) Full-time worker,(2) Female,12,(1) Strongly agree,20
(1) Full-time worker,(2) Female,12,(2) Agree,NA
(1) Full-time worker,(1) Male,12,(1) Strongly agree,NA
(1) Full-time worker,(2) Female,8,(2) Agree,11.1
NA,NA,NA,NA,NA
(2) Part-time worker,(2) Female,9,(5) Strongly disagree,56.66666666667
NA,NA,NA,NA,NA
(1) Full-time worker,(2) Female,9,(1) Strongly agree,15.78947368422
NA,NA,NA,NA,NA
(1) Full-time worker,(2) Female,12,(2) Agree,14
(2) Part-time worker,(2) Female,12,(2) Agree,13.76
NA,NA,NA,NA,NA
(1) Full-time worker,(2) Female,12,(1) Strongly agree,11
(1) Full-time worker,(2) Female,5,(2) Agree,9
(1) Full-time worker,(2) Female,12,(1) Strongly agree,11.25
(1) Full-time worker,(2) Female,12,(1) Strongly agree,10.25
NA,NA,NA,NA,NA
(1) Full-time worker,(2) Female,12,(2) Agree,17.18075
(1) Full-time worker,(2) Female,10,(1) Strongly agree,NA
(1) Full-time worker,(2) Female,9,(2) Agree,107.5
NA,NA,NA,NA,NA
(1) Full-time worker,(2) Female,12,(2) Agree,9.25
(1) Full-time worker,(2) Female,1,(5) Strongly disagree,7.5
(2) Part-time worker,(2) Female,12,(2) Agree,10.5
(1) Full-time worker,(2) Female,12,(2) Agree,15
(1) Full-time worker,(2) Female,6,(1) Strongly agree,28.84615384616
(2) Part-time worker,(2) Female,9,(1) Strongly agree,11.84
(1) Full-time worker,(2) Female,10,(1) Strongly agree,NA
(1) Full-time worker,(2) Female,7,(4) Disagree,NA
(1) Full-time worker,(2) Female,9,(2) Agree,15
(1) Full-time worker,(2) Female,12,(1) Strongly agree,7.2
(2) Part-time worker,(2) Female,2,(2) Agree,10.89
(1) Full-time worker,(2) Female,12,(1) Strongly agree,12
NA,NA,NA,NA,NA
(1) Full-time worker,(2) Female,12,(1) Strongly agree,9.30000000001
(1) Full-time worker,(2) Female,12,(2) Agree,16.05
(1) Full-time worker,(2) Female,9,(2) Agree,21.75
(1) Full-time worker,(2) Female,12,(1) Strongly agree,20
(1) Full-time worker,(2) Female,12,(1) Strongly agree,32
(1) Full-time worker,(2) Female,12,(1) Strongly agree,32.96527777778
(1) Full-time worker,(2) Female,9,(5) Strongly disagree,15
(1) Full-time worker,(2) Female,12,(1) Strongly agree,8.5
(1) Full-time worker,(2) Female,12,(1) Strongly agree,11
(1) Full-time worker,(2) Female,4,(1) Strongly agree,9
(1) Full-time worker,(2) Female,12,(1) Strongly agree,15
(1) Full-time worker,(2) Female,12,(1) Strongly agree,NA
(1) Full-time worker,(2) Female,12,(1) Strongly agree,25
NA,NA,NA,NA,NA
(1) Full-time worker,(2) Female,12,(1) Strongly agree,13.5
(1) Full-time worker,(2) Female,12,(3) Neither agree nor disagree,15
(1) Full-time worker,(2) Female,12,(1) Strongly agree,32.12907692308
(2) Part-time worker,(2) Female,7,(1) Strongly agree,19.77352941177
(2) Part-time worker,(2) Female,12,(1) Strongly agree,25
(1) Full-time worker,(2) Female,12,(1) Strongly agree,12.18
(2) Part-time worker,(2) Female,1,(1) Strongly agree,16.5
(1) Full-time worker,(2) Female,10,(2) Agree,14
(1) Full-time worker,(2) Female,4,(2) Agree,10
(1) Full-time worker,(2) Female,12,(1) Strongly agree,22
(1) Full-time worker,(2) Female,12,(2) Agree,21.5
(1) Full-time worker,(2) Female,12,(1) Strongly agree,NA
(1) Full-time worker,(2) Female,12,(1) Strongly agree,15
(1) Full-time worker,(2) Female,12,(2) Agree,28.64583333334
(1) Full-time worker,(2) Female,12,(3) Neither agree nor disagree,22
NA,NA,NA,NA,NA
(1) Full-time worker,(2) Female,1,(2) Agree,9.55000000001
(1) Full-time worker,(2) Female,12,(1) Strongly agree,15.25
(1) Full-time worker,(2) Female,12,(2) Agree,11
(1) Full-time worker,(2) Female,6,(3) Neither agree nor disagree,13.5
(1) Full-time worker,(2) Female,12,(4) Disagree,11.42857142858
(2) Part-time worker,(1) Male,9,(1) Strongly agree,8
(1) Full-time worker,(2) Female,12,(2) Agree,13
(1) Full-time worker,(2) Female,1,(2) Agree,13.25
(1) Full-time worker,(2) Female,11,(1) Strongly agree,14.5
NA,NA,NA,NA,NA
(2) Part-time worker,(2) Female,10,(2) Agree,8
(1) Full-time worker,(2) Female,10,(1) Strongly agree,33.15789473685
(1) Full-time worker,(2) Female,12,(1) Strongly agree,12
(2) Part-time worker,(2) Female,12,(1) Strongly agree,NA
(1) Full-time worker,(2) Female,12,(1) Strongly agree,9
(1) Full-time worker,(2) Female,12,(2) Agree,NA
(1) Full-time worker,(2) Female,12,(1) Strongly agree,40.30395136779
(1) Full-time worker,(2) Female,12,(2) Agree,14
(1) Full-time worker,(2) Female,12,(2) Agree,11.8
(1) Full-time worker,(2) Female,9,(1) Strongly agree,NA
(1) Full-time worker,(2) Female,9,(2) Agree,30
(1) Full-time worker,(2) Female,2,(2) Agree,12
(2) Part-time worker,(2) Female,12,(2) Agree,14.3
(2) Part-time worker,(2) Female,9,(1) Strongly agree,12.39375
(1) Full-time worker,(2) Female,10,(2) Agree,14.66666666667
(1) Full-time worker,(2) Female,12,(1) Strongly agree,11
(1) Full-time worker,(2) Female,8,(1) Strongly agree,NA
(2) Part-time worker,(2) Female,12,(1) Strongly agree,NA
(1) Full-time worker,(2) Female,12,(2) Agree,7.5
(2) Part-time worker,(2) Female,12,(1) Strongly agree,10
(2) Part-time worker,(2) Female,10,(1) Strongly agree,15
(1) Full-time worker,(2) Female,12,(1) Strongly agree,13.125
NA,NA,NA,NA,NA
(1) Full-time worker,(2) Female,12,(2) Agree,8.75
(2) Part-time worker,(2) Female,10,(1) Strongly agree,13
(1) Full-time worker,(2) Female,9,(2) Agree,41.11111111112
(1) Full-time worker,(2) Female,12,(1) Strongly agree,25
(1) Full-time worker,(2) Female,10,(1) Strongly agree,21.5
(1) Full-time worker,(2) Female,12,(1) Strongly agree,NA
(2) Part-time worker,(2) Female,12,(1) Strongly agree,8.5
(1) Full-time worker,(2) Female,12,(1) Strongly agree,12
NA,NA,NA,NA,NA
(1) Full-time worker,(2) Female,12,(1) Strongly agree,7.26495726496
(1) Full-time worker,(2) Female,12,(2) Agree,12
(1) Full-time worker,(2) Female,12,(1) Strongly agree,12
(1) Full-time worker,(2) Female,12,(1) Strongly agree,8.5
(1) Full-time worker,(2) Female,12,(1) Strongly agree,11.75
(1) Full-time worker,(2) Female,12,(4) Disagree,10.75
(2) Part-time worker,(2) Female,10,(1) Strongly agree,21.21212121213
(2) Part-time worker,(2) Female,10,(1) Strongly agree,15
(1) Full-time worker,(2) Female,12,(1) Strongly agree,10.5
(1) Full-time worker,(2) Female,9,(2) Agree,13.45
NA,NA,NA,NA,NA
(2) Part-time worker,(2) Female,12,(1) Strongly agree,36.88733333334
(1) Full-time worker,(2) Female,9,(4) Disagree,14.4
(1) Full-time worker,(2) Female,9,(2) Agree,NA
(1) Full-time worker,(2) Female,8,(2) Agree,13.1
(1) Full-time worker,(2) Female,12,(1) Strongly agree,11.13172541744
(1) Full-time worker,(2) Female,12,(1) Strongly agree,13.87
(1) Full-time worker,(2) Female,6,(2) Agree,11.25
(1) Full-time worker,(2) Female,10,(1) Strongly agree,8.15
(1) Full-time worker,(2) Female,12,(1) Strongly agree,10.25
NA,NA,NA,NA,NA
NA,NA,NA,NA,NA
(2) Part-time worker,(2) Female,6,(1) Strongly agree,8.25
(1) Full-time worker,(2) Female,12,(1) Strongly agree,10.80000000001
NA,NA,NA,NA,NA
(1) Full-time worker,(2) Female,12,(2) Agree,20
(1) Full-time worker,(2) Female,12,(2) Agree,NA
(2) Part-time worker,(2) Female,12,(2) Agree,8
(1) Full-time worker,(2) Female,9,(5) Strongly disagree,16
(2) Part-time worker,(2) Female,8,(4) Disagree,19
(1) Full-time worker,(2) Female,10,(1) Strongly agree,14.78
(2) Part-time worker,(2) Female,12,(2) Agree,9
(1) Full-time worker,(2) Female,12,(2) Agree,15
(1) Full-time worker,(2) Female,10,(2) Agree,107.5
(1) Full-time worker,(2) Female,10,(1) Strongly agree,10
(1) Full-time worker,(2) Female,8,(1) Strongly agree,19.14893617022
(2) Part-time worker,(2) Female,12,(2) Agree,13
(2) Part-time worker,(1) Male,6,(1) Strongly agree,13.25
(1) Full-time worker,(2) Female,12,(3) Neither agree nor disagree,17
(1) Full-time worker,(1) Male,9,(1) Strongly agree,14.35
(1) Full-time worker,(2) Female,12,(1) Strongly agree,11.625
(2) Part-time worker,(2) Female,9,(2) Agree,21.5
(2) Part-time worker,(2) Female,10,(1) Strongly agree,10.15
NA,NA,NA,NA,NA
(1) Full-time worker,(2) Female,4,(1) Strongly agree,18.32
(2) Part-time worker,(2) Female,2,(2) Agree,14
(2) Part-time worker,(2) Female,12,(1) Strongly agree,11
(1) Full-time worker,(2) Female,10,(1) Strongly agree,14
(1) Full-time worker,(2) Female,12,(2) Agree,NA
(1) Full-time worker,(2) Female,12,(1) Strongly agree,12.5
(1) Full-time worker,(2) Female,12,(5) Strongly disagree,15
NA,NA,NA,NA,NA
(1) Full-time worker,(2) Female,8,(2) Agree,9.25
(1) Full-time worker,(2) Female,10,(1) Strongly agree,8.5
(1) Full-time worker,(2) Female,12,(2) Agree,8.75
(1) Full-time worker,(2) Female,12,(2) Agree,8.5
(1) Full-time worker,(1) Male,12,(1) Strongly agree,17.5
(1) Full-time worker,(2) Female,12,(2) Agree,8.6
(1) Full-time worker,(2) Female,12,(2) Agree,NA
(1) Full-time worker,(2) Female,12,(1) Strongly agree,15
(1) Full-time worker,(2) Female,9,(1) Strongly agree,16.15384615385
(1) Full-time worker,(2) Female,12,(4) Disagree,14.175
(1) Full-time worker,(2) Female,12,(2) Agree,17.85714285715
(1) Full-time worker,(2) Female,12,(2) Agree,13.28
(1) Full-time worker,(2) Female,10,(2) Agree,13
(1) Full-time worker,(2) Female,10,(2) Agree,35
(1) Full-time worker,(2) Female,12,(1) Strongly agree,19.5
(1) Full-time worker,(2) Female,3,(1) Strongly agree,18.75
(1) Full-time worker,(2) Female,12,(2) Agree,NA
NA,NA,NA,NA,NA
(1) Full-time worker,(2) Female,12,(1) Strongly agree,NA
(2) Part-time worker,(2) Female,12,(1) Strongly agree,12.6
(1) Full-time worker,(2) Female,9,(1) Strongly agree,51.42857142858
(1) Full-time worker,(2) Female,9,(1) Strongly agree,29.16666666667
(2) Part-time worker,(2) Female,12,(1) Strongly agree,17
(1) Full-time worker,(2) Female,9,(2) Agree,14.75
(1) Full-time worker,(2) Female,11,(2) Agree,11
(1) Full-time worker,(2) Female,9,(1) Strongly agree,NA
(2) Part-time worker,(2) Female,12,(2) Agree,NA
(1) Full-time worker,(2) Female,12,(2) Agree,NA
(1) Full-time worker,(2) Female,12,(2) Agree,9
(1) Full-time worker,(2) Female,7,(2) Agree,10
(1) Full-time worker,(2) Female,10,(2) Agree,15
(2) Part-time worker,(2) Female,9,(2) Agree,15
NA,NA,NA,NA,NA
(1) Full-time worker,(2) Female,12,(1) Strongly agree,13
(2) Part-time worker,(2) Female,12,(1) Strongly agree,14.5
(1) Full-time worker,(2) Female,12,(2) Agree,21.5
(1) Full-time worker,(2) Female,12,(1) Strongly agree,18.6274509804
(1) Full-time worker,(2) Female,12,(1) Strongly agree,18
(2) Part-time worker,(2) Female,9,(1) Strongly agree,13.5
(1) Full-time worker,(2) Female,12,(2) Agree,13
(1) Full-time worker,(2) Female,12,(3) Neither agree nor disagree,9
(2) Part-time worker,(2) Female,12,(1) Strongly agree,19.2
(1) Full-time worker,(2) Female,12,(1) Strongly agree,15
(2) Part-time worker,(2) Female,9,(3) Neither agree nor disagree,11.5
(1) Full-time worker,(2) Female,12,(2) Agree,13
NA,NA,NA,NA,NA
(1) Full-time worker,(2) Female,12,(3) Neither agree nor disagree,12.2
(2) Part-time worker,(2) Female,12,(1) Strongly agree,NA
(2) Part-time worker,(2) Female,9,(4) Disagree,11.25
(1) Full-time worker,(2) Female,9,(2) Agree,16.08187134503
(1) Full-time worker,(2) Female,1,(1) Strongly agree,10.25
(1) Full-time worker,(2) Female,11,(3) Neither agree nor disagree,10.5
(1) Full-time worker,(2) Female,3,(2) Agree,10.5
(1) Full-time worker,(2) Female,12,(4) Disagree,16
(1) Full-time worker,(2) Female,1,(2) Agree,9
(1) Full-time worker,(2) Female,5,(1) Strongly agree,10.45
(2) Part-time worker,(2) Female,12,(1) Strongly agree,20
(1) Full-time worker,(2) Female,12,(2) Agree,10.25
(1) Full-time worker,(2) Female,1,(1) Strongly agree,12.5
(2) Part-time worker,(2) Female,9,(1) Strongly agree,NA
(2) Part-time worker,(2) Female,12,(3) Neither agree nor disagree,21.17647058824
(1) Full-time worker,(2) Female,12,(1) Strongly agree,12
(2) Part-time worker,(2) Female,12,(3) Neither agree nor disagree,NA
(1) Full-time worker,(2) Female,12,(2) Agree,17.5
(1) Full-time worker,(1) Male,12,(1) Strongly agree,15
(2) Part-time worker,(2) Female,9,(1) Strongly agree,22.55639097745
(1) Full-time worker,(2) Female,10,(1) Strongly agree,20.37037037038
NA,NA,NA,NA,NA
(1) Full-time worker,(2) Female,12,(2) Agree,23.07692307693
(1) Full-time worker,(2) Female,1,(1) Strongly agree,15
NA,NA,NA,NA,NA
(2) Part-time worker,(2) Female,12,(1) Strongly agree,12.3076923077
(2) Part-time worker,(2) Female,10,(1) Strongly agree,32.14285714286
(1) Full-time worker,(2) Female,12,(1) Strongly agree,NA
(1) Full-time worker,(2) Female,12,(2) Agree,14.18
(1) Full-time worker,(1) Male,10,(1) Strongly agree,26.62037037038
(1) Full-time worker,(2) Female,10,(1) Strongly agree,13.75
(1) Full-time worker,(2) Female,8,(2) Agree,9
(1) Full-time worker,(2) Female,NA,(1) Strongly agree,NA
(1) Full-time worker,(2) Female,12,(2) Agree,12.76
(1) Full-time worker,(2) Female,12,(2) Agree,11.5
(1) Full-time worker,(2) Female,12,(3) Neither agree nor disagree,13
(1) Full-time worker,(2) Female,12,(1) Strongly agree,16
(1) Full-time worker,(2) Female,12,(1) Strongly agree,13.5
(2) Part-time worker,(2) Female,9,(2) Agree,16.21621621622
(1) Full-time worker,(2) Female,10,(1) Strongly agree,21.12
(1) Full-time worker,(2) Female,12,(2) Agree,12.63
(1) Full-time worker,(2) Female,12,(2) Agree,16.5
(1) Full-time worker,(2) Female,4,(1) Strongly agree,9.5
(1) Full-time worker,(2) Female,12,(1) Strongly agree,23.84615384616
(1) Full-time worker,(2) Female,12,(4) Disagree,21
(1) Full-time worker,(2) Female,12,(2) Agree,10
(1) Full-time worker,(2) Female,9,(3) Neither agree nor disagree,26
(1) Full-time worker,(2) Female,12,(1) Strongly agree,8.375
(1) Full-time worker,(2) Female,12,(1) Strongly agree,10.25
(2) Part-time worker,(2) Female,10,(1) Strongly agree,NA
(1) Full-time worker,(2) Female,12,(2) Agree,11.25
(1) Full-time worker,(2) Female,12,(2) Agree,9
(1) Full-time worker,(2) Female,12,(1) Strongly agree,30.85106382979
(1) Full-time worker,(2) Female,11,(2) Agree,31.11111111112
(2) Part-time worker,(2) Female,12,(5) Strongly disagree,11
(1) Full-time worker,(2) Female,12,(1) Strongly agree,NA
(1) Full-time worker,(2) Female,10,(1) Strongly agree,21
(2) Part-time worker,(2) Female,9,(1) Strongly agree,15
NA,(2) Female,NA,(2) Agree,NA
(1) Full-time worker,(2) Female,12,(1) Strongly agree,54.9575
NA,NA,NA,NA,NA
(2) Part-time worker,(1) Male,12,(1) Strongly agree,107.32142857143
(2) Part-time worker,(2) Female,12,(1) Strongly agree,14
NA,NA,NA,NA,NA
(1) Full-time worker,(2) Female,12,(1) Strongly agree,20
NA,NA,NA,NA,NA
(1) Full-time worker,(2) Female,12,(2) Agree,17.94871794872
(1) Full-time worker,(2) Female,12,(2) Agree,12.5
(1) Full-time worker,(2) Female,9,(2) Agree,13.5
(1) Full-time worker,(2) Female,12,(1) Strongly agree,12
(1) Full-time worker,(2) Female,12,(2) Agree,NA
(1) Full-time worker,(2) Female,1,(2) Agree,14.5
(2) Part-time worker,(2) Female,12,(1) Strongly agree,9.5
(2) Part-time worker,(2) Female,8,(1) Strongly agree,10
(2) Part-time worker,(2) Female,12,(5) Strongly disagree,13.93671875
(1) Full-time worker,(2) Female,9,(4) Disagree,13.1
(1) Full-time worker,(2) Female,12,(1) Strongly agree,12.77
(1) Full-time worker,(2) Female,12,(1) Strongly agree,17.63
(1) Full-time worker,(2) Female,12,(2) Agree,7.5
(1) Full-time worker,(2) Female,NA,(2) Agree,24
(1) Full-time worker,(2) Female,12,(1) Strongly agree,10.71000000001
(2) Part-time worker,(2) Female,5,(1) Strongly agree,7.25
(2) Part-time worker,(2) Female,2,(3) Neither agree nor disagree,11
(1) Full-time worker,(2) Female,12,(2) Agree,15.25
(1) Full-time worker,(2) Female,10,(1) Strongly agree,NA
(2) Part-time worker,(2) Female,3,(1) Strongly agree,7.8125
(2) Part-time worker,(2) Female,12,(1) Strongly agree,13
(1) Full-time worker,(1) Male,12,(1) Strongly agree,11.4875
(1) Full-time worker,(2) Female,12,(1) Strongly agree,8.75
(1) Full-time worker,(2) Female,12,(3) Neither agree nor disagree,11.87
(1) Full-time worker,(2) Female,9,(4) Disagree,11.25
(1) Full-time worker,(2) Female,12,(2) Agree,18.22916666667
(1) Full-time worker,(2) Female,NA,(2) Agree,10.86
(1) Full-time worker,(2) Female,9,(1) Strongly agree,9.7
(1) Full-time worker,(2) Female,12,(1) Strongly agree,9.09090909091
(1) Full-time worker,(2) Female,12,(1) Strongly agree,13.4
(1) Full-time worker,(2) Female,12,(1) Strongly agree,15.52
NA,NA,NA,NA,NA
(2) Part-time worker,(2) Female,8,(1) Strongly agree,9.555
(1) Full-time worker,(2) Female,11,(2) Agree,10.7
(1) Full-time worker,(2) Female,12,(1) Strongly agree,17
(2) Part-time worker,(2) Female,12,(2) Agree,8.75
(1) Full-time worker,(2) Female,10,(1) Strongly agree,27.22222222223
(1) Full-time worker,(2) Female,9,(1) Strongly agree,11
NA,NA,NA,NA,NA
(1) Full-time worker,(2) Female,4,(1) Strongly agree,NA
(1) Full-time worker,(2) Female,12,(1) Strongly agree,NA
(1) Full-time worker,(2) Female,12,(1) Strongly agree,NA
(1) Full-time worker,(2) Female,12,(4) Disagree,14
(2) Part-time worker,(2) Female,12,(2) Agree,9.25925925926
(1) Full-time worker,(2) Female,1,(1) Strongly agree,13.5
(1) Full-time worker,(2) Female,12,(2) Agree,8.97674418605
(1) Full-time worker,(2) Female,10,(4) Disagree,22.22222222223
NA,NA,NA,NA,NA
(2) Part-time worker,(2) Female,12,(2) Agree,8.75
(2) Part-time worker,(2) Female,6,(1) Strongly agree,9
(1) Full-time worker,(2) Female,12,(4) Disagree,15
(1) Full-time worker,(2) Female,12,(2) Agree,20.76923076924
(1) Full-time worker,(2) Female,12,(1) Strongly agree,14.5
(1) Full-time worker,(2) Female,12,(2) Agree,14.42307692308
(2) Part-time worker,(2) Female,9,(1) Strongly agree,25.55147058824
(1) Full-time worker,(2) Female,10,(1) Strongly agree,18.05148648649
(2) Part-time worker,(2) Female,6,(1) Strongly agree,7.25
(1) Full-time worker,(2) Female,12,(2) Agree,9.99
(1) Full-time worker,(1) Male,12,(1) Strongly agree,8
(2) Part-time worker,(2) Female,12,(1) Strongly agree,8
(2) Part-time worker,(2) Female,10,(1) Strongly agree,13.15789473685
NA,NA,NA,NA,NA
NA,NA,NA,NA,NA
(1) Full-time worker,(2) Female,12,(1) Strongly agree,31.25
(2) Part-time worker,(2) Female,3,(5) Strongly disagree,10
(1) Full-time worker,(2) Female,12,(1) Strongly agree,11.5
(2) Part-time worker,(2) Female,9,(2) Agree,41.66666666667
(1) Full-time worker,(2) Female,12,(2) Agree,19.15088571429
(1) Full-time worker,(2) Female,12,(2) Agree,8.75
(1) Full-time worker,(2) Female,12,(1) Strongly agree,29.06976744187
(1) Full-time worker,(2) Female,12,(2) Agree,NA
(2) Part-time worker,(2) Female,2,(2) Agree,8
(2) Part-time worker,(2) Female,4,(1) Strongly agree,8
(1) Full-time worker,(2) Female,1,(1) Strongly agree,9.5
NA,NA,NA,NA,NA
(1) Full-time worker,(2) Female,9,(2) Agree,12.34
(1) Full-time worker,(2) Female,12,(2) Agree,15
(1) Full-time worker,(2) Female,11,(2) Agree,17.62
NA,NA,NA,NA,NA
(2) Part-time worker,(2) Female,10,(1) Strongly agree,12
(1) Full-time worker,(2) Female,12,(1) Strongly agree,10
(2) Part-time worker,(2) Female,12,(3) Neither agree nor disagree,10.1
NA,NA,NA,NA,NA
(1) Full-time worker,(2) Female,12,(1) Strongly agree,9.5
(1) Full-time worker,(2) Female,12,(2) Agree,NA
(2) Part-time worker,(2) Female,9,(2) Agree,NA
(1) Full-time worker,(2) Female,12,(1) Strongly agree,7.875
(1) Full-time worker,(2) Female,12,(3) Neither agree nor disagree,16
(1) Full-time worker,(2) Female,11,(1) Strongly agree,10.5
(1) Full-time worker,(2) Female,12,(1) Strongly agree,14.65
(2) Part-time worker,(2) Female,6,(1) Strongly agree,9.25
(1) Full-time worker,(2) Female,12,(2) Agree,13.5
NA,NA,NA,NA,NA
(2) Part-time worker,(2) Female,9,(2) Agree,15
(1) Full-time worker,(2) Female,10,(1) Strongly agree,12.47
(1) Full-time worker,(2) Female,12,(1) Strongly agree,NA
NA,NA,NA,NA,NA
(1) Full-time worker,(2) Female,10,(2) Agree,32.23684210527
(1) Full-time worker,(2) Female,10,(1) Strongly agree,NA
(1) Full-time worker,(2) Female,5,(2) Agree,13
(1) Full-time worker,(2) Female,12,(2) Agree,9
NA,NA,NA,NA,NA
NA,NA,NA,NA,NA
(1) Full-time worker,(2) Female,9,(2) Agree,18.75
(1) Full-time worker,(2) Female,10,(2) Agree,23.14285714286
(1) Full-time worker,(2) Female,10,(2) Agree,NA
(2) Part-time worker,(2) Female,10,(1) Strongly agree,28.63
(1) Full-time worker,(2) Female,9,(4) Disagree,12
(2) Part-time worker,(2) Female,12,(3) Neither agree nor disagree,11.42
(1) Full-time worker,(2) Female,8,(2) Agree,7.5
(2) Part-time worker,(2) Female,12,(2) Agree,10
(1) Full-time worker,(2) Female,10,(1) Strongly agree,18.17000000001
(1) Full-time worker,(2) Female,12,(2) Agree,NA
(1) Full-time worker,(2) Female,12,(2) Agree,NA
(1) Full-time worker,(1) Male,12,(2) Agree,13.5
NA,NA,NA,NA,NA
NA,NA,NA,NA,NA
(2) Part-time worker,(2) Female,4,(2) Agree,9.25
(2) Part-time worker,(2) Female,12,(1) Strongly agree,10.4
NA,NA,NA,NA,NA
(1) Full-time worker,(2) Female,9,(2) Agree,12.5
(1) Full-time worker,(2) Female,10,(1) Strongly agree,20.1754385965
(1) Full-time worker,(2) Female,10,(1) Strongly agree,17
(1) Full-time worker,(2) Female,12,(2) Agree,13.75
(1) Full-time worker,(2) Female,12,(2) Agree,13
(1) Full-time worker,(2) Female,10,(2) Agree,38.19444444445
(1) Full-time worker,(2) Female,10,(2) Agree,38.19444444445
(1) Full-time worker,(2) Female,10,(2) Agree,12
(1) Full-time worker,(2) Female,10,(1) Strongly agree,107.5
(1) Full-time worker,(2) Female,12,(2) Agree,16
(1) Full-time worker,(2) Female,10,(2) Agree,13.22115384616
(1) Full-time worker,(2) Female,1,(1) Strongly agree,4.65
(1) Full-time worker,(2) Female,10,(1) Strongly agree,19.68
NA,NA,NA,NA,NA
NA,NA,NA,NA,NA
(1) Full-time worker,(2) Female,12,(2) Agree,NA
NA,NA,NA,NA,NA
(1) Full-time worker,(2) Female,12,(4) Disagree,16
(1) Full-time worker,(2) Female,12,(2) Agree,13
(1) Full-time worker,(2) Female,8,(2) Agree,15.3125
(1) Full-time worker,(2) Female,12,(2) Agree,12.5
(1) Full-time worker,(2) Female,9,(4) Disagree,21.25
(1) Full-time worker,(2) Female,11,(1) Strongly agree,NA
(1) Full-time worker,(2) Female,NA,(2) Agree,10.75
(1) Full-time worker,(2) Female,7,(3) Neither agree nor disagree,13.75
NA,NA,NA,NA,NA
(1) Full-time worker,(2) Female,10,(2) Agree,22
(2) Part-time worker,(2) Female,12,(2) Agree,8
NA,NA,NA,NA,NA
(1) Full-time worker,(2) Female,NA,(2) Agree,NA
(1) Full-time worker,(2) Female,12,(2) Agree,12.1
(1) Full-time worker,(2) Female,12,(1) Strongly agree,8.5
(2) Part-time worker,(2) Female,9,(2) Agree,22
(1) Full-time worker,(2) Female,9,(1) Strongly agree,16.87
(1) Full-time worker,(2) Female,4,(3) Neither agree nor disagree,10
(2) Part-time worker,(2) Female,12,(2) Agree,12
(1) Full-time worker,(2) Female,12,(3) Neither agree nor disagree,11.26
(1) Full-time worker,(2) Female,10,(3) Neither agree nor disagree,NA
(2) Part-time worker,(2) Female,12,(2) Agree,15.09
NA,NA,NA,NA,NA
(1) Full-time worker,(2) Female,12,(2) Agree,18
(1) Full-time worker,(2) Female,12,(1) Strongly agree,18
NA,NA,NA,NA,NA
(1) Full-time worker,(2) Female,12,(1) Strongly agree,9.52380952381
(2) Part-time worker,(2) Female,12,(2) Agree,12
(2) Part-time worker,(2) Female,12,(2) Agree,12
(1) Full-time worker,(2) Female,9,(1) Strongly agree,8
(2) Part-time worker,(2) Female,12,(1) Strongly agree,17.29
(2) Part-time worker,(2) Female,10,(2) Agree,107.5
(1) Full-time worker,(2) Female,12,(2) Agree,12.5
(1) Full-time worker,(2) Female,12,(2) Agree,10
(1) Full-time worker,(2) Female,12,(2) Agree,11.5
(2) Part-time worker,(2) Female,12,(2) Agree,12.5
NA,NA,NA,NA,NA
(1) Full-time worker,(2) Female,12,(5) Strongly disagree,14.35
(1) Full-time worker,(2) Female,12,(1) Strongly agree,12.5
(1) Full-time worker,(2) Female,12,(1) Strongly agree,23.07692307693
(1) Full-time worker,(2) Female,10,(2) Agree,22.85714285715
NA,NA,NA,NA,NA
NA,NA,NA,NA,NA
(1) Full-time worker,(2) Female,7,(4) Disagree,9.375
(1) Full-time worker,(2) Female,12,(1) Strongly agree,10.25
(1) Full-time worker,(2) Female,12,(1) Strongly agree,NA
(1) Full-time worker,(2) Female,12,(1) Strongly agree,12
(1) Full-time worker,(2) Female,12,(1) Strongly agree,17
(2) Part-time worker,(2) Female,10,(2) Agree,12.5
(1) Full-time worker,(2) Female,12,(1) Strongly agree,9.375
(2) Part-time worker,(2) Female,12,(4) Disagree,14.12
(1) Full-time worker,(2) Female,12,(1) Strongly agree,14
(1) Full-time worker,(2) Female,12,(1) Strongly agree,9.5
(1) Full-time worker,(2) Female,12,(1) Strongly agree,NA
(1) Full-time worker,(2) Female,4,(1) Strongly agree,8.75
(1) Full-time worker,(2) Female,12,(1) Strongly agree,12.25
(2) Part-time worker,(2) Female,10,(2) Agree,12.79
(2) Part-time worker,(2) Female,12,(3) Neither agree nor disagree,51.42857142858
NA,NA,NA,NA,NA
(1) Full-time worker,(2) Female,12,(1) Strongly agree,9
(1) Full-time worker,(2) Female,12,(1) Strongly agree,10.75
(1) Full-time worker,(2) Female,12,(3) Neither agree nor disagree,12
(1) Full-time worker,(2) Female,1,(3) Neither agree nor disagree,9
(1) Full-time worker,(2) Female,12,(1) Strongly agree,18.75
(2) Part-time worker,(2) Female,1,(1) Strongly agree,13.1
(1) Full-time worker,(2) Female,12,(4) Disagree,13
(2) Part-time worker,(1) Male,1,(1) Strongly agree,8.5
(1) Full-time worker,(2) Female,5,(5) Strongly disagree,NA
(1) Full-time worker,(2) Female,12,(2) Agree,NA
(2) Part-time worker,(2) Female,12,(2) Agree,11
(1) Full-time worker,(2) Female,9,(1) Strongly agree,30.84573571429
(1) Full-time worker,(2) Female,12,(2) Agree,9.25
(2) Part-time worker,(2) Female,12,(2) Agree,15.05965909091
(1) Full-time worker,(2) Female,3,(1) Strongly agree,12
(1) Full-time worker,(2) Female,10,(1) Strongly agree,10.1
(1) Full-time worker,(2) Female,3,(3) Neither agree nor disagree,8
(1) Full-time worker,(2) Female,12,(1) Strongly agree,10
(1) Full-time worker,(2) Female,12,(1) Strongly agree,10
(2) Part-time worker,(2) Female,12,(2) Agree,23.07692307693
(2) Part-time worker,(2) Female,12,(1) Strongly agree,10.38461538462
(1) Full-time worker,(2) Female,6,(1) Strongly agree,11.37
(1) Full-time worker,(1) Male,NA,(1) Strongly agree,NA
(1) Full-time worker,(2) Female,11,(1) Strongly agree,10
(1) Full-time worker,(2) Female,2,(1) Strongly agree,15
NA,NA,NA,NA,NA
(1) Full-time worker,(2) Female,10,(2) Agree,16
(1) Full-time worker,(2) Female,9,(1) Strongly agree,10
(2) Part-time worker,(2) Female,12,(2) Agree,10
(1) Full-time worker,(2) Female,9,(3) Neither agree nor disagree,13.7
(1) Full-time worker,(2) Female,6,(1) Strongly agree,13
NA,NA,NA,NA,NA
(1) Full-time worker,(2) Female,10,(1) Strongly agree,16.29
(1) Full-time worker,(2) Female,4,(2) Agree,15
(2) Part-time worker,(2) Female,8,(1) Strongly agree,8
(1) Full-time worker,(2) Female,1,(3) Neither agree nor disagree,12
(1) Full-time worker,(2) Female,10,(3) Neither agree nor disagree,9.25
NA,NA,NA,NA,NA
(1) Full-time worker,(2) Female,11,(2) Agree,16.86
(1) Full-time worker,(1) Male,7,(1) Strongly agree,18.01428571429
(1) Full-time worker,(2) Female,12,(1) Strongly agree,23.53
(1) Full-time worker,(2) Female,10,(1) Strongly agree,26
(1) Full-time worker,(2) Female,12,(2) Agree,18.5
(1) Full-time worker,(2) Female,12,(2) Agree,13.5
(1) Full-time worker,(2) Female,NA,(1) Strongly agree,16
NA,NA,NA,NA,NA
(1) Full-time worker,(2) Female,10,(2) Agree,21
(2) Part-time worker,(2) Female,12,(1) Strongly agree,9
(1) Full-time worker,(2) Female,12,(4) Disagree,17
(1) Full-time worker,(2) Female,8,NA,10
(1) Full-time worker,(2) Female,1,(3) Neither agree nor disagree,12
(1) Full-time worker,(2) Female,12,(2) Agree,12
(1) Full-time worker,(2) Female,12,(2) Agree,8.56481481482
(1) Full-time worker,(2) Female,12,(2) Agree,15
(1) Full-time worker,(2) Female,12,(1) Strongly agree,18
(1) Full-time worker,(2) Female,12,(1) Strongly agree,17
(2) Part-time worker,(2) Female,9,(1) Strongly agree,17.08235294118
(2) Part-time worker,(2) Female,9,(1) Strongly agree,18.52941176471
(1) Full-time worker,(2) Female,12,(1) Strongly agree,8.5
(1) Full-time worker,(2) Female,12,(1) Strongly agree,12.31
(1) Full-time worker,(2) Female,12,(3) Neither agree nor disagree,9.5
(1) Full-time worker,(2) Female,12,(2) Agree,11
(1) Full-time worker,(2) Female,10,(2) Agree,9.25
(1) Full-time worker,(2) Female,12,(4) Disagree,11.538461538469999
(1) Full-time worker,(2) Female,12,(2) Agree,11.95
(2) Part-time worker,(2) Female,9,(2) Agree,12
(1) Full-time worker,(2) Female,5,(5) Strongly disagree,10
(2) Part-time worker,(2) Female,10,(1) Strongly agree,21.41203703704
(2) Part-time worker,(2) Female,10,(2) Agree,NA
(2) Part-time worker,(2) Female,12,(3) Neither agree nor disagree,9
(1) Full-time worker,(2) Female,12,(2) Agree,8
(1) Full-time worker,(2) Female,10,(1) Strongly agree,11.5
(1) Full-time worker,(2) Female,12,(2) Agree,12.9375
(2) Part-time worker,(2) Female,12,(5) Strongly disagree,11
(1) Full-time worker,(2) Female,12,(2) Agree,11.75
NA,NA,NA,NA,NA
(1) Full-time worker,(2) Female,12,(2) Agree,20
(1) Full-time worker,(2) Female,11,(2) Agree,16
(1) Full-time worker,(2) Female,12,(2) Agree,30
(2) Part-time worker,(2) Female,11,(2) Agree,23
(1) Full-time worker,(2) Female,12,(1) Strongly agree,24
NA,NA,NA,NA,NA
NA,NA,NA,NA,NA
(1) Full-time worker,(2) Female,12,(3) Neither agree nor disagree,11
(1) Full-time worker,(2) Female,9,(3) Neither agree nor disagree,12.5
(1) Full-time worker,(2) Female,6,(1) Strongly agree,6.92307692308
(1) Full-time worker,(2) Female,12,(4) Disagree,9.5
(1) Full-time worker,(2) Female,12,(2) Agree,14.10256410257
(2) Part-time worker,(2) Female,9,(1) Strongly agree,10
(1) Full-time worker,(2) Female,12,(2) Agree,15
(2) Part-time worker,(2) Female,12,(3) Neither agree nor disagree,51.42857142858
(1) Full-time worker,(2) Female,10,(2) Agree,21.02102102103
(1) Full-time worker,(2) Female,12,(4) Disagree,12.68
(1) Full-time worker,(2) Female,12,(1) Strongly agree,NA
(2) Part-time worker,(2) Female,7,(1) Strongly agree,24
(2) Part-time worker,(2) Female,12,(1) Strongly agree,10
(1) Full-time worker,(2) Female,12,(1) Strongly agree,NA
(1) Full-time worker,(2) Female,12,(1) Strongly agree,14
(2) Part-time worker,(2) Female,12,(1) Strongly agree,12
(1) Full-time worker,(2) Female,7,(2) Agree,10
(1) Full-time worker,(2) Female,12,(2) Agree,14
(2) Part-time worker,(2) Female,12,(2) Agree,12
(1) Full-time worker,(2) Female,12,(1) Strongly agree,16.25
(1) Full-time worker,(2) Female,12,(2) Agree,16.5
(1) Full-time worker,(2) Female,12,(2) Agree,19
(2) Part-time worker,(2) Female,1,(5) Strongly disagree,14.4
(1) Full-time worker,(2) Female,12,(2) Agree,1.5
(1) Full-time worker,(2) Female,12,(1) Strongly agree,11
(1) Full-time worker,(2) Female,12,(2) Agree,9
NA,NA,NA,NA,NA
(2) Part-time worker,(2) Female,8,(1) Strongly agree,13
(1) Full-time worker,(2) Female,12,(2) Agree,12.5
NA,NA,NA,NA,NA
(2) Part-time worker,(2) Female,10,(2) Agree,NA
(1) Full-time worker,(2) Female,12,(1) Strongly agree,13
(2) Part-time worker,(2) Female,9,(1) Strongly agree,12.55
(1) Full-time worker,(2) Female,12,(2) Agree,13.5
(2) Part-time worker,(2) Female,6,(2) Agree,51.42857142858
(1) Full-time worker,(2) Female,NA,(5) Strongly disagree,10.25
(1) Full-time worker,(2) Female,12,(2) Agree,13.75
(1) Full-time worker,(1) Male,12,(1) Strongly agree,NA
(1) Full-time worker,(2) Female,10,(2) Agree,53.57142857143
(2) Part-time worker,(2) Female,9,(2) Agree,29.62962962963
(2) Part-time worker,(2) Female,6,(1) Strongly agree,8.63333333334
(1) Full-time worker,(2) Female,9,(2) Agree,11
(1) Full-time worker,(2) Female,12,(2) Agree,11.25
NA,NA,NA,NA,NA
(2) Part-time worker,(2) Female,12,(5) Strongly disagree,14.34
(1) Full-time worker,(2) Female,12,(2) Agree,10
NA,NA,NA,NA,NA
(1) Full-time worker,(2) Female,9,(2) Agree,NA
(1) Full-time worker,(2) Female,10,(1) Strongly agree,15
NA,NA,NA,NA,NA
(1) Full-time worker,(2) Female,12,(1) Strongly agree,8.25396825397
(2) Part-time worker,(2) Female,9,(1) Strongly agree,12.5
(1) Full-time worker,(2) Female,12,(1) Strongly agree,14
(2) Part-time worker,(2) Female,12,(1) Strongly agree,8.5
(2) Part-time worker,(2) Female,10,(1) Strongly agree,13
(1) Full-time worker,(2) Female,10,(1) Strongly agree,14.69
NA,NA,NA,NA,NA
(1) Full-time worker,(2) Female,12,(1) Strongly agree,13
(1) Full-time worker,(2) Female,12,(1) Strongly agree,12
(1) Full-time worker,(2) Female,12,(1) Strongly agree,NA
(1) Full-time worker,(2) Female,12,(3) Neither agree nor disagree,25.961538461539998
(1) Full-time worker,(2) Female,12,(1) Strongly agree,11
NA,NA,NA,NA,NA
(1) Full-time worker,(1) Male,10,(2) Agree,NA
(1) Full-time worker,(2) Female,10,(2) Agree,15.77
(2) Part-time worker,(2) Female,9,(2) Agree,5.91724137932
(1) Full-time worker,(2) Female,12,(1) Strongly agree,17.5
NA,NA,NA,NA,NA
(2) Part-time worker,(2) Female,12,(2) Agree,8.33333333334
(2) Part-time worker,(2) Female,5,(1) Strongly agree,8.6
(2) Part-time worker,(2) Female,10,(1) Strongly agree,20.83333333334
(2) Part-time worker,(2) Female,12,(1) Strongly agree,7.25
(1) Full-time worker,(2) Female,12,(1) Strongly agree,2.30769230769
(1) Full-time worker,(2) Female,12,(1) Strongly agree,13.45
(1) Full-time worker,(2) Female,12,(1) Strongly agree,9
(1) Full-time worker,(2) Female,12,(1) Strongly agree,12
(1) Full-time worker,(2) Female,6,(1) Strongly agree,8.75
(1) Full-time worker,(2) Female,9,(2) Agree,17
(1) Full-time worker,(2) Female,12,(1) Strongly agree,14.75
(2) Part-time worker,(2) Female,2,(1) Strongly agree,9.25
(2) Part-time worker,(2) Female,9,(1) Strongly agree,13.45
(1) Full-time worker,(2) Female,12,(1) Strongly agree,24.28571428572
(1) Full-time worker,(2) Female,11,(2) Agree,17
(1) Full-time worker,(2) Female,12,(1) Strongly agree,7.91666666667
NA,NA,NA,NA,NA
NA,NA,NA,NA,NA
NA,NA,NA,NA,NA
(1) Full-time worker,(2) Female,11,(2) Agree,24
(1) Full-time worker,(2) Female,12,(1) Strongly agree,11.38
(1) Full-time worker,(2) Female,12,(1) Strongly agree,8.4
(2) Part-time worker,(2) Female,12,(2) Agree,7.55
(2) Part-time worker,(2) Female,12,(2) Agree,8
(1) Full-time worker,(2) Female,12,(1) Strongly agree,25
(1) Full-time worker,(1) Male,9,(1) Strongly agree,18
(1) Full-time worker,(2) Female,12,(1) Strongly agree,15.6
(1) Full-time worker,(2) Female,12,(2) Agree,22
(1) Full-time worker,(2) Female,12,(1) Strongly agree,10
(1) Full-time worker,(2) Female,12,(3) Neither agree nor disagree,11.33
(1) Full-time worker,(2) Female,5,(1) Strongly agree,15
(1) Full-time worker,(2) Female,9,(2) Agree,21
(1) Full-time worker,(2) Female,12,(3) Neither agree nor disagree,16.78321678322
(1) Full-time worker,(2) Female,10,(2) Agree,27.85714285715
(1) Full-time worker,(2) Female,12,(2) Agree,9
(1) Full-time worker,(2) Female,12,(2) Agree,11.11111111112
(1) Full-time worker,(2) Female,10,(1) Strongly agree,NA
(1) Full-time worker,(2) Female,12,(1) Strongly agree,9
(1) Full-time worker,(2) Female,12,(1) Strongly agree,47.22222222223
(1) Full-time worker,(2) Female,12,(2) Agree,15
NA,NA,NA,NA,NA
(2) Part-time worker,(2) Female,1,(1) Strongly agree,9
(1) Full-time worker,(2) Female,12,(2) Agree,14.1
(1) Full-time worker,(2) Female,8,(1) Strongly agree,11.5
(1) Full-time worker,(2) Female,8,(1) Strongly agree,14
(1) Full-time worker,(2) Female,12,(2) Agree,11.5
(2) Part-time worker,(2) Female,1,(5) Strongly disagree,9
(1) Full-time worker,(2) Female,1,(1) Strongly agree,9
(1) Full-time worker,(2) Female,12,(1) Strongly agree,15
(1) Full-time worker,(2) Female,12,(1) Strongly agree,16.83
(1) Full-time worker,(2) Female,12,(1) Strongly agree,13.4
(1) Full-time worker,(2) Female,9,(1) Strongly agree,NA
(1) Full-time worker,(2) Female,3,(1) Strongly agree,8.5
(2) Part-time worker,(2) Female,12,(4) Disagree,8.5
(1) Full-time worker,(2) Female,12,(1) Strongly agree,NA
(1) Full-time worker,(2) Female,12,(1) Strongly agree,18.75
(1) Full-time worker,(2) Female,12,(2) Agree,26.04
(1) Full-time worker,(2) Female,10,(1) Strongly agree,11
(1) Full-time worker,(2) Female,12,(2) Agree,11
(1) Full-time worker,(2) Female,12,(2) Agree,13
(1) Full-time worker,(2) Female,12,(1) Strongly agree,10
(1) Full-time worker,(2) Female,5,(2) Agree,14.54
(1) Full-time worker,(2) Female,12,(2) Agree,13.69565217392
(1) Full-time worker,(2) Female,12,(3) Neither agree nor disagree,11.22661122662
(1) Full-time worker,(2) Female,7,(1) Strongly agree,15.5
(1) Full-time worker,(2) Female,NA,(1) Strongly agree,15
(1) Full-time worker,(2) Female,12,(3) Neither agree nor disagree,NA
(1) Full-time worker,(2) Female,4,(3) Neither agree nor disagree,7.96878378379
(1) Full-time worker,(2) Female,12,(1) Strongly agree,15
(1) Full-time worker,(2) Female,8,(2) Agree,14
(2) Part-time worker,(2) Female,12,(1) Strongly agree,15
(2) Part-time worker,(2) Female,12,(1) Strongly agree,51.42857142858
(2) Part-time worker,(2) Female,6,(2) Agree,107.32142857143
(2) Part-time worker,(2) Female,9,(2) Agree,33.33333333334
(1) Full-time worker,(2) Female,12,(1) Strongly agree,15.54054054055
(1) Full-time worker,(2) Female,11,(1) Strongly agree,7.91775
(1) Full-time worker,(2) Female,11,(3) Neither agree nor disagree,12.5
(1) Full-time worker,(2) Female,12,(2) Agree,16.5
(1) Full-time worker,(2) Female,12,(2) Agree,10
(2) Part-time worker,(2) Female,12,(1) Strongly agree,9.75
(1) Full-time worker,NA,12,NA,20
(1) Full-time worker,(1) Male,8,(2) Agree,9.25
(1) Full-time worker,(2) Female,12,(2) Agree,13.7
(1) Full-time worker,(2) Female,12,(2) Agree,10.80000000001
NA,NA,NA,NA,NA
(1) Full-time worker,(2) Female,10,(2) Agree,16.45161290323
(2) Part-time worker,(2) Female,12,(1) Strongly agree,15.88
(2) Part-time worker,(2) Female,10,(2) Agree,12.5
(1) Full-time worker,(2) Female,11,(1) Strongly agree,51.42857142858
NA,NA,NA,NA,NA
(1) Full-time worker,(2) Female,12,(1) Strongly agree,5.76923076924
NA,NA,NA,NA,NA
(1) Full-time worker,(2) Female,10,(2) Agree,NA
(2) Part-time worker,(2) Female,12,(1) Strongly agree,8
(2) Part-time worker,(2) Female,12,(2) Agree,NA
(1) Full-time worker,(2) Female,10,(3) Neither agree nor disagree,38.88888888889
NA,(2) Female,11,NA,NA
(1) Full-time worker,(2) Female,6,(1) Strongly agree,7.75
NA,NA,NA,NA,51.42857142858
(1) Full-time worker,(2) Female,10,(1) Strongly agree,9
(1) Full-time worker,(2) Female,10,(1) Strongly agree,18.11025641026
(1) Full-time worker,(2) Female,12,(4) Disagree,13.75
NA,NA,NA,NA,NA
(1) Full-time worker,(2) Female,5,(1) Strongly agree,15
(1) Full-time worker,(2) Female,12,(2) Agree,13
(1) Full-time worker,(2) Female,12,(2) Agree,13.75
(1) Full-time worker,(2) Female,12,(4) Disagree,19.25
(1) Full-time worker,(2) Female,9,(2) Agree,NA
NA,NA,NA,NA,NA
(1) Full-time worker,(2) Female,12,(1) Strongly agree,NA
(1) Full-time worker,(2) Female,12,(1) Strongly agree,9
NA,NA,NA,NA,NA
(1) Full-time worker,(1) Male,12,(1) Strongly agree,13.46153846154
(2) Part-time worker,(2) Female,12,(2) Agree,8
(1) Full-time worker,(2) Female,12,(4) Disagree,12.04
(1) Full-time worker,(2) Female,12,(4) Disagree,14.99
(1) Full-time worker,(2) Female,10,(2) Agree,9
NA,NA,NA,NA,NA
(1) Full-time worker,(2) Female,12,(2) Agree,12
(1) Full-time worker,(2) Female,1,(2) Agree,9
(2) Part-time worker,(2) Female,12,(1) Strongly agree,9.5
(1) Full-time worker,(2) Female,12,(2) Agree,11.8
(1) Full-time worker,(2) Female,12,(1) Strongly agree,22.575
(1) Full-time worker,(2) Female,12,(2) Agree,10
(1) Full-time worker,(2) Female,12,(1) Strongly agree,21.875
(2) Part-time worker,(2) Female,10,(3) Neither agree nor disagree,17.61904761905
(1) Full-time worker,(2) Female,12,(2) Agree,9.25
(2) Part-time worker,(2) Female,12,(2) Agree,11.8
NA,NA,NA,NA,NA
NA,NA,NA,NA,NA
(1) Full-time worker,(2) Female,12,(3) Neither agree nor disagree,9
(1) Full-time worker,(2) Female,12,(3) Neither agree nor disagree,NA
(2) Part-time worker,(2) Female,12,(2) Agree,NA
(1) Full-time worker,(2) Female,2,(1) Strongly agree,12
(2) Part-time worker,(2) Female,12,(2) Agree,18.52941176471
(1) Full-time worker,(2) Female,12,(1) Strongly agree,22.47
NA,NA,NA,NA,NA
(1) Full-time worker,(2) Female,12,(2) Agree,22.15
(1) Full-time worker,(2) Female,12,(1) Strongly agree,17.5
(1) Full-time worker,(2) Female,12,(1) Strongly agree,15.5
(2) Part-time worker,(2) Female,3,(1) Strongly agree,7.75
(1) Full-time worker,(2) Female,12,(2) Agree,13.5
(1) Full-time worker,(2) Female,12,(2) Agree,20
(1) Full-time worker,(2) Female,12,(2) Agree,13.46153846154
(2) Part-time worker,(2) Female,12,(1) Strongly agree,14
(1) Full-time worker,(2) Female,1,(1) Strongly agree,6.42857142858
(2) Part-time worker,(2) Female,12,(1) Strongly agree,54.9575
(1) Full-time worker,(1) Male,12,(4) Disagree,15.97
(1) Full-time worker,(2) Female,12,(2) Agree,22.97297297298
(1) Full-time worker,(2) Female,12,(2) Agree,15.98
(1) Full-time worker,(2) Female,9,(2) Agree,NA
(2) Part-time worker,(2) Female,3,(2) Agree,11
(1) Full-time worker,(2) Female,6,(2) Agree,10
(1) Full-time worker,(2) Female,12,(1) Strongly agree,13.75
(1) Full-time worker,(2) Female,7,(1) Strongly agree,10.25
(1) Full-time worker,(2) Female,12,(2) Agree,26.59375
(2) Part-time worker,(2) Female,1,(5) Strongly disagree,8
(1) Full-time worker,(2) Female,12,(2) Agree,13.12308
(1) Full-time worker,(2) Female,9,(2) Agree,13.56
(1) Full-time worker,(2) Female,10,(4) Disagree,21.32132132133
(2) Part-time worker,(2) Female,8,(1) Strongly agree,9
(1) Full-time worker,(2) Female,8,(1) Strongly agree,17.85714285715
NA,NA,NA,NA,NA
(1) Full-time worker,(2) Female,12,(2) Agree,17
(2) Part-time worker,(2) Female,10,(2) Agree,11
(1) Full-time worker,(2) Female,12,(3) Neither agree nor disagree,13.89
NA,NA,NA,NA,NA
(1) Full-time worker,(2) Female,12,(1) Strongly agree,12.5
(1) Full-time worker,(2) Female,12,(1) Strongly agree,8
NA,NA,NA,NA,NA
(1) Full-time worker,(2) Female,9,(1) Strongly agree,28.82882882883
(2) Part-time worker,(2) Female,12,(3) Neither agree nor disagree,12.5
(1) Full-time worker,(2) Female,10,(1) Strongly agree,19
(2) Part-time worker,(2) Female,12,(4) Disagree,7.85
(2) Part-time worker,(2) Female,12,(3) Neither agree nor disagree,54.9575
(1) Full-time worker,(2) Female,12,(4) Disagree,13
NA,NA,NA,NA,NA
(2) Part-time worker,(2) Female,9,(2) Agree,18
(2) Part-time worker,(2) Female,9,(2) Agree,18
(1) Full-time worker,(2) Female,12,(1) Strongly agree,19.84895833334
NA,NA,NA,NA,NA
(2) Part-time worker,(2) Female,12,(1) Strongly agree,10
(1) Full-time worker,(2) Female,1,(1) Strongly agree,11.08108108109
(2) Part-time worker,(2) Female,7,(1) Strongly agree,10.5
(1) Full-time worker,(2) Female,8,(2) Agree,16.54135338346
NA,(2) Female,NA,NA,NA
(1) Full-time worker,(2) Female,12,(1) Strongly agree,NA
(2) Part-time worker,(2) Female,12,(2) Agree,6.5
(1) Full-time worker,(2) Female,12,(2) Agree,9
(2) Part-time worker,(2) Female,12,(2) Agree,13
(1) Full-time worker,(2) Female,4,(4) Disagree,7.5
(1) Full-time worker,(2) Female,8,(1) Strongly agree,14.70588235295
(1) Full-time worker,(2) Female,12,(2) Agree,7.25
(1) Full-time worker,(2) Female,11,(2) Agree,13.75
(1) Full-time worker,(2) Female,12,(2) Agree,14.5
(1) Full-time worker,(2) Female,12,(2) Agree,16.5
(1) Full-time worker,(2) Female,12,(2) Agree,10.25
(1) Full-time worker,(2) Female,12,(2) Agree,10.20408163266
(2) Part-time worker,(2) Female,12,(1) Strongly agree,10
(1) Full-time worker,(2) Female,12,(1) Strongly agree,16
(1) Full-time worker,(2) Female,12,(2) Agree,13.5
(1) Full-time worker,(2) Female,12,(2) Agree,37.5
(1) Full-time worker,(2) Female,12,(3) Neither agree nor disagree,12.5
(1) Full-time worker,(2) Female,12,(1) Strongly agree,12
NA,(2) Female,NA,(1) Strongly agree,NA
(1) Full-time worker,(2) Female,5,(2) Agree,10
(1) Full-time worker,(2) Female,8,(1) Strongly agree,12
(1) Full-time worker,(2) Female,12,(1) Strongly agree,10.82
(1) Full-time worker,(2) Female,12,(5) Strongly disagree,16
(1) Full-time worker,(2) Female,10,(3) Neither agree nor disagree,20.3
(1) Full-time worker,(2) Female,10,(3) Neither agree nor disagree,7.7125
(1) Full-time worker,(2) Female,11,(1) Strongly agree,9.8076923077
(1) Full-time worker,(2) Female,9,(3) Neither agree nor disagree,20
(2) Part-time worker,(2) Female,12,(2) Agree,13
(2) Part-time worker,(1) Male,1,(2) Agree,8
NA,NA,NA,NA,NA
(1) Full-time worker,(2) Female,12,(1) Strongly agree,17.46
(1) Full-time worker,(2) Female,12,(2) Agree,19
(2) Part-time worker,(2) Female,6,(2) Agree,6.875
(1) Full-time worker,(2) Female,9,(1) Strongly agree,11.59678858163
(2) Part-time worker,(2) Female,4,(5) Strongly disagree,9
(1) Full-time worker,(2) Female,12,(2) Agree,8.57142857143
(1) Full-time worker,(2) Female,12,(1) Strongly agree,10
(1) Full-time worker,(2) Female,12,(5) Strongly disagree,5.71428571429
(2) Part-time worker,(2) Female,10,(1) Strongly agree,26.90972222223
(2) Part-time worker,(2) Female,9,(2) Agree,13.942307692309999
NA,NA,NA,NA,NA
(1) Full-time worker,(2) Female,12,(1) Strongly agree,NA
(1) Full-time worker,(2) Female,10,(2) Agree,27.59740259741
(1) Full-time worker,(2) Female,12,(2) Agree,19.25
(2) Part-time worker,(2) Female,NA,(1) Strongly agree,11
(1) Full-time worker,(2) Female,12,(2) Agree,15.25
(2) Part-time worker,(2) Female,12,(2) Agree,8
(1) Full-time worker,(2) Female,12,(1) Strongly agree,NA
(1) Full-time worker,(2) Female,10,(3) Neither agree nor disagree,NA
(1) Full-time worker,(2) Female,2,(2) Agree,11.27
(1) Full-time worker,(2) Female,12,(3) Neither agree nor disagree,13
(1) Full-time worker,(2) Female,12,(1) Strongly agree,11.538461538469999
(1) Full-time worker,(2) Female,12,(3) Neither agree nor disagree,18.75
(1) Full-time worker,(2) Female,12,(2) Agree,15
(1) Full-time worker,(2) Female,10,(2) Agree,10
(1) Full-time worker,(2) Female,9,(1) Strongly agree,8.1
(2) Part-time worker,(2) Female,12,(1) Strongly agree,8.1
(1) Full-time worker,(2) Female,11,(2) Agree,16.29
(1) Full-time worker,(2) Female,12,(1) Strongly agree,12.13
(1) Full-time worker,(2) Female,9,(3) Neither agree nor disagree,39.47368421053
NA,NA,NA,NA,NA
(1) Full-time worker,(2) Female,12,(2) Agree,12
(1) Full-time worker,(2) Female,12,(3) Neither agree nor disagree,12.75
(2) Part-time worker,(2) Female,10,(1) Strongly agree,13
(2) Part-time worker,(2) Female,12,(2) Agree,11
(1) Full-time worker,(2) Female,12,(1) Strongly agree,8.88000000001
(1) Full-time worker,(2) Female,10,(2) Agree,11.78
(2) Part-time worker,(2) Female,12,(3) Neither agree nor disagree,NA
(1) Full-time worker,(2) Female,1,(1) Strongly agree,12
(1) Full-time worker,(2) Female,12,(1) Strongly agree,11
(1) Full-time worker,(2) Female,1,(1) Strongly agree,12
(1) Full-time worker,(2) Female,12,(2) Agree,13.65
(1) Full-time worker,(2) Female,12,(1) Strongly agree,15
(1) Full-time worker,(2) Female,7,(2) Agree,11
(1) Full-time worker,(2) Female,10,(1) Strongly agree,15
(1) Full-time worker,(2) Female,9,(1) Strongly agree,10.5
(1) Full-time worker,(2) Female,12,(2) Agree,13.538461538469999
(2) Part-time worker,(2) Female,10,(1) Strongly agree,NA
(1) Full-time worker,(2) Female,12,(1) Strongly agree,NA
NA,NA,NA,NA,NA
(2) Part-time worker,(2) Female,12,(1) Strongly agree,12
(1) Full-time worker,(2) Female,12,(2) Agree,9.30000000001
(2) Part-time worker,(2) Female,12,(2) Agree,16
(2) Part-time worker,(2) Female,9,(1) Strongly agree,107.5
(1) Full-time worker,(2) Female,6,(1) Strongly agree,11
(1) Full-time worker,(2) Female,12,(1) Strongly agree,22.94
(1) Full-time worker,(2) Female,12,(2) Agree,24.17582417583
(2) Part-time worker,(2) Female,9,(2) Agree,20.86
(1) Full-time worker,(2) Female,10,(2) Agree,53.38345864662
(1) Full-time worker,(2) Female,11,(2) Agree,NA
(1) Full-time worker,(2) Female,9,(2) Agree,17
(1) Full-time worker,(2) Female,12,(2) Agree,12.18
(1) Full-time worker,(1) Male,11,(1) Strongly agree,28.01
(1) Full-time worker,(2) Female,8,(1) Strongly agree,8.0375
(2) Part-time worker,(2) Female,5,(2) Agree,10.25
(1) Full-time worker,(2) Female,4,(1) Strongly agree,NA
(1) Full-time worker,(2) Female,6,(1) Strongly agree,10
(1) Full-time worker,(2) Female,9,(2) Agree,8.75
(1) Full-time worker,(2) Female,10,(5) Strongly disagree,7.33333333334
(1) Full-time worker,(2) Female,12,(1) Strongly agree,11.5
(1) Full-time worker,(2) Female,12,(2) Agree,7.5
(1) Full-time worker,(2) Female,12,(1) Strongly agree,13
(1) Full-time worker,(2) Female,9,(2) Agree,12.5
(1) Full-time worker,(2) Female,12,(1) Strongly agree,9.5
(1) Full-time worker,(2) Female,12,(1) Strongly agree,10.1
(1) Full-time worker,(2) Female,NA,(5) Strongly disagree,NA
(1) Full-time worker,(2) Female,12,(2) Agree,24.10714285715
(1) Full-time worker,(2) Female,12,(1) Strongly agree,14.3
(1) Full-time worker,(2) Female,3,(1) Strongly agree,9.25
(2) Part-time worker,(2) Female,12,(2) Agree,9
(2) Part-time worker,(2) Female,12,(1) Strongly agree,12
(1) Full-time worker,(2) Female,6,(1) Strongly agree,17
(1) Full-time worker,(2) Female,12,(2) Agree,15
(1) Full-time worker,(2) Female,2,(2) Agree,14.25
(2) Part-time worker,(2) Female,12,(1) Strongly agree,41.66666666667
(2) Part-time worker,(2) Female,7,(3) Neither agree nor disagree,30
(1) Full-time worker,(2) Female,10,(1) Strongly agree,10
(1) Full-time worker,(2) Female,10,(2) Agree,25
(2) Part-time worker,(2) Female,9,(1) Strongly agree,17.21
(1) Full-time worker,(2) Female,12,(2) Agree,15.76923076924
NA,NA,NA,NA,NA
(1) Full-time worker,(2) Female,6,(1) Strongly agree,9.5
NA,NA,NA,NA,NA
(1) Full-time worker,(2) Female,12,(1) Strongly agree,NA
(2) Part-time worker,(2) Female,11,(2) Agree,17
(1) Full-time worker,(2) Female,12,(1) Strongly agree,17
(1) Full-time worker,(2) Female,12,(2) Agree,16
(1) Full-time worker,(2) Female,12,(2) Agree,NA
NA,NA,NA,NA,NA
(1) Full-time worker,(2) Female,12,(2) Agree,9.5
(1) Full-time worker,(2) Female,9,(2) Agree,11.83431952663
(2) Part-time worker,(2) Female,8,(1) Strongly agree,11.15
(2) Part-time worker,(2) Female,1,(2) Agree,8.25
(1) Full-time worker,(2) Female,9,(1) Strongly agree,19.38895417157
(1) Full-time worker,(2) Female,12,(4) Disagree,16
(1) Full-time worker,(2) Female,12,(2) Agree,NA
(1) Full-time worker,(2) Female,12,(1) Strongly agree,13.09090909091
NA,NA,NA,NA,NA
(1) Full-time worker,(2) Female,12,(2) Agree,8.65
(2) Part-time worker,(2) Female,11,(1) Strongly agree,10.5
(1) Full-time worker,(2) Female,12,(3) Neither agree nor disagree,12.12121212122
(2) Part-time worker,(2) Female,12,(2) Agree,14.75
NA,NA,NA,NA,NA
(1) Full-time worker,(2) Female,12,(2) Agree,8
(1) Full-time worker,(2) Female,12,(2) Agree,13
(1) Full-time worker,(2) Female,10,(2) Agree,11.97777777778
(1) Full-time worker,(2) Female,9,(1) Strongly agree,15.78947368422
(2) Part-time worker,(2) Female,9,(1) Strongly agree,16.5
(1) Full-time worker,(2) Female,12,(1) Strongly agree,12.82051282052
(1) Full-time worker,(2) Female,12,(2) Agree,8.75
(1) Full-time worker,(2) Female,12,(2) Agree,11
(2) Part-time worker,(2) Female,12,(3) Neither agree nor disagree,11
(2) Part-time worker,(2) Female,1,(3) Neither agree nor disagree,20.4255319149
(1) Full-time worker,(2) Female,3,(1) Strongly agree,10.78947368422
(1) Full-time worker,(2) Female,12,(3) Neither agree nor disagree,11
(2) Part-time worker,(2) Female,12,(2) Agree,20
(1) Full-time worker,(2) Female,12,(1) Strongly agree,14.33
(1) Full-time worker,(2) Female,9,(2) Agree,14.5
(1) Full-time worker,(2) Female,12,(2) Agree,17.45454545455
(2) Part-time worker,(2) Female,9,(1) Strongly agree,12
(2) Part-time worker,(2) Female,12,(2) Agree,15
(1) Full-time worker,(2) Female,6,(2) Agree,8.5
(1) Full-time worker,(2) Female,7,(2) Agree,15.49
(1) Full-time worker,(2) Female,8,NA,NA
(1) Full-time worker,(2) Female,8,(1) Strongly agree,11
(1) Full-time worker,(2) Female,12,(2) Agree,8.75
(1) Full-time worker,(2) Female,10,(2) Agree,20.43
(1) Full-time worker,(2) Female,12,(1) Strongly agree,10
(1) Full-time worker,(2) Female,4,(3) Neither agree nor disagree,8
NA,NA,NA,NA,NA
(1) Full-time worker,(2) Female,11,(2) Agree,8.75
(1) Full-time worker,(2) Female,12,(2) Agree,18.360125
(2) Part-time worker,(2) Female,6,(2) Agree,11
(1) Full-time worker,(2) Female,12,(2) Agree,9.4
(2) Part-time worker,(2) Female,12,(2) Agree,NA
(1) Full-time worker,(2) Female,12,(3) Neither agree nor disagree,6
(2) Part-time worker,(2) Female,8,(2) Agree,15
(1) Full-time worker,(2) Female,12,(4) Disagree,13.75
(1) Full-time worker,(2) Female,8,(1) Strongly agree,13
NA,NA,NA,NA,NA
NA,NA,NA,NA,NA
(1) Full-time worker,(2) Female,12,(2) Agree,13.75
(1) Full-time worker,(2) Female,9,(1) Strongly agree,10.57
NA,(2) Female,NA,(1) Strongly agree,NA
(2) Part-time worker,(2) Female,7,(2) Agree,9.02
(1) Full-time worker,(2) Female,NA,(3) Neither agree nor disagree,12
(1) Full-time worker,(2) Female,12,(3) Neither agree nor disagree,17
(1) Full-time worker,(2) Female,NA,(3) Neither agree nor disagree,8.25
(1) Full-time worker,(2) Female,12,(2) Agree,12
(1) Full-time worker,(2) Female,12,(2) Agree,13
NA,NA,NA,NA,NA
NA,NA,NA,NA,NA
(1) Full-time worker,(2) Female,12,NA,39.61352657005
(1) Full-time worker,(2) Female,12,(1) Strongly agree,7.69230769231
(1) Full-time worker,(2) Female,12,(1) Strongly agree,9.02
(1) Full-time worker,(2) Female,12,(1) Strongly agree,9.02
NA,NA,NA,NA,NA
(1) Full-time worker,(2) Female,12,(1) Strongly agree,12.5
(1) Full-time worker,(2) Female,12,(2) Agree,43.15315315316
(2) Part-time worker,(2) Female,10,(1) Strongly agree,17.8553688824
(1) Full-time worker,(2) Female,12,(1) Strongly agree,10
(2) Part-time worker,(2) Female,10,(2) Agree,107.5
(1) Full-time worker,(2) Female,12,(1) Strongly agree,NA
(2) Part-time worker,(2) Female,3,(1) Strongly agree,7.91666666667
(1) Full-time worker,(2) Female,12,(2) Agree,9.16666666667
(1) Full-time worker,(2) Female,12,(2) Agree,17
(1) Full-time worker,(2) Female,6,(1) Strongly agree,17
(1) Full-time worker,(2) Female,12,(1) Strongly agree,12.5
(1) Full-time worker,(2) Female,10,(1) Strongly agree,NA
(2) Part-time worker,(2) Female,6,(1) Strongly agree,10
(1) Full-time worker,(2) Female,10,(3) Neither agree nor disagree,15.78947368422
(2) Part-time worker,(2) Female,1,(2) Agree,12
(1) Full-time worker,(2) Female,11,(2) Agree,17.84
(2) Part-time worker,(2) Female,12,(2) Agree,107.5
NA,NA,NA,NA,NA
(2) Part-time worker,(2) Female,12,(2) Agree,NA
(2) Part-time worker,(2) Female,12,(1) Strongly agree,NA
(1) Full-time worker,(2) Female,9,(2) Agree,15
(1) Full-time worker,(2) Female,9,(2) Agree,20.81
(1) Full-time worker,(2) Female,1,(1) Strongly agree,20
(1) Full-time worker,(2) Female,12,(2) Agree,18
(1) Full-time worker,(2) Female,10,(1) Strongly agree,35.60606060607
(2) Part-time worker,(2) Female,8,(3) Neither agree nor disagree,12
NA,NA,NA,NA,NA
(1) Full-time worker,(2) Female,10,(1) Strongly agree,13
(1) Full-time worker,(2) Female,12,(2) Agree,9.9
(1) Full-time worker,(2) Female,8,(3) Neither agree nor disagree,16.33
(1) Full-time worker,(2) Female,9,(2) Agree,8.65
(1) Full-time worker,(2) Female,12,(2) Agree,17.23
(1) Full-time worker,(2) Female,1,(2) Agree,17.36842105264
(1) Full-time worker,(2) Female,12,(3) Neither agree nor disagree,15
(1) Full-time worker,(2) Female,12,(1) Strongly agree,10.25
(1) Full-time worker,(2) Female,10,(1) Strongly agree,28.88888888889
(1) Full-time worker,(2) Female,1,(2) Agree,18
(1) Full-time worker,(2) Female,12,(2) Agree,NA
(1) Full-time worker,(2) Female,12,(1) Strongly agree,9.5
NA,NA,NA,NA,NA
(1) Full-time worker,(2) Female,12,(2) Agree,14
(1) Full-time worker,(2) Female,10,(2) Agree,36.11111111112
(1) Full-time worker,(2) Female,12,(4) Disagree,12
(2) Part-time worker,(2) Female,9,(1) Strongly agree,16.5
(1) Full-time worker,(2) Female,12,(2) Agree,16
(1) Full-time worker,(2) Female,12,(2) Agree,NA
(1) Full-time worker,(2) Female,12,(1) Strongly agree,17
(1) Full-time worker,(2) Female,1,(2) Agree,4.72972972973
(1) Full-time worker,(2) Female,12,(1) Strongly agree,16.71
(1) Full-time worker,(1) Male,8,(3) Neither agree nor disagree,9
(1) Full-time worker,(2) Female,12,(2) Agree,16.85000000001
(2) Part-time worker,(2) Female,12,(3) Neither agree nor disagree,16.32
(1) Full-time worker,(2) Female,6,(1) Strongly agree,14
(2) Part-time worker,(2) Female,12,(2) Agree,14.0625
(1) Full-time worker,(2) Female,8,(2) Agree,13.02083333334
(1) Full-time worker,(2) Female,6,(1) Strongly agree,20
(2) Part-time worker,(2) Female,NA,(1) Strongly agree,NA
NA,NA,NA,NA,NA
(1) Full-time worker,(2) Female,12,(1) Strongly agree,13.75
(1) Full-time worker,(2) Female,12,(1) Strongly agree,14.5
(2) Part-time worker,(2) Female,12,(1) Strongly agree,NA
(2) Part-time worker,(2) Female,12,(2) Agree,19
(1) Full-time worker,(2) Female,12,(1) Strongly agree,NA
(1) Full-time worker,(2) Female,12,(1) Strongly agree,13.45
(1) Full-time worker,(2) Female,11,(2) Agree,28.43137254902
(1) Full-time worker,(2) Female,10,(2) Agree,13.89
(1) Full-time worker,(2) Female,12,(1) Strongly agree,14
NA,NA,NA,NA,NA
NA,NA,NA,NA,NA
(1) Full-time worker,(2) Female,12,(1) Strongly agree,NA
(1) Full-time worker,(2) Female,12,(1) Strongly agree,13.5
(1) Full-time worker,(2) Female,10,(4) Disagree,16.48
(1) Full-time worker,(2) Female,12,(3) Neither agree nor disagree,16
(2) Part-time worker,NA,NA,(2) Agree,8.125
(1) Full-time worker,(2) Female,1,(1) Strongly agree,8.25
(1) Full-time worker,(2) Female,12,(3) Neither agree nor disagree,11
(1) Full-time worker,(2) Female,12,(1) Strongly agree,25
(1) Full-time worker,(2) Female,12,(2) Agree,14.14
(1) Full-time worker,(2) Female,12,(1) Strongly agree,14.42307692308
(2) Part-time worker,(2) Female,10,(1) Strongly agree,4
(1) Full-time worker,(2) Female,12,(1) Strongly agree,12
(2) Part-time worker,(2) Female,9,(1) Strongly agree,54.9575
NA,NA,NA,NA,NA
NA,NA,NA,NA,NA
(1) Full-time worker,(2) Female,12,(1) Strongly agree,8.3076923077
(1) Full-time worker,(2) Female,2,(2) Agree,10
(1) Full-time worker,(2) Female,12,(1) Strongly agree,12.44444444445
(1) Full-time worker,(2) Female,12,(2) Agree,10
NA,NA,NA,NA,NA
(1) Full-time worker,(2) Female,10,(2) Agree,16
NA,NA,NA,NA,NA
(1) Full-time worker,(2) Female,12,(2) Agree,13.77
(1) Full-time worker,(2) Female,12,(1) Strongly agree,18
NA,NA,NA,NA,NA
(2) Part-time worker,(2) Female,12,(1) Strongly agree,13
(1) Full-time worker,(2) Female,12,(1) Strongly agree,18.75
(2) Part-time worker,(2) Female,1,(1) Strongly agree,NA
(1) Full-time worker,(2) Female,12,(1) Strongly agree,9
(1) Full-time worker,(2) Female,12,(1) Strongly agree,NA
(1) Full-time worker,(2) Female,9,(1) Strongly agree,11.56462585035
NA,NA,NA,NA,NA
NA,NA,NA,NA,NA
(1) Full-time worker,(2) Female,12,(1) Strongly agree,NA
(1) Full-time worker,(2) Female,12,(2) Agree,17.75898520085
(1) Full-time worker,(2) Female,NA,(3) Neither agree nor disagree,NA
(1) Full-time worker,(2) Female,12,(1) Strongly agree,11.5
NA,NA,NA,NA,NA
(1) Full-time worker,(2) Female,10,(2) Agree,19.92394179895
(2) Part-time worker,(2) Female,1,(2) Agree,20
(2) Part-time worker,(2) Female,12,(1) Strongly agree,NA
(2) Part-time worker,(2) Female,9,(2) Agree,15
(1) Full-time worker,(2) Female,NA,(2) Agree,3.44566666667
(1) Full-time worker,(2) Female,12,(1) Strongly agree,14
(1) Full-time worker,(2) Female,12,(1) Strongly agree,17
(1) Full-time worker,(2) Female,9,(2) Agree,17.44138888889
NA,NA,NA,NA,NA
(1) Full-time worker,(2) Female,10,(2) Agree,33.33333333334
(1) Full-time worker,(2) Female,9,(2) Agree,22.5
(1) Full-time worker,(1) Male,12,NA,9.41176470589
(1) Full-time worker,(1) Male,12,(2) Agree,9.25
NA,NA,NA,NA,NA
(1) Full-time worker,(2) Female,12,(1) Strongly agree,NA
(2) Part-time worker,(2) Female,9,(2) Agree,10.22000000001
(1) Full-time worker,(2) Female,12,(1) Strongly agree,8.75
(1) Full-time worker,(2) Female,12,(1) Strongly agree,9
(1) Full-time worker,(2) Female,12,(1) Strongly agree,17
(1) Full-time worker,(2) Female,12,(1) Strongly agree,12.72727272728
(1) Full-time worker,(2) Female,10,(3) Neither agree nor disagree,NA
NA,NA,NA,NA,NA
(1) Full-time worker,(2) Female,1,(3) Neither agree nor disagree,14.5
(2) Part-time worker,(2) Female,9,(2) Agree,NA
NA,NA,NA,NA,NA
(1) Full-time worker,(2) Female,12,(2) Agree,13
(1) Full-time worker,(2) Female,12,(1) Strongly agree,17
NA,NA,NA,NA,NA
(1) Full-time worker,(2) Female,6,(3) Neither agree nor disagree,12.5
(1) Full-time worker,(2) Female,12,(1) Strongly agree,8.57142857143
(1) Full-time worker,(2) Female,12,(1) Strongly agree,11.38461538462
(2) Part-time worker,(2) Female,12,(2) Agree,10
(1) Full-time worker,(2) Female,12,(1) Strongly agree,10.5
(1) Full-time worker,(2) Female,11,(1) Strongly agree,13.5
(1) Full-time worker,(2) Female,12,(2) Agree,11.5
(1) Full-time worker,(2) Female,12,(2) Agree,11
(1) Full-time worker,(2) Female,12,(1) Strongly agree,8.56
(1) Full-time worker,(2) Female,9,(2) Agree,16
(1) Full-time worker,(2) Female,12,(2) Agree,11.11111111112
(1) Full-time worker,(2) Female,12,(2) Agree,12.5
(1) Full-time worker,(2) Female,12,(2) Agree,27.08333333334
(1) Full-time worker,(2) Female,10,(2) Agree,11.42857142858
(1) Full-time worker,(2) Female,12,(4) Disagree,11.25
(1) Full-time worker,(2) Female,12,(1) Strongly agree,11.41304347827
(2) Part-time worker,(2) Female,12,(2) Agree,11.75
(1) Full-time worker,(2) Female,8,(2) Agree,16.63783783784
(2) Part-time worker,(2) Female,7,(1) Strongly agree,51.42857142858
(1) Full-time worker,(2) Female,12,(2) Agree,17
(1) Full-time worker,(2) Female,12,(2) Agree,28.75
(2) Part-time worker,(2) Female,12,(2) Agree,12
(1) Full-time worker,(2) Female,12,(1) Strongly agree,15
(1) Full-time worker,(2) Female,12,(1) Strongly agree,12.89473684211
(1) Full-time worker,(2) Female,NA,(1) Strongly agree,9.65
(1) Full-time worker,(2) Female,10,(1) Strongly agree,21.59090909091
(1) Full-time worker,(2) Female,12,(1) Strongly agree,14.71
(1) Full-time worker,(2) Female,2,(1) Strongly agree,9
(1) Full-time worker,(2) Female,8,(5) Strongly disagree,16
NA,NA,NA,NA,NA
NA,NA,NA,NA,NA
(1) Full-time worker,(2) Female,6,(3) Neither agree nor disagree,8.55000000001
(1) Full-time worker,(2) Female,12,(3) Neither agree nor disagree,9.25
(1) Full-time worker,(2) Female,12,(1) Strongly agree,10
(1) Full-time worker,(2) Female,12,(2) Agree,7.65
(1) Full-time worker,(2) Female,2,(1) Strongly agree,19
(1) Full-time worker,(2) Female,3,(2) Agree,10
(1) Full-time worker,(2) Female,12,(1) Strongly agree,6.25
(1) Full-time worker,(2) Female,12,(3) Neither agree nor disagree,16
(2) Part-time worker,(2) Female,12,(2) Agree,10.5
(2) Part-time worker,(2) Female,8,(3) Neither agree nor disagree,14.26329861112
NA,NA,NA,NA,NA
(1) Full-time worker,(2) Female,12,(1) Strongly agree,4.63636363637
(1) Full-time worker,(2) Female,12,(2) Agree,10.5
(1) Full-time worker,(2) Female,12,(1) Strongly agree,11
NA,NA,NA,NA,NA
(1) Full-time worker,(2) Female,12,(1) Strongly agree,18.75
(1) Full-time worker,(2) Female,12,(2) Agree,13.69047619048
(1) Full-time worker,(2) Female,12,(1) Strongly agree,10.25
(1) Full-time worker,(2) Female,12,(1) Strongly agree,10
(1) Full-time worker,(2) Female,12,(1) Strongly agree,11.2
(2) Part-time worker,(1) Male,12,(2) Agree,17
(1) Full-time worker,(1) Male,12,(2) Agree,6.25
(1) Full-time worker,(2) Female,12,(3) Neither agree nor disagree,14
NA,NA,NA,NA,NA
(1) Full-time worker,(2) Female,11,(4) Disagree,18
(1) Full-time worker,(2) Female,10,(1) Strongly agree,107.5
(1) Full-time worker,(2) Female,12,(1) Strongly agree,40
(1) Full-time worker,(2) Female,12,(4) Disagree,12
(1) Full-time worker,(2) Female,12,(2) Agree,NA
(1) Full-time worker,(2) Female,12,(3) Neither agree nor disagree,NA
(2) Part-time worker,(2) Female,12,(2) Agree,21
(2) Part-time worker,(2) Female,12,(1) Strongly agree,9.5
(2) Part-time worker,(2) Female,12,(1) Strongly agree,12.5
(1) Full-time worker,(2) Female,8,(2) Agree,42.85714285715
(1) Full-time worker,(2) Female,12,(2) Agree,13
(1) Full-time worker,(2) Female,12,(3) Neither agree nor disagree,9.5
(1) Full-time worker,(2) Female,5,(5) Strongly disagree,9
NA,NA,NA,NA,NA
(2) Part-time worker,(2) Female,2,(1) Strongly agree,107.5
(1) Full-time worker,(2) Female,12,(2) Agree,13.5
(1) Full-time worker,(2) Female,12,(1) Strongly agree,8.46000000001
(2) Part-time worker,(2) Female,12,(2) Agree,14.6
(1) Full-time worker,(2) Female,12,(2) Agree,27.77777777778
(1) Full-time worker,(2) Female,12,(1) Strongly agree,15
NA,NA,NA,NA,NA
(1) Full-time worker,(2) Female,12,(2) Agree,8
NA,NA,NA,NA,NA
(1) Full-time worker,(2) Female,12,(3) Neither agree nor disagree,NA
NA,NA,NA,NA,NA
(1) Full-time worker,NA,12,NA,15
(1) Full-time worker,(2) Female,1,(2) Agree,14
(1) Full-time worker,(2) Female,9,(1) Strongly agree,15.42857142858
(1) Full-time worker,(2) Female,10,(1) Strongly agree,18.48
NA,(2) Female,11,(2) Agree,45.40540540541
(1) Full-time worker,(2) Female,10,(2) Agree,17.02
(1) Full-time worker,(2) Female,10,(1) Strongly agree,25
(2) Part-time worker,(2) Female,12,(1) Strongly agree,16.35000000001
(1) Full-time worker,(2) Female,12,(1) Strongly agree,23
(1) Full-time worker,(2) Female,12,(2) Agree,33.91812865498
(1) Full-time worker,(2) Female,4,(2) Agree,9
(1) Full-time worker,(2) Female,12,(2) Agree,9
(1) Full-time worker,(2) Female,12,(1) Strongly agree,11.62790697675
(1) Full-time worker,(2) Female,12,(3) Neither agree nor disagree,9
NA,NA,NA,NA,NA
(2) Part-time worker,(2) Female,12,(1) Strongly agree,12.64705882353
(1) Full-time worker,(2) Female,12,(1) Strongly agree,11.5
(2) Part-time worker,(2) Female,9,(1) Strongly agree,12.25
(1) Full-time worker,(2) Female,9,(3) Neither agree nor disagree,15.83333333334
(1) Full-time worker,(2) Female,12,(2) Agree,15.625
(1) Full-time worker,(2) Female,12,(4) Disagree,12
(1) Full-time worker,NA,12,(5) Strongly disagree,19.5
(1) Full-time worker,(2) Female,12,(3) Neither agree nor disagree,19.711538461539998
(2) Part-time worker,(2) Female,10,(2) Agree,16.57
(2) Part-time worker,(2) Female,12,(1) Strongly agree,18.33333333334
(1) Full-time worker,(2) Female,12,(1) Strongly agree,14.4
NA,NA,NA,NA,NA
NA,NA,NA,NA,NA
(1) Full-time worker,(2) Female,12,(1) Strongly agree,NA
(1) Full-time worker,(2) Female,12,(1) Strongly agree,10.52631578948
(1) Full-time worker,(2) Female,12,(1) Strongly agree,NA
(1) Full-time worker,(2) Female,12,(1) Strongly agree,10
(2) Part-time worker,(2) Female,12,(1) Strongly agree,12
NA,NA,NA,NA,NA
(1) Full-time worker,(2) Female,12,(2) Agree,17.2
(1) Full-time worker,(2) Female,8,(2) Agree,7.5
NA,NA,NA,NA,NA
(1) Full-time worker,(2) Female,10,(1) Strongly agree,13.75
(1) Full-time worker,(2) Female,12,(1) Strongly agree,17.14285714286
(1) Full-time worker,(2) Female,10,(1) Strongly agree,16
(2) Part-time worker,(2) Female,10,(1) Strongly agree,11
(1) Full-time worker,(2) Female,12,(1) Strongly agree,12
(1) Full-time worker,(2) Female,12,(2) Agree,11
(1) Full-time worker,(2) Female,12,(2) Agree,9.09090909091
(2) Part-time worker,(2) Female,9,(2) Agree,18
(1) Full-time worker,(2) Female,8,(5) Strongly disagree,11.75
(1) Full-time worker,(2) Female,10,(1) Strongly agree,12.5
(1) Full-time worker,(2) Female,12,(1) Strongly agree,10
(1) Full-time worker,(2) Female,12,(1) Strongly agree,10.5
(2) Part-time worker,(2) Female,3,(5) Strongly disagree,54.9575
(1) Full-time worker,(2) Female,12,(1) Strongly agree,16.19736842106
(1) Full-time worker,(2) Female,12,(2) Agree,10
(1) Full-time worker,(2) Female,10,(2) Agree,10.80000000001
(1) Full-time worker,(2) Female,6,(1) Strongly agree,15
(1) Full-time worker,(1) Male,12,(1) Strongly agree,13
(1) Full-time worker,(2) Female,3,(2) Agree,15
(1) Full-time worker,(2) Female,12,(1) Strongly agree,NA
(1) Full-time worker,NA,12,(4) Disagree,NA
(2) Part-time worker,(2) Female,1,(1) Strongly agree,8.85
(2) Part-time worker,(2) Female,12,(4) Disagree,9.75
(1) Full-time worker,(2) Female,10,(3) Neither agree nor disagree,10.38000000001
(1) Full-time worker,(2) Female,12,(2) Agree,NA
(2) Part-time worker,(2) Female,10,(1) Strongly agree,12
(1) Full-time worker,(2) Female,11,(3) Neither agree nor disagree,28.125
(1) Full-time worker,(2) Female,4,(1) Strongly agree,12
(1) Full-time worker,(2) Female,12,(1) Strongly agree,11
(1) Full-time worker,(2) Female,12,(1) Strongly agree,12.5
(1) Full-time worker,(2) Female,12,(1) Strongly agree,14.5
(2) Part-time worker,(2) Female,4,(1) Strongly agree,9.35
(2) Part-time worker,(2) Female,12,(1) Strongly agree,13
(1) Full-time worker,(2) Female,12,(1) Strongly agree,10
(2) Part-time worker,(2) Female,12,(4) Disagree,52.85714285715
(1) Full-time worker,(2) Female,11,(2) Agree,NA
(1) Full-time worker,(2) Female,11,(2) Agree,17.43
(2) Part-time worker,(2) Female,9,(1) Strongly agree,20
NA,NA,NA,NA,NA
(1) Full-time worker,(1) Male,9,(1) Strongly agree,NA
(1) Full-time worker,(2) Female,12,(2) Agree,26.44230769231
(1) Full-time worker,(2) Female,12,(2) Agree,7.95918367347
(1) Full-time worker,(2) Female,12,(2) Agree,11.25
NA,NA,NA,NA,NA
(1) Full-time worker,(2) Female,12,(2) Agree,13
(1) Full-time worker,(2) Female,12,(1) Strongly agree,15.45
(1) Full-time worker,(2) Female,12,(1) Strongly agree,12.75
NA,NA,NA,NA,NA
(2) Part-time worker,(2) Female,12,(2) Agree,8.5
(2) Part-time worker,(2) Female,10,(2) Agree,20.93981481482
(1) Full-time worker,(2) Female,12,(3) Neither agree nor disagree,20
(1) Full-time worker,(2) Female,12,(2) Agree,10.25
(1) Full-time worker,(2) Female,12,(1) Strongly agree,12
(1) Full-time worker,(2) Female,10,(2) Agree,24.30555555556
(1) Full-time worker,(2) Female,12,(3) Neither agree nor disagree,NA
NA,NA,NA,NA,NA
(1) Full-time worker,(2) Female,12,(2) Agree,11.75
(1) Full-time worker,(2) Female,12,(5) Strongly disagree,9
(1) Full-time worker,(2) Female,11,(1) Strongly agree,7.146125
(1) Full-time worker,(2) Female,12,(2) Agree,12.5
NA,NA,NA,NA,NA
(1) Full-time worker,(2) Female,12,(2) Agree,12.5
(1) Full-time worker,(2) Female,10,(3) Neither agree nor disagree,12
(1) Full-time worker,(2) Female,6,(2) Agree,9.56
(2) Part-time worker,(2) Female,12,(2) Agree,12
(1) Full-time worker,(2) Female,11,(2) Agree,15.14
(1) Full-time worker,(2) Female,12,(2) Agree,8.75
(1) Full-time worker,(2) Female,12,(2) Agree,9.25
(1) Full-time worker,(2) Female,12,(1) Strongly agree,22.36842105264
(2) Part-time worker,(2) Female,NA,(2) Agree,11
(1) Full-time worker,(2) Female,12,(2) Agree,18.88888888889
(1) Full-time worker,(2) Female,6,(2) Agree,NA
(1) Full-time worker,(2) Female,12,(2) Agree,8.125
NA,NA,NA,NA,NA
(1) Full-time worker,(2) Female,10,(1) Strongly agree,13
(1) Full-time worker,(2) Female,10,(2) Agree,NA
(1) Full-time worker,(2) Female,12,(1) Strongly agree,11
(1) Full-time worker,(2) Female,12,(1) Strongly agree,15
(1) Full-time worker,(2) Female,12,(2) Agree,12.24
(1) Full-time worker,(2) Female,12,(4) Disagree,9
(2) Part-time worker,(2) Female,12,(2) Agree,16
(1) Full-time worker,(2) Female,12,(2) Agree,12.16822
(2) Part-time worker,(2) Female,7,(4) Disagree,12
(2) Part-time worker,NA,7,NA,5
(1) Full-time worker,(2) Female,12,(3) Neither agree nor disagree,NA
(1) Full-time worker,(2) Female,11,(2) Agree,10
(1) Full-time worker,(2) Female,12,(2) Agree,8.75
(1) Full-time worker,(2) Female,12,(1) Strongly agree,3.75
(2) Part-time worker,(2) Female,NA,(2) Agree,10.33333333334
(2) Part-time worker,(2) Female,9,(2) Agree,10.83333333334
(2) Part-time worker,(2) Female,11,(2) Agree,54.9575
(1) Full-time worker,(2) Female,12,(2) Agree,16.76000000001
(1) Full-time worker,(2) Female,8,(2) Agree,9.5
(1) Full-time worker,(2) Female,NA,(4) Disagree,8
(1) Full-time worker,(2) Female,9,(1) Strongly agree,42.61842105264
(1) Full-time worker,(1) Male,9,(1) Strongly agree,33.62679425838
(1) Full-time worker,(2) Female,10,(1) Strongly agree,5.3
(1) Full-time worker,(2) Female,12,(1) Strongly agree,NA
(1) Full-time worker,(2) Female,10,(2) Agree,15.36
(1) Full-time worker,(2) Female,10,(2) Agree,38.88888888889
(1) Full-time worker,(2) Female,9,(3) Neither agree nor disagree,NA
(1) Full-time worker,(2) Female,12,(4) Disagree,13.77
(2) Part-time worker,(2) Female,8,(1) Strongly agree,15
(1) Full-time worker,(2) Female,12,(1) Strongly agree,24.16666666667
(1) Full-time worker,(2) Female,12,(1) Strongly agree,16
(2) Part-time worker,(2) Female,3,(2) Agree,10
(1) Full-time worker,(2) Female,10,(1) Strongly agree,6.92307692308
NA,NA,NA,NA,NA
(1) Full-time worker,(2) Female,12,(4) Disagree,16.5
NA,NA,NA,NA,NA
(1) Full-time worker,(2) Female,12,(1) Strongly agree,9
(1) Full-time worker,(2) Female,12,(1) Strongly agree,NA
(2) Part-time worker,(2) Female,12,(1) Strongly agree,8
(1) Full-time worker,(2) Female,12,(2) Agree,15
(1) Full-time worker,(2) Female,9,(4) Disagree,15.82
(1) Full-time worker,(2) Female,12,(2) Agree,13.95
(1) Full-time worker,(2) Female,1,(4) Disagree,6.96263736264
(1) Full-time worker,(2) Female,12,(1) Strongly agree,8.49
(1) Full-time worker,(2) Female,12,(1) Strongly agree,28
(1) Full-time worker,(2) Female,10,(2) Agree,38.88888888889
(1) Full-time worker,(2) Female,12,(2) Agree,14
(1) Full-time worker,(2) Female,10,(1) Strongly agree,38.88888888889
(1) Full-time worker,(2) Female,12,(1) Strongly agree,5.76923076924
(1) Full-time worker,(2) Female,12,(1) Strongly agree,5.76923076924
(1) Full-time worker,(2) Female,9,(2) Agree,27.73826458037
(1) Full-time worker,(2) Female,2,(2) Agree,12
(1) Full-time worker,(2) Female,2,(3) Neither agree nor disagree,13
(1) Full-time worker,(2) Female,12,(2) Agree,12
(2) Part-time worker,(2) Female,9,(1) Strongly agree,26.78571428572
(2) Part-time worker,(2) Female,9,(2) Agree,12
(1) Full-time worker,(2) Female,10,(2) Agree,11.8
(1) Full-time worker,(2) Female,11,(2) Agree,12
NA,NA,NA,NA,NA
(1) Full-time worker,(2) Female,12,(1) Strongly agree,7.5
(1) Full-time worker,(2) Female,12,(2) Agree,15.38461538462
(1) Full-time worker,(2) Female,12,(1) Strongly agree,11.538461538469999
(1) Full-time worker,(2) Female,12,(2) Agree,12
(2) Part-time worker,(2) Female,12,(1) Strongly agree,12
(1) Full-time worker,(2) Female,12,(2) Agree,19.24
(2) Part-time worker,(2) Female,10,(1) Strongly agree,12.04545454546
(1) Full-time worker,(2) Female,12,(1) Strongly agree,NA
(1) Full-time worker,(2) Female,12,(2) Agree,15.45
(2) Part-time worker,(2) Female,12,(3) Neither agree nor disagree,8.25
(2) Part-time worker,(2) Female,9,(2) Agree,11
(1) Full-time worker,(2) Female,12,(1) Strongly agree,12
(1) Full-time worker,(1) Male,10,(1) Strongly agree,20.20833333334
(1) Full-time worker,(2) Female,12,(2) Agree,NA
(1) Full-time worker,(2) Female,12,(2) Agree,NA
(1) Full-time worker,(2) Female,12,(2) Agree,NA
(2) Part-time worker,(2) Female,8,(1) Strongly agree,20
(1) Full-time worker,(2) Female,9,(2) Agree,38.09523809524
(2) Part-time worker,(2) Female,9,(1) Strongly agree,8
(1) Full-time worker,(2) Female,12,(2) Agree,15.59
(2) Part-time worker,(2) Female,12,(2) Agree,19
(2) Part-time worker,(2) Female,12,(2) Agree,11
(1) Full-time worker,(2) Female,9,(1) Strongly agree,23
(1) Full-time worker,(1) Male,12,(2) Agree,10
(2) Part-time worker,(2) Female,12,(2) Agree,13.5
(1) Full-time worker,(2) Female,12,(1) Strongly agree,14.25
(1) Full-time worker,(2) Female,8,(1) Strongly agree,16.60000000001
NA,NA,NA,NA,NA
NA,NA,NA,NA,NA
(1) Full-time worker,(2) Female,12,(4) Disagree,NA
(2) Part-time worker,(2) Female,8,(4) Disagree,NA
(1) Full-time worker,(2) Female,12,(1) Strongly agree,14
NA,NA,NA,NA,NA
(2) Part-time worker,(2) Female,12,(1) Strongly agree,10.22727272728
(1) Full-time worker,(2) Female,12,(2) Agree,16
(1) Full-time worker,(2) Female,12,(1) Strongly agree,12.13
(1) Full-time worker,(2) Female,12,(3) Neither agree nor disagree,12.5
(1) Full-time worker,(2) Female,6,(1) Strongly agree,16.25
(2) Part-time worker,(2) Female,12,(1) Strongly agree,11
(1) Full-time worker,(2) Female,12,(2) Agree,15
(1) Full-time worker,(2) Female,12,(2) Agree,6.41025641026
(1) Full-time worker,(2) Female,8,(2) Agree,33.33333333334
(1) Full-time worker,(2) Female,3,(1) Strongly agree,11
(1) Full-time worker,(2) Female,12,(2) Agree,14.66
(1) Full-time worker,(2) Female,12,(1) Strongly agree,NA
(1) Full-time worker,(2) Female,12,(3) Neither agree nor disagree,11
(1) Full-time worker,(2) Female,12,(2) Agree,13.5
(1) Full-time worker,(2) Female,12,(1) Strongly agree,15
(2) Part-time worker,(2) Female,12,(2) Agree,12.5
(1) Full-time worker,(2) Female,12,(2) Agree,7.69230769231
(1) Full-time worker,(2) Female,12,(2) Agree,17.55
(2) Part-time worker,(2) Female,7,(1) Strongly agree,15.11111111112
(1) Full-time worker,(2) Female,9,(1) Strongly agree,12
(1) Full-time worker,(2) Female,12,(2) Agree,17.46
(1) Full-time worker,(2) Female,1,(1) Strongly agree,11
(1) Full-time worker,(2) Female,10,(2) Agree,18.61360718871
(1) Full-time worker,(2) Female,12,(1) Strongly agree,18
(1) Full-time worker,(2) Female,NA,(1) Strongly agree,NA
NA,NA,NA,NA,NA
(1) Full-time worker,(2) Female,NA,(3) Neither agree nor disagree,12
NA,NA,NA,NA,NA
NA,NA,NA,NA,NA
(1) Full-time worker,(2) Female,1,(1) Strongly agree,7.5
(1) Full-time worker,(2) Female,12,(1) Strongly agree,12.5
(1) Full-time worker,(2) Female,12,(1) Strongly agree,19.8717948718
NA,NA,NA,NA,NA
(2) Part-time worker,(2) Female,12,(1) Strongly agree,26.31578947369
(2) Part-time worker,(2) Female,12,(1) Strongly agree,9.5
(2) Part-time worker,(2) Female,12,(2) Agree,12
(2) Part-time worker,(2) Female,10,(1) Strongly agree,51.42857142858
(1) Full-time worker,(2) Female,12,(2) Agree,9
(1) Full-time worker,(2) Female,12,(1) Strongly agree,18
(1) Full-time worker,(2) Female,10,(1) Strongly agree,8.6538461538499991
(2) Part-time worker,(2) Female,6,(1) Strongly agree,8
(1) Full-time worker,(2) Female,12,(3) Neither agree nor disagree,12
(1) Full-time worker,(2) Female,12,(1) Strongly agree,14
NA,NA,NA,NA,NA
(1) Full-time worker,(2) Female,12,(2) Agree,22.5
(1) Full-time worker,(2) Female,9,(2) Agree,15.25
(1) Full-time worker,(2) Female,12,(1) Strongly agree,32.14285714286
(1) Full-time worker,(2) Female,2,(3) Neither agree nor disagree,20
(1) Full-time worker,(2) Female,12,(1) Strongly agree,18.32
(1) Full-time worker,(2) Female,9,(2) Agree,15
(1) Full-time worker,(2) Female,11,(1) Strongly agree,4
NA,NA,NA,NA,NA
(1) Full-time worker,(2) Female,12,(2) Agree,10
NA,(2) Female,NA,(2) Agree,NA
(2) Part-time worker,(2) Female,12,(2) Agree,7
(1) Full-time worker,(2) Female,12,(2) Agree,14.5
NA,(2) Female,12,(2) Agree,2.85714285715
(1) Full-time worker,(2) Female,12,(2) Agree,NA
(1) Full-time worker,(2) Female,12,(2) Agree,15
(1) Full-time worker,(2) Female,12,(2) Agree,15.75
NA,NA,NA,NA,NA
(1) Full-time worker,(2) Female,9,(2) Agree,18.88888888889
(1) Full-time worker,(2) Female,12,(2) Agree,NA
(1) Full-time worker,(2) Female,12,(2) Agree,9
(1) Full-time worker,(2) Female,10,(2) Agree,NA
(1) Full-time worker,NA,12,NA,8.6052631579
(2) Part-time worker,(2) Female,12,(2) Agree,9.6
(1) Full-time worker,(2) Female,10,(1) Strongly agree,NA
(1) Full-time worker,(2) Female,12,(1) Strongly agree,NA
(1) Full-time worker,(2) Female,6,(2) Agree,11
(1) Full-time worker,(2) Female,12,(3) Neither agree nor disagree,12
(1) Full-time worker,(2) Female,NA,(2) Agree,13.75
(1) Full-time worker,(2) Female,12,(2) Agree,16.5
(2) Part-time worker,(2) Female,9,(1) Strongly agree,NA
(1) Full-time worker,(2) Female,12,(2) Agree,16.54054054055
(2) Part-time worker,(2) Female,12,(1) Strongly agree,10
NA,NA,NA,NA,NA
(1) Full-time worker,(2) Female,10,(2) Agree,10
(1) Full-time worker,(2) Female,9,(4) Disagree,10
(1) Full-time worker,(2) Female,10,(1) Strongly agree,12.75
(1) Full-time worker,(2) Female,12,(3) Neither agree nor disagree,11.32011133604
(1) Full-time worker,(2) Female,8,(2) Agree,12
(1) Full-time worker,(2) Female,9,(2) Agree,24.44444444445
(1) Full-time worker,(2) Female,12,(2) Agree,7.14285714286
(1) Full-time worker,(2) Female,7,(2) Agree,8
NA,NA,NA,NA,NA
(1) Full-time worker,(2) Female,10,(3) Neither agree nor disagree,19.41666666667
(1) Full-time worker,(2) Female,9,(2) Agree,15.725
(2) Part-time worker,(2) Female,6,(2) Agree,9.5
(1) Full-time worker,(2) Female,10,(2) Agree,10.5
(2) Part-time worker,(2) Female,12,(4) Disagree,16.45
(1) Full-time worker,(2) Female,12,(1) Strongly agree,19.53
(1) Full-time worker,(2) Female,3,(1) Strongly agree,8
(1) Full-time worker,(2) Female,2,(1) Strongly agree,8.25
(1) Full-time worker,(2) Female,12,(2) Agree,13.75
(1) Full-time worker,(2) Female,9,(1) Strongly agree,28
(1) Full-time worker,(2) Female,12,(1) Strongly agree,8.5
(1) Full-time worker,(2) Female,12,(2) Agree,10.5
(2) Part-time worker,(2) Female,8,(2) Agree,9.5
(1) Full-time worker,(2) Female,12,(1) Strongly agree,16
(1) Full-time worker,(2) Female,12,(1) Strongly agree,5
(2) Part-time worker,(2) Female,12,(1) Strongly agree,NA
NA,NA,NA,NA,NA
(1) Full-time worker,(2) Female,12,(2) Agree,NA
(1) Full-time worker,(2) Female,1,(1) Strongly agree,16.73611111112
(1) Full-time worker,(2) Female,12,(1) Strongly agree,11
(1) Full-time worker,(2) Female,12,(2) Agree,54.9575
(2) Part-time worker,(2) Female,12,(1) Strongly agree,10
(2) Part-time worker,(2) Female,10,(1) Strongly agree,15.19
(2) Part-time worker,(2) Female,11,(2) Agree,12
NA,NA,NA,NA,NA
(1) Full-time worker,(2) Female,12,(3) Neither agree nor disagree,13.75
(1) Full-time worker,(2) Female,3,(4) Disagree,7.5
(1) Full-time worker,(2) Female,5,(1) Strongly agree,9.5
(2) Part-time worker,(2) Female,5,(2) Agree,10.46875
(1) Full-time worker,(2) Female,12,(2) Agree,14.85
(1) Full-time worker,(2) Female,10,(1) Strongly agree,54.9575
(2) Part-time worker,(2) Female,9,(1) Strongly agree,14.5
NA,NA,NA,NA,NA
(1) Full-time worker,(2) Female,1,(2) Agree,15.25
NA,NA,NA,NA,NA
(2) Part-time worker,(2) Female,12,(1) Strongly agree,15
(2) Part-time worker,(2) Female,9,(1) Strongly agree,50.83333333334
(2) Part-time worker,(2) Female,10,(3) Neither agree nor disagree,10.75
(1) Full-time worker,(2) Female,9,(1) Strongly agree,23.33333333334
(1) Full-time worker,(2) Female,12,(2) Agree,24
(2) Part-time worker,(2) Female,12,(2) Agree,12.5
(1) Full-time worker,(2) Female,9,(1) Strongly agree,22.22222222223
(1) Full-time worker,(2) Female,12,(1) Strongly agree,11.96581196582
(1) Full-time worker,(2) Female,10,(5) Strongly disagree,40.70000000001
(1) Full-time worker,(2) Female,12,(2) Agree,11
(1) Full-time worker,(2) Female,12,(3) Neither agree nor disagree,8.6046511628
(1) Full-time worker,(2) Female,10,(2) Agree,23.95833333334
(1) Full-time worker,(2) Female,10,(4) Disagree,12.42
(1) Full-time worker,(2) Female,10,(1) Strongly agree,NA
(1) Full-time worker,(2) Female,9,(1) Strongly agree,NA
(1) Full-time worker,(2) Female,12,(2) Agree,10
(1) Full-time worker,(2) Female,12,(1) Strongly agree,7.9875
(1) Full-time worker,(1) Male,12,(1) Strongly agree,20
(1) Full-time worker,(2) Female,9,(1) Strongly agree,9.33333333334
(1) Full-time worker,(2) Female,12,(2) Agree,13.5
(1) Full-time worker,(2) Female,12,(1) Strongly agree,12.82051282052
NA,NA,NA,NA,NA
NA,NA,NA,NA,NA
(1) Full-time worker,(2) Female,12,(1) Strongly agree,16
(1) Full-time worker,(2) Female,12,(2) Agree,13.23529411765
NA,(2) Female,12,(3) Neither agree nor disagree,8.25
(2) Part-time worker,(2) Female,9,(2) Agree,10
(1) Full-time worker,(2) Female,12,(2) Agree,8.68
(2) Part-time worker,(2) Female,1,(1) Strongly agree,8.25
(1) Full-time worker,(2) Female,12,(1) Strongly agree,14.28571428572
(1) Full-time worker,(2) Female,12,(2) Agree,7.5
(1) Full-time worker,(2) Female,12,(3) Neither agree nor disagree,8.64411764706
(2) Part-time worker,(2) Female,9,(1) Strongly agree,16.5
(1) Full-time worker,(2) Female,10,(1) Strongly agree,NA
(1) Full-time worker,(2) Female,12,(1) Strongly agree,12
NA,NA,NA,NA,NA
(1) Full-time worker,(2) Female,11,(1) Strongly agree,10.625
(2) Part-time worker,(2) Female,3,(1) Strongly agree,10
(2) Part-time worker,(2) Female,NA,(1) Strongly agree,30.61224489796
(1) Full-time worker,(2) Female,10,(2) Agree,11.35
(1) Full-time worker,(2) Female,12,(1) Strongly agree,15.30612244898
(1) Full-time worker,(2) Female,9,(2) Agree,10.52
(1) Full-time worker,(2) Female,12,(1) Strongly agree,NA
(1) Full-time worker,(2) Female,11,(2) Agree,25.46388888889
(1) Full-time worker,(2) Female,12,(1) Strongly agree,9
(1) Full-time worker,(2) Female,12,(1) Strongly agree,13.98601398602
(1) Full-time worker,(2) Female,12,(1) Strongly agree,17.42919389979
(2) Part-time worker,(2) Female,12,(1) Strongly agree,9
(1) Full-time worker,(2) Female,12,(1) Strongly agree,4.44444444445
(1) Full-time worker,(2) Female,4,(4) Disagree,8
(1) Full-time worker,(2) Female,12,(2) Agree,13.4168157424
(1) Full-time worker,(2) Female,9,(4) Disagree,25.64102564103
(1) Full-time worker,(2) Female,5,(3) Neither agree nor disagree,9.75
(1) Full-time worker,(2) Female,12,(2) Agree,8
(1) Full-time worker,(2) Female,12,(2) Agree,18
(1) Full-time worker,(2) Female,2,(1) Strongly agree,107.5
(1) Full-time worker,(2) Female,12,(2) Agree,10
(1) Full-time worker,(2) Female,12,(3) Neither agree nor disagree,13
(1) Full-time worker,(2) Female,12,(3) Neither agree nor disagree,14.25
(1) Full-time worker,(2) Female,12,(1) Strongly agree,12.5
(1) Full-time worker,(2) Female,12,(1) Strongly agree,11.25
(1) Full-time worker,(2) Female,10,(1) Strongly agree,11.17
(1) Full-time worker,(2) Female,12,(1) Strongly agree,8.65
(1) Full-time worker,(2) Female,3,(2) Agree,9
NA,NA,NA,NA,NA
(1) Full-time worker,(2) Female,6,(1) Strongly agree,11
(1) Full-time worker,(2) Female,12,(2) Agree,7.25
(1) Full-time worker,(2) Female,12,(1) Strongly agree,7.25
(1) Full-time worker,(2) Female,12,(1) Strongly agree,NA
(1) Full-time worker,(2) Female,5,(2) Agree,9
(1) Full-time worker,(2) Female,12,(2) Agree,14
(1) Full-time worker,(2) Female,1,(1) Strongly agree,18.441625
(1) Full-time worker,(2) Female,12,(2) Agree,7.63
(1) Full-time worker,(2) Female,1,(2) Agree,3.84615384616
(1) Full-time worker,NA,10,(1) Strongly agree,11.71875
(1) Full-time worker,(2) Female,12,(1) Strongly agree,11.538461538469999
(1) Full-time worker,(2) Female,12,(3) Neither agree nor disagree,18.42105263158
(2) Part-time worker,(2) Female,12,(1) Strongly agree,9.5
(1) Full-time worker,(2) Female,12,(1) Strongly agree,8
(1) Full-time worker,(2) Female,12,(2) Agree,11.22
(1) Full-time worker,(2) Female,10,(1) Strongly agree,16.66666666667
(1) Full-time worker,(2) Female,12,(2) Agree,11.25
(1) Full-time worker,(2) Female,12,(2) Agree,19.37837837838
(1) Full-time worker,(2) Female,12,(1) Strongly agree,8.5
(1) Full-time worker,(2) Female,12,(2) Agree,15
(2) Part-time worker,(2) Female,12,(2) Agree,6.66666666667
(1) Full-time worker,(2) Female,12,(2) Agree,17
NA,NA,NA,NA,NA
(1) Full-time worker,(2) Female,12,(4) Disagree,14.87
(2) Part-time worker,(2) Female,9,(2) Agree,11
(1) Full-time worker,(1) Male,12,(1) Strongly agree,11.25
(1) Full-time worker,(2) Female,1,(1) Strongly agree,11
(1) Full-time worker,(2) Female,12,(1) Strongly agree,19.5
(1) Full-time worker,(2) Female,12,(1) Strongly agree,24
(2) Part-time worker,(2) Female,10,(3) Neither agree nor disagree,10
(1) Full-time worker,(2) Female,12,(2) Agree,10
(1) Full-time worker,(2) Female,12,(1) Strongly agree,10
(1) Full-time worker,(2) Female,12,(1) Strongly agree,9.75
(2) Part-time worker,(2) Female,12,(2) Agree,15
(1) Full-time worker,(2) Female,12,(3) Neither agree nor disagree,17
(1) Full-time worker,(2) Female,12,(1) Strongly agree,30
(1) Full-time worker,(2) Female,12,(1) Strongly agree,12.71428571429
(1) Full-time worker,(2) Female,12,(1) Strongly agree,11
(1) Full-time worker,(2) Female,3,(1) Strongly agree,10.5
(1) Full-time worker,(2) Female,9,(1) Strongly agree,16.25
(1) Full-time worker,(2) Female,7,(2) Agree,20.20202020203
(1) Full-time worker,(1) Male,12,(1) Strongly agree,13.33333333334
(1) Full-time worker,(2) Female,12,(4) Disagree,13.34
(2) Part-time worker,(2) Female,9,(2) Agree,10.05000000001
(1) Full-time worker,(2) Female,10,(1) Strongly agree,18.18181818182
(2) Part-time worker,(2) Female,12,(2) Agree,9.5
(1) Full-time worker,(2) Female,10,(2) Agree,11.25
(1) Full-time worker,(2) Female,12,(1) Strongly agree,19.45
(2) Part-time worker,(2) Female,11,(1) Strongly agree,7.5
(1) Full-time worker,(2) Female,10,(1) Strongly agree,19.49
(1) Full-time worker,(2) Female,11,(1) Strongly agree,11.76176470589
(2) Part-time worker,(2) Female,11,(1) Strongly agree,14.11764705883
(1) Full-time worker,(2) Female,1,(2) Agree,4.5
NA,NA,NA,NA,NA
(1) Full-time worker,(2) Female,9,(4) Disagree,14
(2) Part-time worker,(2) Female,9,(2) Agree,8.26086956522
NA,NA,NA,NA,NA
(1) Full-time worker,(2) Female,NA,(1) Strongly agree,15.55555555556
(1) Full-time worker,(2) Female,10,(1) Strongly agree,14
(1) Full-time worker,(2) Female,8,(2) Agree,11.25
(2) Part-time worker,(2) Female,12,(2) Agree,16
(1) Full-time worker,(2) Female,12,(1) Strongly agree,9
(2) Part-time worker,(2) Female,12,(2) Agree,13
(1) Full-time worker,(2) Female,12,(1) Strongly agree,12.5
(1) Full-time worker,(2) Female,12,(1) Strongly agree,10
(2) Part-time worker,(2) Female,12,(1) Strongly agree,20
NA,NA,NA,NA,NA
(1) Full-time worker,(2) Female,12,(1) Strongly agree,14
(1) Full-time worker,(2) Female,12,(1) Strongly agree,NA
(1) Full-time worker,(2) Female,12,(1) Strongly agree,14
(2) Part-time worker,(2) Female,9,(1) Strongly agree,8
(1) Full-time worker,(2) Female,12,(2) Agree,18.45
(2) Part-time worker,(2) Female,11,(1) Strongly agree,NA
(1) Full-time worker,(2) Female,12,(1) Strongly agree,10.75
(1) Full-time worker,(2) Female,12,(1) Strongly agree,7.5
(1) Full-time worker,(2) Female,12,(1) Strongly agree,11
(1) Full-time worker,(2) Female,12,(3) Neither agree nor disagree,8.5
NA,NA,NA,NA,NA
(2) Part-time worker,(2) Female,12,(1) Strongly agree,8.25
(1) Full-time worker,(2) Female,10,(1) Strongly agree,16
(1) Full-time worker,(2) Female,12,(2) Agree,NA
(2) Part-time worker,(2) Female,12,(1) Strongly agree,11.826923076929999
(1) Full-time worker,(2) Female,12,(1) Strongly agree,15
(1) Full-time worker,(2) Female,12,(2) Agree,27.35
(1) Full-time worker,(2) Female,12,(1) Strongly agree,10.15
(2) Part-time worker,(2) Female,12,(1) Strongly agree,51.42857142858
(1) Full-time worker,(2) Female,12,(2) Agree,NA
(2) Part-time worker,(2) Female,12,(1) Strongly agree,21.82
(2) Part-time worker,(2) Female,8,(1) Strongly agree,27.71354166667
(1) Full-time worker,(2) Female,12,(2) Agree,13.75
(2) Part-time worker,(2) Female,12,(3) Neither agree nor disagree,8.5
(1) Full-time worker,(2) Female,12,(1) Strongly agree,51.42857142858
(1) Full-time worker,(2) Female,9,(1) Strongly agree,10
(2) Part-time worker,(2) Female,12,(1) Strongly agree,15
(1) Full-time worker,(2) Female,12,(1) Strongly agree,10.41666666667
(1) Full-time worker,(2) Female,12,(2) Agree,10
NA,NA,NA,NA,NA
(1) Full-time worker,(2) Female,12,(1) Strongly agree,11.275
(1) Full-time worker,(2) Female,12,(3) Neither agree nor disagree,12.5
(2) Part-time worker,(2) Female,NA,(1) Strongly agree,18
(1) Full-time worker,(2) Female,12,(1) Strongly agree,17.02857142858
(1) Full-time worker,(2) Female,12,(3) Neither agree nor disagree,13
(1) Full-time worker,(2) Female,8,(3) Neither agree nor disagree,12.54166666667
(2) Part-time worker,(2) Female,9,(1) Strongly agree,11.25
(2) Part-time worker,(2) Female,6,(1) Strongly agree,11
(2) Part-time worker,(2) Female,12,(5) Strongly disagree,12.25
(1) Full-time worker,(2) Female,6,(4) Disagree,12
(2) Part-time worker,(2) Female,12,(1) Strongly agree,8.25
(1) Full-time worker,(2) Female,12,(1) Strongly agree,10.66
(1) Full-time worker,(2) Female,9,(2) Agree,17.64
(1) Full-time worker,(2) Female,11,(2) Agree,16.45
(1) Full-time worker,(2) Female,12,(1) Strongly agree,14.55
(1) Full-time worker,(2) Female,10,(1) Strongly agree,NA
(1) Full-time worker,(2) Female,12,(2) Agree,17
(1) Full-time worker,(2) Female,10,(1) Strongly agree,39.28571428572
(1) Full-time worker,(2) Female,12,(1) Strongly agree,8.25
(1) Full-time worker,(2) Female,12,(2) Agree,9.5
(1) Full-time worker,(2) Female,8,(1) Strongly agree,NA
(1) Full-time worker,(2) Female,12,(2) Agree,11
(1) Full-time worker,(2) Female,12,(1) Strongly agree,11
(2) Part-time worker,(2) Female,10,(2) Agree,15
(2) Part-time worker,(2) Female,12,(1) Strongly agree,15
(1) Full-time worker,(2) Female,12,(2) Agree,10
(1) Full-time worker,(2) Female,10,(3) Neither agree nor disagree,10
(1) Full-time worker,(2) Female,11,(4) Disagree,10.5
(1) Full-time worker,(2) Female,11,(2) Agree,NA
(1) Full-time worker,(2) Female,12,(1) Strongly agree,18.66666666667
(1) Full-time worker,(2) Female,12,(4) Disagree,11.5
(1) Full-time worker,(2) Female,9,(1) Strongly agree,26.11479069768
(1) Full-time worker,(2) Female,12,(2) Agree,13.42105263158
(1) Full-time worker,(2) Female,12,(2) Agree,12.5
(1) Full-time worker,(2) Female,12,(1) Strongly agree,12.5
(1) Full-time worker,(2) Female,12,(1) Strongly agree,11
(1) Full-time worker,(2) Female,12,(1) Strongly agree,9.27
(1) Full-time worker,(2) Female,12,(2) Agree,15
(2) Part-time worker,(2) Female,12,(3) Neither agree nor disagree,9.9
NA,NA,NA,NA,NA
(2) Part-time worker,(2) Female,9,(1) Strongly agree,18
(1) Full-time worker,(2) Female,12,(2) Agree,10
(1) Full-time worker,(2) Female,11,(2) Agree,16.25
(1) Full-time worker,(2) Female,9,(4) Disagree,13.88888888889
(1) Full-time worker,(2) Female,12,(4) Disagree,25.86046511628
(1) Full-time worker,(2) Female,10,(1) Strongly agree,8.33333333334
(1) Full-time worker,(2) Female,12,(1) Strongly agree,30.55555555556
NA,NA,NA,NA,NA
(1) Full-time worker,(2) Female,9,(2) Agree,18.22368421053
(1) Full-time worker,(2) Female,9,(3) Neither agree nor disagree,11.64473684211
(1) Full-time worker,(2) Female,9,(2) Agree,37.20238095239
(1) Full-time worker,(2) Female,12,(2) Agree,9.5
(1) Full-time worker,(2) Female,12,(1) Strongly agree,NA
(2) Part-time worker,(2) Female,10,(4) Disagree,7.25
(1) Full-time worker,(2) Female,12,(4) Disagree,9
(1) Full-time worker,(2) Female,12,(4) Disagree,4.25
(2) Part-time worker,(2) Female,9,(1) Strongly agree,9.72222222223
(1) Full-time worker,(2) Female,10,(2) Agree,33
(2) Part-time worker,(2) Female,12,(2) Agree,13.2
(2) Part-time worker,(2) Female,9,(1) Strongly agree,17
(1) Full-time worker,(2) Female,10,(2) Agree,8.25
(2) Part-time worker,(2) Female,2,(1) Strongly agree,11
(1) Full-time worker,(2) Female,12,(2) Agree,18.02
(1) Full-time worker,(2) Female,12,(2) Agree,9.5
(2) Part-time worker,(2) Female,12,(1) Strongly agree,11.25
(1) Full-time worker,(2) Female,12,(1) Strongly agree,12.5
(1) Full-time worker,(2) Female,12,(1) Strongly agree,NA
NA,NA,NA,NA,NA
(1) Full-time worker,(2) Female,12,(4) Disagree,13.4
(1) Full-time worker,(2) Female,12,(3) Neither agree nor disagree,29.86111111112
(1) Full-time worker,(2) Female,12,(1) Strongly agree,NA
(1) Full-time worker,(2) Female,12,(2) Agree,12.8125
(1) Full-time worker,(2) Female,3,(2) Agree,11
(1) Full-time worker,(2) Female,9,(1) Strongly agree,9.3918918919
(1) Full-time worker,(2) Female,9,(1) Strongly agree,25.43859649123
(1) Full-time worker,(2) Female,12,(2) Agree,15
(2) Part-time worker,(2) Female,10,(1) Strongly agree,18.33333333334
(1) Full-time worker,(2) Female,5,(2) Agree,NA
(2) Part-time worker,(2) Female,12,(1) Strongly agree,9
(1) Full-time worker,(2) Female,8,(2) Agree,16.25
(1) Full-time worker,(2) Female,12,(1) Strongly agree,12.76595744681
(1) Full-time worker,(2) Female,12,(2) Agree,12
(1) Full-time worker,(2) Female,12,(2) Agree,12.5
NA,NA,NA,NA,NA
(1) Full-time worker,(2) Female,12,(2) Agree,12
(2) Part-time worker,(2) Female,9,(1) Strongly agree,25
(1) Full-time worker,(2) Female,12,(2) Agree,15
(2) Part-time worker,(2) Female,10,(3) Neither agree nor disagree,14.66
(1) Full-time worker,(2) Female,12,(1) Strongly agree,12
(1) Full-time worker,(2) Female,5,(2) Agree,9
(2) Part-time worker,(2) Female,12,(3) Neither agree nor disagree,10
(1) Full-time worker,(2) Female,10,(4) Disagree,15.76923076924
(1) Full-time worker,(2) Female,12,(4) Disagree,23.07692307693
(1) Full-time worker,NA,NA,(3) Neither agree nor disagree,13
(1) Full-time worker,(2) Female,3,(1) Strongly agree,13.75
(1) Full-time worker,(2) Female,12,(2) Agree,18
(1) Full-time worker,(2) Female,12,(4) Disagree,10
(1) Full-time worker,(2) Female,12,(2) Agree,11
(2) Part-time worker,(2) Female,9,(1) Strongly agree,11
(1) Full-time worker,(2) Female,12,(1) Strongly agree,12
(1) Full-time worker,(2) Female,12,(2) Agree,20.45454545455
(2) Part-time worker,(2) Female,12,(2) Agree,14.5
(1) Full-time worker,(2) Female,12,(2) Agree,9.75
(1) Full-time worker,(2) Female,10,(1) Strongly agree,22.86
(1) Full-time worker,(2) Female,12,(1) Strongly agree,12
(1) Full-time worker,(2) Female,12,(1) Strongly agree,13.25
NA,NA,NA,NA,NA
(1) Full-time worker,(2) Female,12,NA,16
(2) Part-time worker,(2) Female,12,(1) Strongly agree,NA
(2) Part-time worker,(2) Female,4,(2) Agree,10.5
(2) Part-time worker,(2) Female,12,(2) Agree,12
(1) Full-time worker,(1) Male,10,(2) Agree,29.22077922078
(1) Full-time worker,(2) Female,12,(2) Agree,11
NA,NA,NA,NA,NA
NA,NA,NA,NA,NA
(2) Part-time worker,(2) Female,12,(1) Strongly agree,12.45
(1) Full-time worker,(2) Female,12,(2) Agree,12.55
(1) Full-time worker,(2) Female,12,(1) Strongly agree,14
(1) Full-time worker,(2) Female,10,(1) Strongly agree,20.35000000001
(1) Full-time worker,(2) Female,12,(2) Agree,NA
(1) Full-time worker,(2) Female,12,(1) Strongly agree,1.875
(1) Full-time worker,(2) Female,12,(3) Neither agree nor disagree,15.5
NA,(2) Female,7,(1) Strongly agree,NA
NA,NA,NA,NA,NA
(2) Part-time worker,(2) Female,12,(1) Strongly agree,13
(2) Part-time worker,(2) Female,12,(2) Agree,7.25
(1) Full-time worker,(2) Female,12,(2) Agree,20.11
(1) Full-time worker,(2) Female,12,(5) Strongly disagree,9.5
(2) Part-time worker,(2) Female,10,(1) Strongly agree,10
(1) Full-time worker,(2) Female,2,(1) Strongly agree,13
(1) Full-time worker,(2) Female,10,(1) Strongly agree,31.92857142858
(2) Part-time worker,(2) Female,9,(1) Strongly agree,NA
(1) Full-time worker,(2) Female,12,(2) Agree,18.40277777778
(2) Part-time worker,(2) Female,12,(2) Agree,8.25
(1) Full-time worker,(1) Male,12,(2) Agree,24
NA,NA,NA,NA,NA
(2) Part-time worker,(2) Female,11,(2) Agree,13
(2) Part-time worker,(2) Female,1,(3) Neither agree nor disagree,15
(1) Full-time worker,(2) Female,12,NA,14.5
(1) Full-time worker,(2) Female,10,(2) Agree,9.5
(1) Full-time worker,(2) Female,12,(2) Agree,10.09642857143
(1) Full-time worker,(2) Female,12,(1) Strongly agree,12
(1) Full-time worker,(2) Female,11,(1) Strongly agree,16
(1) Full-time worker,(2) Female,12,(4) Disagree,15
(1) Full-time worker,(2) Female,2,(1) Strongly agree,9.5
(1) Full-time worker,(2) Female,12,(1) Strongly agree,15.26
(1) Full-time worker,(2) Female,12,(3) Neither agree nor disagree,15
(2) Part-time worker,(2) Female,12,(3) Neither agree nor disagree,17.66176470589
(2) Part-time worker,(2) Female,6,(1) Strongly agree,9.25
(1) Full-time worker,(2) Female,8,(1) Strongly agree,10.52
(1) Full-time worker,(2) Female,10,(4) Disagree,9.5
(1) Full-time worker,(2) Female,12,(3) Neither agree nor disagree,10.75
(1) Full-time worker,(2) Female,12,(3) Neither agree nor disagree,16
(1) Full-time worker,(2) Female,9,(2) Agree,7.25
(1) Full-time worker,(2) Female,12,(2) Agree,15.5
(1) Full-time worker,(2) Female,10,(2) Agree,107.5
(1) Full-time worker,(2) Female,10,(1) Strongly agree,25
(2) Part-time worker,(2) Female,12,(1) Strongly agree,9
(1) Full-time worker,(2) Female,12,(1) Strongly agree,9.5
(1) Full-time worker,(2) Female,12,(2) Agree,14
(1) Full-time worker,(2) Female,12,(2) Agree,23
NA,NA,NA,NA,NA
(1) Full-time worker,(2) Female,12,(2) Agree,20
(1) Full-time worker,(2) Female,1,(1) Strongly agree,24.39024390244
NA,NA,NA,NA,NA
(1) Full-time worker,(2) Female,12,(1) Strongly agree,18
(2) Part-time worker,(2) Female,9,(2) Agree,NA
(1) Full-time worker,(2) Female,12,(2) Agree,9.5
(2) Part-time worker,(2) Female,6,(2) Agree,8
(2) Part-time worker,(2) Female,5,(1) Strongly agree,7.09090909091
(1) Full-time worker,(2) Female,12,(3) Neither agree nor disagree,15.9
(1) Full-time worker,(2) Female,1,(1) Strongly agree,10.77
(2) Part-time worker,(2) Female,NA,(1) Strongly agree,51.42857142858
(2) Part-time worker,(2) Female,2,(2) Agree,9
(1) Full-time worker,(2) Female,12,(2) Agree,11.7
NA,NA,NA,NA,NA
(1) Full-time worker,(2) Female,12,(2) Agree,15.11627906977
NA,(2) Female,12,(1) Strongly agree,3.57142857143
NA,NA,NA,NA,NA
NA,NA,NA,NA,NA
(2) Part-time worker,(2) Female,12,(1) Strongly agree,15.9375
(1) Full-time worker,(2) Female,9,(2) Agree,27.77777777778
(1) Full-time worker,(2) Female,10,(2) Agree,15
(2) Part-time worker,(2) Female,9,(1) Strongly agree,15
(1) Full-time worker,(2) Female,12,(1) Strongly agree,10.5
(2) Part-time worker,(2) Female,9,(1) Strongly agree,33.27205882353
NA,NA,NA,NA,NA
(1) Full-time worker,(2) Female,12,(1) Strongly agree,20.55
(1) Full-time worker,(2) Female,12,(1) Strongly agree,20
(1) Full-time worker,(2) Female,12,(1) Strongly agree,NA
(1) Full-time worker,(2) Female,9,(2) Agree,8.73750000001
(1) Full-time worker,(2) Female,NA,(2) Agree,21.88
(1) Full-time worker,(2) Female,11,(2) Agree,14.21568627451
(2) Part-time worker,(2) Female,12,(1) Strongly agree,10
(1) Full-time worker,(2) Female,12,(2) Agree,NA
(1) Full-time worker,(2) Female,11,(2) Agree,16.25
(2) Part-time worker,(2) Female,7,(3) Neither agree nor disagree,15.21739130435
(1) Full-time worker,(2) Female,10,(2) Agree,13.23
(2) Part-time worker,(2) Female,12,(1) Strongly agree,16
NA,NA,NA,NA,NA
(2) Part-time worker,(2) Female,9,(1) Strongly agree,26.77222222223
(1) Full-time worker,(2) Female,12,(3) Neither agree nor disagree,13
(1) Full-time worker,(2) Female,12,(1) Strongly agree,30
(1) Full-time worker,(2) Female,12,(2) Agree,14.45
(1) Full-time worker,(2) Female,12,(1) Strongly agree,NA
(1) Full-time worker,(2) Female,12,(1) Strongly agree,7.5
(1) Full-time worker,(2) Female,12,(2) Agree,16.57
NA,NA,NA,NA,NA
(1) Full-time worker,(2) Female,9,(1) Strongly agree,12.19
(1) Full-time worker,(2) Female,12,(2) Agree,20
(1) Full-time worker,(2) Female,8,(1) Strongly agree,7.5
(1) Full-time worker,(1) Male,12,(1) Strongly agree,13
(2) Part-time worker,(2) Female,12,(2) Agree,9.5
(2) Part-time worker,(2) Female,12,(2) Agree,9
(1) Full-time worker,(2) Female,2,(1) Strongly agree,9
(1) Full-time worker,(2) Female,9,(2) Agree,10
(1) Full-time worker,(2) Female,8,(3) Neither agree nor disagree,20.007
NA,NA,NA,NA,NA
(1) Full-time worker,(2) Female,12,(1) Strongly agree,12.5
(1) Full-time worker,(2) Female,12,(1) Strongly agree,15.3
(1) Full-time worker,(2) Female,9,(2) Agree,10.5
(1) Full-time worker,(2) Female,1,(1) Strongly agree,10.5
(1) Full-time worker,(2) Female,12,(1) Strongly agree,12.5
(1) Full-time worker,(2) Female,9,(2) Agree,15.625
(2) Part-time worker,(2) Female,6,(3) Neither agree nor disagree,9.16666666667
(1) Full-time worker,(2) Female,12,(2) Agree,NA
(1) Full-time worker,(2) Female,11,(3) Neither agree nor disagree,16.28
NA,NA,NA,NA,NA
(2) Part-time worker,(2) Female,10,(1) Strongly agree,12.8125
(1) Full-time worker,(2) Female,12,(3) Neither agree nor disagree,12.83
(1) Full-time worker,(2) Female,12,(1) Strongly agree,NA
NA,NA,NA,NA,NA
NA,NA,NA,NA,NA
(1) Full-time worker,(2) Female,12,(1) Strongly agree,9
(1) Full-time worker,(2) Female,9,(1) Strongly agree,5.95535714286
NA,NA,NA,NA,NA
(2) Part-time worker,(2) Female,8,(1) Strongly agree,11
NA,NA,NA,NA,NA
(2) Part-time worker,(2) Female,12,(2) Agree,8.25
(1) Full-time worker,(2) Female,5,(1) Strongly agree,37.1052631579
(1) Full-time worker,(2) Female,12,(1) Strongly agree,NA
(1) Full-time worker,(2) Female,12,(1) Strongly agree,25
(2) Part-time worker,(2) Female,12,(2) Agree,10.75
(2) Part-time worker,(2) Female,12,(1) Strongly agree,19.36
(1) Full-time worker,(2) Female,12,(2) Agree,15.30612244898
(1) Full-time worker,(1) Male,7,(2) Agree,12
NA,NA,NA,NA,NA
(1) Full-time worker,(2) Female,3,(1) Strongly agree,15
(1) Full-time worker,(1) Male,12,(1) Strongly agree,15.25
(1) Full-time worker,(2) Female,10,(1) Strongly agree,16.5343915344
(1) Full-time worker,(2) Female,10,(1) Strongly agree,30
(1) Full-time worker,(2) Female,12,(2) Agree,10
(1) Full-time worker,(2) Female,12,(2) Agree,10.54054054055
(1) Full-time worker,(2) Female,12,(3) Neither agree nor disagree,10.30000000001
(2) Part-time worker,(2) Female,9,(1) Strongly agree,12.16216216217
(2) Part-time worker,(2) Female,7,(1) Strongly agree,9
(2) Part-time worker,(2) Female,8,(1) Strongly agree,20.4268292683
(2) Part-time worker,(2) Female,10,(1) Strongly agree,13
(1) Full-time worker,(2) Female,3,(2) Agree,8
(1) Full-time worker,(2) Female,12,(2) Agree,9.09090909091
(2) Part-time worker,(2) Female,12,(1) Strongly agree,14
(1) Full-time worker,(2) Female,12,(2) Agree,23
(1) Full-time worker,(2) Female,6,(2) Agree,10.5
(1) Full-time worker,(2) Female,12,(2) Agree,11.5
(1) Full-time worker,(2) Female,12,(3) Neither agree nor disagree,17.5
(1) Full-time worker,(2) Female,1,(1) Strongly agree,23.07692307693
(1) Full-time worker,(2) Female,12,(2) Agree,12
(2) Part-time worker,(2) Female,10,(2) Agree,11.15
(1) Full-time worker,(2) Female,12,(3) Neither agree nor disagree,12.25
(1) Full-time worker,(2) Female,10,(2) Agree,NA
(1) Full-time worker,(2) Female,11,(1) Strongly agree,25
(1) Full-time worker,(2) Female,12,(2) Agree,16.66666666667
(1) Full-time worker,(2) Female,12,(2) Agree,9
(2) Part-time worker,(2) Female,9,(2) Agree,11.78
(2) Part-time worker,(2) Female,9,(3) Neither agree nor disagree,14.14
(1) Full-time worker,(2) Female,3,(3) Neither agree nor disagree,14
(1) Full-time worker,(2) Female,9,(1) Strongly agree,12.5
NA,NA,NA,NA,NA
(1) Full-time worker,(2) Female,10,(5) Strongly disagree,12.4875
(1) Full-time worker,(2) Female,8,(1) Strongly agree,5.55555555556
(1) Full-time worker,(2) Female,9,(2) Agree,NA
(1) Full-time worker,(2) Female,4,(2) Agree,7.25
(1) Full-time worker,(2) Female,12,(2) Agree,9
(2) Part-time worker,(2) Female,12,(2) Agree,14.2
NA,NA,NA,NA,NA
(2) Part-time worker,(2) Female,9,(1) Strongly agree,NA
(2) Part-time worker,(2) Female,12,(2) Agree,NA
(1) Full-time worker,(2) Female,12,(5) Strongly disagree,9.5
(1) Full-time worker,(2) Female,12,(1) Strongly agree,8.5
(2) Part-time worker,(2) Female,12,(1) Strongly agree,13
NA,NA,NA,NA,NA
NA,NA,NA,NA,NA
NA,NA,NA,NA,NA
NA,NA,NA,NA,NA
(1) Full-time worker,(2) Female,12,(2) Agree,13.125
(2) Part-time worker,(1) Male,1,(1) Strongly agree,8.25
(1) Full-time worker,(2) Female,1,(1) Strongly agree,15.5
(1) Full-time worker,(2) Female,12,(2) Agree,16.5
(1) Full-time worker,(2) Female,12,(3) Neither agree nor disagree,11.55
(2) Part-time worker,(2) Female,6,(3) Neither agree nor disagree,10.15
(1) Full-time worker,(2) Female,12,(1) Strongly agree,NA
(1) Full-time worker,(2) Female,12,(4) Disagree,10.625
(1) Full-time worker,(2) Female,12,(1) Strongly agree,NA
(1) Full-time worker,(2) Female,12,(1) Strongly agree,12.01923076924
(1) Full-time worker,(2) Female,12,(3) Neither agree nor disagree,NA
NA,NA,NA,NA,NA
NA,NA,NA,NA,NA
(1) Full-time worker,(2) Female,12,(3) Neither agree nor disagree,16
(1) Full-time worker,(2) Female,12,(1) Strongly agree,9.06432748539
(1) Full-time worker,(2) Female,12,(1) Strongly agree,11
(2) Part-time worker,(2) Female,11,(1) Strongly agree,10.7
(1) Full-time worker,(2) Female,12,(1) Strongly agree,9
NA,NA,NA,NA,NA
(1) Full-time worker,(2) Female,10,(3) Neither agree nor disagree,NA
(1) Full-time worker,(2) Female,3,(1) Strongly agree,9
(2) Part-time worker,(2) Female,9,(1) Strongly agree,51.42857142858
(1) Full-time worker,(2) Female,12,(2) Agree,15
(1) Full-time worker,(2) Female,12,(1) Strongly agree,NA
(2) Part-time worker,(2) Female,12,(1) Strongly agree,NA
(1) Full-time worker,(2) Female,10,(1) Strongly agree,13.12195121952
(1) Full-time worker,(2) Female,12,(1) Strongly agree,12.5
(1) Full-time worker,(2) Female,12,(2) Agree,14.51
(1) Full-time worker,(2) Female,12,(2) Agree,24.39024390244
(2) Part-time worker,(2) Female,12,(4) Disagree,2.5
NA,NA,NA,NA,NA
(1) Full-time worker,(2) Female,12,(1) Strongly agree,9.78260869566
(1) Full-time worker,(2) Female,12,(2) Agree,11
(1) Full-time worker,(2) Female,12,(1) Strongly agree,10.625
(2) Part-time worker,(2) Female,2,(1) Strongly agree,15
(1) Full-time worker,(2) Female,12,(2) Agree,13.5
(1) Full-time worker,(2) Female,1,(2) Agree,8
(1) Full-time worker,(2) Female,6,(3) Neither agree nor disagree,10.5
(1) Full-time worker,(2) Female,12,(2) Agree,7.25
NA,NA,NA,NA,NA
(1) Full-time worker,(1) Male,12,(2) Agree,15.43209876544
(1) Full-time worker,(2) Female,12,(1) Strongly agree,10.5
(1) Full-time worker,(2) Female,12,(1) Strongly agree,7.25
(1) Full-time worker,(1) Male,12,(1) Strongly agree,13
(2) Part-time worker,(2) Female,6,(1) Strongly agree,10
(1) Full-time worker,(2) Female,12,(2) Agree,12.15
(1) Full-time worker,(2) Female,12,(2) Agree,12
(1) Full-time worker,(2) Female,12,(4) Disagree,12.5
(1) Full-time worker,(2) Female,12,(2) Agree,11.25
(1) Full-time worker,(2) Female,12,(2) Agree,10.35
(1) Full-time worker,(2) Female,12,(1) Strongly agree,9
(2) Part-time worker,(1) Male,10,(1) Strongly agree,52.5
(1) Full-time worker,(2) Female,12,(1) Strongly agree,14
(1) Full-time worker,(2) Female,12,(1) Strongly agree,10
(2) Part-time worker,(2) Female,2,(2) Agree,10
(2) Part-time worker,NA,3,(1) Strongly agree,7.25
(1) Full-time worker,(2) Female,12,(2) Agree,11.15
(1) Full-time worker,(2) Female,12,(2) Agree,16
(1) Full-time worker,(2) Female,1,(1) Strongly agree,19.23076923077
(2) Part-time worker,(2) Female,7,(2) Agree,22.05882352942
(1) Full-time worker,(2) Female,12,(2) Agree,23.94
(1) Full-time worker,(2) Female,NA,(1) Strongly agree,15
(2) Part-time worker,(2) Female,8,(2) Agree,11
(2) Part-time worker,(2) Female,12,(2) Agree,21
(1) Full-time worker,(2) Female,12,(2) Agree,14
(2) Part-time worker,(2) Female,12,(4) Disagree,9
(1) Full-time worker,(2) Female,10,(2) Agree,23.07692307693
(1) Full-time worker,(2) Female,12,(1) Strongly agree,12.75
(2) Part-time worker,(2) Female,9,(1) Strongly agree,9
(1) Full-time worker,(2) Female,12,(1) Strongly agree,16
(2) Part-time worker,(1) Male,10,(1) Strongly agree,25.6093125
(2) Part-time worker,(2) Female,11,(2) Agree,17.22
(1) Full-time worker,(2) Female,NA,(2) Agree,NA
(2) Part-time worker,(2) Female,11,(1) Strongly agree,15
(1) Full-time worker,(2) Female,12,(1) Strongly agree,23
(1) Full-time worker,(2) Female,12,(2) Agree,17
NA,NA,NA,NA,NA
(1) Full-time worker,(2) Female,8,(3) Neither agree nor disagree,18.47222222223
(1) Full-time worker,(2) Female,12,(2) Agree,11.25
(2) Part-time worker,(2) Female,12,(2) Agree,12
(2) Part-time worker,(2) Female,12,(1) Strongly agree,12
(1) Full-time worker,(2) Female,12,(1) Strongly agree,11.03
(1) Full-time worker,(2) Female,12,(1) Strongly agree,NA
(1) Full-time worker,(2) Female,NA,(2) Agree,11
(1) Full-time worker,(2) Female,12,(1) Strongly agree,11.5
(1) Full-time worker,(2) Female,5,(2) Agree,6.25
(2) Part-time worker,(2) Female,12,(1) Strongly agree,7.75
(1) Full-time worker,(2) Female,12,(2) Agree,11.5
(1) Full-time worker,(2) Female,9,(2) Agree,19.5
(1) Full-time worker,(2) Female,10,(3) Neither agree nor disagree,10.1
(1) Full-time worker,(2) Female,12,(2) Agree,10
NA,NA,NA,NA,NA
(1) Full-time worker,(2) Female,12,(1) Strongly agree,16.43
(2) Part-time worker,(2) Female,9,(1) Strongly agree,63.33333333334
(2) Part-time worker,(2) Female,5,(1) Strongly agree,11.33
(1) Full-time worker,(2) Female,12,(2) Agree,15.2
NA,NA,NA,NA,NA
(1) Full-time worker,(2) Female,12,(2) Agree,8.125
(1) Full-time worker,(2) Female,12,(2) Agree,23.61111111112
(2) Part-time worker,(2) Female,3,(1) Strongly agree,13
NA,NA,NA,NA,NA
(1) Full-time worker,(2) Female,12,(2) Agree,20
(1) Full-time worker,(2) Female,12,(1) Strongly agree,12
(1) Full-time worker,(2) Female,12,(1) Strongly agree,12
(2) Part-time worker,(2) Female,3,(2) Agree,10
(1) Full-time worker,(2) Female,12,(2) Agree,13.5
(2) Part-time worker,(2) Female,9,(1) Strongly agree,11.76470588236
(1) Full-time worker,(2) Female,12,(1) Strongly agree,15
(1) Full-time worker,NA,12,NA,15.25
(1) Full-time worker,(2) Female,12,(1) Strongly agree,16
(1) Full-time worker,(2) Female,12,(2) Agree,13.5
NA,NA,NA,NA,NA
(1) Full-time worker,(2) Female,8,(1) Strongly agree,14.5
(1) Full-time worker,(2) Female,4,(5) Strongly disagree,12
(2) Part-time worker,(2) Female,1,(1) Strongly agree,11.5
(1) Full-time worker,(2) Female,12,(2) Agree,10
(1) Full-time worker,(2) Female,12,(1) Strongly agree,9.438225
(2) Part-time worker,(2) Female,6,(1) Strongly agree,12
(1) Full-time worker,(2) Female,8,(1) Strongly agree,9
(1) Full-time worker,(2) Female,12,(1) Strongly agree,41.11111111112
NA,NA,NA,NA,NA
(2) Part-time worker,(2) Female,9,(2) Agree,17.34
(1) Full-time worker,(2) Female,12,(1) Strongly agree,13.5
(1) Full-time worker,(2) Female,12,(1) Strongly agree,5.45454545455
(1) Full-time worker,(2) Female,12,(2) Agree,10.75
(2) Part-time worker,(2) Female,12,(2) Agree,13
(1) Full-time worker,(1) Male,12,(2) Agree,9
(1) Full-time worker,(2) Female,12,(1) Strongly agree,7.62222222223
(1) Full-time worker,(2) Female,10,(1) Strongly agree,13
(2) Part-time worker,(2) Female,12,(2) Agree,18
(1) Full-time worker,(2) Female,12,(2) Agree,14.0503875969
(2) Part-time worker,(2) Female,10,(1) Strongly agree,20
(2) Part-time worker,(2) Female,12,(1) Strongly agree,14
(1) Full-time worker,(2) Female,12,(1) Strongly agree,21
(2) Part-time worker,(2) Female,12,(2) Agree,15
(1) Full-time worker,(2) Female,12,(2) Agree,19.44444444445
(1) Full-time worker,(2) Female,2,(2) Agree,7.5
(2) Part-time worker,(2) Female,10,(2) Agree,15.4845
(1) Full-time worker,(2) Female,12,(2) Agree,24.71
(2) Part-time worker,(2) Female,12,(2) Agree,11
(1) Full-time worker,(2) Female,11,(3) Neither agree nor disagree,8.25
(1) Full-time worker,(2) Female,12,(3) Neither agree nor disagree,48.87218045113
(1) Full-time worker,(2) Female,12,(1) Strongly agree,12.5
(1) Full-time worker,(2) Female,6,(1) Strongly agree,12.13
(1) Full-time worker,(2) Female,12,(2) Agree,11
(1) Full-time worker,(2) Female,12,(2) Agree,16.16
NA,NA,NA,NA,NA
(1) Full-time worker,(2) Female,6,(1) Strongly agree,5.678125
(2) Part-time worker,(2) Female,12,(1) Strongly agree,12.5
(1) Full-time worker,(2) Female,12,(2) Agree,8.75
(1) Full-time worker,(2) Female,12,(2) Agree,NA
(2) Part-time worker,(2) Female,NA,(2) Agree,28.33333333334
(1) Full-time worker,(2) Female,12,(1) Strongly agree,16
(1) Full-time worker,(2) Female,12,(2) Agree,11.25
(2) Part-time worker,(2) Female,9,(2) Agree,29.16666666667
(1) Full-time worker,(2) Female,12,(1) Strongly agree,3.67346938776
(2) Part-time worker,(2) Female,12,(2) Agree,11
(1) Full-time worker,(2) Female,NA,(2) Agree,16
(1) Full-time worker,(2) Female,12,(1) Strongly agree,23
(1) Full-time worker,(2) Female,12,(1) Strongly agree,10.1
(1) Full-time worker,(2) Female,12,(1) Strongly agree,17
NA,NA,NA,NA,NA
(2) Part-time worker,(2) Female,12,(2) Agree,13
(1) Full-time worker,(2) Female,12,(2) Agree,NA
(1) Full-time worker,(2) Female,10,(2) Agree,11.06382978724
(1) Full-time worker,(2) Female,12,(2) Agree,10.25
(1) Full-time worker,(2) Female,12,(2) Agree,12.5
(1) Full-time worker,(2) Female,12,(1) Strongly agree,18
(1) Full-time worker,(2) Female,12,(5) Strongly disagree,10.9
(1) Full-time worker,(2) Female,12,(2) Agree,9.58605664489
(1) Full-time worker,(2) Female,12,(3) Neither agree nor disagree,12.1
(1) Full-time worker,(2) Female,10,(2) Agree,19
(1) Full-time worker,(2) Female,9,(1) Strongly agree,15.5
(2) Part-time worker,(2) Female,12,(1) Strongly agree,17
(1) Full-time worker,(2) Female,12,(2) Agree,10
(2) Part-time worker,(2) Female,8,(1) Strongly agree,8.5
(1) Full-time worker,(2) Female,10,(2) Agree,34.88372093024
(1) Full-time worker,(2) Female,9,(2) Agree,15
(2) Part-time worker,(2) Female,1,(1) Strongly agree,9
(2) Part-time worker,(2) Female,10,(3) Neither agree nor disagree,NA
(1) Full-time worker,(2) Female,8,(3) Neither agree nor disagree,10.35
(1) Full-time worker,(2) Female,9,(4) Disagree,16.96252465484
NA,NA,NA,NA,NA
(1) Full-time worker,(2) Female,9,(1) Strongly agree,12.79
(1) Full-time worker,(2) Female,12,(2) Agree,11.5
NA,NA,NA,NA,NA
NA,NA,NA,NA,NA
NA,NA,NA,NA,NA
NA,NA,NA,NA,NA
NA,NA,NA,NA,NA
(1) Full-time worker,(2) Female,12,(1) Strongly agree,12.5
(2) Part-time worker,(2) Female,9,(3) Neither agree nor disagree,19
NA,NA,NA,NA,NA
(1) Full-time worker,(2) Female,12,(1) Strongly agree,10
(1) Full-time worker,(2) Female,NA,(2) Agree,29.8
(1) Full-time worker,(2) Female,12,(1) Strongly agree,NA
(1) Full-time worker,(2) Female,9,(2) Agree,16
(1) Full-time worker,(2) Female,10,(1) Strongly agree,15
NA,NA,NA,NA,NA
NA,NA,NA,NA,NA
NA,NA,NA,NA,NA
(1) Full-time worker,(2) Female,10,(1) Strongly agree,33.33333333334
NA,NA,NA,NA,NA
(1) Full-time worker,(2) Female,10,(1) Strongly agree,NA
NA,NA,NA,NA,NA
(1) Full-time worker,(2) Female,12,(1) Strongly agree,16.5
(2) Part-time worker,(2) Female,9,(2) Agree,NA
(2) Part-time worker,(2) Female,1,(2) Agree,9.5
(1) Full-time worker,(2) Female,12,(1) Strongly agree,10
(1) Full-time worker,(2) Female,7,(1) Strongly agree,8
(1) Full-time worker,(2) Female,12,(2) Agree,13
(1) Full-time worker,(2) Female,12,(2) Agree,10
(2) Part-time worker,(2) Female,12,(2) Agree,9
(2) Part-time worker,(2) Female,12,(1) Strongly agree,9
(1) Full-time worker,(2) Female,12,(1) Strongly agree,7.5
(1) Full-time worker,(2) Female,12,(1) Strongly agree,15
(1) Full-time worker,(2) Female,8,(1) Strongly agree,12
(1) Full-time worker,(2) Female,10,(1) Strongly agree,1.86170212766
(1) Full-time worker,(2) Female,12,(1) Strongly agree,8
(1) Full-time worker,(2) Female,6,(1) Strongly agree,7.25
(1) Full-time worker,(2) Female,10,(2) Agree,20.68
(2) Part-time worker,(2) Female,12,(1) Strongly agree,51.42857142858
NA,NA,NA,NA,NA
(1) Full-time worker,(2) Female,12,(2) Agree,12.72
(1) Full-time worker,(2) Female,9,(1) Strongly agree,7.5
(2) Part-time worker,(2) Female,2,(1) Strongly agree,7.25
(2) Part-time worker,(2) Female,10,NA,7.25
NA,NA,NA,(1) Strongly agree,NA
(2) Part-time worker,(2) Female,10,(1) Strongly agree,38.88888888889
(1) Full-time worker,(2) Female,12,(2) Agree,14
NA,NA,NA,NA,NA
(1) Full-time worker,(2) Female,3,(4) Disagree,8.20270270271
(2) Part-time worker,(2) Female,11,(1) Strongly agree,20
NA,NA,NA,NA,NA
(2) Part-time worker,(2) Female,10,(2) Agree,12.5
(1) Full-time worker,(2) Female,12,(2) Agree,107.32142857143
(2) Part-time worker,(2) Female,2,(3) Neither agree nor disagree,12
(1) Full-time worker,(2) Female,9,(2) Agree,6
(2) Part-time worker,(2) Female,12,(2) Agree,13.75
(2) Part-time worker,(2) Female,12,(1) Strongly agree,10
(2) Part-time worker,(2) Female,12,(2) Agree,11
(2) Part-time worker,(2) Female,6,(2) Agree,11
NA,NA,NA,NA,NA
(1) Full-time worker,(2) Female,11,(2) Agree,18.42105263158
(1) Full-time worker,(2) Female,12,(1) Strongly agree,12.35
(1) Full-time worker,(2) Female,12,(2) Agree,18.36
(1) Full-time worker,(2) Female,12,(2) Agree,18.91
(1) Full-time worker,(2) Female,12,(1) Strongly agree,10.5
(1) Full-time worker,(2) Female,12,(2) Agree,20.40816326531
(1) Full-time worker,(2) Female,12,(3) Neither agree nor disagree,18.60000000001
(1) Full-time worker,(2) Female,12,(2) Agree,8
(1) Full-time worker,(2) Female,12,(2) Agree,13.44
(1) Full-time worker,(2) Female,12,(1) Strongly agree,19
(2) Part-time worker,(2) Female,12,(3) Neither agree nor disagree,22
(1) Full-time worker,(2) Female,10,(2) Agree,30.88235294118
(1) Full-time worker,(2) Female,12,(3) Neither agree nor disagree,8.23
(1) Full-time worker,(2) Female,11,(4) Disagree,14.89
(2) Part-time worker,(2) Female,12,(1) Strongly agree,14
(1) Full-time worker,(2) Female,12,(4) Disagree,20
(1) Full-time worker,(2) Female,12,(2) Agree,13.5
(1) Full-time worker,(2) Female,9,(4) Disagree,53.84615384616
(1) Full-time worker,(2) Female,7,(1) Strongly agree,14
(2) Part-time worker,(2) Female,4,(2) Agree,8
(2) Part-time worker,(2) Female,4,(2) Agree,9
(1) Full-time worker,(1) Male,12,(2) Agree,15.2380952381
NA,NA,NA,NA,NA
NA,NA,NA,NA,NA
(1) Full-time worker,(2) Female,12,(1) Strongly agree,14.01445945946
(1) Full-time worker,(2) Female,12,(1) Strongly agree,19.37648648649
(1) Full-time worker,(2) Female,12,(2) Agree,12.3076923077
(1) Full-time worker,(2) Female,11,(5) Strongly disagree,4.375
NA,NA,NA,NA,NA
(1) Full-time worker,(2) Female,12,(1) Strongly agree,10
(2) Part-time worker,(2) Female,9,(1) Strongly agree,13
(1) Full-time worker,(2) Female,4,(1) Strongly agree,10
(1) Full-time worker,(2) Female,5,(4) Disagree,8.5
(1) Full-time worker,(2) Female,12,(2) Agree,21.5
(2) Part-time worker,(2) Female,12,(1) Strongly agree,11.076923076929999
(2) Part-time worker,(2) Female,12,(3) Neither agree nor disagree,14.94
(1) Full-time worker,(2) Female,12,(2) Agree,23.21428571429
(1) Full-time worker,(2) Female,1,(1) Strongly agree,15
(1) Full-time worker,(2) Female,12,(1) Strongly agree,13
(2) Part-time worker,(2) Female,12,(1) Strongly agree,15
(1) Full-time worker,(2) Female,12,(3) Neither agree nor disagree,20
(1) Full-time worker,(2) Female,12,(1) Strongly agree,9.22962962963
(1) Full-time worker,(2) Female,12,(3) Neither agree nor disagree,12.85
(2) Part-time worker,(2) Female,12,(2) Agree,NA
(2) Part-time worker,(2) Female,12,(1) Strongly agree,12
(2) Part-time worker,(2) Female,12,(3) Neither agree nor disagree,15
(1) Full-time worker,(2) Female,5,(3) Neither agree nor disagree,10
(1) Full-time worker,(2) Female,12,(1) Strongly agree,12.9
(1) Full-time worker,(2) Female,11,(2) Agree,NA
(1) Full-time worker,(2) Female,4,(1) Strongly agree,12.38
(1) Full-time worker,(2) Female,12,(1) Strongly agree,20.40816326531
(2) Part-time worker,(2) Female,12,(2) Agree,8.55000000001
NA,NA,NA,NA,NA
(2) Part-time worker,(2) Female,12,(1) Strongly agree,16.3
(1) Full-time worker,(2) Female,9,(1) Strongly agree,10.64
(1) Full-time worker,(1) Male,12,(1) Strongly agree,NA
(1) Full-time worker,(2) Female,12,(2) Agree,14.42307692308
(2) Part-time worker,(2) Female,12,(1) Strongly agree,13
(1) Full-time worker,(2) Female,12,(2) Agree,8.25
(1) Full-time worker,(2) Female,10,(2) Agree,40.625
(1) Full-time worker,(2) Female,9,(1) Strongly agree,24
(1) Full-time worker,(2) Female,12,(1) Strongly agree,NA
NA,NA,NA,NA,NA
(1) Full-time worker,(2) Female,12,(1) Strongly agree,12.47
(1) Full-time worker,(2) Female,12,(1) Strongly agree,12
(1) Full-time worker,(2) Female,12,(2) Agree,9
(2) Part-time worker,(2) Female,10,(2) Agree,8
(2) Part-time worker,(2) Female,3,(1) Strongly agree,9.6153846153899991
(2) Part-time worker,(2) Female,12,(1) Strongly agree,15
(2) Part-time worker,(2) Female,10,(1) Strongly agree,14.66666666667
(1) Full-time worker,(2) Female,12,NA,7.75
(2) Part-time worker,(2) Female,12,(1) Strongly agree,11.6
(1) Full-time worker,(2) Female,12,(2) Agree,9
(2) Part-time worker,(2) Female,11,(2) Agree,23.6
(1) Full-time worker,(2) Female,12,(2) Agree,18.12636165578
(2) Part-time worker,(2) Female,10,(1) Strongly agree,16.66666666667
(1) Full-time worker,(2) Female,12,(2) Agree,8
(1) Full-time worker,(2) Female,12,(3) Neither agree nor disagree,24.10714285715
NA,NA,NA,NA,NA
(2) Part-time worker,(2) Female,12,(2) Agree,15.34
(1) Full-time worker,(2) Female,12,(1) Strongly agree,28.58
(1) Full-time worker,(2) Female,9,(5) Strongly disagree,20.21
(1) Full-time worker,(2) Female,9,(2) Agree,NA
NA,(2) Female,NA,(1) Strongly agree,13
(1) Full-time worker,(2) Female,9,(2) Agree,18.4
(1) Full-time worker,(2) Female,9,(1) Strongly agree,NA
(1) Full-time worker,(2) Female,10,(2) Agree,43.53333333334
(1) Full-time worker,(2) Female,10,(1) Strongly agree,29.36642857143
(1) Full-time worker,(2) Female,12,(2) Agree,15.865384615389999
(1) Full-time worker,(2) Female,10,(1) Strongly agree,12
(2) Part-time worker,(2) Female,2,(2) Agree,7.5
(2) Part-time worker,(2) Female,12,(2) Agree,NA
(1) Full-time worker,(2) Female,9,(1) Strongly agree,16.5
(1) Full-time worker,(2) Female,9,(3) Neither agree nor disagree,13
(1) Full-time worker,(2) Female,6,(1) Strongly agree,11
(2) Part-time worker,(2) Female,12,(1) Strongly agree,12
(1) Full-time worker,(2) Female,5,(2) Agree,10.5
(1) Full-time worker,(2) Female,6,(1) Strongly agree,NA
NA,NA,NA,NA,NA
(1) Full-time worker,(2) Female,4,(1) Strongly agree,4.15384615385
NA,NA,NA,NA,NA
(2) Part-time worker,(2) Female,9,(2) Agree,10
(1) Full-time worker,(2) Female,12,(2) Agree,NA
(1) Full-time worker,(2) Female,12,(2) Agree,14.5
(1) Full-time worker,(2) Female,10,(2) Agree,13.88888888889
(2) Part-time worker,(2) Female,10,(1) Strongly agree,16.48
(1) Full-time worker,(2) Female,8,(2) Agree,24
(1) Full-time worker,(2) Female,12,(2) Agree,13
(1) Full-time worker,(2) Female,12,(5) Strongly disagree,17.14285714286
(1) Full-time worker,(2) Female,12,(1) Strongly agree,17
(1) Full-time worker,(2) Female,10,(1) Strongly agree,58.33333333334
(1) Full-time worker,(2) Female,7,(1) Strongly agree,12
(1) Full-time worker,(2) Female,12,(2) Agree,NA
(2) Part-time worker,(2) Female,9,(2) Agree,13.5
(2) Part-time worker,(2) Female,12,(1) Strongly agree,7.25
(2) Part-time worker,(2) Female,9,(2) Agree,27
(1) Full-time worker,(1) Male,10,(2) Agree,43.91891891892
(1) Full-time worker,(2) Female,9,(1) Strongly agree,8.56
(1) Full-time worker,(2) Female,10,(2) Agree,41.66666666667
(1) Full-time worker,(2) Female,8,(2) Agree,8.75
(1) Full-time worker,(2) Female,12,(2) Agree,9
(1) Full-time worker,(2) Female,12,(2) Agree,11.11111111112
NA,NA,NA,NA,NA
(2) Part-time worker,(2) Female,9,(4) Disagree,12.41
(1) Full-time worker,(2) Female,9,(2) Agree,14.26
(1) Full-time worker,(2) Female,12,(1) Strongly agree,13
(1) Full-time worker,(2) Female,1,(1) Strongly agree,11
(1) Full-time worker,(2) Female,11,(1) Strongly agree,NA
(1) Full-time worker,(2) Female,9,(2) Agree,12
(2) Part-time worker,(2) Female,9,(1) Strongly agree,37.5
(2) Part-time worker,(2) Female,10,(2) Agree,16.75
NA,NA,NA,NA,NA
(1) Full-time worker,(2) Female,12,(5) Strongly disagree,8.37837837838
(1) Full-time worker,(2) Female,12,(1) Strongly agree,13.25
(1) Full-time worker,(2) Female,12,(1) Strongly agree,13.25
NA,NA,NA,NA,NA
(1) Full-time worker,(2) Female,1,(2) Agree,10
NA,NA,NA,NA,NA
(1) Full-time worker,(2) Female,6,(1) Strongly agree,8.35
(1) Full-time worker,(2) Female,8,(2) Agree,7.25
(1) Full-time worker,(2) Female,12,(1) Strongly agree,12
(1) Full-time worker,(2) Female,12,(1) Strongly agree,15
(1) Full-time worker,(2) Female,3,(1) Strongly agree,13
(2) Part-time worker,(2) Female,12,(1) Strongly agree,10
(1) Full-time worker,(2) Female,5,(2) Agree,9
(1) Full-time worker,(2) Female,12,(1) Strongly agree,9
(1) Full-time worker,(2) Female,6,(1) Strongly agree,9.02
(1) Full-time worker,(2) Female,12,(1) Strongly agree,10.30000000001
(2) Part-time worker,(2) Female,12,(1) Strongly agree,9.5
(2) Part-time worker,(2) Female,10,(3) Neither agree nor disagree,10.63000000001
(1) Full-time worker,(2) Female,12,(3) Neither agree nor disagree,11.7
(2) Part-time worker,(2) Female,12,(4) Disagree,14.91
(1) Full-time worker,(2) Female,12,(1) Strongly agree,15
(1) Full-time worker,(2) Female,10,(1) Strongly agree,24.07407407408
(2) Part-time worker,(2) Female,9,(2) Agree,9
(1) Full-time worker,(2) Female,12,(1) Strongly agree,10
(1) Full-time worker,(2) Female,11,(2) Agree,23
(2) Part-time worker,(2) Female,10,(1) Strongly agree,NA
(1) Full-time worker,(2) Female,12,(1) Strongly agree,8
(1) Full-time worker,(2) Female,12,(1) Strongly agree,15
(1) Full-time worker,(2) Female,8,(2) Agree,9
(1) Full-time worker,(2) Female,2,(1) Strongly agree,9
(1) Full-time worker,(2) Female,10,(1) Strongly agree,38.15789473685
(1) Full-time worker,(2) Female,12,(3) Neither agree nor disagree,13
(1) Full-time worker,(2) Female,12,(2) Agree,20.5
(2) Part-time worker,(2) Female,10,(2) Agree,18.36734693878
(2) Part-time worker,(2) Female,9,(1) Strongly agree,14
(1) Full-time worker,(2) Female,12,(1) Strongly agree,15
(2) Part-time worker,(2) Female,6,(1) Strongly agree,11.5
(1) Full-time worker,(2) Female,11,(1) Strongly agree,NA
NA,NA,NA,NA,NA
(1) Full-time worker,(2) Female,11,(1) Strongly agree,8.75
(1) Full-time worker,(2) Female,12,(1) Strongly agree,15
(2) Part-time worker,(2) Female,10,(1) Strongly agree,15.31822674419
(1) Full-time worker,(2) Female,NA,(1) Strongly agree,10.28
NA,NA,NA,NA,NA
(1) Full-time worker,(2) Female,12,(2) Agree,NA
(1) Full-time worker,(2) Female,12,(1) Strongly agree,9
(1) Full-time worker,(1) Male,10,(2) Agree,12.5
NA,NA,NA,NA,NA
(2) Part-time worker,(2) Female,9,(1) Strongly agree,9.375
(1) Full-time worker,(2) Female,12,(3) Neither agree nor disagree,11.5
(1) Full-time worker,(2) Female,NA,(2) Agree,18.5
NA,NA,NA,NA,NA
(1) Full-time worker,(2) Female,12,(2) Agree,13
(2) Part-time worker,(2) Female,12,(1) Strongly agree,13
(2) Part-time worker,(2) Female,10,(1) Strongly agree,20.83333333334
(2) Part-time worker,(2) Female,12,(1) Strongly agree,14.87
NA,NA,NA,NA,NA
(2) Part-time worker,(2) Female,9,(1) Strongly agree,14
(2) Part-time worker,(2) Female,12,(2) Agree,8
(1) Full-time worker,(2) Female,12,(1) Strongly agree,11.5
(2) Part-time worker,(2) Female,9,(1) Strongly agree,12
(1) Full-time worker,(1) Male,12,(1) Strongly agree,32.50591016549
(2) Part-time worker,(2) Female,9,(1) Strongly agree,14
(1) Full-time worker,(2) Female,12,(1) Strongly agree,16.7
(1) Full-time worker,(2) Female,12,(2) Agree,12
(1) Full-time worker,(2) Female,12,(3) Neither agree nor disagree,12
(2) Part-time worker,(2) Female,12,(2) Agree,9
(1) Full-time worker,(2) Female,12,(5) Strongly disagree,12.5
(2) Part-time worker,(2) Female,9,(1) Strongly agree,9
(1) Full-time worker,(2) Female,12,(2) Agree,31.57894736843
(1) Full-time worker,(2) Female,12,(1) Strongly agree,8.5
(2) Part-time worker,(2) Female,9,(1) Strongly agree,11
(1) Full-time worker,(2) Female,10,(1) Strongly agree,43.05555555556
(2) Part-time worker,(2) Female,10,(1) Strongly agree,51.42857142858
(1) Full-time worker,(2) Female,12,(1) Strongly agree,14.75
(1) Full-time worker,(2) Female,1,(4) Disagree,13
NA,NA,NA,NA,NA
(1) Full-time worker,(2) Female,12,(4) Disagree,14
(1) Full-time worker,(2) Female,5,(1) Strongly agree,11
(1) Full-time worker,(2) Female,12,(2) Agree,14
NA,NA,NA,NA,NA
(1) Full-time worker,(2) Female,12,(1) Strongly agree,NA
(1) Full-time worker,(2) Female,12,(1) Strongly agree,11.11
(1) Full-time worker,(2) Female,12,(1) Strongly agree,NA
(1) Full-time worker,(2) Female,12,(1) Strongly agree,11.733173076929999
(1) Full-time worker,(2) Female,12,(1) Strongly agree,12.5
(1) Full-time worker,(2) Female,12,(2) Agree,7.5
(1) Full-time worker,(2) Female,12,(2) Agree,12.76
(1) Full-time worker,(2) Female,9,(2) Agree,16.75675675676
(1) Full-time worker,(2) Female,12,(2) Agree,10
(1) Full-time worker,(2) Female,12,(2) Agree,2.22222222222
(1) Full-time worker,(2) Female,12,(2) Agree,9.25
(1) Full-time worker,(2) Female,12,(2) Agree,13.22
(1) Full-time worker,(2) Female,12,(2) Agree,19.72789115647
(2) Part-time worker,(2) Female,5,(2) Agree,15
(1) Full-time worker,(2) Female,12,(3) Neither agree nor disagree,15.61
(1) Full-time worker,(2) Female,12,(1) Strongly agree,13.2
(1) Full-time worker,(2) Female,12,(2) Agree,14
(1) Full-time worker,(2) Female,11,(1) Strongly agree,19.36159079017
(1) Full-time worker,(2) Female,12,(2) Agree,11.538461538469999
(1) Full-time worker,(2) Female,12,(1) Strongly agree,18
(1) Full-time worker,(2) Female,12,(4) Disagree,15
(1) Full-time worker,(2) Female,12,(2) Agree,10
(2) Part-time worker,(2) Female,12,(1) Strongly agree,15.78947368422
(1) Full-time worker,(2) Female,12,(1) Strongly agree,NA
(1) Full-time worker,(2) Female,12,(1) Strongly agree,9
(1) Full-time worker,(2) Female,12,(1) Strongly agree,12
(1) Full-time worker,(2) Female,10,(2) Agree,14.25
(1) Full-time worker,(2) Female,2,(1) Strongly agree,8
(1) Full-time worker,(2) Female,12,(1) Strongly agree,10.5
(1) Full-time worker,(2) Female,6,(3) Neither agree nor disagree,9.5
(1) Full-time worker,(2) Female,10,(1) Strongly agree,35.25835866262
(1) Full-time worker,(2) Female,12,(2) Agree,9
(2) Part-time worker,(2) Female,12,(2) Agree,9
(1) Full-time worker,(2) Female,12,(2) Agree,15.85
(1) Full-time worker,(2) Female,9,(1) Strongly agree,33.33333333334
(2) Part-time worker,(2) Female,12,(2) Agree,10
(1) Full-time worker,(2) Female,11,(4) Disagree,16
(2) Part-time worker,(2) Female,5,(2) Agree,10
(1) Full-time worker,(2) Female,12,(1) Strongly agree,10
(1) Full-time worker,(2) Female,12,(2) Agree,12.90322580646
(1) Full-time worker,(2) Female,12,(1) Strongly agree,NA
NA,NA,NA,NA,NA
(1) Full-time worker,(2) Female,6,(2) Agree,13
(1) Full-time worker,(2) Female,10,(1) Strongly agree,12.5
(2) Part-time worker,(2) Female,12,(1) Strongly agree,7.5
(1) Full-time worker,(2) Female,12,(1) Strongly agree,15
(1) Full-time worker,(2) Female,12,(3) Neither agree nor disagree,38.57142857143
(1) Full-time worker,(2) Female,12,(2) Agree,NA
(1) Full-time worker,(2) Female,12,(1) Strongly agree,13
(1) Full-time worker,(2) Female,12,(4) Disagree,9.25
NA,NA,NA,NA,NA
(1) Full-time worker,(2) Female,10,(2) Agree,12.97297297298
(1) Full-time worker,(2) Female,12,(1) Strongly agree,5.85
(1) Full-time worker,(2) Female,12,(2) Agree,NA
(1) Full-time worker,(2) Female,10,(2) Agree,45.42124542125
(1) Full-time worker,(2) Female,12,(2) Agree,14.37
(1) Full-time worker,(2) Female,12,(2) Agree,16.16
(1) Full-time worker,(2) Female,11,(2) Agree,10
(1) Full-time worker,(2) Female,9,(1) Strongly agree,9
(1) Full-time worker,(2) Female,12,(1) Strongly agree,15.865384615389999
NA,NA,NA,NA,NA
(2) Part-time worker,(2) Female,12,(1) Strongly agree,11
(1) Full-time worker,(2) Female,11,(2) Agree,20.83333333334
(1) Full-time worker,(2) Female,12,(2) Agree,11
(1) Full-time worker,(2) Female,12,(4) Disagree,20.5
(1) Full-time worker,(2) Female,12,(1) Strongly agree,9.23
NA,NA,NA,NA,NA
(1) Full-time worker,(2) Female,12,(3) Neither agree nor disagree,9
NA,NA,NA,NA,NA
(1) Full-time worker,(2) Female,12,(1) Strongly agree,11
(1) Full-time worker,(2) Female,12,(2) Agree,21.52777777778
(1) Full-time worker,(2) Female,9,(4) Disagree,24.43716216217
(1) Full-time worker,(2) Female,9,(2) Agree,12.5
(1) Full-time worker,(2) Female,12,(1) Strongly agree,20
(1) Full-time worker,(2) Female,12,(3) Neither agree nor disagree,27.77777777778
(1) Full-time worker,(1) Male,9,(3) Neither agree nor disagree,NA
(1) Full-time worker,(2) Female,12,(1) Strongly agree,8
(1) Full-time worker,(2) Female,10,(2) Agree,9.5
NA,NA,NA,NA,NA
(1) Full-time worker,(2) Female,9,(2) Agree,NA
(2) Part-time worker,(2) Female,8,(5) Strongly disagree,22.25
(1) Full-time worker,(2) Female,NA,NA,17
(1) Full-time worker,(2) Female,12,(4) Disagree,11.4
(2) Part-time worker,(2) Female,6,(1) Strongly agree,9
(2) Part-time worker,(2) Female,12,(1) Strongly agree,12.22222222223
(2) Part-time worker,(2) Female,10,(1) Strongly agree,15
(1) Full-time worker,(2) Female,12,(2) Agree,9
(1) Full-time worker,(2) Female,NA,(2) Agree,11
(1) Full-time worker,(2) Female,12,(2) Agree,14.375
(1) Full-time worker,(2) Female,12,(1) Strongly agree,12
(1) Full-time worker,(2) Female,2,(2) Agree,9.5
(1) Full-time worker,(2) Female,2,(1) Strongly agree,7.5
(2) Part-time worker,(2) Female,12,(1) Strongly agree,13.5
(1) Full-time worker,(2) Female,12,(2) Agree,15
(2) Part-time worker,(2) Female,10,(1) Strongly agree,10
(2) Part-time worker,(2) Female,9,(1) Strongly agree,17
(1) Full-time worker,(2) Female,12,(2) Agree,12.5
(1) Full-time worker,(2) Female,12,(1) Strongly agree,50
(1) Full-time worker,(2) Female,9,(2) Agree,41.66666666667
(2) Part-time worker,(2) Female,12,(2) Agree,107.5
(1) Full-time worker,(2) Female,12,(2) Agree,10.25
NA,NA,NA,NA,NA
(1) Full-time worker,(2) Female,12,(2) Agree,12
(2) Part-time worker,(1) Male,12,(3) Neither agree nor disagree,NA
(1) Full-time worker,(2) Female,12,(1) Strongly agree,4
(1) Full-time worker,(2) Female,11,(2) Agree,12
NA,NA,NA,NA,NA
(1) Full-time worker,(2) Female,12,(1) Strongly agree,10.75
(1) Full-time worker,(2) Female,12,(1) Strongly agree,9
(1) Full-time worker,(2) Female,12,(2) Agree,27.375
(1) Full-time worker,(2) Female,12,(2) Agree,18.45494505495
(1) Full-time worker,(2) Female,8,(2) Agree,7.1
(2) Part-time worker,(2) Female,8,(3) Neither agree nor disagree,8.25
(1) Full-time worker,(2) Female,10,(2) Agree,NA
(1) Full-time worker,(2) Female,7,(1) Strongly agree,7.5
(1) Full-time worker,(2) Female,12,(2) Agree,12.88
(1) Full-time worker,(2) Female,9,(1) Strongly agree,24.03846153847
(1) Full-time worker,(1) Male,12,(2) Agree,25
(1) Full-time worker,NA,12,(2) Agree,25
(1) Full-time worker,NA,11,NA,12.5
(1) Full-time worker,(2) Female,12,(2) Agree,10
(2) Part-time worker,(2) Female,9,(1) Strongly agree,NA
(2) Part-time worker,(2) Female,9,(1) Strongly agree,22.45989304813
(2) Part-time worker,(2) Female,10,(1) Strongly agree,32.35294117648
(1) Full-time worker,(2) Female,12,(1) Strongly agree,18.27
(1) Full-time worker,(2) Female,12,(1) Strongly agree,12
(1) Full-time worker,(2) Female,11,(1) Strongly agree,15.37
(1) Full-time worker,(2) Female,11,(2) Agree,15.7
(2) Part-time worker,(2) Female,9,(1) Strongly agree,12
(1) Full-time worker,(2) Female,12,(1) Strongly agree,20.99125364432
(1) Full-time worker,(2) Female,NA,(1) Strongly agree,13.5375
(1) Full-time worker,(2) Female,12,(1) Strongly agree,13.5
NA,NA,NA,NA,NA
(1) Full-time worker,(2) Female,12,(1) Strongly agree,14
(1) Full-time worker,(2) Female,12,(1) Strongly agree,15
(1) Full-time worker,(2) Female,12,(2) Agree,14.25
NA,NA,NA,NA,NA
(1) Full-time worker,(2) Female,2,(1) Strongly agree,11
NA,NA,NA,NA,NA
(1) Full-time worker,(2) Female,1,(1) Strongly agree,14
(1) Full-time worker,(2) Female,11,(2) Agree,10
(1) Full-time worker,(2) Female,12,(3) Neither agree nor disagree,11
(1) Full-time worker,(2) Female,9,(2) Agree,7.875
(2) Part-time worker,(2) Female,12,(1) Strongly agree,11.25
(1) Full-time worker,(2) Female,8,(1) Strongly agree,13
(1) Full-time worker,(2) Female,12,(1) Strongly agree,23
(2) Part-time worker,(2) Female,12,(1) Strongly agree,10
(1) Full-time worker,(2) Female,12,(1) Strongly agree,14
(1) Full-time worker,(2) Female,12,(2) Agree,20
(1) Full-time worker,(2) Female,12,(2) Agree,15.3
(1) Full-time worker,(2) Female,12,(1) Strongly agree,8.5
NA,NA,NA,NA,NA
(2) Part-time worker,(2) Female,12,(2) Agree,8.75
NA,NA,NA,NA,NA
(1) Full-time worker,(2) Female,3,(1) Strongly agree,17.49
(2) Part-time worker,(2) Female,10,(1) Strongly agree,NA
(1) Full-time worker,(2) Female,11,(2) Agree,7.75
(2) Part-time worker,(2) Female,12,(2) Agree,23
(1) Full-time worker,(2) Female,6,(1) Strongly agree,8
(1) Full-time worker,(2) Female,12,(2) Agree,13
(1) Full-time worker,(2) Female,12,(3) Neither agree nor disagree,13.5
(1) Full-time worker,(2) Female,1,(1) Strongly agree,17
(1) Full-time worker,(2) Female,12,(1) Strongly agree,NA
(1) Full-time worker,(2) Female,12,(4) Disagree,12
(2) Part-time worker,(2) Female,6,(2) Agree,13
(1) Full-time worker,(2) Female,12,(3) Neither agree nor disagree,8.5384615384699991
(1) Full-time worker,(2) Female,12,(1) Strongly agree,9.25
(1) Full-time worker,(2) Female,9,(2) Agree,26.4705882353
(1) Full-time worker,(2) Female,12,(1) Strongly agree,12
(1) Full-time worker,(2) Female,4,(1) Strongly agree,11.83255813954
(1) Full-time worker,(2) Female,NA,(1) Strongly agree,NA
(1) Full-time worker,(2) Female,12,(1) Strongly agree,21.7
NA,NA,NA,NA,NA
NA,NA,NA,NA,NA
(1) Full-time worker,(2) Female,6,(1) Strongly agree,11.25
(1) Full-time worker,(2) Female,12,(1) Strongly agree,10.5
(2) Part-time worker,(2) Female,9,(1) Strongly agree,20.45454545455
NA,NA,NA,NA,NA
(1) Full-time worker,(2) Female,5,(1) Strongly agree,10.5
NA,NA,NA,NA,NA
(2) Part-time worker,(2) Female,10,(4) Disagree,11.33
(1) Full-time worker,(2) Female,12,(2) Agree,11
(1) Full-time worker,(2) Female,12,(2) Agree,10
(1) Full-time worker,(2) Female,3,(2) Agree,9
(2) Part-time worker,(2) Female,9,(1) Strongly agree,NA
NA,NA,NA,NA,NA
NA,NA,NA,NA,NA
(1) Full-time worker,(2) Female,9,(2) Agree,15.55
(1) Full-time worker,(2) Female,12,(1) Strongly agree,13.07189542484
(1) Full-time worker,NA,10,NA,NA
(1) Full-time worker,(2) Female,12,(1) Strongly agree,NA
(1) Full-time worker,(2) Female,12,(1) Strongly agree,20
(1) Full-time worker,(2) Female,10,(1) Strongly agree,13
(1) Full-time worker,(2) Female,12,(2) Agree,11
NA,(2) Female,12,(1) Strongly agree,9.21052631579
(1) Full-time worker,(2) Female,12,(1) Strongly agree,17.35000000001
(2) Part-time worker,(2) Female,12,(3) Neither agree nor disagree,8
(1) Full-time worker,(2) Female,12,(2) Agree,13
(2) Part-time worker,(2) Female,12,(1) Strongly agree,12
(1) Full-time worker,(2) Female,12,(1) Strongly agree,9.25
(2) Part-time worker,(2) Female,12,(1) Strongly agree,9.25
(1) Full-time worker,(2) Female,12,(2) Agree,11
(1) Full-time worker,(2) Female,10,(1) Strongly agree,21.42857142858
(2) Part-time worker,(2) Female,12,(1) Strongly agree,10
(1) Full-time worker,(2) Female,12,(4) Disagree,13
(1) Full-time worker,NA,12,(2) Agree,9
(1) Full-time worker,(2) Female,5,(2) Agree,9.5
NA,NA,NA,NA,NA
(1) Full-time worker,(2) Female,NA,NA,NA
(1) Full-time worker,(2) Female,12,(1) Strongly agree,13
(2) Part-time worker,(2) Female,11,(1) Strongly agree,10
(2) Part-time worker,(2) Female,10,(1) Strongly agree,13.7
NA,NA,NA,NA,NA
(2) Part-time worker,(2) Female,12,(2) Agree,11.5
NA,NA,NA,NA,NA
(1) Full-time worker,(2) Female,12,(2) Agree,12.5
(2) Part-time worker,(2) Female,12,(2) Agree,11.9
(1) Full-time worker,(2) Female,12,(2) Agree,8.57142857143
(1) Full-time worker,(2) Female,12,(1) Strongly agree,27
(1) Full-time worker,(2) Female,12,(1) Strongly agree,25
(1) Full-time worker,(2) Female,12,(1) Strongly agree,9.5
(1) Full-time worker,(2) Female,12,(2) Agree,18
(2) Part-time worker,(2) Female,10,(2) Agree,107.5
NA,NA,NA,NA,NA
(1) Full-time worker,(2) Female,12,(2) Agree,21
(1) Full-time worker,(2) Female,7,(1) Strongly agree,14.5
(1) Full-time worker,(2) Female,12,(1) Strongly agree,54.9575
(1) Full-time worker,(2) Female,9,(5) Strongly disagree,30.88235294118
NA,NA,NA,NA,NA
NA,NA,NA,NA,NA
NA,NA,NA,NA,NA
(2) Part-time worker,(2) Female,8,(1) Strongly agree,12
(1) Full-time worker,(2) Female,10,(1) Strongly agree,NA
(1) Full-time worker,(2) Female,10,(1) Strongly agree,48.57142857143
(2) Part-time worker,(2) Female,2,(2) Agree,12.5
(1) Full-time worker,(2) Female,12,(2) Agree,13.5875
(1) Full-time worker,(2) Female,12,(2) Agree,13
(2) Part-time worker,(2) Female,10,(1) Strongly agree,30.33333333334
(1) Full-time worker,(2) Female,10,(2) Agree,16.66666666667
(2) Part-time worker,(2) Female,12,(3) Neither agree nor disagree,13
NA,(2) Female,NA,(2) Agree,8
(2) Part-time worker,(2) Female,12,(2) Agree,10.4
(2) Part-time worker,(2) Female,12,(1) Strongly agree,10
(1) Full-time worker,(2) Female,12,(1) Strongly agree,54.9575
(1) Full-time worker,(2) Female,12,(1) Strongly agree,30.71428571429
NA,NA,NA,NA,NA
(1) Full-time worker,(2) Female,12,(2) Agree,13.75
(2) Part-time worker,(2) Female,12,(3) Neither agree nor disagree,NA
(2) Part-time worker,(2) Female,9,(1) Strongly agree,21
(2) Part-time worker,(2) Female,1,(2) Agree,11.5
(2) Part-time worker,(1) Male,12,(2) Agree,NA
(1) Full-time worker,(2) Female,12,(1) Strongly agree,NA
(1) Full-time worker,(2) Female,12,(2) Agree,9
(1) Full-time worker,(2) Female,12,(2) Agree,10
(1) Full-time worker,(2) Female,NA,(1) Strongly agree,8.411125
(1) Full-time worker,(2) Female,12,(1) Strongly agree,NA
(1) Full-time worker,(2) Female,12,(2) Agree,17
(2) Part-time worker,(2) Female,5,(1) Strongly agree,14
(1) Full-time worker,(2) Female,9,(2) Agree,NA
(1) Full-time worker,(2) Female,12,(1) Strongly agree,16.84782608696
(1) Full-time worker,(2) Female,10,(1) Strongly agree,20.8
(1) Full-time worker,(2) Female,12,(2) Agree,10
(1) Full-time worker,(2) Female,12,(2) Agree,14.59
(2) Part-time worker,(2) Female,9,(1) Strongly agree,13.33
NA,NA,NA,NA,NA
(2) Part-time worker,(2) Female,9,(1) Strongly agree,18
NA,NA,NA,NA,NA
(1) Full-time worker,(2) Female,9,(2) Agree,12
(2) Part-time worker,(2) Female,9,(1) Strongly agree,11
(1) Full-time worker,(2) Female,12,(1) Strongly agree,11.538461538469999
(1) Full-time worker,(2) Female,9,(2) Agree,12.85714285715
(1) Full-time worker,(2) Female,12,(1) Strongly agree,11
(1) Full-time worker,(2) Female,12,(1) Strongly agree,NA
(1) Full-time worker,(2) Female,12,(2) Agree,7.5
(1) Full-time worker,(2) Female,1,(1) Strongly agree,7.25
(1) Full-time worker,(2) Female,12,NA,4.32
(2) Part-time worker,(2) Female,5,(3) Neither agree nor disagree,NA
(1) Full-time worker,(2) Female,12,(1) Strongly agree,8.25
(1) Full-time worker,(2) Female,12,(2) Agree,15
(2) Part-time worker,(2) Female,NA,(1) Strongly agree,12
(2) Part-time worker,(2) Female,10,(1) Strongly agree,9.67741935484
(1) Full-time worker,(2) Female,10,(1) Strongly agree,19.52380952381
(1) Full-time worker,(2) Female,10,(4) Disagree,16.25
(1) Full-time worker,(2) Female,11,(1) Strongly agree,NA
(1) Full-time worker,(2) Female,12,(1) Strongly agree,17
(1) Full-time worker,(2) Female,11,(2) Agree,23.33333333334
(2) Part-time worker,(2) Female,12,(1) Strongly agree,11
(1) Full-time worker,(2) Female,12,(1) Strongly agree,13.33
(1) Full-time worker,(2) Female,12,(1) Strongly agree,14.75
(1) Full-time worker,(2) Female,12,(1) Strongly agree,15
(1) Full-time worker,(1) Male,10,(1) Strongly agree,31.5
(1) Full-time worker,(2) Female,10,(1) Strongly agree,19
(1) Full-time worker,(2) Female,10,(2) Agree,12.5
(1) Full-time worker,(2) Female,12,(1) Strongly agree,10.5
(1) Full-time worker,(2) Female,9,(2) Agree,NA
(2) Part-time worker,(2) Female,10,(1) Strongly agree,14
(1) Full-time worker,(2) Female,12,(3) Neither agree nor disagree,9.72222222223
(1) Full-time worker,(2) Female,12,(2) Agree,18.75
(1) Full-time worker,(2) Female,12,(2) Agree,5
(2) Part-time worker,(2) Female,12,(2) Agree,24.24242424243
(1) Full-time worker,(2) Female,10,(3) Neither agree nor disagree,21.81818181819
(1) Full-time worker,(2) Female,12,(4) Disagree,13.5
(1) Full-time worker,(2) Female,12,(1) Strongly agree,13
(2) Part-time worker,(2) Female,12,(1) Strongly agree,10.71428571429
(1) Full-time worker,(2) Female,12,(1) Strongly agree,16.25
(1) Full-time worker,(2) Female,12,(3) Neither agree nor disagree,13
(1) Full-time worker,(2) Female,12,(1) Strongly agree,14.5
(1) Full-time worker,(2) Female,12,(1) Strongly agree,20
(1) Full-time worker,(2) Female,12,(3) Neither agree nor disagree,17
(1) Full-time worker,(2) Female,NA,(1) Strongly agree,13.5
(1) Full-time worker,(2) Female,9,(2) Agree,22.26620484909
(1) Full-time worker,(2) Female,12,(1) Strongly agree,17.46031746032
(1) Full-time worker,NA,12,NA,15
(1) Full-time worker,(2) Female,11,(2) Agree,9
(1) Full-time worker,(2) Female,12,(2) Agree,11.25
NA,NA,NA,NA,NA
(2) Part-time worker,(2) Female,8,(2) Agree,10
(1) Full-time worker,(2) Female,12,(1) Strongly agree,12
(2) Part-time worker,(2) Female,12,(2) Agree,12
(1) Full-time worker,(1) Male,1,(1) Strongly agree,15.625
(1) Full-time worker,(2) Female,12,(1) Strongly agree,20
(1) Full-time worker,(2) Female,9,(3) Neither agree nor disagree,12.675
NA,NA,NA,NA,NA
(2) Part-time worker,(2) Female,4,(2) Agree,10
(1) Full-time worker,(2) Female,12,(1) Strongly agree,12
(1) Full-time worker,(2) Female,12,(2) Agree,10.25
(1) Full-time worker,(2) Female,8,(1) Strongly agree,19.25
(1) Full-time worker,(2) Female,2,(1) Strongly agree,13
(1) Full-time worker,(2) Female,2,(2) Agree,12
(1) Full-time worker,(2) Female,9,(1) Strongly agree,11
(1) Full-time worker,(2) Female,12,(3) Neither agree nor disagree,11
(2) Part-time worker,(2) Female,10,(2) Agree,10
(1) Full-time worker,(2) Female,12,(3) Neither agree nor disagree,16
(1) Full-time worker,(2) Female,12,(2) Agree,16.5
(1) Full-time worker,(2) Female,12,(2) Agree,7.91208791209
NA,NA,NA,NA,NA
(1) Full-time worker,(2) Female,12,(1) Strongly agree,9
(1) Full-time worker,(2) Female,12,(3) Neither agree nor disagree,19.5
(1) Full-time worker,(2) Female,12,(2) Agree,12.75
(2) Part-time worker,(2) Female,12,(1) Strongly agree,12.5
(1) Full-time worker,(2) Female,2,(1) Strongly agree,10.87209302326
(2) Part-time worker,(2) Female,12,(1) Strongly agree,10.25
(1) Full-time worker,(2) Female,NA,(1) Strongly agree,13.3
(1) Full-time worker,(2) Female,12,(1) Strongly agree,18.5
(1) Full-time worker,(2) Female,12,(1) Strongly agree,12.31
(2) Part-time worker,(2) Female,12,(1) Strongly agree,8
(1) Full-time worker,(2) Female,4,(2) Agree,12
(2) Part-time worker,(2) Female,10,(1) Strongly agree,44.21052631579
(1) Full-time worker,(2) Female,4,(2) Agree,10.44
NA,NA,NA,NA,NA
(1) Full-time worker,(1) Male,12,(2) Agree,14.44444444445
(1) Full-time worker,(2) Female,9,(1) Strongly agree,15.75
(1) Full-time worker,(2) Female,12,(2) Agree,19.06
(1) Full-time worker,(2) Female,1,(5) Strongly disagree,20.27027027028
(2) Part-time worker,(2) Female,12,(1) Strongly agree,10
(1) Full-time worker,(2) Female,12,(1) Strongly agree,13.25
(2) Part-time worker,(2) Female,12,(1) Strongly agree,14
(2) Part-time worker,(2) Female,9,(3) Neither agree nor disagree,8.66666666667
(1) Full-time worker,(2) Female,12,(2) Agree,7.025
(2) Part-time worker,(2) Female,10,(1) Strongly agree,12
(1) Full-time worker,(2) Female,12,(3) Neither agree nor disagree,19.04761904762
(1) Full-time worker,(2) Female,10,(3) Neither agree nor disagree,15
NA,NA,NA,NA,NA
(1) Full-time worker,(2) Female,12,(1) Strongly agree,15
NA,NA,NA,NA,NA
(1) Full-time worker,(2) Female,1,NA,11.1
NA,NA,NA,NA,NA
(1) Full-time worker,(2) Female,12,(1) Strongly agree,12.25
(1) Full-time worker,(1) Male,10,(2) Agree,39.77272727273
NA,NA,NA,NA,NA
(1) Full-time worker,(2) Female,10,(1) Strongly agree,12.248375
(1) Full-time worker,(2) Female,10,(2) Agree,15
NA,NA,NA,NA,NA
(1) Full-time worker,(2) Female,12,(2) Agree,10.375
(1) Full-time worker,(2) Female,12,(1) Strongly agree,13.86666666667
(1) Full-time worker,(2) Female,11,(2) Agree,45.62083333334
(2) Part-time worker,(2) Female,12,(1) Strongly agree,10
(1) Full-time worker,(2) Female,12,(1) Strongly agree,NA
(1) Full-time worker,(2) Female,12,(2) Agree,11.2
(2) Part-time worker,(2) Female,12,(1) Strongly agree,11
(1) Full-time worker,(2) Female,12,(1) Strongly agree,19.72666666667
(1) Full-time worker,(2) Female,12,(3) Neither agree nor disagree,15
NA,NA,NA,NA,NA
(1) Full-time worker,(2) Female,12,(1) Strongly agree,8
(1) Full-time worker,(2) Female,12,(4) Disagree,14
(1) Full-time worker,(2) Female,12,(2) Agree,8.75
(2) Part-time worker,(2) Female,12,(1) Strongly agree,9.73333333334
(1) Full-time worker,(2) Female,5,(2) Agree,10.5
(1) Full-time worker,(2) Female,12,(1) Strongly agree,17
(1) Full-time worker,(2) Female,12,(1) Strongly agree,32.47863247864
(1) Full-time worker,(2) Female,8,(2) Agree,20
(1) Full-time worker,(2) Female,10,(3) Neither agree nor disagree,107.5
(1) Full-time worker,(2) Female,10,(1) Strongly agree,12.5
(2) Part-time worker,(2) Female,9,(5) Strongly disagree,9
(1) Full-time worker,(2) Female,12,(2) Agree,24.8
NA,NA,NA,NA,NA
(1) Full-time worker,(2) Female,12,(2) Agree,9.25
NA,NA,NA,NA,NA
(2) Part-time worker,(2) Female,3,(5) Strongly disagree,10.25
(1) Full-time worker,(2) Female,4,(2) Agree,10
(1) Full-time worker,(2) Female,12,(1) Strongly agree,20
NA,NA,NA,NA,NA
(1) Full-time worker,(2) Female,12,(1) Strongly agree,NA
(1) Full-time worker,(2) Female,9,(1) Strongly agree,42.1052631579
(2) Part-time worker,(2) Female,12,(2) Agree,11.75
(1) Full-time worker,(2) Female,12,(2) Agree,24.0625
(1) Full-time worker,(2) Female,12,(2) Agree,13.21428571429
(2) Part-time worker,(2) Female,10,(5) Strongly disagree,10
(1) Full-time worker,(2) Female,12,(1) Strongly agree,17.25
(1) Full-time worker,(2) Female,12,(1) Strongly agree,14
(1) Full-time worker,(2) Female,12,(2) Agree,12
NA,NA,NA,NA,NA
