fullpart_time,gender,months_work,respect,hr_wage,fullpart_time_char,gender_char
(1) Full-time worker,(2) Female,12,(4) Disagree,NA,Full-time,Female
(1) Full-time worker,(2) Female,12,(1) Strongly agree,8.6538461538499991,Full-time,Female
(1) Full-time worker,(2) Female,9,(3) Neither agree nor disagree,4.44444444445,Full-time,Female
(1) Full-time worker,(2) Female,12,(3) Neither agree nor disagree,10,Full-time,Female
(2) Part-time worker,(2) Female,9,(1) Strongly agree,8.5,Part-time,Female
(1) Full-time worker,(2) Female,12,(1) Strongly agree,15,Full-time,Female
(1) Full-time worker,(2) Female,12,(1) Strongly agree,20.83333333334,Full-time,Female
(1) Full-time worker,(2) Female,7,(2) Agree,10.5,Full-time,Female
(1) Full-time worker,(2) Female,8,(1) Strongly agree,12,Full-time,Female
(1) Full-time worker,(2) Female,12,(1) Strongly agree,NA,Full-time,Female
(1) Full-time worker,(2) Female,9,(1) Strongly agree,7.89473684211,Full-time,Female
(2) Part-time worker,(2) Female,11,(1) Strongly agree,3.30882352941,Part-time,Female
(1) Full-time worker,(2) Female,11,(2) Agree,11.22,Full-time,Female
(1) Full-time worker,(2) Female,9,NA,11.11111111112,Full-time,Female
(1) Full-time worker,(2) Female,12,(3) Neither agree nor disagree,14.5,Full-time,Female
(2) Part-time worker,(2) Female,2,(2) Agree,11.1,Part-time,Female
(2) Part-time worker,(2) Female,10,(1) Strongly agree,11.2,Part-time,Female
(1) Full-time worker,(2) Female,10,(2) Agree,11.8918918919,Full-time,Female
(1) Full-time worker,(2) Female,12,(2) Agree,9.06,Full-time,Female
(2) Part-time worker,(2) Female,12,(2) Agree,8.33333333334,Part-time,Female
(1) Full-time worker,(2) Female,12,(1) Strongly agree,15.96,Full-time,Female
(2) Part-time worker,(2) Female,6,(2) Agree,NA,Part-time,Female
(1) Full-time worker,(2) Female,12,(1) Strongly agree,13.2,Full-time,Female
(2) Part-time worker,(2) Female,12,(2) Agree,15,Part-time,Female
(1) Full-time worker,(2) Female,10,NA,NA,Full-time,Female
(2) Part-time worker,(2) Female,7,(1) Strongly agree,10,Part-time,Female
(1) Full-time worker,(2) Female,12,(1) Strongly agree,12,Full-time,Female
(2) Part-time worker,(2) Female,12,(2) Agree,11.5,Part-time,Female
NA,NA,NA,NA,NA,NA,NA
(1) Full-time worker,(2) Female,12,(2) Agree,20,Full-time,Female
(1) Full-time worker,(2) Female,12,(2) Agree,14.58333333334,Full-time,Female
(2) Part-time worker,(2) Female,10,(1) Strongly agree,25,Part-time,Female
(2) Part-time worker,(2) Female,9,(1) Strongly agree,12.16,Part-time,Female
(2) Part-time worker,(2) Female,2,(2) Agree,10.75,Part-time,Female
(1) Full-time worker,(2) Female,2,(2) Agree,NA,Full-time,Female
(1) Full-time worker,(1) Male,12,(1) Strongly agree,7.69230769231,Full-time,Male
(2) Part-time worker,(2) Female,12,(2) Agree,8.39160839161,Part-time,Female
(1) Full-time worker,(2) Female,9,(2) Agree,13.7125,Full-time,Female
(1) Full-time worker,(2) Female,9,(2) Agree,15,Full-time,Female
(2) Part-time worker,(2) Female,12,(2) Agree,20,Part-time,Female
NA,NA,NA,NA,NA,NA,NA
NA,NA,NA,NA,NA,NA,NA
(1) Full-time worker,(2) Female,10,(1) Strongly agree,31.93277310925,Full-time,Female
(1) Full-time worker,(2) Female,12,(1) Strongly agree,7.5,Full-time,Female
(2) Part-time worker,(2) Female,12,NA,12.5,Part-time,Female
(1) Full-time worker,(2) Female,12,(2) Agree,14,Full-time,Female
(1) Full-time worker,(2) Female,12,(2) Agree,10,Full-time,Female
(1) Full-time worker,(2) Female,12,(1) Strongly agree,8,Full-time,Female
(1) Full-time worker,(2) Female,8,(4) Disagree,10,Full-time,Female
(1) Full-time worker,(2) Female,12,(1) Strongly agree,17.09401709402,Full-time,Female
(1) Full-time worker,(2) Female,12,(1) Strongly agree,NA,Full-time,Female
(1) Full-time worker,(2) Female,12,(1) Strongly agree,NA,Full-time,Female
(1) Full-time worker,(2) Female,12,(2) Agree,15.75,Full-time,Female
(2) Part-time worker,(2) Female,9,(1) Strongly agree,14.67,Part-time,Female
(1) Full-time worker,(2) Female,12,(1) Strongly agree,28.44444444445,Full-time,Female
(1) Full-time worker,(2) Female,12,(1) Strongly agree,26,Full-time,Female
(1) Full-time worker,(2) Female,12,(2) Agree,16,Full-time,Female
(1) Full-time worker,(2) Female,11,(3) Neither agree nor disagree,107.5,Full-time,Female
(1) Full-time worker,(2) Female,12,NA,NA,Full-time,Female
(2) Part-time worker,(2) Female,10,(1) Strongly agree,NA,Part-time,Female
(1) Full-time worker,(2) Female,12,(1) Strongly agree,17,Full-time,Female
NA,NA,NA,NA,NA,NA,NA
(1) Full-time worker,(2) Female,12,(2) Agree,13.725,Full-time,Female
(1) Full-time worker,(2) Female,NA,(2) Agree,22.52252252253,Full-time,Female
(2) Part-time worker,(2) Female,3,(2) Agree,15,Part-time,Female
NA,NA,NA,NA,NA,NA,NA
(1) Full-time worker,(2) Female,12,NA,12.85714285715,Full-time,Female
(1) Full-time worker,(2) Female,8,(1) Strongly agree,14,Full-time,Female
(1) Full-time worker,(2) Female,12,(5) Strongly disagree,31.54761904762,Full-time,Female
(1) Full-time worker,(2) Female,12,(2) Agree,14.5,Full-time,Female
(2) Part-time worker,(2) Female,12,(2) Agree,NA,Part-time,Female
(1) Full-time worker,(2) Female,12,(1) Strongly agree,10,Full-time,Female
(1) Full-time worker,(2) Female,12,(1) Strongly agree,16,Full-time,Female
(1) Full-time worker,(2) Female,12,(1) Strongly agree,10,Full-time,Female
(1) Full-time worker,(2) Female,12,(1) Strongly agree,11,Full-time,Female
NA,NA,NA,NA,NA,NA,NA
(2) Part-time worker,(2) Female,12,(1) Strongly agree,14.5,Part-time,Female
(1) Full-time worker,(2) Female,8,(1) Strongly agree,17.72,Full-time,Female
(2) Part-time worker,(2) Female,10,(1) Strongly agree,13,Part-time,Female
(1) Full-time worker,(2) Female,12,(2) Agree,16.5,Full-time,Female
(1) Full-time worker,(2) Female,1,NA,NA,Full-time,Female
NA,NA,NA,NA,NA,NA,NA
(1) Full-time worker,(1) Male,12,(1) Strongly agree,11,Full-time,Male
(2) Part-time worker,(2) Female,10,(1) Strongly agree,12.185,Part-time,Female
(1) Full-time worker,(2) Female,8,(1) Strongly agree,21.11176470589,Full-time,Female
(1) Full-time worker,(2) Female,10,(4) Disagree,12.5,Full-time,Female
NA,NA,NA,NA,NA,NA,NA
(1) Full-time worker,(2) Female,10,(2) Agree,14,Full-time,Female
(1) Full-time worker,(2) Female,9,(3) Neither agree nor disagree,7.75,Full-time,Female
NA,NA,NA,NA,NA,NA,NA
NA,NA,NA,NA,NA,NA,NA
(1) Full-time worker,(2) Female,12,(1) Strongly agree,13,Full-time,Female
(1) Full-time worker,(2) Female,12,(1) Strongly agree,11,Full-time,Female
(1) Full-time worker,(2) Female,12,(3) Neither agree nor disagree,13.725,Full-time,Female
(2) Part-time worker,(2) Female,12,(3) Neither agree nor disagree,10,Part-time,Female
(1) Full-time worker,(2) Female,2,(3) Neither agree nor disagree,12.5,Full-time,Female
(1) Full-time worker,(2) Female,10,(1) Strongly agree,32.7380952381,Full-time,Female
(1) Full-time worker,(2) Female,12,(2) Agree,NA,Full-time,Female
(1) Full-time worker,(2) Female,9,(1) Strongly agree,12.01923076924,Full-time,Female
NA,NA,NA,NA,NA,NA,NA
(1) Full-time worker,(2) Female,12,(2) Agree,11.875,Full-time,Female
(1) Full-time worker,(2) Female,2,(3) Neither agree nor disagree,8,Full-time,Female
(1) Full-time worker,(2) Female,9,(2) Agree,21.86,Full-time,Female
(2) Part-time worker,(2) Female,4,(1) Strongly agree,8,Part-time,Female
(1) Full-time worker,(2) Female,12,(2) Agree,14.071875,Full-time,Female
(1) Full-time worker,(2) Female,12,(1) Strongly agree,13.46153846154,Full-time,Female
(1) Full-time worker,(2) Female,12,(1) Strongly agree,15,Full-time,Female
(1) Full-time worker,(2) Female,12,(2) Agree,12,Full-time,Female
(1) Full-time worker,(2) Female,12,(1) Strongly agree,12,Full-time,Female
(1) Full-time worker,(2) Female,10,(2) Agree,15.9,Full-time,Female
(1) Full-time worker,(2) Female,12,(1) Strongly agree,NA,Full-time,Female
(1) Full-time worker,(2) Female,12,(2) Agree,11,Full-time,Female
(1) Full-time worker,(2) Female,12,(2) Agree,10.91,Full-time,Female
NA,NA,NA,NA,NA,NA,NA
(1) Full-time worker,(2) Female,12,(4) Disagree,17,Full-time,Female
NA,NA,NA,NA,NA,NA,NA
(1) Full-time worker,NA,12,NA,8.12790697675,Full-time,NA
(1) Full-time worker,(2) Female,12,(1) Strongly agree,13,Full-time,Female
(1) Full-time worker,(2) Female,5,(1) Strongly agree,7.5,Full-time,Female
(1) Full-time worker,(1) Male,12,(5) Strongly disagree,15.68627450981,Full-time,Male
NA,NA,NA,NA,NA,NA,NA
(1) Full-time worker,(2) Female,12,(1) Strongly agree,22,Full-time,Female
(2) Part-time worker,(2) Female,10,(1) Strongly agree,NA,Part-time,Female
(1) Full-time worker,(2) Female,10,(1) Strongly agree,37.89473684211,Full-time,Female
(2) Part-time worker,(2) Female,8,(2) Agree,10,Part-time,Female
(2) Part-time worker,(2) Female,12,(1) Strongly agree,14,Part-time,Female
(1) Full-time worker,(2) Female,10,(1) Strongly agree,35.51768707483,Full-time,Female
(1) Full-time worker,(2) Female,12,(2) Agree,10,Full-time,Female
(1) Full-time worker,(2) Female,12,(2) Agree,9.5,Full-time,Female
(2) Part-time worker,(2) Female,9,(2) Agree,11.62,Part-time,Female
(1) Full-time worker,(2) Female,12,(2) Agree,15,Full-time,Female
(1) Full-time worker,(2) Female,11,(2) Agree,15,Full-time,Female
(1) Full-time worker,(2) Female,12,(2) Agree,7.3625,Full-time,Female
NA,NA,NA,NA,NA,NA,NA
(1) Full-time worker,(2) Female,12,(2) Agree,10,Full-time,Female
NA,NA,NA,NA,NA,NA,NA
NA,NA,NA,NA,NA,NA,NA
NA,NA,NA,NA,NA,NA,NA
(2) Part-time worker,(2) Female,6,(1) Strongly agree,10.4,Part-time,Female
(2) Part-time worker,(2) Female,9,(2) Agree,18.73170731708,Part-time,Female
NA,NA,NA,NA,NA,NA,NA
(1) Full-time worker,(2) Female,12,(1) Strongly agree,11,Full-time,Female
(2) Part-time worker,(1) Male,10,(1) Strongly agree,107.32142857143,Part-time,Male
(1) Full-time worker,(2) Female,9,(2) Agree,38.88888888889,Full-time,Female
(1) Full-time worker,(2) Female,10,(2) Agree,17.5,Full-time,Female
(1) Full-time worker,(2) Female,12,(2) Agree,20.625,Full-time,Female
(1) Full-time worker,(2) Female,10,(1) Strongly agree,9,Full-time,Female
(1) Full-time worker,(2) Female,10,(2) Agree,19.69000000001,Full-time,Female
(1) Full-time worker,(2) Female,10,(2) Agree,21,Full-time,Female
(2) Part-time worker,(2) Female,12,(2) Agree,10.66666666667,Part-time,Female
(2) Part-time worker,(2) Female,9,(1) Strongly agree,59.375,Part-time,Female
(1) Full-time worker,(2) Female,12,(1) Strongly agree,9,Full-time,Female
(1) Full-time worker,(2) Female,12,(1) Strongly agree,8.75,Full-time,Female
(1) Full-time worker,(2) Female,12,(3) Neither agree nor disagree,12,Full-time,Female
(1) Full-time worker,(2) Female,12,(3) Neither agree nor disagree,23.56,Full-time,Female
(1) Full-time worker,(2) Female,12,(1) Strongly agree,16,Full-time,Female
(1) Full-time worker,(2) Female,5,(1) Strongly agree,5.68571428572,Full-time,Female
(2) Part-time worker,(2) Female,12,(1) Strongly agree,12.6,Part-time,Female
(2) Part-time worker,(2) Female,10,(1) Strongly agree,7,Part-time,Female
(2) Part-time worker,(2) Female,12,(1) Strongly agree,NA,Part-time,Female
NA,NA,NA,NA,NA,NA,NA
(1) Full-time worker,(2) Female,12,(2) Agree,12.5,Full-time,Female
NA,NA,NA,NA,NA,NA,NA
(1) Full-time worker,(2) Female,1,(1) Strongly agree,12,Full-time,Female
(1) Full-time worker,(2) Female,11,(4) Disagree,12.75,Full-time,Female
(1) Full-time worker,(2) Female,10,(1) Strongly agree,14,Full-time,Female
(1) Full-time worker,(2) Female,12,(1) Strongly agree,107.5,Full-time,Female
(1) Full-time worker,(2) Female,12,(2) Agree,12.85714285715,Full-time,Female
(1) Full-time worker,(2) Female,12,(3) Neither agree nor disagree,19.9,Full-time,Female
NA,NA,NA,NA,NA,NA,NA
(1) Full-time worker,(2) Female,9,(1) Strongly agree,10.25,Full-time,Female
(1) Full-time worker,(2) Female,10,(1) Strongly agree,20.55555555556,Full-time,Female
(1) Full-time worker,(2) Female,12,(2) Agree,10.80000000001,Full-time,Female
NA,NA,NA,NA,NA,NA,NA
(1) Full-time worker,(2) Female,12,(2) Agree,15,Full-time,Female
(1) Full-time worker,(2) Female,12,(1) Strongly agree,12.5,Full-time,Female
(1) Full-time worker,(2) Female,12,(1) Strongly agree,9.5,Full-time,Female
(2) Part-time worker,(2) Female,10,NA,NA,Part-time,Female
(1) Full-time worker,(2) Female,12,(2) Agree,9.1,Full-time,Female
(1) Full-time worker,(2) Female,12,(2) Agree,11,Full-time,Female
(1) Full-time worker,(2) Female,10,(2) Agree,16,Full-time,Female
(1) Full-time worker,(2) Female,12,(2) Agree,9.15,Full-time,Female
(1) Full-time worker,(2) Female,12,(2) Agree,26.84210526316,Full-time,Female
(1) Full-time worker,NA,1,(2) Agree,18,Full-time,NA
NA,NA,NA,NA,NA,NA,NA
(2) Part-time worker,(2) Female,10,(2) Agree,8,Part-time,Female
NA,NA,NA,NA,NA,NA,NA
(1) Full-time worker,(2) Female,8,(1) Strongly agree,9,Full-time,Female
(1) Full-time worker,(2) Female,9,(2) Agree,25,Full-time,Female
(1) Full-time worker,(2) Female,10,(1) Strongly agree,23.33333333334,Full-time,Female
(2) Part-time worker,(2) Female,12,(1) Strongly agree,10,Part-time,Female
(1) Full-time worker,(2) Female,12,(2) Agree,9.125,Full-time,Female
(1) Full-time worker,(2) Female,4,(2) Agree,10,Full-time,Female
(1) Full-time worker,(2) Female,12,(2) Agree,9,Full-time,Female
(2) Part-time worker,(2) Female,12,(1) Strongly agree,10.05000000001,Part-time,Female
(1) Full-time worker,(2) Female,3,(3) Neither agree nor disagree,18.75,Full-time,Female
(1) Full-time worker,(2) Female,10,(1) Strongly agree,33.33333333334,Full-time,Female
(1) Full-time worker,(2) Female,12,(2) Agree,17.307692307699998,Full-time,Female
(2) Part-time worker,(2) Female,5,(1) Strongly agree,7.25,Part-time,Female
(2) Part-time worker,(2) Female,3,(4) Disagree,7.14285714286,Part-time,Female
(1) Full-time worker,(2) Female,6,(2) Agree,9,Full-time,Female
(1) Full-time worker,(2) Female,12,(1) Strongly agree,12.5,Full-time,Female
(1) Full-time worker,(2) Female,10,(1) Strongly agree,15,Full-time,Female
(1) Full-time worker,(2) Female,9,(1) Strongly agree,8.48750000001,Full-time,Female
(1) Full-time worker,(2) Female,12,(2) Agree,10.75,Full-time,Female
(1) Full-time worker,(2) Female,12,(1) Strongly agree,18.66,Full-time,Female
(1) Full-time worker,(2) Female,10,(4) Disagree,16.66666666667,Full-time,Female
(1) Full-time worker,(2) Female,12,(2) Agree,15.5,Full-time,Female
(1) Full-time worker,(2) Female,7,(2) Agree,11,Full-time,Female
(1) Full-time worker,(2) Female,12,(2) Agree,13,Full-time,Female
(2) Part-time worker,(2) Female,1,(2) Agree,12,Part-time,Female
NA,NA,NA,NA,NA,NA,NA
(1) Full-time worker,(2) Female,12,(1) Strongly agree,NA,Full-time,Female
(1) Full-time worker,(2) Female,12,(1) Strongly agree,9.25,Full-time,Female
(2) Part-time worker,(2) Female,2,(2) Agree,9,Part-time,Female
NA,NA,NA,NA,NA,NA,NA
(1) Full-time worker,(2) Female,12,(2) Agree,20,Full-time,Female
(2) Part-time worker,(2) Female,9,(5) Strongly disagree,7.75,Part-time,Female
(1) Full-time worker,(2) Female,11,(3) Neither agree nor disagree,11.9,Full-time,Female
(1) Full-time worker,(2) Female,12,(1) Strongly agree,10.5,Full-time,Female
(2) Part-time worker,(2) Female,12,(2) Agree,14.93333333334,Part-time,Female
(1) Full-time worker,(2) Female,12,(2) Agree,11.75,Full-time,Female
NA,NA,NA,NA,NA,NA,NA
(2) Part-time worker,(2) Female,1,(1) Strongly agree,14,Part-time,Female
(2) Part-time worker,(2) Female,12,(2) Agree,12,Part-time,Female
(1) Full-time worker,(2) Female,12,(1) Strongly agree,7.5,Full-time,Female
(1) Full-time worker,(2) Female,12,(2) Agree,14,Full-time,Female
(1) Full-time worker,(1) Male,12,(2) Agree,9,Full-time,Male
(1) Full-time worker,(2) Female,12,(1) Strongly agree,NA,Full-time,Female
(1) Full-time worker,(2) Female,12,(2) Agree,16.11111111112,Full-time,Female
(2) Part-time worker,(2) Female,9,(2) Agree,24.60317460318,Part-time,Female
(2) Part-time worker,(2) Female,12,(1) Strongly agree,107.5,Part-time,Female
NA,NA,NA,NA,NA,NA,NA
(1) Full-time worker,(2) Female,10,(1) Strongly agree,9,Full-time,Female
(2) Part-time worker,(2) Female,8,(2) Agree,12.75,Part-time,Female
(1) Full-time worker,(2) Female,12,(2) Agree,15,Full-time,Female
NA,NA,NA,NA,NA,NA,NA
(2) Part-time worker,(2) Female,12,(1) Strongly agree,12,Part-time,Female
NA,NA,NA,NA,NA,NA,NA
(1) Full-time worker,(2) Female,NA,(2) Agree,NA,Full-time,Female
(2) Part-time worker,(2) Female,12,(3) Neither agree nor disagree,12.75,Part-time,Female
(2) Part-time worker,(2) Female,4,(2) Agree,10,Part-time,Female
(1) Full-time worker,(2) Female,12,(1) Strongly agree,10,Full-time,Female
(1) Full-time worker,(2) Female,12,(2) Agree,11.6,Full-time,Female
(1) Full-time worker,(2) Female,12,(3) Neither agree nor disagree,10.5,Full-time,Female
(1) Full-time worker,(2) Female,12,(2) Agree,30.79207317074,Full-time,Female
NA,NA,NA,NA,NA,NA,NA
(1) Full-time worker,(2) Female,7,(1) Strongly agree,7.41666666667,Full-time,Female
(1) Full-time worker,(2) Female,12,(1) Strongly agree,15,Full-time,Female
NA,(2) Female,NA,(3) Neither agree nor disagree,10,NA,Female
(1) Full-time worker,(2) Female,8,(3) Neither agree nor disagree,31.32716049383,Full-time,Female
(2) Part-time worker,(2) Female,12,(4) Disagree,13,Part-time,Female
(1) Full-time worker,(2) Female,12,(2) Agree,NA,Full-time,Female
(1) Full-time worker,(2) Female,12,(1) Strongly agree,18.25,Full-time,Female
(1) Full-time worker,(2) Female,12,(1) Strongly agree,25.71428571429,Full-time,Female
(1) Full-time worker,(2) Female,12,(1) Strongly agree,NA,Full-time,Female
(2) Part-time worker,(2) Female,12,(1) Strongly agree,14,Part-time,Female
(2) Part-time worker,(2) Female,8,(1) Strongly agree,11,Part-time,Female
(1) Full-time worker,(2) Female,10,(2) Agree,10,Full-time,Female
(1) Full-time worker,(2) Female,12,(1) Strongly agree,8.7537993921,Full-time,Female
(2) Part-time worker,(2) Female,12,(1) Strongly agree,8,Part-time,Female
NA,NA,NA,NA,NA,NA,NA
(1) Full-time worker,(2) Female,2,(1) Strongly agree,7.25,Full-time,Female
(1) Full-time worker,(2) Female,10,(1) Strongly agree,10.09615384616,Full-time,Female
(1) Full-time worker,(2) Female,12,(3) Neither agree nor disagree,18.48214285715,Full-time,Female
(1) Full-time worker,(2) Female,12,(2) Agree,11.87,Full-time,Female
(1) Full-time worker,(2) Female,10,(2) Agree,12,Full-time,Female
(1) Full-time worker,(2) Female,12,(3) Neither agree nor disagree,NA,Full-time,Female
(1) Full-time worker,(1) Male,12,(1) Strongly agree,3.09090909091,Full-time,Male
NA,NA,NA,NA,NA,NA,NA
(1) Full-time worker,(2) Female,12,(1) Strongly agree,NA,Full-time,Female
(1) Full-time worker,(2) Female,8,(2) Agree,10,Full-time,Female
(1) Full-time worker,(2) Female,12,(1) Strongly agree,15.28,Full-time,Female
NA,NA,NA,NA,NA,NA,NA
(1) Full-time worker,(2) Female,9,(1) Strongly agree,26.26262626263,Full-time,Female
(1) Full-time worker,(2) Female,10,(1) Strongly agree,20.84,Full-time,Female
(2) Part-time worker,(2) Female,12,(1) Strongly agree,8.75,Part-time,Female
NA,NA,NA,NA,NA,NA,NA
(1) Full-time worker,(2) Female,1,(2) Agree,10,Full-time,Female
(1) Full-time worker,(2) Female,12,(3) Neither agree nor disagree,16,Full-time,Female
(1) Full-time worker,(2) Female,9,(2) Agree,27.77777777778,Full-time,Female
(1) Full-time worker,(2) Female,12,(1) Strongly agree,9,Full-time,Female
(1) Full-time worker,(2) Female,11,(1) Strongly agree,14.44444444445,Full-time,Female
(1) Full-time worker,(2) Female,1,(3) Neither agree nor disagree,9,Full-time,Female
(1) Full-time worker,(2) Female,12,(1) Strongly agree,12,Full-time,Female
(1) Full-time worker,(2) Female,10,(1) Strongly agree,18.33333333334,Full-time,Female
(1) Full-time worker,(2) Female,12,(2) Agree,11,Full-time,Female
(1) Full-time worker,NA,9,NA,9.85,Full-time,NA
(1) Full-time worker,(2) Female,10,(2) Agree,17,Full-time,Female
(1) Full-time worker,(2) Female,12,(2) Agree,14.509,Full-time,Female
(2) Part-time worker,(2) Female,8,(1) Strongly agree,NA,Part-time,Female
(2) Part-time worker,(2) Female,10,(1) Strongly agree,27,Part-time,Female
(2) Part-time worker,(2) Female,4,(1) Strongly agree,NA,Part-time,Female
(1) Full-time worker,(2) Female,12,(1) Strongly agree,20,Full-time,Female
(1) Full-time worker,(2) Female,10,(1) Strongly agree,24.36,Full-time,Female
NA,NA,NA,NA,NA,NA,NA
(1) Full-time worker,(2) Female,12,(2) Agree,15.35,Full-time,Female
(1) Full-time worker,(2) Female,10,(1) Strongly agree,12.5,Full-time,Female
(1) Full-time worker,(2) Female,12,(1) Strongly agree,17.52136752137,Full-time,Female
(1) Full-time worker,(2) Female,9,(1) Strongly agree,NA,Full-time,Female
(1) Full-time worker,(1) Male,12,(1) Strongly agree,21.42857142858,Full-time,Male
(1) Full-time worker,(2) Female,12,(1) Strongly agree,NA,Full-time,Female
(1) Full-time worker,(2) Female,12,(3) Neither agree nor disagree,10,Full-time,Female
NA,NA,NA,NA,NA,NA,NA
(2) Part-time worker,(2) Female,12,(2) Agree,16.67000000001,Part-time,Female
(2) Part-time worker,(2) Female,10,(1) Strongly agree,16.5,Part-time,Female
(1) Full-time worker,(2) Female,12,(2) Agree,16.25,Full-time,Female
(1) Full-time worker,(2) Female,12,(1) Strongly agree,NA,Full-time,Female
(1) Full-time worker,(2) Female,8,(1) Strongly agree,10.9375,Full-time,Female
NA,NA,NA,NA,NA,NA,NA
(1) Full-time worker,(2) Female,12,(1) Strongly agree,10,Full-time,Female
(1) Full-time worker,(2) Female,12,(2) Agree,16.10000000001,Full-time,Female
(1) Full-time worker,(2) Female,12,(1) Strongly agree,10,Full-time,Female
(1) Full-time worker,(2) Female,12,(2) Agree,10,Full-time,Female
(1) Full-time worker,(2) Female,12,(1) Strongly agree,15.38,Full-time,Female
(1) Full-time worker,(2) Female,5,(2) Agree,12.75,Full-time,Female
(1) Full-time worker,(2) Female,12,(3) Neither agree nor disagree,14.78991596639,Full-time,Female
(1) Full-time worker,(2) Female,12,(1) Strongly agree,20,Full-time,Female
(1) Full-time worker,(2) Female,12,(1) Strongly agree,13.23529411765,Full-time,Female
(1) Full-time worker,(2) Female,12,(2) Agree,12.35294117648,Full-time,Female
(1) Full-time worker,(2) Female,12,(1) Strongly agree,10,Full-time,Female
(2) Part-time worker,(2) Female,9,(1) Strongly agree,23.80952380953,Part-time,Female
(1) Full-time worker,(2) Female,10,(4) Disagree,58.33333333334,Full-time,Female
NA,NA,NA,NA,NA,NA,NA
(2) Part-time worker,(2) Female,12,(4) Disagree,11,Part-time,Female
(2) Part-time worker,(2) Female,12,(2) Agree,7.75,Part-time,Female
(1) Full-time worker,(2) Female,10,(1) Strongly agree,29.47142857143,Full-time,Female
(1) Full-time worker,(2) Female,12,(3) Neither agree nor disagree,14.92,Full-time,Female
(1) Full-time worker,(2) Female,12,(2) Agree,19,Full-time,Female
(1) Full-time worker,(2) Female,10,(2) Agree,15.4,Full-time,Female
(1) Full-time worker,(2) Female,12,(3) Neither agree nor disagree,13.5,Full-time,Female
(1) Full-time worker,(2) Female,11,(2) Agree,11,Full-time,Female
(1) Full-time worker,(2) Female,9,(2) Agree,13.54166666667,Full-time,Female
(1) Full-time worker,(2) Female,9,(2) Agree,10.41666666667,Full-time,Female
(1) Full-time worker,(2) Female,12,(2) Agree,13.28,Full-time,Female
(1) Full-time worker,(2) Female,12,(1) Strongly agree,15.68,Full-time,Female
(1) Full-time worker,(2) Female,12,(1) Strongly agree,15.68000000001,Full-time,Female
(1) Full-time worker,(1) Male,12,(1) Strongly agree,4.375,Full-time,Male
(2) Part-time worker,NA,10,(2) Agree,15.53,Part-time,NA
(1) Full-time worker,(2) Female,9,(1) Strongly agree,9,Full-time,Female
(1) Full-time worker,(2) Female,12,(1) Strongly agree,11.4,Full-time,Female
(1) Full-time worker,(1) Male,12,(2) Agree,11,Full-time,Male
(1) Full-time worker,(2) Female,12,(1) Strongly agree,6.2875,Full-time,Female
(2) Part-time worker,(2) Female,12,(2) Agree,11.49,Part-time,Female
(1) Full-time worker,(2) Female,10,(2) Agree,18.53,Full-time,Female
(1) Full-time worker,(2) Female,10,(1) Strongly agree,6.875,Full-time,Female
(1) Full-time worker,(2) Female,12,(1) Strongly agree,12,Full-time,Female
(2) Part-time worker,(2) Female,12,(1) Strongly agree,18,Part-time,Female
(2) Part-time worker,(2) Female,12,(1) Strongly agree,10,Part-time,Female
(1) Full-time worker,(2) Female,6,(2) Agree,22,Full-time,Female
(2) Part-time worker,(2) Female,12,(2) Agree,11.86666666667,Part-time,Female
(1) Full-time worker,(2) Female,12,(2) Agree,15,Full-time,Female
(1) Full-time worker,(2) Female,11,(2) Agree,11,Full-time,Female
NA,NA,NA,NA,NA,NA,NA
(1) Full-time worker,(2) Female,9,(1) Strongly agree,35.80246913581,Full-time,Female
(1) Full-time worker,(2) Female,12,(2) Agree,10,Full-time,Female
(1) Full-time worker,(2) Female,12,(3) Neither agree nor disagree,9.5,Full-time,Female
(1) Full-time worker,(2) Female,12,(4) Disagree,11,Full-time,Female
(1) Full-time worker,(2) Female,12,(2) Agree,19.47,Full-time,Female
(1) Full-time worker,(2) Female,12,(1) Strongly agree,38.88888888889,Full-time,Female
(1) Full-time worker,(2) Female,9,(1) Strongly agree,12,Full-time,Female
(1) Full-time worker,(2) Female,12,(2) Agree,22.61904761905,Full-time,Female
(1) Full-time worker,(2) Female,12,(2) Agree,10.25,Full-time,Female
(1) Full-time worker,(2) Female,3,(2) Agree,9.5,Full-time,Female
(1) Full-time worker,(2) Female,10,(2) Agree,38.88888888889,Full-time,Female
NA,NA,NA,NA,NA,NA,NA
(1) Full-time worker,(2) Female,12,(1) Strongly agree,12,Full-time,Female
(1) Full-time worker,(2) Female,10,(3) Neither agree nor disagree,31.25,Full-time,Female
(1) Full-time worker,(2) Female,NA,(1) Strongly agree,NA,Full-time,Female
(1) Full-time worker,(2) Female,12,(2) Agree,18,Full-time,Female
NA,NA,NA,NA,NA,NA,NA
(1) Full-time worker,(2) Female,12,(2) Agree,42.90350877193,Full-time,Female
NA,NA,NA,NA,NA,NA,NA
(2) Part-time worker,(2) Female,9,(2) Agree,15,Part-time,Female
(2) Part-time worker,(2) Female,8,(1) Strongly agree,21,Part-time,Female
(1) Full-time worker,(2) Female,12,(2) Agree,17.307692307699998,Full-time,Female
(2) Part-time worker,(2) Female,6,(1) Strongly agree,51.42857142858,Part-time,Female
NA,NA,NA,NA,NA,NA,NA
(1) Full-time worker,(1) Male,6,(2) Agree,NA,Full-time,Male
(1) Full-time worker,(2) Female,12,(2) Agree,11,Full-time,Female
(1) Full-time worker,(2) Female,10,(1) Strongly agree,21.25,Full-time,Female
(1) Full-time worker,(2) Female,NA,(2) Agree,NA,Full-time,Female
(2) Part-time worker,(2) Female,6,(1) Strongly agree,20.37037037038,Part-time,Female
(1) Full-time worker,(2) Female,1,(1) Strongly agree,10,Full-time,Female
NA,NA,NA,NA,NA,NA,NA
(1) Full-time worker,(2) Female,12,(2) Agree,NA,Full-time,Female
(2) Part-time worker,(2) Female,10,(1) Strongly agree,10,Part-time,Female
(1) Full-time worker,(2) Female,3,(2) Agree,16,Full-time,Female
(1) Full-time worker,(2) Female,10,(1) Strongly agree,107.5,Full-time,Female
(1) Full-time worker,(2) Female,12,(4) Disagree,14,Full-time,Female
(1) Full-time worker,(2) Female,12,(2) Agree,1.28571428571,Full-time,Female
(1) Full-time worker,(2) Female,12,(2) Agree,8.125,Full-time,Female
(1) Full-time worker,(2) Female,12,(2) Agree,10.825,Full-time,Female
(1) Full-time worker,(2) Female,9,(1) Strongly agree,15.6,Full-time,Female
NA,NA,NA,NA,NA,NA,NA
(2) Part-time worker,(2) Female,6,(2) Agree,14,Part-time,Female
(1) Full-time worker,(1) Male,10,(2) Agree,13,Full-time,Male
(2) Part-time worker,(2) Female,12,(1) Strongly agree,16.66666666667,Part-time,Female
(1) Full-time worker,(2) Female,12,(1) Strongly agree,12.55,Full-time,Female
(1) Full-time worker,(2) Female,12,(4) Disagree,32.29,Full-time,Female
(2) Part-time worker,(2) Female,10,(2) Agree,10,Part-time,Female
NA,(2) Female,12,(1) Strongly agree,12.5,NA,Female
(1) Full-time worker,(2) Female,12,(1) Strongly agree,9.1,Full-time,Female
(1) Full-time worker,(2) Female,1,(1) Strongly agree,NA,Full-time,Female
NA,NA,NA,NA,NA,NA,NA
(2) Part-time worker,NA,9,NA,10,Part-time,NA
NA,NA,NA,NA,NA,NA,NA
(1) Full-time worker,(2) Female,12,(2) Agree,NA,Full-time,Female
(2) Part-time worker,(2) Female,8,(1) Strongly agree,NA,Part-time,Female
NA,NA,NA,NA,NA,NA,NA
NA,NA,NA,NA,NA,NA,NA
(1) Full-time worker,(2) Female,4,(2) Agree,9.5,Full-time,Female
(1) Full-time worker,(2) Female,12,(3) Neither agree nor disagree,20.91836734694,Full-time,Female
(1) Full-time worker,(2) Female,12,(2) Agree,NA,Full-time,Female
(1) Full-time worker,(2) Female,12,(2) Agree,9,Full-time,Female
(1) Full-time worker,(2) Female,12,(1) Strongly agree,3.475,Full-time,Female
(1) Full-time worker,(2) Female,9,(1) Strongly agree,16,Full-time,Female
(1) Full-time worker,(2) Female,12,(4) Disagree,17.24,Full-time,Female
(1) Full-time worker,(2) Female,6,(4) Disagree,10,Full-time,Female
(1) Full-time worker,(2) Female,12,(5) Strongly disagree,8,Full-time,Female
(1) Full-time worker,(2) Female,10,(2) Agree,13,Full-time,Female
NA,NA,NA,NA,NA,NA,NA
(1) Full-time worker,(2) Female,12,(1) Strongly agree,13.75,Full-time,Female
(1) Full-time worker,(2) Female,12,(1) Strongly agree,11,Full-time,Female
(1) Full-time worker,(2) Female,12,(2) Agree,9.5,Full-time,Female
(1) Full-time worker,(2) Female,12,(2) Agree,NA,Full-time,Female
(1) Full-time worker,(2) Female,6,(4) Disagree,15,Full-time,Female
(1) Full-time worker,(2) Female,12,(2) Agree,12.5,Full-time,Female
(1) Full-time worker,(2) Female,12,(1) Strongly agree,9.5,Full-time,Female
(2) Part-time worker,(2) Female,10,(1) Strongly agree,37.1157948718,Part-time,Female
(1) Full-time worker,(2) Female,10,(1) Strongly agree,14.21052631579,Full-time,Female
NA,NA,NA,NA,NA,NA,NA
(1) Full-time worker,(2) Female,12,(1) Strongly agree,NA,Full-time,Female
(1) Full-time worker,(2) Female,8,(2) Agree,10,Full-time,Female
(1) Full-time worker,(2) Female,12,(2) Agree,9,Full-time,Female
(2) Part-time worker,(2) Female,3,(2) Agree,8.75,Part-time,Female
(1) Full-time worker,(2) Female,12,(3) Neither agree nor disagree,12,Full-time,Female
(1) Full-time worker,(2) Female,12,(1) Strongly agree,10,Full-time,Female
(1) Full-time worker,(2) Female,12,(1) Strongly agree,14.61,Full-time,Female
(2) Part-time worker,(2) Female,12,(2) Agree,11,Part-time,Female
(1) Full-time worker,(2) Female,12,(2) Agree,12.3625,Full-time,Female
NA,NA,NA,NA,NA,NA,NA
(2) Part-time worker,(2) Female,6,(2) Agree,9,Part-time,Female
(1) Full-time worker,(2) Female,12,(3) Neither agree nor disagree,12,Full-time,Female
(1) Full-time worker,(2) Female,12,(3) Neither agree nor disagree,30,Full-time,Female
(1) Full-time worker,(2) Female,12,(1) Strongly agree,15.38461538462,Full-time,Female
(2) Part-time worker,(2) Female,12,(2) Agree,17.10000000001,Part-time,Female
(1) Full-time worker,(2) Female,12,(1) Strongly agree,15.03,Full-time,Female
(1) Full-time worker,(2) Female,10,(2) Agree,51.42857142858,Full-time,Female
(1) Full-time worker,(2) Female,12,(1) Strongly agree,23.5,Full-time,Female
(2) Part-time worker,(2) Female,12,(1) Strongly agree,13,Part-time,Female
(1) Full-time worker,(2) Female,12,(1) Strongly agree,15,Full-time,Female
(1) Full-time worker,(2) Female,9,(1) Strongly agree,10.68,Full-time,Female
(2) Part-time worker,(2) Female,12,(2) Agree,15.23,Part-time,Female
(1) Full-time worker,(2) Female,10,(2) Agree,15,Full-time,Female
(1) Full-time worker,(2) Female,12,(4) Disagree,10,Full-time,Female
(1) Full-time worker,(2) Female,7,(1) Strongly agree,11.65,Full-time,Female
(1) Full-time worker,NA,12,(2) Agree,NA,Full-time,NA
(1) Full-time worker,(2) Female,3,(2) Agree,8,Full-time,Female
(1) Full-time worker,(2) Female,12,(2) Agree,7.25,Full-time,Female
(1) Full-time worker,(2) Female,12,(2) Agree,15.13071428572,Full-time,Female
NA,NA,NA,NA,NA,NA,NA
(1) Full-time worker,(2) Female,NA,(1) Strongly agree,NA,Full-time,Female
(1) Full-time worker,(2) Female,12,(2) Agree,13.25,Full-time,Female
(1) Full-time worker,(2) Female,12,(2) Agree,15,Full-time,Female
(1) Full-time worker,(2) Female,12,(1) Strongly agree,18,Full-time,Female
(2) Part-time worker,(2) Female,9,(1) Strongly agree,15,Part-time,Female
(2) Part-time worker,(2) Female,9,(1) Strongly agree,13,Part-time,Female
(1) Full-time worker,(2) Female,12,(2) Agree,17,Full-time,Female
(1) Full-time worker,(1) Male,10,(1) Strongly agree,NA,Full-time,Male
(1) Full-time worker,(2) Female,12,(1) Strongly agree,16,Full-time,Female
(1) Full-time worker,(2) Female,12,(2) Agree,12,Full-time,Female
(1) Full-time worker,(2) Female,9,(4) Disagree,12,Full-time,Female
(1) Full-time worker,(2) Female,12,(2) Agree,10.15,Full-time,Female
NA,NA,NA,NA,NA,NA,NA
(1) Full-time worker,(2) Female,10,(2) Agree,11.53153153154,Full-time,Female
(2) Part-time worker,(2) Female,1,(1) Strongly agree,NA,Part-time,Female
(2) Part-time worker,(2) Female,5,(1) Strongly agree,10.5,Part-time,Female
(1) Full-time worker,(2) Female,10,(1) Strongly agree,17,Full-time,Female
(1) Full-time worker,(2) Female,12,(3) Neither agree nor disagree,11.19,Full-time,Female
(1) Full-time worker,(2) Female,12,NA,13,Full-time,Female
(1) Full-time worker,(2) Female,12,(1) Strongly agree,24.03846153847,Full-time,Female
(1) Full-time worker,(2) Female,12,(1) Strongly agree,10.55555555556,Full-time,Female
(1) Full-time worker,(2) Female,12,(2) Agree,12,Full-time,Female
(1) Full-time worker,(2) Female,9,(3) Neither agree nor disagree,27.77777777778,Full-time,Female
(1) Full-time worker,(2) Female,10,(1) Strongly agree,11.1,Full-time,Female
NA,NA,NA,NA,NA,NA,NA
(1) Full-time worker,(2) Female,12,(2) Agree,10.5,Full-time,Female
(1) Full-time worker,(2) Female,12,(1) Strongly agree,20.37037037038,Full-time,Female
(1) Full-time worker,(2) Female,12,(2) Agree,NA,Full-time,Female
(1) Full-time worker,(2) Female,12,(1) Strongly agree,12,Full-time,Female
NA,NA,NA,NA,NA,NA,NA
(1) Full-time worker,(2) Female,11,(1) Strongly agree,28.33333333334,Full-time,Female
(2) Part-time worker,(2) Female,9,(1) Strongly agree,16.26984126985,Part-time,Female
(2) Part-time worker,(2) Female,12,(2) Agree,10.5,Part-time,Female
(2) Part-time worker,(2) Female,5,(1) Strongly agree,11.85,Part-time,Female
(1) Full-time worker,(2) Female,12,(1) Strongly agree,12.47401247402,Full-time,Female
(1) Full-time worker,(2) Female,12,(2) Agree,15,Full-time,Female
(1) Full-time worker,(2) Female,12,(1) Strongly agree,11.201923076929999,Full-time,Female
(1) Full-time worker,(1) Male,12,(2) Agree,17.25,Full-time,Male
(2) Part-time worker,(2) Female,9,(1) Strongly agree,NA,Part-time,Female
(1) Full-time worker,(2) Female,12,(1) Strongly agree,27.47,Full-time,Female
(1) Full-time worker,(2) Female,12,(1) Strongly agree,NA,Full-time,Female
NA,NA,NA,NA,NA,NA,NA
(1) Full-time worker,(2) Female,5,(1) Strongly agree,12,Full-time,Female
(2) Part-time worker,(2) Female,12,(1) Strongly agree,51.42857142858,Part-time,Female
(1) Full-time worker,(2) Female,12,(2) Agree,11,Full-time,Female
(2) Part-time worker,(2) Female,10,(1) Strongly agree,12.5,Part-time,Female
(2) Part-time worker,(2) Female,10,(1) Strongly agree,12.72727272728,Part-time,Female
NA,NA,NA,NA,NA,NA,NA
(1) Full-time worker,(2) Female,10,(1) Strongly agree,20.83,Full-time,Female
(1) Full-time worker,(1) Male,12,(1) Strongly agree,16.75,Full-time,Male
(2) Part-time worker,(2) Female,9,(1) Strongly agree,15,Part-time,Female
(1) Full-time worker,(2) Female,10,(4) Disagree,21.5,Full-time,Female
(1) Full-time worker,(2) Female,8,(2) Agree,7.5,Full-time,Female
(1) Full-time worker,(2) Female,12,(2) Agree,11.25,Full-time,Female
(2) Part-time worker,(2) Female,11,(1) Strongly agree,NA,Part-time,Female
(1) Full-time worker,(2) Female,7,(2) Agree,11.3,Full-time,Female
(1) Full-time worker,(2) Female,10,(1) Strongly agree,13.15,Full-time,Female
(1) Full-time worker,(2) Female,12,(2) Agree,21,Full-time,Female
(1) Full-time worker,(2) Female,12,(2) Agree,13.91,Full-time,Female
(1) Full-time worker,(2) Female,12,(1) Strongly agree,15.99,Full-time,Female
NA,NA,NA,NA,NA,NA,NA
(1) Full-time worker,(2) Female,12,(2) Agree,16.24060150376,Full-time,Female
(1) Full-time worker,(2) Female,11,(2) Agree,16.5,Full-time,Female
(2) Part-time worker,(2) Female,12,(1) Strongly agree,8.5,Part-time,Female
(1) Full-time worker,(2) Female,10,(2) Agree,23,Full-time,Female
(2) Part-time worker,(2) Female,12,(1) Strongly agree,11,Part-time,Female
(1) Full-time worker,(2) Female,12,(2) Agree,10,Full-time,Female
(1) Full-time worker,(2) Female,12,(2) Agree,15.85,Full-time,Female
(1) Full-time worker,(2) Female,9,(4) Disagree,63.33333333334,Full-time,Female
(1) Full-time worker,(2) Female,10,(2) Agree,18.01801801802,Full-time,Female
(1) Full-time worker,(2) Female,11,(3) Neither agree nor disagree,NA,Full-time,Female
(1) Full-time worker,(2) Female,10,(1) Strongly agree,21.54882154883,Full-time,Female
(1) Full-time worker,(2) Female,12,(4) Disagree,11.25,Full-time,Female
(1) Full-time worker,(2) Female,12,(1) Strongly agree,13.13,Full-time,Female
(1) Full-time worker,(2) Female,12,(1) Strongly agree,11.11111111112,Full-time,Female
(1) Full-time worker,(2) Female,10,(2) Agree,17.5,Full-time,Female
(1) Full-time worker,(2) Female,6,(1) Strongly agree,10,Full-time,Female
(1) Full-time worker,(2) Female,NA,(2) Agree,12.5,Full-time,Female
(1) Full-time worker,(2) Female,12,(2) Agree,13,Full-time,Female
(1) Full-time worker,(2) Female,3,(1) Strongly agree,11,Full-time,Female
(1) Full-time worker,(2) Female,3,(1) Strongly agree,8.5,Full-time,Female
(1) Full-time worker,(2) Female,10,(2) Agree,38.21428571429,Full-time,Female
(1) Full-time worker,(2) Female,12,(1) Strongly agree,10,Full-time,Female
(1) Full-time worker,(2) Female,12,(1) Strongly agree,18,Full-time,Female
NA,NA,NA,NA,NA,NA,NA
(1) Full-time worker,(2) Female,12,(2) Agree,8,Full-time,Female
(1) Full-time worker,(2) Female,9,(4) Disagree,20,Full-time,Female
(1) Full-time worker,(2) Female,9,(4) Disagree,31.25,Full-time,Female
(1) Full-time worker,(2) Female,NA,(3) Neither agree nor disagree,11,Full-time,Female
(1) Full-time worker,(2) Female,12,(1) Strongly agree,16,Full-time,Female
NA,NA,NA,NA,NA,NA,NA
(2) Part-time worker,(2) Female,10,(1) Strongly agree,21.53846153847,Part-time,Female
(1) Full-time worker,(2) Female,10,(1) Strongly agree,13.84615384616,Full-time,Female
(1) Full-time worker,(2) Female,12,(1) Strongly agree,8,Full-time,Female
(1) Full-time worker,(2) Female,10,(3) Neither agree nor disagree,14.80051480052,Full-time,Female
(2) Part-time worker,(2) Female,9,(4) Disagree,12.73,Part-time,Female
(1) Full-time worker,(2) Female,8,(3) Neither agree nor disagree,8.25,Full-time,Female
(1) Full-time worker,NA,12,NA,NA,Full-time,NA
NA,NA,NA,NA,NA,NA,NA
(1) Full-time worker,(2) Female,12,(2) Agree,11.25,Full-time,Female
(1) Full-time worker,(2) Female,9,(1) Strongly agree,15.9,Full-time,Female
NA,NA,NA,NA,NA,NA,NA
NA,NA,NA,NA,NA,NA,NA
(1) Full-time worker,(2) Female,11,(1) Strongly agree,15,Full-time,Female
(1) Full-time worker,(2) Female,1,(3) Neither agree nor disagree,8.5,Full-time,Female
(1) Full-time worker,(2) Female,12,(1) Strongly agree,14,Full-time,Female
(1) Full-time worker,(2) Female,12,(4) Disagree,17,Full-time,Female
(1) Full-time worker,(2) Female,12,(2) Agree,10.25,Full-time,Female
(1) Full-time worker,(2) Female,12,(1) Strongly agree,12,Full-time,Female
NA,NA,NA,NA,NA,NA,NA
(2) Part-time worker,(2) Female,12,(1) Strongly agree,12.12121212122,Part-time,Female
(1) Full-time worker,(2) Female,9,(2) Agree,52.08333333334,Full-time,Female
(1) Full-time worker,(2) Female,NA,(2) Agree,17,Full-time,Female
(1) Full-time worker,(2) Female,12,(1) Strongly agree,10.83333333334,Full-time,Female
(1) Full-time worker,(2) Female,12,(1) Strongly agree,29.16666666667,Full-time,Female
(1) Full-time worker,(2) Female,12,(1) Strongly agree,10.75,Full-time,Female
(1) Full-time worker,(2) Female,12,(1) Strongly agree,14,Full-time,Female
(1) Full-time worker,(2) Female,12,(1) Strongly agree,6.25,Full-time,Female
(1) Full-time worker,NA,11,NA,11,Full-time,NA
(1) Full-time worker,(2) Female,3,(1) Strongly agree,5.625,Full-time,Female
NA,NA,NA,NA,NA,NA,NA
(1) Full-time worker,(2) Female,10,(2) Agree,54.9575,Full-time,Female
NA,NA,NA,NA,NA,NA,NA
(1) Full-time worker,(2) Female,12,(1) Strongly agree,15,Full-time,Female
(2) Part-time worker,(2) Female,10,(1) Strongly agree,14.35897435898,Part-time,Female
(2) Part-time worker,(2) Female,9,(1) Strongly agree,19.23076923077,Part-time,Female
(1) Full-time worker,(2) Female,12,NA,21.33333333334,Full-time,Female
(1) Full-time worker,(2) Female,10,(2) Agree,33.33333333334,Full-time,Female
(1) Full-time worker,(2) Female,12,(3) Neither agree nor disagree,8.24,Full-time,Female
(1) Full-time worker,(2) Female,12,(1) Strongly agree,13.24324324325,Full-time,Female
(1) Full-time worker,(2) Female,12,(1) Strongly agree,9,Full-time,Female
(1) Full-time worker,(2) Female,12,(3) Neither agree nor disagree,12.26666666667,Full-time,Female
NA,NA,NA,NA,NA,NA,NA
NA,NA,NA,NA,NA,NA,NA
(1) Full-time worker,(2) Female,12,(1) Strongly agree,12,Full-time,Female
(1) Full-time worker,(2) Female,12,(1) Strongly agree,16,Full-time,Female
(2) Part-time worker,(2) Female,2,(1) Strongly agree,9,Part-time,Female
(1) Full-time worker,(2) Female,9,(2) Agree,14.96,Full-time,Female
(2) Part-time worker,(2) Female,12,(2) Agree,13.32,Part-time,Female
(2) Part-time worker,(2) Female,10,(3) Neither agree nor disagree,12,Part-time,Female
(2) Part-time worker,(2) Female,12,(4) Disagree,13.5,Part-time,Female
(1) Full-time worker,NA,NA,(1) Strongly agree,20,Full-time,NA
(1) Full-time worker,(2) Female,12,(1) Strongly agree,10.76,Full-time,Female
(1) Full-time worker,(2) Female,12,(2) Agree,12.24,Full-time,Female
(1) Full-time worker,(2) Female,12,(1) Strongly agree,11.375,Full-time,Female
(1) Full-time worker,(1) Male,12,(1) Strongly agree,NA,Full-time,Male
(1) Full-time worker,(2) Female,12,(1) Strongly agree,5.95178571429,Full-time,Female
(1) Full-time worker,(2) Female,12,(2) Agree,10.30000000001,Full-time,Female
NA,NA,NA,NA,NA,NA,NA
(1) Full-time worker,(2) Female,12,(1) Strongly agree,8.95833333334,Full-time,Female
(1) Full-time worker,(1) Male,12,(1) Strongly agree,10,Full-time,Male
NA,NA,NA,NA,NA,NA,NA
(2) Part-time worker,(2) Female,8,(1) Strongly agree,NA,Part-time,Female
NA,NA,NA,NA,NA,NA,NA
(1) Full-time worker,(2) Female,NA,(1) Strongly agree,15,Full-time,Female
(1) Full-time worker,(2) Female,12,(2) Agree,11.5,Full-time,Female
(1) Full-time worker,(2) Female,10,(2) Agree,12,Full-time,Female
(1) Full-time worker,(2) Female,11,(1) Strongly agree,24.01315789474,Full-time,Female
(1) Full-time worker,(2) Female,12,(2) Agree,17,Full-time,Female
(1) Full-time worker,(2) Female,1,(2) Agree,12.75510204082,Full-time,Female
(1) Full-time worker,(2) Female,12,(2) Agree,9.79591836735,Full-time,Female
(1) Full-time worker,(2) Female,12,(1) Strongly agree,10.5,Full-time,Female
(1) Full-time worker,(2) Female,12,(2) Agree,17.2625,Full-time,Female
(1) Full-time worker,(2) Female,9,(1) Strongly agree,NA,Full-time,Female
(1) Full-time worker,(2) Female,12,(1) Strongly agree,7.85714285715,Full-time,Female
NA,NA,NA,NA,NA,NA,NA
(2) Part-time worker,(2) Female,10,(2) Agree,14,Part-time,Female
(1) Full-time worker,(2) Female,12,(2) Agree,7.25,Full-time,Female
(1) Full-time worker,(2) Female,12,(2) Agree,17,Full-time,Female
(2) Part-time worker,(2) Female,12,(2) Agree,10,Part-time,Female
(1) Full-time worker,(2) Female,12,(4) Disagree,15,Full-time,Female
NA,(1) Male,1,(1) Strongly agree,12.42857142858,NA,Male
(2) Part-time worker,(2) Female,12,(2) Agree,58.33333333334,Part-time,Female
(2) Part-time worker,(2) Female,9,(1) Strongly agree,17.14285714286,Part-time,Female
(1) Full-time worker,(2) Female,12,(2) Agree,10,Full-time,Female
(1) Full-time worker,(2) Female,12,(2) Agree,13.65,Full-time,Female
(1) Full-time worker,(2) Female,12,(1) Strongly agree,NA,Full-time,Female
(1) Full-time worker,(2) Female,12,(2) Agree,7.75,Full-time,Female
(1) Full-time worker,(2) Female,12,(2) Agree,18.5,Full-time,Female
(1) Full-time worker,(2) Female,12,(1) Strongly agree,10.6,Full-time,Female
(1) Full-time worker,(2) Female,NA,(1) Strongly agree,8.75675675676,Full-time,Female
(1) Full-time worker,(2) Female,12,(1) Strongly agree,11.5,Full-time,Female
(1) Full-time worker,(2) Female,12,(2) Agree,12.625,Full-time,Female
(1) Full-time worker,(2) Female,12,(2) Agree,NA,Full-time,Female
(1) Full-time worker,(2) Female,12,(1) Strongly agree,12,Full-time,Female
(2) Part-time worker,(2) Female,12,(2) Agree,8,Part-time,Female
(2) Part-time worker,(2) Female,12,(1) Strongly agree,14.5,Part-time,Female
(1) Full-time worker,(2) Female,12,(4) Disagree,17.307692307699998,Full-time,Female
(1) Full-time worker,(2) Female,12,(1) Strongly agree,9,Full-time,Female
(1) Full-time worker,(2) Female,9,(2) Agree,9.1,Full-time,Female
(1) Full-time worker,(2) Female,12,(2) Agree,9,Full-time,Female
(1) Full-time worker,(2) Female,12,(2) Agree,27,Full-time,Female
(2) Part-time worker,(2) Female,12,(1) Strongly agree,25,Part-time,Female
(2) Part-time worker,(2) Female,12,(1) Strongly agree,25,Part-time,Female
(1) Full-time worker,(2) Female,12,(1) Strongly agree,12,Full-time,Female
(2) Part-time worker,(2) Female,12,(1) Strongly agree,11,Part-time,Female
(1) Full-time worker,(1) Male,12,(1) Strongly agree,13.5,Full-time,Male
(1) Full-time worker,(2) Female,12,(5) Strongly disagree,18,Full-time,Female
(2) Part-time worker,(2) Female,6,(2) Agree,10,Part-time,Female
(1) Full-time worker,(2) Female,12,(1) Strongly agree,26.14379084968,Full-time,Female
(1) Full-time worker,(2) Female,1,(1) Strongly agree,11.875,Full-time,Female
NA,NA,NA,NA,NA,NA,NA
(1) Full-time worker,(2) Female,12,(2) Agree,14,Full-time,Female
(1) Full-time worker,(2) Female,12,(3) Neither agree nor disagree,15,Full-time,Female
(1) Full-time worker,(2) Female,10,(1) Strongly agree,2.10409745294,Full-time,Female
(1) Full-time worker,(2) Female,10,(4) Disagree,NA,Full-time,Female
NA,NA,NA,NA,NA,NA,NA
(1) Full-time worker,(2) Female,11,(2) Agree,12.25,Full-time,Female
(1) Full-time worker,(2) Female,12,(2) Agree,17.38,Full-time,Female
(1) Full-time worker,(2) Female,12,(2) Agree,NA,Full-time,Female
(1) Full-time worker,(2) Female,5,(1) Strongly agree,12.5,Full-time,Female
(1) Full-time worker,(2) Female,12,(2) Agree,7,Full-time,Female
(1) Full-time worker,(2) Female,12,(1) Strongly agree,NA,Full-time,Female
(2) Part-time worker,(2) Female,9,(3) Neither agree nor disagree,26.54761904762,Part-time,Female
(1) Full-time worker,(2) Female,10,(2) Agree,16.9,Full-time,Female
(1) Full-time worker,(2) Female,12,(1) Strongly agree,14.68085106383,Full-time,Female
(1) Full-time worker,(2) Female,8,(1) Strongly agree,8.75,Full-time,Female
(1) Full-time worker,(2) Female,12,(1) Strongly agree,12,Full-time,Female
(2) Part-time worker,(2) Female,1,(1) Strongly agree,10,Part-time,Female
(1) Full-time worker,(2) Female,12,(1) Strongly agree,15,Full-time,Female
NA,NA,NA,NA,NA,NA,NA
(1) Full-time worker,(2) Female,12,(1) Strongly agree,12.5,Full-time,Female
(1) Full-time worker,(2) Female,10,(1) Strongly agree,30.0925925926,Full-time,Female
NA,NA,NA,NA,NA,NA,NA
(2) Part-time worker,(2) Female,11,(3) Neither agree nor disagree,14.9,Part-time,Female
(1) Full-time worker,(2) Female,5,(2) Agree,9,Full-time,Female
(1) Full-time worker,(2) Female,10,(3) Neither agree nor disagree,28.37837837838,Full-time,Female
(1) Full-time worker,(2) Female,12,(1) Strongly agree,NA,Full-time,Female
(1) Full-time worker,(2) Female,12,(1) Strongly agree,9.9,Full-time,Female
(2) Part-time worker,(2) Female,12,(2) Agree,15.91,Part-time,Female
(2) Part-time worker,(2) Female,10,(3) Neither agree nor disagree,12,Part-time,Female
(1) Full-time worker,(2) Female,10,(2) Agree,15.34391534392,Full-time,Female
(1) Full-time worker,(2) Female,12,(2) Agree,12,Full-time,Female
(1) Full-time worker,(2) Female,12,(2) Agree,14,Full-time,Female
(1) Full-time worker,(2) Female,12,(2) Agree,11.5,Full-time,Female
(1) Full-time worker,(2) Female,1,(2) Agree,9.30000000001,Full-time,Female
(2) Part-time worker,(1) Male,11,(2) Agree,13.25,Part-time,Male
(2) Part-time worker,(2) Female,9,(2) Agree,10.5,Part-time,Female
(1) Full-time worker,(2) Female,12,(5) Strongly disagree,15,Full-time,Female
(1) Full-time worker,(2) Female,9,(2) Agree,17.5,Full-time,Female
(1) Full-time worker,(2) Female,12,(2) Agree,19,Full-time,Female
(1) Full-time worker,(2) Female,12,(2) Agree,13.5,Full-time,Female
(1) Full-time worker,(2) Female,9,(3) Neither agree nor disagree,16.66666666667,Full-time,Female
(2) Part-time worker,(2) Female,1,(2) Agree,8.2,Part-time,Female
(2) Part-time worker,(2) Female,12,(2) Agree,10.18518518519,Part-time,Female
(1) Full-time worker,(2) Female,12,(2) Agree,11.97,Full-time,Female
(1) Full-time worker,(2) Female,12,(2) Agree,10.625,Full-time,Female
(1) Full-time worker,(2) Female,12,(1) Strongly agree,10.4,Full-time,Female
(2) Part-time worker,(2) Female,12,(2) Agree,NA,Part-time,Female
(1) Full-time worker,(2) Female,11,(1) Strongly agree,NA,Full-time,Female
(2) Part-time worker,(2) Female,9,(1) Strongly agree,18.33333333334,Part-time,Female
(1) Full-time worker,(2) Female,12,(1) Strongly agree,11.29277777778,Full-time,Female
(1) Full-time worker,(2) Female,4,(4) Disagree,7.55,Full-time,Female
(1) Full-time worker,(2) Female,12,(4) Disagree,11,Full-time,Female
(1) Full-time worker,(2) Female,5,(3) Neither agree nor disagree,11.25,Full-time,Female
(1) Full-time worker,(1) Male,11,(2) Agree,NA,Full-time,Male
NA,NA,NA,NA,NA,NA,NA
(1) Full-time worker,(2) Female,12,(1) Strongly agree,11.25,Full-time,Female
(2) Part-time worker,(2) Female,9,(1) Strongly agree,14.48,Part-time,Female
(1) Full-time worker,(2) Female,4,(1) Strongly agree,7.5,Full-time,Female
(1) Full-time worker,(2) Female,12,(2) Agree,8.75,Full-time,Female
(1) Full-time worker,(2) Female,12,(5) Strongly disagree,2.08333333333,Full-time,Female
NA,NA,NA,NA,NA,NA,NA
(1) Full-time worker,(2) Female,2,(2) Agree,9,Full-time,Female
(2) Part-time worker,(2) Female,9,(1) Strongly agree,13,Part-time,Female
(1) Full-time worker,(2) Female,12,(1) Strongly agree,15,Full-time,Female
(1) Full-time worker,(2) Female,12,(1) Strongly agree,11,Full-time,Female
(1) Full-time worker,(2) Female,12,(1) Strongly agree,8.35,Full-time,Female
(1) Full-time worker,(2) Female,12,(2) Agree,26.44230769231,Full-time,Female
(1) Full-time worker,(2) Female,12,(2) Agree,9,Full-time,Female
(1) Full-time worker,(2) Female,12,(1) Strongly agree,9,Full-time,Female
(1) Full-time worker,(2) Female,12,(1) Strongly agree,14,Full-time,Female
(1) Full-time worker,(2) Female,12,(2) Agree,NA,Full-time,Female
NA,NA,NA,NA,NA,NA,NA
(1) Full-time worker,(2) Female,2,(1) Strongly agree,18.82,Full-time,Female
(1) Full-time worker,(2) Female,12,(1) Strongly agree,17.5,Full-time,Female
(1) Full-time worker,(2) Female,3,(3) Neither agree nor disagree,5.61034615385,Full-time,Female
(1) Full-time worker,(2) Female,12,(1) Strongly agree,16,Full-time,Female
(1) Full-time worker,(2) Female,12,(5) Strongly disagree,11,Full-time,Female
(1) Full-time worker,(2) Female,12,(3) Neither agree nor disagree,13.25,Full-time,Female
(2) Part-time worker,(2) Female,12,(1) Strongly agree,NA,Part-time,Female
NA,NA,NA,NA,NA,NA,NA
(1) Full-time worker,(1) Male,12,(1) Strongly agree,13.33333333334,Full-time,Male
(1) Full-time worker,(2) Female,12,(1) Strongly agree,NA,Full-time,Female
(1) Full-time worker,(2) Female,12,(3) Neither agree nor disagree,NA,Full-time,Female
(2) Part-time worker,NA,10,NA,NA,Part-time,NA
(1) Full-time worker,(2) Female,6,(4) Disagree,8.75,Full-time,Female
(1) Full-time worker,(2) Female,12,(2) Agree,13,Full-time,Female
(1) Full-time worker,(2) Female,4,(2) Agree,33.57142857143,Full-time,Female
(2) Part-time worker,(2) Female,12,(2) Agree,18.51851851852,Part-time,Female
(1) Full-time worker,(2) Female,9,(2) Agree,12,Full-time,Female
(1) Full-time worker,(2) Female,6,(2) Agree,12,Full-time,Female
(1) Full-time worker,(2) Female,1,(4) Disagree,12,Full-time,Female
(2) Part-time worker,(2) Female,6,(2) Agree,9,Part-time,Female
(1) Full-time worker,(2) Female,12,(2) Agree,13.5,Full-time,Female
(1) Full-time worker,(2) Female,10,(1) Strongly agree,31.25,Full-time,Female
(1) Full-time worker,(2) Female,10,(1) Strongly agree,22.82857142858,Full-time,Female
(1) Full-time worker,(2) Female,12,(5) Strongly disagree,11,Full-time,Female
NA,NA,NA,NA,NA,NA,NA
(1) Full-time worker,(2) Female,12,(2) Agree,26.11111111112,Full-time,Female
(1) Full-time worker,NA,12,NA,13.5,Full-time,NA
(1) Full-time worker,(2) Female,12,(1) Strongly agree,18.02,Full-time,Female
(1) Full-time worker,(2) Female,6,(5) Strongly disagree,11.90476190477,Full-time,Female
(1) Full-time worker,(2) Female,5,(2) Agree,12.21,Full-time,Female
NA,NA,NA,NA,7.17703349283,NA,NA
(1) Full-time worker,(2) Female,12,(1) Strongly agree,10.8125,Full-time,Female
(1) Full-time worker,(2) Female,9,(1) Strongly agree,18,Full-time,Female
(2) Part-time worker,(2) Female,9,(1) Strongly agree,10,Part-time,Female
(1) Full-time worker,(2) Female,12,(2) Agree,19.95,Full-time,Female
(1) Full-time worker,(2) Female,1,(1) Strongly agree,13,Full-time,Female
(1) Full-time worker,(2) Female,12,(2) Agree,12.5,Full-time,Female
(1) Full-time worker,(2) Female,12,(2) Agree,9.1,Full-time,Female
NA,NA,NA,NA,NA,NA,NA
(2) Part-time worker,(2) Female,6,(1) Strongly agree,12,Part-time,Female
NA,NA,NA,NA,NA,NA,NA
(1) Full-time worker,(2) Female,12,(2) Agree,10.85714285715,Full-time,Female
(1) Full-time worker,(2) Female,12,(2) Agree,30.55555555556,Full-time,Female
(1) Full-time worker,(2) Female,12,(1) Strongly agree,12,Full-time,Female
(2) Part-time worker,(2) Female,5,(2) Agree,10,Part-time,Female
(1) Full-time worker,(2) Female,4,(1) Strongly agree,7,Full-time,Female
(1) Full-time worker,(2) Female,12,(3) Neither agree nor disagree,14.39,Full-time,Female
(1) Full-time worker,(2) Female,8,(1) Strongly agree,24.78048780488,Full-time,Female
(1) Full-time worker,(2) Female,12,(2) Agree,13,Full-time,Female
(1) Full-time worker,(2) Female,10,(2) Agree,33.15789473685,Full-time,Female
NA,NA,NA,NA,NA,NA,NA
(1) Full-time worker,(2) Female,12,(1) Strongly agree,9,Full-time,Female
(2) Part-time worker,(2) Female,9,(1) Strongly agree,11.16666666667,Part-time,Female
(1) Full-time worker,(2) Female,7,(1) Strongly agree,8,Full-time,Female
(2) Part-time worker,(2) Female,2,(1) Strongly agree,9,Part-time,Female
(1) Full-time worker,(2) Female,10,(2) Agree,22.85714285715,Full-time,Female
NA,NA,NA,NA,NA,NA,NA
(2) Part-time worker,(2) Female,12,(1) Strongly agree,11.975,Part-time,Female
(1) Full-time worker,(2) Female,NA,(1) Strongly agree,10,Full-time,Female
(2) Part-time worker,(2) Female,12,(1) Strongly agree,10.59983333334,Part-time,Female
(1) Full-time worker,(2) Female,12,(3) Neither agree nor disagree,25.48076923077,Full-time,Female
(1) Full-time worker,(2) Female,12,(1) Strongly agree,NA,Full-time,Female
(1) Full-time worker,(2) Female,12,(4) Disagree,9.45,Full-time,Female
(1) Full-time worker,(2) Female,12,(1) Strongly agree,7.25,Full-time,Female
NA,NA,NA,NA,NA,NA,NA
(1) Full-time worker,(2) Female,12,(2) Agree,13,Full-time,Female
(2) Part-time worker,(2) Female,10,(1) Strongly agree,NA,Part-time,Female
(1) Full-time worker,(2) Female,12,(2) Agree,10.26315789474,Full-time,Female
(1) Full-time worker,(2) Female,10,(2) Agree,38.88888888889,Full-time,Female
(1) Full-time worker,(2) Female,10,(1) Strongly agree,9.5,Full-time,Female
(1) Full-time worker,(2) Female,7,(2) Agree,16,Full-time,Female
(1) Full-time worker,(2) Female,4,(5) Strongly disagree,12.25,Full-time,Female
(1) Full-time worker,(2) Female,6,(1) Strongly agree,14,Full-time,Female
(1) Full-time worker,NA,6,(1) Strongly agree,11.92,Full-time,NA
(1) Full-time worker,(2) Female,12,(1) Strongly agree,10.25,Full-time,Female
(2) Part-time worker,NA,12,NA,15.78,Part-time,NA
(1) Full-time worker,(2) Female,10,(2) Agree,13.98,Full-time,Female
(1) Full-time worker,(2) Female,10,(2) Agree,12,Full-time,Female
(1) Full-time worker,(2) Female,12,(1) Strongly agree,16.66666666667,Full-time,Female
(1) Full-time worker,NA,2,NA,11,Full-time,NA
(1) Full-time worker,(2) Female,4,(1) Strongly agree,10,Full-time,Female
(1) Full-time worker,(2) Female,12,(1) Strongly agree,16.97648648649,Full-time,Female
(1) Full-time worker,(2) Female,NA,(1) Strongly agree,13.31081081082,Full-time,Female
(1) Full-time worker,(2) Female,12,NA,18.25,Full-time,Female
(1) Full-time worker,(2) Female,12,(1) Strongly agree,3.77358490566,Full-time,Female
(1) Full-time worker,(2) Female,12,(1) Strongly agree,NA,Full-time,Female
NA,NA,NA,NA,NA,NA,NA
(2) Part-time worker,(2) Female,12,(1) Strongly agree,11,Part-time,Female
(1) Full-time worker,(2) Female,12,(2) Agree,12.959375,Full-time,Female
(2) Part-time worker,(2) Female,8,(2) Agree,7.31,Part-time,Female
(1) Full-time worker,(2) Female,12,(2) Agree,9,Full-time,Female
(1) Full-time worker,(2) Female,12,(1) Strongly agree,9.86842105264,Full-time,Female
(2) Part-time worker,(2) Female,12,(1) Strongly agree,20,Part-time,Female
(1) Full-time worker,(2) Female,12,(2) Agree,10,Full-time,Female
(1) Full-time worker,(2) Female,10,(2) Agree,7.8125,Full-time,Female
(1) Full-time worker,(2) Female,2,(1) Strongly agree,22.6875,Full-time,Female
(1) Full-time worker,(2) Female,10,(2) Agree,7.03125,Full-time,Female
(1) Full-time worker,(2) Female,10,(2) Agree,14.92,Full-time,Female
(1) Full-time worker,(2) Female,12,(1) Strongly agree,13,Full-time,Female
(1) Full-time worker,(2) Female,12,(1) Strongly agree,14.75,Full-time,Female
(2) Part-time worker,(2) Female,7,(1) Strongly agree,14,Part-time,Female
(1) Full-time worker,(2) Female,12,(3) Neither agree nor disagree,13.2,Full-time,Female
(1) Full-time worker,(2) Female,2,(2) Agree,10,Full-time,Female
(1) Full-time worker,(2) Female,12,(3) Neither agree nor disagree,9.8375,Full-time,Female
(2) Part-time worker,(2) Female,12,(1) Strongly agree,16,Part-time,Female
(2) Part-time worker,(2) Female,4,(2) Agree,12,Part-time,Female
(1) Full-time worker,(2) Female,9,(1) Strongly agree,10.5,Full-time,Female
(2) Part-time worker,(2) Female,12,(2) Agree,8.66666666667,Part-time,Female
(1) Full-time worker,(2) Female,12,(1) Strongly agree,14.25,Full-time,Female
(1) Full-time worker,(2) Female,9,(2) Agree,13.51428571429,Full-time,Female
(1) Full-time worker,(2) Female,12,(3) Neither agree nor disagree,13.29,Full-time,Female
NA,NA,NA,NA,NA,NA,NA
(1) Full-time worker,(2) Female,12,(1) Strongly agree,15,Full-time,Female
NA,NA,NA,NA,NA,NA,NA
(1) Full-time worker,(2) Female,12,(2) Agree,12,Full-time,Female
(1) Full-time worker,(2) Female,12,(1) Strongly agree,NA,Full-time,Female
(1) Full-time worker,(2) Female,12,(2) Agree,17.81076066791,Full-time,Female
(1) Full-time worker,(2) Female,10,(1) Strongly agree,17.14285714286,Full-time,Female
(1) Full-time worker,(2) Female,10,(1) Strongly agree,32.33082706767,Full-time,Female
(1) Full-time worker,(2) Female,3,(2) Agree,15.59251559252,Full-time,Female
NA,NA,NA,NA,NA,NA,NA
(1) Full-time worker,(2) Female,12,(1) Strongly agree,10,Full-time,Female
(2) Part-time worker,(2) Female,12,(2) Agree,16.4,Part-time,Female
(1) Full-time worker,(2) Female,11,(5) Strongly disagree,11.5,Full-time,Female
(1) Full-time worker,(2) Female,12,(2) Agree,12,Full-time,Female
(1) Full-time worker,(2) Female,7,(1) Strongly agree,25,Full-time,Female
(1) Full-time worker,(2) Female,9,(1) Strongly agree,17.9347826087,Full-time,Female
(1) Full-time worker,(2) Female,1,(2) Agree,23.25,Full-time,Female
(1) Full-time worker,(2) Female,8,(2) Agree,NA,Full-time,Female
(1) Full-time worker,(2) Female,12,(4) Disagree,9.5,Full-time,Female
(1) Full-time worker,(2) Female,12,(4) Disagree,16.88,Full-time,Female
(1) Full-time worker,(2) Female,2,(1) Strongly agree,9.86842105264,Full-time,Female
NA,NA,NA,NA,NA,NA,NA
(1) Full-time worker,(2) Female,12,(1) Strongly agree,25,Full-time,Female
(2) Part-time worker,(2) Female,12,(2) Agree,9,Part-time,Female
(1) Full-time worker,(2) Female,10,(1) Strongly agree,20.71428571429,Full-time,Female
(1) Full-time worker,(2) Female,12,(1) Strongly agree,16.75,Full-time,Female
(2) Part-time worker,(2) Female,9,(2) Agree,14,Part-time,Female
(1) Full-time worker,(2) Female,6,(2) Agree,9,Full-time,Female
NA,NA,NA,NA,NA,NA,NA
NA,NA,NA,NA,NA,NA,NA
(2) Part-time worker,(2) Female,9,(2) Agree,9.4758,Part-time,Female
(1) Full-time worker,NA,8,NA,12,Full-time,NA
(1) Full-time worker,(1) Male,12,(1) Strongly agree,NA,Full-time,Male
(1) Full-time worker,(2) Female,12,(1) Strongly agree,13.66,Full-time,Female
(1) Full-time worker,(2) Female,2,(3) Neither agree nor disagree,8,Full-time,Female
(1) Full-time worker,(2) Female,12,(2) Agree,12.75,Full-time,Female
(1) Full-time worker,(2) Female,9,(1) Strongly agree,26.31578947369,Full-time,Female
(2) Part-time worker,(2) Female,9,(2) Agree,32,Part-time,Female
(1) Full-time worker,(2) Female,12,(2) Agree,12,Full-time,Female
(2) Part-time worker,(2) Female,12,(1) Strongly agree,12,Part-time,Female
(1) Full-time worker,(2) Female,10,(1) Strongly agree,28,Full-time,Female
(1) Full-time worker,(2) Female,10,(2) Agree,35.625,Full-time,Female
(2) Part-time worker,(2) Female,7,(2) Agree,8.5,Part-time,Female
(2) Part-time worker,(2) Female,8,(1) Strongly agree,12.5,Part-time,Female
(2) Part-time worker,(2) Female,12,(4) Disagree,12,Part-time,Female
(2) Part-time worker,(2) Female,3,(3) Neither agree nor disagree,14.4,Part-time,Female
(1) Full-time worker,(2) Female,9,(2) Agree,22.48677248678,Full-time,Female
(2) Part-time worker,(2) Female,4,(1) Strongly agree,6.25882352942,Part-time,Female
NA,NA,NA,NA,NA,NA,NA
(1) Full-time worker,(2) Female,10,(2) Agree,17.82,Full-time,Female
(1) Full-time worker,(2) Female,10,(1) Strongly agree,11.5,Full-time,Female
(1) Full-time worker,(2) Female,12,(2) Agree,9.5,Full-time,Female
(1) Full-time worker,(2) Female,9,(1) Strongly agree,10,Full-time,Female
(1) Full-time worker,(2) Female,12,(2) Agree,9.5,Full-time,Female
(1) Full-time worker,(2) Female,12,(2) Agree,15,Full-time,Female
(2) Part-time worker,(2) Female,8,(1) Strongly agree,22.28333333334,Part-time,Female
(2) Part-time worker,(2) Female,6,(2) Agree,11.62,Part-time,Female
(1) Full-time worker,(2) Female,9,(2) Agree,20,Full-time,Female
NA,NA,NA,NA,NA,NA,NA
(1) Full-time worker,(2) Female,12,(1) Strongly agree,11,Full-time,Female
(2) Part-time worker,(2) Female,12,(2) Agree,10.5,Part-time,Female
(1) Full-time worker,(2) Female,12,(1) Strongly agree,16.4,Full-time,Female
(1) Full-time worker,(2) Female,12,(1) Strongly agree,21.41,Full-time,Female
(2) Part-time worker,(2) Female,3,(1) Strongly agree,12,Part-time,Female
(2) Part-time worker,(2) Female,2,(1) Strongly agree,11.16,Part-time,Female
(1) Full-time worker,(2) Female,12,(1) Strongly agree,13.14814814815,Full-time,Female
(1) Full-time worker,(2) Female,12,(1) Strongly agree,NA,Full-time,Female
(1) Full-time worker,(2) Female,12,(1) Strongly agree,NA,Full-time,Female
(1) Full-time worker,(2) Female,12,(1) Strongly agree,12.5,Full-time,Female
(2) Part-time worker,(2) Female,8,(1) Strongly agree,14,Part-time,Female
(2) Part-time worker,(2) Female,12,(1) Strongly agree,16.66666666667,Part-time,Female
(1) Full-time worker,(2) Female,8,(1) Strongly agree,12.5,Full-time,Female
(1) Full-time worker,(2) Female,NA,(1) Strongly agree,12,Full-time,Female
(1) Full-time worker,(2) Female,9,(2) Agree,10.77813333334,Full-time,Female
(1) Full-time worker,(2) Female,12,(2) Agree,7.75,Full-time,Female
(1) Full-time worker,(2) Female,12,(1) Strongly agree,NA,Full-time,Female
(2) Part-time worker,(2) Female,12,(1) Strongly agree,17.12,Part-time,Female
(1) Full-time worker,(2) Female,9,(1) Strongly agree,17,Full-time,Female
NA,NA,NA,NA,NA,NA,NA
NA,NA,NA,NA,NA,NA,NA
(2) Part-time worker,(2) Female,8,NA,15,Part-time,Female
(1) Full-time worker,(2) Female,12,(2) Agree,14,Full-time,Female
(1) Full-time worker,(2) Female,12,(4) Disagree,5.6,Full-time,Female
(1) Full-time worker,(2) Female,12,(1) Strongly agree,40.28571428572,Full-time,Female
(1) Full-time worker,(2) Female,12,(2) Agree,13.5,Full-time,Female
(2) Part-time worker,(2) Female,10,(1) Strongly agree,15,Part-time,Female
(1) Full-time worker,(2) Female,12,(2) Agree,12.5,Full-time,Female
(1) Full-time worker,(2) Female,12,NA,10,Full-time,Female
(1) Full-time worker,(2) Female,12,(2) Agree,24,Full-time,Female
(1) Full-time worker,(2) Female,12,(2) Agree,12.49,Full-time,Female
(1) Full-time worker,(2) Female,12,(1) Strongly agree,12.2,Full-time,Female
NA,NA,NA,NA,NA,NA,NA
(1) Full-time worker,(2) Female,2,(1) Strongly agree,14,Full-time,Female
(1) Full-time worker,(2) Female,6,(2) Agree,12,Full-time,Female
(2) Part-time worker,(2) Female,12,(1) Strongly agree,14.75,Part-time,Female
(1) Full-time worker,NA,12,NA,16.82692307693,Full-time,NA
(1) Full-time worker,(2) Female,12,(2) Agree,13,Full-time,Female
(1) Full-time worker,(2) Female,12,(3) Neither agree nor disagree,11.25,Full-time,Female
(2) Part-time worker,(2) Female,9,(2) Agree,22.95552367289,Part-time,Female
(1) Full-time worker,NA,NA,(2) Agree,NA,Full-time,NA
(1) Full-time worker,(2) Female,12,(3) Neither agree nor disagree,8.55000000001,Full-time,Female
(2) Part-time worker,(2) Female,10,(1) Strongly agree,23.80952380953,Part-time,Female
(1) Full-time worker,(2) Female,12,(2) Agree,12,Full-time,Female
(1) Full-time worker,(2) Female,12,(4) Disagree,15.99,Full-time,Female
(2) Part-time worker,(2) Female,10,(1) Strongly agree,15.03125,Part-time,Female
(1) Full-time worker,(2) Female,10,(1) Strongly agree,16,Full-time,Female
(1) Full-time worker,(2) Female,12,(2) Agree,9.5,Full-time,Female
(1) Full-time worker,(2) Female,1,(2) Agree,9,Full-time,Female
(1) Full-time worker,(2) Female,6,(1) Strongly agree,15,Full-time,Female
(2) Part-time worker,(2) Female,10,(1) Strongly agree,45,Part-time,Female
(1) Full-time worker,(2) Female,4,(3) Neither agree nor disagree,19.28,Full-time,Female
(1) Full-time worker,(2) Female,11,(1) Strongly agree,27.65556253929,Full-time,Female
(1) Full-time worker,(2) Female,12,(1) Strongly agree,14.5,Full-time,Female
(1) Full-time worker,(2) Female,7,(4) Disagree,9.25,Full-time,Female
(1) Full-time worker,(2) Female,12,(2) Agree,4.72334682861,Full-time,Female
(2) Part-time worker,(2) Female,4,(1) Strongly agree,10.25,Part-time,Female
NA,NA,NA,NA,NA,NA,NA
(1) Full-time worker,(2) Female,12,(2) Agree,11,Full-time,Female
(1) Full-time worker,(2) Female,8,(5) Strongly disagree,NA,Full-time,Female
(1) Full-time worker,(2) Female,12,(2) Agree,12.5,Full-time,Female
(1) Full-time worker,(2) Female,4,(2) Agree,9.14285714286,Full-time,Female
(1) Full-time worker,(2) Female,12,(2) Agree,NA,Full-time,Female
(2) Part-time worker,(2) Female,10,(2) Agree,15.5,Part-time,Female
(2) Part-time worker,(2) Female,9,(2) Agree,14.3,Part-time,Female
(1) Full-time worker,(2) Female,12,(2) Agree,17,Full-time,Female
(1) Full-time worker,(2) Female,12,(2) Agree,25,Full-time,Female
(1) Full-time worker,(2) Female,12,(2) Agree,13.5,Full-time,Female
(1) Full-time worker,(2) Female,6,(3) Neither agree nor disagree,10.5,Full-time,Female
(1) Full-time worker,(2) Female,12,(1) Strongly agree,15.55555555556,Full-time,Female
(1) Full-time worker,(2) Female,12,(1) Strongly agree,NA,Full-time,Female
(1) Full-time worker,(2) Female,10,(1) Strongly agree,18,Full-time,Female
(1) Full-time worker,(2) Female,3,(2) Agree,11.5,Full-time,Female
(1) Full-time worker,(2) Female,12,(2) Agree,4.80769230769,Full-time,Female
(1) Full-time worker,(2) Female,12,(5) Strongly disagree,11.62,Full-time,Female
(1) Full-time worker,(2) Female,12,(3) Neither agree nor disagree,9,Full-time,Female
(1) Full-time worker,(2) Female,12,(1) Strongly agree,21,Full-time,Female
(1) Full-time worker,(2) Female,12,(1) Strongly agree,20.27027027028,Full-time,Female
(1) Full-time worker,(2) Female,12,(4) Disagree,10,Full-time,Female
(1) Full-time worker,(2) Female,10,(2) Agree,25.71428571429,Full-time,Female
(1) Full-time worker,(2) Female,12,(2) Agree,9,Full-time,Female
(2) Part-time worker,(2) Female,9,(1) Strongly agree,8.6,Part-time,Female
(1) Full-time worker,(2) Female,12,(1) Strongly agree,19,Full-time,Female
(1) Full-time worker,(2) Female,12,(1) Strongly agree,NA,Full-time,Female
(2) Part-time worker,(2) Female,10,(2) Agree,10,Part-time,Female
(2) Part-time worker,(2) Female,10,(1) Strongly agree,9,Part-time,Female
(1) Full-time worker,(2) Female,12,(1) Strongly agree,19.65498181819,Full-time,Female
(1) Full-time worker,(2) Female,10,(2) Agree,35,Full-time,Female
(2) Part-time worker,(2) Female,12,(2) Agree,13.6,Part-time,Female
(1) Full-time worker,(2) Female,11,(2) Agree,58.33333333334,Full-time,Female
(1) Full-time worker,(2) Female,10,(2) Agree,11,Full-time,Female
(1) Full-time worker,(2) Female,10,(2) Agree,56.25,Full-time,Female
(1) Full-time worker,(2) Female,10,(1) Strongly agree,11.71428571429,Full-time,Female
(1) Full-time worker,(2) Female,12,(2) Agree,9.5,Full-time,Female
(1) Full-time worker,(2) Female,12,(1) Strongly agree,8.125,Full-time,Female
(1) Full-time worker,(2) Female,12,(3) Neither agree nor disagree,10,Full-time,Female
(1) Full-time worker,(2) Female,8,(1) Strongly agree,16.23,Full-time,Female
NA,NA,NA,NA,NA,NA,NA
(1) Full-time worker,(2) Female,12,(5) Strongly disagree,12.75,Full-time,Female
(1) Full-time worker,(2) Female,12,(2) Agree,12,Full-time,Female
(2) Part-time worker,(2) Female,11,(1) Strongly agree,15.75,Part-time,Female
(1) Full-time worker,(2) Female,12,(1) Strongly agree,NA,Full-time,Female
(1) Full-time worker,(2) Female,12,(2) Agree,9,Full-time,Female
(1) Full-time worker,(2) Female,12,(2) Agree,18.26923076924,Full-time,Female
(1) Full-time worker,(2) Female,12,(2) Agree,12,Full-time,Female
(2) Part-time worker,(2) Female,12,(1) Strongly agree,107.32142857143,Part-time,Female
(1) Full-time worker,(2) Female,12,(2) Agree,14,Full-time,Female
(1) Full-time worker,(2) Female,12,(1) Strongly agree,10,Full-time,Female
(1) Full-time worker,(2) Female,12,(1) Strongly agree,10,Full-time,Female
(2) Part-time worker,(2) Female,10,(2) Agree,8.25,Part-time,Female
NA,NA,NA,NA,NA,NA,NA
(1) Full-time worker,(2) Female,11,(1) Strongly agree,17.14285714286,Full-time,Female
NA,NA,NA,NA,NA,NA,NA
(1) Full-time worker,(2) Female,12,(2) Agree,NA,Full-time,Female
(2) Part-time worker,(2) Female,12,(2) Agree,18,Part-time,Female
(1) Full-time worker,(2) Female,12,(1) Strongly agree,15.35,Full-time,Female
(1) Full-time worker,(2) Female,10,(2) Agree,13.51351351352,Full-time,Female
(1) Full-time worker,(2) Female,6,(5) Strongly disagree,7.5,Full-time,Female
(1) Full-time worker,(2) Female,10,(1) Strongly agree,20.23,Full-time,Female
(2) Part-time worker,(2) Female,12,(2) Agree,12,Part-time,Female
(1) Full-time worker,(2) Female,9,(1) Strongly agree,15.37,Full-time,Female
(2) Part-time worker,(2) Female,10,(1) Strongly agree,17.85714285715,Part-time,Female
(1) Full-time worker,(2) Female,12,(1) Strongly agree,14.375,Full-time,Female
(2) Part-time worker,(2) Female,12,(1) Strongly agree,14.61,Part-time,Female
NA,NA,NA,NA,NA,NA,NA
(1) Full-time worker,(2) Female,12,(1) Strongly agree,12,Full-time,Female
(1) Full-time worker,(2) Female,NA,(1) Strongly agree,8.2625,Full-time,Female
(1) Full-time worker,(2) Female,10,(2) Agree,NA,Full-time,Female
(1) Full-time worker,(2) Female,12,(3) Neither agree nor disagree,11.6,Full-time,Female
(2) Part-time worker,(2) Female,12,(3) Neither agree nor disagree,7.69230769231,Part-time,Female
(1) Full-time worker,(2) Female,12,(2) Agree,27.53392857143,Full-time,Female
(1) Full-time worker,(2) Female,12,(2) Agree,NA,Full-time,Female
(1) Full-time worker,(2) Female,12,(1) Strongly agree,9,Full-time,Female
(1) Full-time worker,(2) Female,12,(2) Agree,15,Full-time,Female
(2) Part-time worker,(2) Female,12,NA,16,Part-time,Female
NA,NA,NA,NA,NA,NA,NA
(1) Full-time worker,(2) Female,1,(2) Agree,12,Full-time,Female
(2) Part-time worker,(2) Female,12,(3) Neither agree nor disagree,11,Part-time,Female
(1) Full-time worker,(2) Female,1,(1) Strongly agree,8.25,Full-time,Female
(1) Full-time worker,(2) Female,12,(2) Agree,NA,Full-time,Female
(1) Full-time worker,(1) Male,12,(1) Strongly agree,15.75,Full-time,Male
(2) Part-time worker,(2) Female,12,(2) Agree,11,Part-time,Female
NA,NA,NA,NA,NA,NA,NA
(1) Full-time worker,(2) Female,12,(2) Agree,7.3875,Full-time,Female
(1) Full-time worker,(2) Female,1,(1) Strongly agree,13.88888888889,Full-time,Female
NA,NA,NA,NA,NA,NA,NA
NA,NA,NA,NA,NA,NA,NA
(1) Full-time worker,(2) Female,12,(2) Agree,9,Full-time,Female
(2) Part-time worker,(2) Female,12,(1) Strongly agree,NA,Part-time,Female
(2) Part-time worker,(2) Female,10,(1) Strongly agree,10.55000000001,Part-time,Female
(1) Full-time worker,(2) Female,12,(1) Strongly agree,11.1,Full-time,Female
(2) Part-time worker,(2) Female,12,(2) Agree,17.43,Part-time,Female
(1) Full-time worker,(2) Female,1,(2) Agree,10.57175,Full-time,Female
(1) Full-time worker,(2) Female,12,(1) Strongly agree,8,Full-time,Female
(1) Full-time worker,(2) Female,10,(2) Agree,13,Full-time,Female
(1) Full-time worker,(2) Female,10,(2) Agree,13.5,Full-time,Female
(1) Full-time worker,(2) Female,10,(1) Strongly agree,14.230769230769999,Full-time,Female
(1) Full-time worker,(2) Female,12,(2) Agree,14.903846153849999,Full-time,Female
(1) Full-time worker,(2) Female,12,(1) Strongly agree,8.6538461538499991,Full-time,Female
(1) Full-time worker,(2) Female,10,(2) Agree,50,Full-time,Female
(1) Full-time worker,(2) Female,10,(1) Strongly agree,25.961538461539998,Full-time,Female
(1) Full-time worker,(2) Female,10,(1) Strongly agree,11.25,Full-time,Female
(2) Part-time worker,(2) Female,10,(2) Agree,11,Part-time,Female
(1) Full-time worker,(2) Female,8,(1) Strongly agree,10,Full-time,Female
(1) Full-time worker,(2) Female,9,(1) Strongly agree,20,Full-time,Female
(1) Full-time worker,(2) Female,10,(1) Strongly agree,NA,Full-time,Female
(1) Full-time worker,(2) Female,12,(2) Agree,24.7235,Full-time,Female
(1) Full-time worker,(2) Female,12,(1) Strongly agree,13.5,Full-time,Female
(1) Full-time worker,(2) Female,12,(2) Agree,15.59,Full-time,Female
(2) Part-time worker,(2) Female,NA,(1) Strongly agree,14.25,Part-time,Female
NA,NA,NA,(2) Agree,14.25,NA,NA
(2) Part-time worker,(2) Female,2,(1) Strongly agree,8.5,Part-time,Female
(1) Full-time worker,(2) Female,12,(1) Strongly agree,8.30000000001,Full-time,Female
(1) Full-time worker,(2) Female,10,(2) Agree,20,Full-time,Female
(1) Full-time worker,(2) Female,12,NA,10,Full-time,Female
(1) Full-time worker,(2) Female,12,(1) Strongly agree,11.538461538469999,Full-time,Female
(2) Part-time worker,(2) Female,9,(2) Agree,12.6,Part-time,Female
(2) Part-time worker,(2) Female,12,(1) Strongly agree,11.19583333334,Part-time,Female
(1) Full-time worker,(2) Female,12,(1) Strongly agree,11.25,Full-time,Female
(2) Part-time worker,(2) Female,7,(1) Strongly agree,13.72549019608,Part-time,Female
(1) Full-time worker,(2) Female,12,(1) Strongly agree,11,Full-time,Female
(1) Full-time worker,(1) Male,9,NA,22.95918367347,Full-time,Male
(1) Full-time worker,(2) Female,12,(2) Agree,14,Full-time,Female
(2) Part-time worker,(1) Male,10,(1) Strongly agree,9.35625,Part-time,Male
(1) Full-time worker,(2) Female,NA,(2) Agree,10.58,Full-time,Female
(1) Full-time worker,(2) Female,9,(1) Strongly agree,19,Full-time,Female
(1) Full-time worker,(2) Female,12,(2) Agree,NA,Full-time,Female
(1) Full-time worker,(2) Female,12,(1) Strongly agree,17,Full-time,Female
(2) Part-time worker,(2) Female,12,(1) Strongly agree,17.25,Part-time,Female
(1) Full-time worker,(2) Female,12,(2) Agree,12.25,Full-time,Female
(2) Part-time worker,(2) Female,12,(2) Agree,7.29166666667,Part-time,Female
(1) Full-time worker,(2) Female,1,(1) Strongly agree,17,Full-time,Female
(1) Full-time worker,(2) Female,12,(1) Strongly agree,8.64,Full-time,Female
NA,NA,NA,NA,NA,NA,NA
(1) Full-time worker,(2) Female,12,(3) Neither agree nor disagree,8.65,Full-time,Female
(1) Full-time worker,(2) Female,12,(2) Agree,9.25,Full-time,Female
(1) Full-time worker,(2) Female,12,(1) Strongly agree,17.88,Full-time,Female
(1) Full-time worker,(2) Female,12,(1) Strongly agree,15.03,Full-time,Female
(1) Full-time worker,(2) Female,12,(1) Strongly agree,NA,Full-time,Female
(1) Full-time worker,(2) Female,12,(1) Strongly agree,12.24489795919,Full-time,Female
(1) Full-time worker,(2) Female,12,(2) Agree,24.48979591837,Full-time,Female
(1) Full-time worker,(2) Female,12,(2) Agree,15,Full-time,Female
(1) Full-time worker,(2) Female,9,(2) Agree,18.36734693878,Full-time,Female
(1) Full-time worker,(2) Female,12,(1) Strongly agree,7.5,Full-time,Female
(2) Part-time worker,(2) Female,12,(2) Agree,7.5,Part-time,Female
(1) Full-time worker,(1) Male,12,(1) Strongly agree,16,Full-time,Male
(1) Full-time worker,NA,12,NA,NA,Full-time,NA
NA,NA,NA,NA,NA,NA,NA
(1) Full-time worker,(2) Female,8,(2) Agree,7.14285714286,Full-time,Female
(1) Full-time worker,(2) Female,12,(2) Agree,12,Full-time,Female
(1) Full-time worker,(2) Female,1,(3) Neither agree nor disagree,9,Full-time,Female
(1) Full-time worker,(2) Female,11,(5) Strongly disagree,11.4,Full-time,Female
(2) Part-time worker,(1) Male,10,(1) Strongly agree,33,Part-time,Male
(2) Part-time worker,(2) Female,7,(2) Agree,10.80000000001,Part-time,Female
(2) Part-time worker,(2) Female,12,(1) Strongly agree,10,Part-time,Female
(1) Full-time worker,(2) Female,7,(1) Strongly agree,17.52,Full-time,Female
(2) Part-time worker,(2) Female,12,(4) Disagree,15.45,Part-time,Female
(1) Full-time worker,(2) Female,4,(1) Strongly agree,7.25,Full-time,Female
(1) Full-time worker,(2) Female,12,(1) Strongly agree,11.5,Full-time,Female
(1) Full-time worker,(2) Female,12,(1) Strongly agree,13.25,Full-time,Female
(1) Full-time worker,(2) Female,12,(2) Agree,9.25,Full-time,Female
(1) Full-time worker,(2) Female,12,(2) Agree,25,Full-time,Female
(2) Part-time worker,(2) Female,12,(2) Agree,11.22,Part-time,Female
(1) Full-time worker,(2) Female,6,(5) Strongly disagree,17.34,Full-time,Female
(2) Part-time worker,(2) Female,10,(1) Strongly agree,13,Part-time,Female
(1) Full-time worker,(2) Female,1,(1) Strongly agree,13.75,Full-time,Female
(2) Part-time worker,(2) Female,8,(1) Strongly agree,54.9575,Part-time,Female
(1) Full-time worker,(2) Female,12,(2) Agree,NA,Full-time,Female
(1) Full-time worker,(2) Female,4,(1) Strongly agree,10.5,Full-time,Female
(2) Part-time worker,(2) Female,8,(2) Agree,4.62962962963,Part-time,Female
(1) Full-time worker,(2) Female,12,(1) Strongly agree,10.51,Full-time,Female
(1) Full-time worker,(2) Female,12,(3) Neither agree nor disagree,13.72222222223,Full-time,Female
(1) Full-time worker,(2) Female,9,(1) Strongly agree,18,Full-time,Female
(1) Full-time worker,(2) Female,12,(3) Neither agree nor disagree,9.375,Full-time,Female
(2) Part-time worker,(2) Female,11,(3) Neither agree nor disagree,10.4029658285,Part-time,Female
(1) Full-time worker,(2) Female,9,(2) Agree,11.5,Full-time,Female
(1) Full-time worker,(2) Female,11,(4) Disagree,14.86,Full-time,Female
(2) Part-time worker,(2) Female,12,(1) Strongly agree,14,Part-time,Female
(1) Full-time worker,(2) Female,12,(1) Strongly agree,13,Full-time,Female
(1) Full-time worker,(2) Female,12,(3) Neither agree nor disagree,8,Full-time,Female
(1) Full-time worker,(2) Female,12,(1) Strongly agree,19.04,Full-time,Female
(1) Full-time worker,(2) Female,9,(2) Agree,43.91891891892,Full-time,Female
(2) Part-time worker,(2) Female,10,(1) Strongly agree,NA,Part-time,Female
(1) Full-time worker,(2) Female,9,(2) Agree,NA,Full-time,Female
(1) Full-time worker,(2) Female,NA,(2) Agree,NA,Full-time,Female
(1) Full-time worker,(2) Female,12,(4) Disagree,9.75,Full-time,Female
(2) Part-time worker,(2) Female,8,(1) Strongly agree,NA,Part-time,Female
(1) Full-time worker,(1) Male,12,(1) Strongly agree,12,Full-time,Male
NA,NA,NA,NA,NA,NA,NA
(1) Full-time worker,(2) Female,12,(2) Agree,14,Full-time,Female
(2) Part-time worker,(2) Female,9,(2) Agree,14.1,Part-time,Female
(1) Full-time worker,(2) Female,12,(2) Agree,14,Full-time,Female
(2) Part-time worker,(2) Female,8,(3) Neither agree nor disagree,NA,Part-time,Female
(1) Full-time worker,(2) Female,10,(2) Agree,7.507,Full-time,Female
(1) Full-time worker,(2) Female,12,(1) Strongly agree,15,Full-time,Female
(1) Full-time worker,(2) Female,12,(2) Agree,13.5,Full-time,Female
(1) Full-time worker,(2) Female,10,(1) Strongly agree,8,Full-time,Female
(1) Full-time worker,(2) Female,12,NA,10,Full-time,Female
(2) Part-time worker,(2) Female,12,(2) Agree,8.75,Part-time,Female
(2) Part-time worker,(2) Female,12,(4) Disagree,NA,Part-time,Female
(1) Full-time worker,(2) Female,12,(2) Agree,16.88194444445,Full-time,Female
(1) Full-time worker,(2) Female,12,(4) Disagree,11.25,Full-time,Female
(2) Part-time worker,(2) Female,9,(1) Strongly agree,13,Part-time,Female
(2) Part-time worker,(2) Female,12,(1) Strongly agree,19.4,Part-time,Female
(2) Part-time worker,(2) Female,10,(1) Strongly agree,13.28125,Part-time,Female
(2) Part-time worker,(2) Female,12,(1) Strongly agree,8.75,Part-time,Female
(1) Full-time worker,(2) Female,12,(2) Agree,44.71153846154,Full-time,Female
(1) Full-time worker,(2) Female,12,(2) Agree,NA,Full-time,Female
(1) Full-time worker,(2) Female,10,(2) Agree,31.83183183184,Full-time,Female
(2) Part-time worker,(1) Male,11,(2) Agree,6.66666666667,Part-time,Male
NA,(2) Female,12,(2) Agree,9.84728571429,NA,Female
(1) Full-time worker,(2) Female,12,(1) Strongly agree,10,Full-time,Female
(2) Part-time worker,(2) Female,12,(4) Disagree,11.5,Part-time,Female
NA,NA,NA,NA,NA,NA,NA
(1) Full-time worker,(2) Female,12,(2) Agree,NA,Full-time,Female
(2) Part-time worker,(2) Female,10,(1) Strongly agree,12,Part-time,Female
NA,NA,NA,NA,NA,NA,NA
(1) Full-time worker,(2) Female,12,(1) Strongly agree,14.13461538462,Full-time,Female
(2) Part-time worker,(2) Female,9,(1) Strongly agree,9.64285714286,Part-time,Female
(1) Full-time worker,(2) Female,1,(1) Strongly agree,NA,Full-time,Female
(1) Full-time worker,(2) Female,2,(2) Agree,10,Full-time,Female
(2) Part-time worker,(2) Female,9,(1) Strongly agree,8.5,Part-time,Female
(1) Full-time worker,(2) Female,12,(2) Agree,13.33333333334,Full-time,Female
(2) Part-time worker,(2) Female,12,(1) Strongly agree,13,Part-time,Female
(1) Full-time worker,(2) Female,9,(1) Strongly agree,13.425,Full-time,Female
(1) Full-time worker,(2) Female,12,(2) Agree,8.25,Full-time,Female
(1) Full-time worker,(2) Female,12,(1) Strongly agree,28.47222222223,Full-time,Female
(1) Full-time worker,(2) Female,12,(3) Neither agree nor disagree,11.75,Full-time,Female
(1) Full-time worker,(2) Female,12,(2) Agree,16,Full-time,Female
(1) Full-time worker,(2) Female,12,(2) Agree,41.77777777778,Full-time,Female
(2) Part-time worker,(2) Female,10,(1) Strongly agree,15,Part-time,Female
(1) Full-time worker,(2) Female,12,(1) Strongly agree,NA,Full-time,Female
(2) Part-time worker,(2) Female,10,(2) Agree,15.55555555556,Part-time,Female
(1) Full-time worker,(2) Female,12,(2) Agree,15,Full-time,Female
(2) Part-time worker,(2) Female,12,(1) Strongly agree,9.75,Part-time,Female
(1) Full-time worker,(2) Female,12,(3) Neither agree nor disagree,NA,Full-time,Female
(1) Full-time worker,(2) Female,8,(1) Strongly agree,10.625,Full-time,Female
(1) Full-time worker,(2) Female,11,(3) Neither agree nor disagree,18.3,Full-time,Female
(1) Full-time worker,(2) Female,12,(2) Agree,9,Full-time,Female
(1) Full-time worker,(2) Female,10,(3) Neither agree nor disagree,NA,Full-time,Female
NA,NA,NA,NA,NA,NA,NA
(1) Full-time worker,(2) Female,12,(1) Strongly agree,10,Full-time,Female
(1) Full-time worker,(2) Female,2,(1) Strongly agree,14.25,Full-time,Female
(1) Full-time worker,(2) Female,12,(2) Agree,14.25,Full-time,Female
(1) Full-time worker,(2) Female,12,(2) Agree,15,Full-time,Female
(2) Part-time worker,(2) Female,1,(1) Strongly agree,13,Part-time,Female
(2) Part-time worker,(2) Female,12,(3) Neither agree nor disagree,107.5,Part-time,Female
(1) Full-time worker,(2) Female,12,(2) Agree,17,Full-time,Female
(1) Full-time worker,(2) Female,12,(3) Neither agree nor disagree,20,Full-time,Female
NA,NA,NA,NA,NA,NA,NA
(1) Full-time worker,(2) Female,6,(1) Strongly agree,10.5,Full-time,Female
(1) Full-time worker,(2) Female,12,(1) Strongly agree,9,Full-time,Female
(1) Full-time worker,(2) Female,12,(1) Strongly agree,20,Full-time,Female
(2) Part-time worker,(2) Female,12,(2) Agree,12,Part-time,Female
(1) Full-time worker,(2) Female,12,(4) Disagree,10,Full-time,Female
(1) Full-time worker,(2) Female,12,(2) Agree,10,Full-time,Female
(2) Part-time worker,(2) Female,12,(1) Strongly agree,10.5,Part-time,Female
(2) Part-time worker,NA,12,NA,NA,Part-time,NA
(1) Full-time worker,(2) Female,12,(1) Strongly agree,20.29914529915,Full-time,Female
(1) Full-time worker,(2) Female,11,(2) Agree,12.85714285715,Full-time,Female
(1) Full-time worker,(2) Female,10,(1) Strongly agree,13.75,Full-time,Female
(1) Full-time worker,(2) Female,12,(1) Strongly agree,11,Full-time,Female
(1) Full-time worker,(1) Male,10,(2) Agree,15.59563409564,Full-time,Male
(1) Full-time worker,(2) Female,12,(3) Neither agree nor disagree,14.9,Full-time,Female
(1) Full-time worker,(2) Female,11,(1) Strongly agree,11.35,Full-time,Female
(1) Full-time worker,(2) Female,12,(1) Strongly agree,10,Full-time,Female
(1) Full-time worker,(2) Female,12,(2) Agree,14,Full-time,Female
(2) Part-time worker,(2) Female,6,(4) Disagree,23.8,Part-time,Female
(2) Part-time worker,(2) Female,10,(1) Strongly agree,17.13076923077,Part-time,Female
(1) Full-time worker,(2) Female,12,(1) Strongly agree,8.5,Full-time,Female
(1) Full-time worker,(2) Female,12,(1) Strongly agree,8.5,Full-time,Female
(1) Full-time worker,(2) Female,12,(1) Strongly agree,12.5,Full-time,Female
(1) Full-time worker,(2) Female,10,(1) Strongly agree,15,Full-time,Female
(1) Full-time worker,(2) Female,12,(2) Agree,11.538461538469999,Full-time,Female
(2) Part-time worker,(2) Female,9,(2) Agree,15,Part-time,Female
(1) Full-time worker,(2) Female,4,(3) Neither agree nor disagree,8,Full-time,Female
(1) Full-time worker,(2) Female,12,(1) Strongly agree,11,Full-time,Female
(1) Full-time worker,(2) Female,12,(1) Strongly agree,10.30000000001,Full-time,Female
(1) Full-time worker,(2) Female,10,(1) Strongly agree,50,Full-time,Female
(1) Full-time worker,(2) Female,8,(1) Strongly agree,NA,Full-time,Female
(1) Full-time worker,(2) Female,12,(2) Agree,17.18,Full-time,Female
(1) Full-time worker,(2) Female,NA,(2) Agree,20.83333333334,Full-time,Female
(1) Full-time worker,(2) Female,8,(1) Strongly agree,11,Full-time,Female
(1) Full-time worker,(2) Female,12,(1) Strongly agree,13.28671328672,Full-time,Female
(1) Full-time worker,(2) Female,12,(1) Strongly agree,28.47222222223,Full-time,Female
(1) Full-time worker,(2) Female,12,(2) Agree,15.78040540541,Full-time,Female
(1) Full-time worker,(2) Female,12,(2) Agree,31.11111111112,Full-time,Female
NA,(2) Female,10,(2) Agree,NA,NA,Female
(1) Full-time worker,(2) Female,12,(2) Agree,23,Full-time,Female
(2) Part-time worker,(2) Female,1,(2) Agree,10,Part-time,Female
(1) Full-time worker,(2) Female,12,(1) Strongly agree,13.24,Full-time,Female
(2) Part-time worker,(2) Female,9,(1) Strongly agree,10,Part-time,Female
(2) Part-time worker,(1) Male,9,(1) Strongly agree,16.60000000001,Part-time,Male
(2) Part-time worker,(2) Female,NA,(1) Strongly agree,27.02702702703,Part-time,Female
(2) Part-time worker,(2) Female,11,(1) Strongly agree,10.5,Part-time,Female
(1) Full-time worker,(2) Female,6,(2) Agree,20,Full-time,Female
(2) Part-time worker,(2) Female,9,(3) Neither agree nor disagree,13.99,Part-time,Female
(1) Full-time worker,(2) Female,12,(1) Strongly agree,13,Full-time,Female
(1) Full-time worker,(2) Female,12,(1) Strongly agree,11,Full-time,Female
(2) Part-time worker,(2) Female,9,(2) Agree,11.08,Part-time,Female
NA,(2) Female,5,(2) Agree,12,NA,Female
(1) Full-time worker,(1) Male,12,(1) Strongly agree,19,Full-time,Male
(1) Full-time worker,(2) Female,10,(2) Agree,10.51862673485,Full-time,Female
(1) Full-time worker,(2) Female,12,(3) Neither agree nor disagree,8.74,Full-time,Female
(1) Full-time worker,(2) Female,9,(2) Agree,9.57446808511,Full-time,Female
(1) Full-time worker,(2) Female,12,(1) Strongly agree,12,Full-time,Female
(1) Full-time worker,(2) Female,9,(3) Neither agree nor disagree,24.18604651163,Full-time,Female
(1) Full-time worker,(2) Female,12,(2) Agree,16,Full-time,Female
NA,NA,NA,NA,NA,NA,NA
(1) Full-time worker,(2) Female,12,(3) Neither agree nor disagree,15.625,Full-time,Female
(2) Part-time worker,NA,1,(1) Strongly agree,12,Part-time,NA
(2) Part-time worker,(2) Female,11,(2) Agree,NA,Part-time,Female
(1) Full-time worker,(2) Female,12,(3) Neither agree nor disagree,NA,Full-time,Female
(1) Full-time worker,(2) Female,12,(1) Strongly agree,NA,Full-time,Female
(2) Part-time worker,(2) Female,10,(1) Strongly agree,11.125,Part-time,Female
(1) Full-time worker,(2) Female,1,(5) Strongly disagree,15.45,Full-time,Female
(1) Full-time worker,(2) Female,12,(1) Strongly agree,12,Full-time,Female
(2) Part-time worker,(2) Female,12,(1) Strongly agree,12.24,Part-time,Female
(1) Full-time worker,(2) Female,10,(1) Strongly agree,18.75,Full-time,Female
(2) Part-time worker,(2) Female,12,(4) Disagree,13,Part-time,Female
(1) Full-time worker,(2) Female,12,(1) Strongly agree,22.22222222223,Full-time,Female
(2) Part-time worker,(2) Female,4,(1) Strongly agree,9,Part-time,Female
(1) Full-time worker,(2) Female,9,(2) Agree,11,Full-time,Female
(1) Full-time worker,(2) Female,11,(2) Agree,10.04,Full-time,Female
NA,NA,NA,NA,NA,NA,NA
NA,NA,NA,NA,NA,NA,NA
(1) Full-time worker,(2) Female,12,(2) Agree,13.03,Full-time,Female
NA,NA,NA,NA,NA,NA,NA
(2) Part-time worker,(2) Female,12,(3) Neither agree nor disagree,10,Part-time,Female
(1) Full-time worker,(2) Female,12,(1) Strongly agree,12,Full-time,Female
(1) Full-time worker,(2) Female,12,(2) Agree,10,Full-time,Female
(1) Full-time worker,(2) Female,12,(1) Strongly agree,17.5,Full-time,Female
(1) Full-time worker,(2) Female,12,(1) Strongly agree,NA,Full-time,Female
NA,NA,NA,NA,NA,NA,NA
(1) Full-time worker,(2) Female,11,(1) Strongly agree,27.3625,Full-time,Female
NA,NA,NA,NA,NA,NA,NA
NA,NA,NA,NA,NA,NA,NA
(2) Part-time worker,(2) Female,12,(1) Strongly agree,9,Part-time,Female
(1) Full-time worker,(2) Female,12,(2) Agree,11.66666666667,Full-time,Female
(1) Full-time worker,(2) Female,12,(2) Agree,11,Full-time,Female
(2) Part-time worker,(1) Male,10,(3) Neither agree nor disagree,22.756,Part-time,Male
(1) Full-time worker,(2) Female,10,(1) Strongly agree,20,Full-time,Female
(1) Full-time worker,(2) Female,12,(4) Disagree,12,Full-time,Female
NA,NA,NA,NA,NA,NA,NA
(1) Full-time worker,(2) Female,7,(2) Agree,4.97025,Full-time,Female
(1) Full-time worker,(2) Female,10,(3) Neither agree nor disagree,14,Full-time,Female
(2) Part-time worker,(2) Female,12,(2) Agree,7.3,Part-time,Female
(1) Full-time worker,(2) Female,NA,NA,NA,Full-time,Female
(1) Full-time worker,(2) Female,12,(2) Agree,14,Full-time,Female
(1) Full-time worker,(2) Female,12,(1) Strongly agree,20,Full-time,Female
(1) Full-time worker,(2) Female,12,(1) Strongly agree,17.68,Full-time,Female
(1) Full-time worker,(2) Female,12,(1) Strongly agree,NA,Full-time,Female
NA,NA,NA,NA,NA,NA,NA
(1) Full-time worker,(2) Female,12,(1) Strongly agree,8,Full-time,Female
(1) Full-time worker,(2) Female,12,(3) Neither agree nor disagree,8,Full-time,Female
(1) Full-time worker,(2) Female,12,(4) Disagree,8.25,Full-time,Female
(2) Part-time worker,(2) Female,12,(3) Neither agree nor disagree,16,Part-time,Female
(1) Full-time worker,(2) Female,12,(1) Strongly agree,NA,Full-time,Female
(1) Full-time worker,(2) Female,10,(1) Strongly agree,15,Full-time,Female
(1) Full-time worker,(2) Female,12,(2) Agree,16.25,Full-time,Female
(1) Full-time worker,(2) Female,12,(1) Strongly agree,9.28571428572,Full-time,Female
(1) Full-time worker,(2) Female,11,(1) Strongly agree,11.25,Full-time,Female
(1) Full-time worker,(2) Female,1,(1) Strongly agree,10,Full-time,Female
(1) Full-time worker,(2) Female,10,(1) Strongly agree,19.44444444445,Full-time,Female
NA,NA,NA,NA,NA,NA,NA
NA,(2) Female,NA,(1) Strongly agree,NA,NA,Female
(1) Full-time worker,(2) Female,7,(1) Strongly agree,NA,Full-time,Female
(1) Full-time worker,(2) Female,12,(2) Agree,18.25,Full-time,Female
NA,NA,NA,NA,NA,NA,NA
(2) Part-time worker,(2) Female,10,(1) Strongly agree,15,Part-time,Female
(1) Full-time worker,(1) Male,3,(1) Strongly agree,9.75,Full-time,Male
(1) Full-time worker,(2) Female,8,(1) Strongly agree,13,Full-time,Female
(2) Part-time worker,(2) Female,12,(1) Strongly agree,10.78,Part-time,Female
(2) Part-time worker,(2) Female,10,(1) Strongly agree,15.73333333334,Part-time,Female
(1) Full-time worker,(2) Female,12,(1) Strongly agree,12,Full-time,Female
(1) Full-time worker,(2) Female,6,(1) Strongly agree,10,Full-time,Female
(1) Full-time worker,(2) Female,12,(2) Agree,10.75,Full-time,Female
(1) Full-time worker,(2) Female,12,(2) Agree,13.63636363637,Full-time,Female
(1) Full-time worker,(2) Female,8,(1) Strongly agree,13.88892857143,Full-time,Female
(1) Full-time worker,(2) Female,12,(1) Strongly agree,16,Full-time,Female
NA,NA,NA,NA,NA,NA,NA
(1) Full-time worker,(2) Female,12,(3) Neither agree nor disagree,14,Full-time,Female
(1) Full-time worker,(2) Female,3,(2) Agree,13,Full-time,Female
(1) Full-time worker,(2) Female,12,(3) Neither agree nor disagree,14,Full-time,Female
(1) Full-time worker,(2) Female,10,(1) Strongly agree,18.47872340426,Full-time,Female
(1) Full-time worker,(2) Female,12,(1) Strongly agree,10.625,Full-time,Female
(1) Full-time worker,(2) Female,12,(1) Strongly agree,10.73345259392,Full-time,Female
(1) Full-time worker,(2) Female,NA,(1) Strongly agree,NA,Full-time,Female
(1) Full-time worker,(2) Female,1,(2) Agree,11.25,Full-time,Female
(1) Full-time worker,(2) Female,12,(2) Agree,7.5,Full-time,Female
(1) Full-time worker,(2) Female,11,(1) Strongly agree,NA,Full-time,Female
(1) Full-time worker,(2) Female,12,(1) Strongly agree,10,Full-time,Female
NA,NA,NA,NA,NA,NA,NA
(1) Full-time worker,(2) Female,9,(2) Agree,10,Full-time,Female
(1) Full-time worker,(2) Female,12,(1) Strongly agree,14,Full-time,Female
NA,NA,NA,NA,NA,NA,NA
(1) Full-time worker,(2) Female,12,(1) Strongly agree,9.47368421053,Full-time,Female
(1) Full-time worker,(2) Female,12,(3) Neither agree nor disagree,8.96000000001,Full-time,Female
(1) Full-time worker,(2) Female,7,(1) Strongly agree,10.56,Full-time,Female
(1) Full-time worker,(2) Female,12,(2) Agree,12.5,Full-time,Female
(1) Full-time worker,(2) Female,12,(1) Strongly agree,14.25,Full-time,Female
(1) Full-time worker,(2) Female,12,(1) Strongly agree,12.5,Full-time,Female
(1) Full-time worker,(2) Female,8,(2) Agree,29.8,Full-time,Female
(2) Part-time worker,(2) Female,10,(2) Agree,12.96296296297,Part-time,Female
(2) Part-time worker,(2) Female,12,(1) Strongly agree,15.625,Part-time,Female
(1) Full-time worker,(2) Female,8,(2) Agree,20,Full-time,Female
(1) Full-time worker,(2) Female,10,(1) Strongly agree,NA,Full-time,Female
(1) Full-time worker,(2) Female,12,(1) Strongly agree,17.5,Full-time,Female
(1) Full-time worker,(2) Female,12,(1) Strongly agree,15.25,Full-time,Female
(2) Part-time worker,(2) Female,3,(1) Strongly agree,14,Part-time,Female
(1) Full-time worker,(2) Female,12,(2) Agree,10.5,Full-time,Female
(1) Full-time worker,(2) Female,12,(2) Agree,11,Full-time,Female
(2) Part-time worker,(2) Female,12,(5) Strongly disagree,8.15,Part-time,Female
(1) Full-time worker,(2) Female,12,(1) Strongly agree,13.75,Full-time,Female
(1) Full-time worker,(2) Female,9,(1) Strongly agree,10,Full-time,Female
(1) Full-time worker,(2) Female,12,(3) Neither agree nor disagree,15.72,Full-time,Female
NA,NA,NA,NA,NA,NA,NA
(2) Part-time worker,(2) Female,12,(1) Strongly agree,9.4,Part-time,Female
(1) Full-time worker,(2) Female,12,(2) Agree,11.5,Full-time,Female
(1) Full-time worker,(2) Female,9,(2) Agree,20.67307692308,Full-time,Female
(2) Part-time worker,(2) Female,5,(2) Agree,13.5,Part-time,Female
(1) Full-time worker,(2) Female,4,(2) Agree,13.75,Full-time,Female
(1) Full-time worker,(2) Female,12,(2) Agree,15.39,Full-time,Female
NA,NA,NA,NA,NA,NA,NA
(1) Full-time worker,(2) Female,10,(1) Strongly agree,48.61111111112,Full-time,Female
(2) Part-time worker,(2) Female,10,(4) Disagree,9.98,Part-time,Female
(2) Part-time worker,(2) Female,12,(1) Strongly agree,13.5,Part-time,Female
(1) Full-time worker,(2) Female,12,(4) Disagree,20,Full-time,Female
(2) Part-time worker,(2) Female,12,(1) Strongly agree,11.65,Part-time,Female
(1) Full-time worker,(2) Female,12,(4) Disagree,9.25,Full-time,Female
NA,(2) Female,9,(2) Agree,NA,NA,Female
(1) Full-time worker,(2) Female,10,(2) Agree,17.85714285715,Full-time,Female
(2) Part-time worker,(2) Female,9,(1) Strongly agree,11.36363636364,Part-time,Female
(1) Full-time worker,(2) Female,12,(2) Agree,8.56,Full-time,Female
(1) Full-time worker,(2) Female,12,(1) Strongly agree,10,Full-time,Female
(1) Full-time worker,(2) Female,12,(2) Agree,17.25,Full-time,Female
(2) Part-time worker,(2) Female,2,(1) Strongly agree,10,Part-time,Female
(1) Full-time worker,(2) Female,12,(2) Agree,10.25,Full-time,Female
(1) Full-time worker,(2) Female,8,(1) Strongly agree,9.5,Full-time,Female
(1) Full-time worker,(2) Female,12,(1) Strongly agree,17.68,Full-time,Female
(1) Full-time worker,(2) Female,9,(1) Strongly agree,2.84765068818,Full-time,Female
(2) Part-time worker,(2) Female,12,(1) Strongly agree,21.66666666667,Part-time,Female
(2) Part-time worker,(2) Female,12,(1) Strongly agree,12,Part-time,Female
(1) Full-time worker,NA,12,(2) Agree,27,Full-time,NA
(1) Full-time worker,(2) Female,12,(5) Strongly disagree,13.5,Full-time,Female
(2) Part-time worker,(2) Female,12,(2) Agree,8.5,Part-time,Female
(1) Full-time worker,(2) Female,12,(4) Disagree,15,Full-time,Female
(1) Full-time worker,(2) Female,10,(2) Agree,13.25,Full-time,Female
(1) Full-time worker,(2) Female,2,(2) Agree,13.49,Full-time,Female
(2) Part-time worker,(2) Female,12,(2) Agree,14.25,Part-time,Female
NA,NA,NA,NA,NA,NA,NA
(2) Part-time worker,(2) Female,7,(2) Agree,15,Part-time,Female
(1) Full-time worker,(2) Female,9,(1) Strongly agree,11,Full-time,Female
(1) Full-time worker,(2) Female,12,(3) Neither agree nor disagree,8.97435897436,Full-time,Female
(1) Full-time worker,(2) Female,12,(2) Agree,NA,Full-time,Female
(1) Full-time worker,(2) Female,12,(2) Agree,25,Full-time,Female
(2) Part-time worker,(2) Female,9,(2) Agree,13,Part-time,Female
(1) Full-time worker,(2) Female,8,(2) Agree,25.46296296297,Full-time,Female
(1) Full-time worker,(2) Female,10,NA,32.36111111112,Full-time,Female
(2) Part-time worker,(2) Female,12,(1) Strongly agree,8.55000000001,Part-time,Female
(1) Full-time worker,(2) Female,1,(1) Strongly agree,7.8125,Full-time,Female
NA,NA,NA,NA,NA,NA,NA
(1) Full-time worker,(2) Female,12,(2) Agree,14.375,Full-time,Female
(1) Full-time worker,(2) Female,10,(2) Agree,15,Full-time,Female
(1) Full-time worker,(2) Female,9,(1) Strongly agree,16.66666666667,Full-time,Female
NA,NA,NA,NA,NA,NA,NA
(1) Full-time worker,(2) Female,3,(1) Strongly agree,13.43,Full-time,Female
(1) Full-time worker,(2) Female,12,(4) Disagree,10.1,Full-time,Female
(1) Full-time worker,(2) Female,11,(1) Strongly agree,22,Full-time,Female
(2) Part-time worker,(2) Female,12,(1) Strongly agree,12,Part-time,Female
(2) Part-time worker,(2) Female,12,(1) Strongly agree,NA,Part-time,Female
(2) Part-time worker,(2) Female,12,(1) Strongly agree,15.5,Part-time,Female
(1) Full-time worker,(1) Male,12,(1) Strongly agree,14,Full-time,Male
(1) Full-time worker,(2) Female,11,NA,NA,Full-time,Female
NA,NA,NA,NA,NA,NA,NA
(1) Full-time worker,(2) Female,12,(1) Strongly agree,NA,Full-time,Female
(1) Full-time worker,(2) Female,12,(3) Neither agree nor disagree,10,Full-time,Female
(1) Full-time worker,(2) Female,9,(1) Strongly agree,11,Full-time,Female
(1) Full-time worker,(2) Female,12,(2) Agree,27.16049382717,Full-time,Female
(2) Part-time worker,(2) Female,4,(1) Strongly agree,10,Part-time,Female
(1) Full-time worker,(2) Female,12,(2) Agree,13.4,Full-time,Female
(1) Full-time worker,(2) Female,4,(1) Strongly agree,18,Full-time,Female
(1) Full-time worker,(2) Female,12,(1) Strongly agree,16.10000000001,Full-time,Female
(1) Full-time worker,(2) Female,3,NA,NA,Full-time,Female
(2) Part-time worker,(2) Female,8,(1) Strongly agree,15.3,Part-time,Female
(1) Full-time worker,(2) Female,12,(1) Strongly agree,13,Full-time,Female
(1) Full-time worker,(2) Female,NA,(2) Agree,12,Full-time,Female
(1) Full-time worker,(2) Female,12,(1) Strongly agree,13.67521367522,Full-time,Female
(2) Part-time worker,(2) Female,9,(1) Strongly agree,NA,Part-time,Female
(1) Full-time worker,(2) Female,10,(2) Agree,17.02127659575,Full-time,Female
NA,NA,NA,NA,NA,NA,NA
(2) Part-time worker,(2) Female,12,(4) Disagree,8.25,Part-time,Female
NA,NA,NA,NA,NA,NA,NA
NA,NA,NA,NA,NA,NA,NA
(1) Full-time worker,(2) Female,12,(2) Agree,11.82,Full-time,Female
(1) Full-time worker,(2) Female,7,(1) Strongly agree,15,Full-time,Female
NA,NA,NA,NA,NA,NA,NA
(1) Full-time worker,(2) Female,12,(5) Strongly disagree,12,Full-time,Female
(2) Part-time worker,(2) Female,9,(1) Strongly agree,16.10000000001,Part-time,Female
(1) Full-time worker,(2) Female,10,(1) Strongly agree,15.76,Full-time,Female
NA,NA,NA,NA,NA,NA,NA
(1) Full-time worker,(2) Female,12,(2) Agree,NA,Full-time,Female
(1) Full-time worker,(2) Female,12,(2) Agree,15,Full-time,Female
(1) Full-time worker,(2) Female,6,(2) Agree,18.79699248121,Full-time,Female
(1) Full-time worker,(2) Female,12,(1) Strongly agree,17.14285714286,Full-time,Female
(1) Full-time worker,(2) Female,12,(1) Strongly agree,8.9,Full-time,Female
(1) Full-time worker,(2) Female,10,(1) Strongly agree,15.44,Full-time,Female
(2) Part-time worker,(2) Female,10,(1) Strongly agree,14.29,Part-time,Female
(1) Full-time worker,(2) Female,4,(1) Strongly agree,9,Full-time,Female
(1) Full-time worker,(2) Female,3,(1) Strongly agree,8,Full-time,Female
(1) Full-time worker,(2) Female,12,(2) Agree,9.5,Full-time,Female
(2) Part-time worker,(2) Female,10,(1) Strongly agree,15,Part-time,Female
(1) Full-time worker,(2) Female,12,(2) Agree,10.25,Full-time,Female
(1) Full-time worker,(2) Female,9,(1) Strongly agree,9.25925925926,Full-time,Female
(1) Full-time worker,(2) Female,12,(2) Agree,11,Full-time,Female
NA,NA,NA,NA,NA,NA,NA
(2) Part-time worker,(2) Female,9,(1) Strongly agree,21.17647058824,Part-time,Female
NA,NA,NA,NA,NA,NA,NA
(1) Full-time worker,(2) Female,12,(2) Agree,9,Full-time,Female
(2) Part-time worker,(2) Female,3,(1) Strongly agree,9.5,Part-time,Female
(1) Full-time worker,(2) Female,1,(1) Strongly agree,7.25,Full-time,Female
(1) Full-time worker,(2) Female,12,(2) Agree,20.55,Full-time,Female
(1) Full-time worker,(2) Female,12,(2) Agree,8.75,Full-time,Female
(1) Full-time worker,(2) Female,12,(2) Agree,16.7004048583,Full-time,Female
(1) Full-time worker,(2) Female,12,(3) Neither agree nor disagree,19.5,Full-time,Female
(1) Full-time worker,(2) Female,9,(2) Agree,17.5,Full-time,Female
(2) Part-time worker,(2) Female,10,(1) Strongly agree,11,Part-time,Female
(1) Full-time worker,(2) Female,9,(2) Agree,12.35,Full-time,Female
(2) Part-time worker,(2) Female,9,(1) Strongly agree,20.20202020203,Part-time,Female
(1) Full-time worker,(2) Female,12,(2) Agree,NA,Full-time,Female
(1) Full-time worker,(2) Female,11,(2) Agree,13,Full-time,Female
NA,NA,NA,NA,NA,NA,NA
(1) Full-time worker,(2) Female,12,(5) Strongly disagree,9.6,Full-time,Female
(1) Full-time worker,(2) Female,12,(1) Strongly agree,9,Full-time,Female
(1) Full-time worker,(2) Female,10,(2) Agree,8.25,Full-time,Female
(2) Part-time worker,(2) Female,12,(2) Agree,11,Part-time,Female
(1) Full-time worker,(2) Female,12,(5) Strongly disagree,10,Full-time,Female
(1) Full-time worker,(2) Female,12,(2) Agree,13,Full-time,Female
(1) Full-time worker,(2) Female,12,(1) Strongly agree,15.69767441861,Full-time,Female
(1) Full-time worker,(2) Female,12,(4) Disagree,12.67,Full-time,Female
(1) Full-time worker,(2) Female,12,(2) Agree,8,Full-time,Female
(2) Part-time worker,(2) Female,12,(2) Agree,10.75,Part-time,Female
(1) Full-time worker,(2) Female,12,(2) Agree,14.8,Full-time,Female
(2) Part-time worker,(2) Female,8,(3) Neither agree nor disagree,18.38235294118,Part-time,Female
(2) Part-time worker,(2) Female,11,(1) Strongly agree,9,Part-time,Female
(1) Full-time worker,(2) Female,12,(2) Agree,NA,Full-time,Female
(2) Part-time worker,(2) Female,9,(2) Agree,14.28,Part-time,Female
(2) Part-time worker,(2) Female,12,(2) Agree,11,Part-time,Female
(2) Part-time worker,(2) Female,8,(1) Strongly agree,9.375,Part-time,Female
(1) Full-time worker,(2) Female,2,(1) Strongly agree,12.6,Full-time,Female
(1) Full-time worker,(2) Female,12,(2) Agree,13,Full-time,Female
(1) Full-time worker,(2) Female,12,(1) Strongly agree,14,Full-time,Female
(2) Part-time worker,(2) Female,12,(1) Strongly agree,14,Part-time,Female
(1) Full-time worker,(2) Female,12,(1) Strongly agree,NA,Full-time,Female
(1) Full-time worker,(2) Female,11,(1) Strongly agree,24.30555555556,Full-time,Female
(1) Full-time worker,(2) Female,9,(2) Agree,NA,Full-time,Female
(2) Part-time worker,(2) Female,3,(2) Agree,9,Part-time,Female
(2) Part-time worker,(2) Female,12,(4) Disagree,14,Part-time,Female
(1) Full-time worker,(2) Female,12,(1) Strongly agree,10,Full-time,Female
(1) Full-time worker,(2) Female,12,(1) Strongly agree,1.5625,Full-time,Female
NA,NA,NA,NA,NA,NA,NA
(2) Part-time worker,(2) Female,12,(3) Neither agree nor disagree,8,Part-time,Female
(1) Full-time worker,(2) Female,12,(2) Agree,10,Full-time,Female
(1) Full-time worker,(2) Female,12,(2) Agree,17,Full-time,Female
(1) Full-time worker,(2) Female,11,(2) Agree,35.88516746412,Full-time,Female
NA,NA,NA,NA,NA,NA,NA
(2) Part-time worker,(2) Female,12,(2) Agree,11,Part-time,Female
(1) Full-time worker,(2) Female,4,(2) Agree,8,Full-time,Female
(1) Full-time worker,(2) Female,12,(2) Agree,13.5,Full-time,Female
(1) Full-time worker,(2) Female,12,(1) Strongly agree,13.5,Full-time,Female
NA,(2) Female,NA,NA,30.40935672515,NA,Female
(1) Full-time worker,(2) Female,12,(1) Strongly agree,9,Full-time,Female
(2) Part-time worker,(2) Female,2,(2) Agree,11,Part-time,Female
(2) Part-time worker,(2) Female,12,(1) Strongly agree,15,Part-time,Female
(1) Full-time worker,(2) Female,10,(2) Agree,NA,Full-time,Female
NA,(2) Female,NA,(1) Strongly agree,16.28571428572,NA,Female
(1) Full-time worker,(2) Female,12,(1) Strongly agree,9.30000000001,Full-time,Female
(1) Full-time worker,(2) Female,12,(2) Agree,12.5,Full-time,Female
(1) Full-time worker,(2) Female,9,(1) Strongly agree,25.73099415205,Full-time,Female
(1) Full-time worker,(2) Female,9,(2) Agree,15.03759398497,Full-time,Female
(1) Full-time worker,(2) Female,12,(1) Strongly agree,9,Full-time,Female
(1) Full-time worker,(2) Female,12,(1) Strongly agree,11,Full-time,Female
(1) Full-time worker,(2) Female,12,(1) Strongly agree,15,Full-time,Female
(1) Full-time worker,(2) Female,12,(1) Strongly agree,17,Full-time,Female
(1) Full-time worker,(2) Female,12,(2) Agree,17.61,Full-time,Female
(2) Part-time worker,(2) Female,6,(2) Agree,NA,Part-time,Female
(2) Part-time worker,(2) Female,10,(1) Strongly agree,16.57,Part-time,Female
(2) Part-time worker,(2) Female,9,(2) Agree,15.58441558442,Part-time,Female
(2) Part-time worker,(2) Female,9,(1) Strongly agree,19,Part-time,Female
(1) Full-time worker,(2) Female,12,(1) Strongly agree,12.5,Full-time,Female
(1) Full-time worker,(2) Female,12,(1) Strongly agree,NA,Full-time,Female
(1) Full-time worker,(2) Female,7,(1) Strongly agree,10,Full-time,Female
(2) Part-time worker,(2) Female,10,(1) Strongly agree,9,Part-time,Female
(2) Part-time worker,(2) Female,12,(2) Agree,9.5,Part-time,Female
(1) Full-time worker,(2) Female,12,(1) Strongly agree,17,Full-time,Female
(1) Full-time worker,(2) Female,3,(1) Strongly agree,24.03846153847,Full-time,Female
(1) Full-time worker,(2) Female,12,(1) Strongly agree,NA,Full-time,Female
(1) Full-time worker,(2) Female,12,(1) Strongly agree,NA,Full-time,Female
(1) Full-time worker,(2) Female,12,(1) Strongly agree,12.25,Full-time,Female
(1) Full-time worker,(2) Female,12,(1) Strongly agree,NA,Full-time,Female
(1) Full-time worker,(2) Female,12,(2) Agree,9.5,Full-time,Female
(1) Full-time worker,(2) Female,12,(4) Disagree,9,Full-time,Female
(1) Full-time worker,(2) Female,12,(2) Agree,12,Full-time,Female
(1) Full-time worker,(2) Female,12,(2) Agree,10,Full-time,Female
(2) Part-time worker,(2) Female,12,(2) Agree,7.4,Part-time,Female
(2) Part-time worker,(2) Female,10,(1) Strongly agree,17.39926739927,Part-time,Female
(1) Full-time worker,(2) Female,10,(1) Strongly agree,17.5,Full-time,Female
(1) Full-time worker,(2) Female,12,(2) Agree,8,Full-time,Female
(1) Full-time worker,(2) Female,9,(3) Neither agree nor disagree,25.74424242425,Full-time,Female
(1) Full-time worker,(2) Female,12,(2) Agree,14.66666666667,Full-time,Female
(1) Full-time worker,(2) Female,9,(1) Strongly agree,14.75,Full-time,Female
(1) Full-time worker,(2) Female,12,(1) Strongly agree,14,Full-time,Female
(2) Part-time worker,(2) Female,5,(1) Strongly agree,15,Part-time,Female
(2) Part-time worker,(2) Female,12,(1) Strongly agree,12.80303030304,Part-time,Female
(2) Part-time worker,(2) Female,10,(1) Strongly agree,NA,Part-time,Female
(2) Part-time worker,(2) Female,12,(2) Agree,22,Part-time,Female
(2) Part-time worker,(2) Female,12,(1) Strongly agree,10,Part-time,Female
NA,NA,NA,NA,NA,NA,NA
(2) Part-time worker,(2) Female,9,(1) Strongly agree,NA,Part-time,Female
(1) Full-time worker,(2) Female,12,(1) Strongly agree,10,Full-time,Female
(1) Full-time worker,(2) Female,10,(2) Agree,13.04347826087,Full-time,Female
NA,NA,NA,NA,NA,NA,NA
(1) Full-time worker,(2) Female,12,(2) Agree,11.35,Full-time,Female
NA,NA,NA,NA,NA,NA,NA
(2) Part-time worker,(2) Female,10,(1) Strongly agree,10.8695652174,Part-time,Female
(1) Full-time worker,(2) Female,12,(1) Strongly agree,11.1,Full-time,Female
(1) Full-time worker,(2) Female,9,(1) Strongly agree,20,Full-time,Female
(2) Part-time worker,(2) Female,12,(1) Strongly agree,26.31578947369,Part-time,Female
(1) Full-time worker,(2) Female,12,(1) Strongly agree,20.24291497976,Full-time,Female
(1) Full-time worker,(2) Female,12,(2) Agree,6.25,Full-time,Female
(1) Full-time worker,(2) Female,12,(2) Agree,12,Full-time,Female
(1) Full-time worker,(2) Female,12,(1) Strongly agree,26.66666666667,Full-time,Female
(1) Full-time worker,(2) Female,10,(2) Agree,16.65,Full-time,Female
(1) Full-time worker,(2) Female,12,(1) Strongly agree,18.8475,Full-time,Female
(1) Full-time worker,(2) Female,12,(3) Neither agree nor disagree,16.25,Full-time,Female
(1) Full-time worker,(2) Female,1,(1) Strongly agree,13.83,Full-time,Female
(1) Full-time worker,(2) Female,12,(1) Strongly agree,8.75,Full-time,Female
(2) Part-time worker,(2) Female,6,(1) Strongly agree,8.1,Part-time,Female
(1) Full-time worker,(2) Female,12,(2) Agree,6.66666666667,Full-time,Female
(1) Full-time worker,(2) Female,12,(3) Neither agree nor disagree,8.6,Full-time,Female
(2) Part-time worker,(2) Female,4,(3) Neither agree nor disagree,9,Part-time,Female
(2) Part-time worker,(2) Female,12,(1) Strongly agree,33.33333333334,Part-time,Female
(1) Full-time worker,(2) Female,12,(2) Agree,10,Full-time,Female
(1) Full-time worker,(2) Female,12,(1) Strongly agree,9.75,Full-time,Female
(1) Full-time worker,(2) Female,10,(1) Strongly agree,25.51020408164,Full-time,Female
(1) Full-time worker,(2) Female,10,(1) Strongly agree,13.5,Full-time,Female
(2) Part-time worker,(2) Female,5,(3) Neither agree nor disagree,51.42857142858,Part-time,Female
(1) Full-time worker,(2) Female,12,(1) Strongly agree,13.85,Full-time,Female
(1) Full-time worker,(2) Female,5,(2) Agree,15.7,Full-time,Female
(2) Part-time worker,(2) Female,10,(2) Agree,34,Part-time,Female
(2) Part-time worker,(2) Female,10,(1) Strongly agree,107.5,Part-time,Female
(1) Full-time worker,(2) Female,12,(4) Disagree,18,Full-time,Female
(1) Full-time worker,(2) Female,12,(1) Strongly agree,15.25,Full-time,Female
(1) Full-time worker,(2) Female,10,(2) Agree,12,Full-time,Female
(1) Full-time worker,(2) Female,3,(1) Strongly agree,7.25,Full-time,Female
(1) Full-time worker,(2) Female,12,(2) Agree,10.01538461539,Full-time,Female
(1) Full-time worker,(2) Female,12,(1) Strongly agree,11.70731707318,Full-time,Female
NA,NA,NA,NA,NA,NA,NA
(1) Full-time worker,(2) Female,12,(1) Strongly agree,10,Full-time,Female
(1) Full-time worker,(2) Female,12,(1) Strongly agree,11,Full-time,Female
(1) Full-time worker,(2) Female,12,(1) Strongly agree,12.5,Full-time,Female
NA,NA,NA,NA,NA,NA,NA
(2) Part-time worker,(2) Female,12,(2) Agree,15,Part-time,Female
(1) Full-time worker,(2) Female,12,(5) Strongly disagree,13.25,Full-time,Female
(1) Full-time worker,(2) Female,1,(2) Agree,12,Full-time,Female
(1) Full-time worker,(2) Female,12,(4) Disagree,14,Full-time,Female
(1) Full-time worker,(2) Female,12,(1) Strongly agree,8,Full-time,Female
(1) Full-time worker,(2) Female,1,(5) Strongly disagree,NA,Full-time,Female
(2) Part-time worker,(2) Female,12,(2) Agree,10,Part-time,Female
(1) Full-time worker,(2) Female,12,(2) Agree,9.79591836735,Full-time,Female
(1) Full-time worker,(2) Female,12,(1) Strongly agree,12.74509803922,Full-time,Female
(1) Full-time worker,(1) Male,8,(2) Agree,15,Full-time,Male
(1) Full-time worker,(2) Female,12,(4) Disagree,10.4,Full-time,Female
(1) Full-time worker,(2) Female,1,(2) Agree,NA,Full-time,Female
(1) Full-time worker,(2) Female,12,(2) Agree,27.47252747253,Full-time,Female
(1) Full-time worker,(2) Female,12,(3) Neither agree nor disagree,11.111,Full-time,Female
(2) Part-time worker,(2) Female,9,(1) Strongly agree,25,Part-time,Female
(2) Part-time worker,(2) Female,8,(1) Strongly agree,NA,Part-time,Female
(1) Full-time worker,(1) Male,6,(3) Neither agree nor disagree,NA,Full-time,Male
(1) Full-time worker,(1) Male,12,(1) Strongly agree,13,Full-time,Male
(2) Part-time worker,(2) Female,6,(1) Strongly agree,12,Part-time,Female
(1) Full-time worker,(2) Female,12,(2) Agree,12.5,Full-time,Female
(1) Full-time worker,(2) Female,12,(2) Agree,NA,Full-time,Female
(1) Full-time worker,(2) Female,12,(2) Agree,2.5,Full-time,Female
(1) Full-time worker,(2) Female,12,(1) Strongly agree,7.5,Full-time,Female
(1) Full-time worker,(2) Female,12,(2) Agree,8.22000000001,Full-time,Female
(1) Full-time worker,(2) Female,12,(2) Agree,13,Full-time,Female
(1) Full-time worker,(2) Female,12,(1) Strongly agree,13.5,Full-time,Female
(1) Full-time worker,(2) Female,12,(1) Strongly agree,12,Full-time,Female
NA,NA,NA,NA,NA,NA,NA
(2) Part-time worker,(2) Female,9,(2) Agree,15.4,Part-time,Female
(1) Full-time worker,(2) Female,12,(1) Strongly agree,10,Full-time,Female
(1) Full-time worker,(2) Female,12,(3) Neither agree nor disagree,17.60000000001,Full-time,Female
(1) Full-time worker,(2) Female,12,(2) Agree,13.6,Full-time,Female
NA,NA,NA,NA,NA,NA,NA
(1) Full-time worker,(2) Female,12,(2) Agree,11.5,Full-time,Female
(1) Full-time worker,(2) Female,11,(1) Strongly agree,NA,Full-time,Female
(1) Full-time worker,(2) Female,10,(2) Agree,21.42857142858,Full-time,Female
(1) Full-time worker,(2) Female,12,(2) Agree,14,Full-time,Female
(1) Full-time worker,(2) Female,8,(2) Agree,12,Full-time,Female
(1) Full-time worker,(2) Female,9,(1) Strongly agree,4.2,Full-time,Female
NA,NA,NA,NA,NA,NA,NA
(1) Full-time worker,(2) Female,9,(1) Strongly agree,11,Full-time,Female
(1) Full-time worker,(2) Female,12,(1) Strongly agree,13.75,Full-time,Female
(1) Full-time worker,(2) Female,12,(1) Strongly agree,26.66666666667,Full-time,Female
(1) Full-time worker,(2) Female,12,(1) Strongly agree,35,Full-time,Female
NA,NA,NA,NA,NA,NA,NA
(1) Full-time worker,(2) Female,12,(2) Agree,11.7,Full-time,Female
(2) Part-time worker,(2) Female,12,(1) Strongly agree,NA,Part-time,Female
(1) Full-time worker,(2) Female,12,(1) Strongly agree,15,Full-time,Female
(1) Full-time worker,(2) Female,12,(1) Strongly agree,NA,Full-time,Female
(1) Full-time worker,(2) Female,12,(1) Strongly agree,10.75,Full-time,Female
(2) Part-time worker,(2) Female,12,(1) Strongly agree,NA,Part-time,Female
(1) Full-time worker,(2) Female,12,(2) Agree,15.01,Full-time,Female
(1) Full-time worker,(2) Female,12,(1) Strongly agree,13,Full-time,Female
(1) Full-time worker,(2) Female,12,(1) Strongly agree,15,Full-time,Female
(1) Full-time worker,(2) Female,12,(2) Agree,11.875,Full-time,Female
(1) Full-time worker,(2) Female,12,(2) Agree,10,Full-time,Female
(1) Full-time worker,(2) Female,12,(1) Strongly agree,11.5,Full-time,Female
NA,NA,NA,NA,NA,NA,NA
(1) Full-time worker,(2) Female,12,(2) Agree,12,Full-time,Female
(1) Full-time worker,(2) Female,12,(1) Strongly agree,NA,Full-time,Female
(2) Part-time worker,(2) Female,12,(2) Agree,16,Part-time,Female
(1) Full-time worker,(1) Male,12,(1) Strongly agree,NA,Full-time,Male
(1) Full-time worker,(2) Female,10,(2) Agree,13,Full-time,Female
(2) Part-time worker,(2) Female,10,(1) Strongly agree,NA,Part-time,Female
(1) Full-time worker,(2) Female,12,(1) Strongly agree,9.75,Full-time,Female
(2) Part-time worker,(2) Female,12,(1) Strongly agree,13,Part-time,Female
(1) Full-time worker,(2) Female,9,(2) Agree,NA,Full-time,Female
(1) Full-time worker,(2) Female,12,(4) Disagree,14.5,Full-time,Female
NA,NA,NA,NA,NA,NA,NA
(2) Part-time worker,(2) Female,9,(2) Agree,8.09563409564,Part-time,Female
(1) Full-time worker,(2) Female,9,(1) Strongly agree,20.32,Full-time,Female
(1) Full-time worker,(2) Female,12,(1) Strongly agree,14,Full-time,Female
NA,NA,NA,NA,NA,NA,NA
(1) Full-time worker,(2) Female,12,(1) Strongly agree,10,Full-time,Female
(1) Full-time worker,(2) Female,12,(2) Agree,11.42857142858,Full-time,Female
(1) Full-time worker,(2) Female,12,(2) Agree,15,Full-time,Female
(1) Full-time worker,(2) Female,12,(5) Strongly disagree,9.375,Full-time,Female
(2) Part-time worker,(2) Female,10,(3) Neither agree nor disagree,9,Part-time,Female
(1) Full-time worker,(2) Female,12,(1) Strongly agree,NA,Full-time,Female
(2) Part-time worker,(2) Female,9,(2) Agree,10,Part-time,Female
(1) Full-time worker,(2) Female,9,(2) Agree,11.05,Full-time,Female
(2) Part-time worker,(2) Female,1,(2) Agree,12.25,Part-time,Female
(1) Full-time worker,(2) Female,12,(2) Agree,12,Full-time,Female
(2) Part-time worker,(2) Female,10,(1) Strongly agree,17,Part-time,Female
(2) Part-time worker,(2) Female,10,(2) Agree,18,Part-time,Female
(2) Part-time worker,(2) Female,9,(1) Strongly agree,22.5,Part-time,Female
(1) Full-time worker,(2) Female,3,(1) Strongly agree,18.75,Full-time,Female
(1) Full-time worker,(2) Female,12,(1) Strongly agree,NA,Full-time,Female
NA,NA,NA,NA,NA,NA,NA
(2) Part-time worker,(2) Female,12,(1) Strongly agree,11,Part-time,Female
(2) Part-time worker,(2) Female,12,(2) Agree,8,Part-time,Female
(1) Full-time worker,(2) Female,12,(1) Strongly agree,28.84615384616,Full-time,Female
(1) Full-time worker,(2) Female,NA,(2) Agree,15,Full-time,Female
(1) Full-time worker,(2) Female,12,(2) Agree,13.5,Full-time,Female
NA,NA,NA,NA,NA,NA,NA
(1) Full-time worker,(2) Female,12,(2) Agree,16,Full-time,Female
(1) Full-time worker,(2) Female,10,(1) Strongly agree,23.95833333334,Full-time,Female
(1) Full-time worker,(2) Female,8,(1) Strongly agree,10.70175438597,Full-time,Female
(1) Full-time worker,(2) Female,12,(2) Agree,21.27,Full-time,Female
(1) Full-time worker,(2) Female,12,(1) Strongly agree,12.5,Full-time,Female
(1) Full-time worker,(2) Female,12,(1) Strongly agree,13,Full-time,Female
(1) Full-time worker,(2) Female,12,(1) Strongly agree,20.25,Full-time,Female
(2) Part-time worker,(2) Female,10,(1) Strongly agree,16.66666666667,Part-time,Female
(1) Full-time worker,(2) Female,12,(1) Strongly agree,9.25454545455,Full-time,Female
(1) Full-time worker,(2) Female,12,(2) Agree,20.19230769231,Full-time,Female
(1) Full-time worker,(2) Female,NA,(1) Strongly agree,10.75,Full-time,Female
(2) Part-time worker,(2) Female,8,(2) Agree,16.33986928105,Part-time,Female
(1) Full-time worker,(2) Female,10,(2) Agree,35.68108108109,Full-time,Female
(1) Full-time worker,(2) Female,12,(1) Strongly agree,9.30000000001,Full-time,Female
(1) Full-time worker,(2) Female,12,(4) Disagree,12.025,Full-time,Female
(1) Full-time worker,(2) Female,12,(1) Strongly agree,18,Full-time,Female
(1) Full-time worker,(2) Female,9,(1) Strongly agree,8,Full-time,Female
(2) Part-time worker,(1) Male,7,(2) Agree,13,Part-time,Male
(2) Part-time worker,(2) Female,12,(1) Strongly agree,10.1,Part-time,Female
NA,NA,NA,NA,NA,NA,NA
(1) Full-time worker,(2) Female,6,(1) Strongly agree,6.6875,Full-time,Female
(1) Full-time worker,(2) Female,12,(4) Disagree,14,Full-time,Female
(2) Part-time worker,(2) Female,12,(2) Agree,NA,Part-time,Female
(1) Full-time worker,(2) Female,12,(3) Neither agree nor disagree,13.25,Full-time,Female
(1) Full-time worker,(2) Female,12,(2) Agree,10,Full-time,Female
(1) Full-time worker,(2) Female,12,(1) Strongly agree,14.58333333334,Full-time,Female
(1) Full-time worker,(2) Female,12,(3) Neither agree nor disagree,10.75,Full-time,Female
(1) Full-time worker,(2) Female,12,(3) Neither agree nor disagree,8.5,Full-time,Female
(1) Full-time worker,(2) Female,6,(3) Neither agree nor disagree,13.75,Full-time,Female
(2) Part-time worker,(2) Female,9,(1) Strongly agree,51.42857142858,Part-time,Female
(2) Part-time worker,(2) Female,12,(3) Neither agree nor disagree,8,Part-time,Female
(1) Full-time worker,(2) Female,12,(2) Agree,9,Full-time,Female
(1) Full-time worker,(2) Female,8,(1) Strongly agree,12,Full-time,Female
(1) Full-time worker,(2) Female,12,NA,12.5,Full-time,Female
(1) Full-time worker,(2) Female,4,(2) Agree,17,Full-time,Female
(1) Full-time worker,(2) Female,12,(1) Strongly agree,15.69444444445,Full-time,Female
(2) Part-time worker,(2) Female,8,(1) Strongly agree,10,Part-time,Female
(1) Full-time worker,(2) Female,12,(1) Strongly agree,15,Full-time,Female
(1) Full-time worker,(2) Female,12,(1) Strongly agree,21,Full-time,Female
(2) Part-time worker,(2) Female,5,(2) Agree,8.30000000001,Part-time,Female
(1) Full-time worker,(2) Female,12,(1) Strongly agree,9.2307692307699991,Full-time,Female
(1) Full-time worker,(2) Female,11,(1) Strongly agree,22.79411764706,Full-time,Female
(1) Full-time worker,(2) Female,4,(2) Agree,10,Full-time,Female
(2) Part-time worker,(2) Female,12,(2) Agree,14,Part-time,Female
(1) Full-time worker,(2) Female,10,(1) Strongly agree,17.10000000001,Full-time,Female
(1) Full-time worker,(2) Female,12,(4) Disagree,11,Full-time,Female
NA,NA,NA,NA,NA,NA,NA
(1) Full-time worker,(2) Female,12,(1) Strongly agree,8.91575,Full-time,Female
(1) Full-time worker,(2) Female,12,(4) Disagree,8.75,Full-time,Female
(1) Full-time worker,(2) Female,12,(2) Agree,21,Full-time,Female
(1) Full-time worker,(2) Female,9,(1) Strongly agree,8.28,Full-time,Female
(1) Full-time worker,(2) Female,10,(2) Agree,15,Full-time,Female
(1) Full-time worker,(2) Female,8,(1) Strongly agree,7.25,Full-time,Female
(1) Full-time worker,(2) Female,12,(3) Neither agree nor disagree,13.25,Full-time,Female
(1) Full-time worker,(2) Female,7,(1) Strongly agree,20,Full-time,Female
(2) Part-time worker,(2) Female,12,(3) Neither agree nor disagree,10.41666666667,Part-time,Female
(1) Full-time worker,NA,12,(1) Strongly agree,12,Full-time,NA
(2) Part-time worker,(2) Female,8,(1) Strongly agree,11.5,Part-time,Female
(1) Full-time worker,(1) Male,12,(1) Strongly agree,9.6153846153899991,Full-time,Male
(1) Full-time worker,(2) Female,2,(2) Agree,15,Full-time,Female
(2) Part-time worker,(2) Female,12,(1) Strongly agree,15,Part-time,Female
(2) Part-time worker,(2) Female,8,(1) Strongly agree,10,Part-time,Female
(1) Full-time worker,(2) Female,12,(1) Strongly agree,11,Full-time,Female
(2) Part-time worker,(1) Male,12,(1) Strongly agree,13,Part-time,Male
(1) Full-time worker,(2) Female,10,(5) Strongly disagree,22,Full-time,Female
(2) Part-time worker,(2) Female,10,(1) Strongly agree,8.75,Part-time,Female
(2) Part-time worker,(2) Female,9,(1) Strongly agree,52.08333333334,Part-time,Female
(1) Full-time worker,(2) Female,10,(2) Agree,30.55555555556,Full-time,Female
(1) Full-time worker,(2) Female,12,(4) Disagree,8.5,Full-time,Female
(1) Full-time worker,(2) Female,12,(1) Strongly agree,24.85,Full-time,Female
(1) Full-time worker,NA,12,(3) Neither agree nor disagree,16,Full-time,NA
(1) Full-time worker,(2) Female,12,(3) Neither agree nor disagree,30,Full-time,Female
(1) Full-time worker,(2) Female,1,(1) Strongly agree,17.31,Full-time,Female
(1) Full-time worker,(2) Female,12,(3) Neither agree nor disagree,33.75,Full-time,Female
(2) Part-time worker,(2) Female,12,(1) Strongly agree,8.25,Part-time,Female
(1) Full-time worker,(2) Female,12,(4) Disagree,7.45,Full-time,Female
(1) Full-time worker,(2) Female,12,(1) Strongly agree,17,Full-time,Female
NA,NA,NA,NA,NA,NA,NA
(1) Full-time worker,(2) Female,12,(2) Agree,54.9575,Full-time,Female
(1) Full-time worker,(2) Female,12,(1) Strongly agree,12.5,Full-time,Female
(1) Full-time worker,(2) Female,6,(1) Strongly agree,10,Full-time,Female
(1) Full-time worker,(2) Female,12,(2) Agree,14.58333333334,Full-time,Female
(1) Full-time worker,(2) Female,10,(1) Strongly agree,26.08695652174,Full-time,Female
(1) Full-time worker,(2) Female,12,(2) Agree,17.61363636364,Full-time,Female
(2) Part-time worker,(2) Female,6,(3) Neither agree nor disagree,9.7,Part-time,Female
(1) Full-time worker,(2) Female,12,(1) Strongly agree,NA,Full-time,Female
(1) Full-time worker,(2) Female,12,(1) Strongly agree,20,Full-time,Female
(2) Part-time worker,(2) Female,12,(2) Agree,15,Part-time,Female
(1) Full-time worker,(2) Female,12,(2) Agree,13.65,Full-time,Female
(1) Full-time worker,(2) Female,8,(3) Neither agree nor disagree,27.48611111112,Full-time,Female
(2) Part-time worker,(2) Female,12,(3) Neither agree nor disagree,11,Part-time,Female
(2) Part-time worker,(2) Female,10,(2) Agree,10,Part-time,Female
(1) Full-time worker,(2) Female,12,(2) Agree,13.75,Full-time,Female
(1) Full-time worker,(2) Female,NA,(1) Strongly agree,9.45945945946,Full-time,Female
(2) Part-time worker,(2) Female,12,(1) Strongly agree,12,Part-time,Female
(1) Full-time worker,(2) Female,12,(1) Strongly agree,30.71428571429,Full-time,Female
(1) Full-time worker,(2) Female,2,(1) Strongly agree,16.34,Full-time,Female
NA,NA,NA,NA,NA,NA,NA
(2) Part-time worker,(2) Female,12,(1) Strongly agree,7.80000000001,Part-time,Female
(2) Part-time worker,(2) Female,10,(1) Strongly agree,37.03703703704,Part-time,Female
(1) Full-time worker,(2) Female,10,(5) Strongly disagree,12.32,Full-time,Female
(2) Part-time worker,(2) Female,12,(1) Strongly agree,12,Part-time,Female
(1) Full-time worker,(2) Female,12,(2) Agree,30,Full-time,Female
(1) Full-time worker,(2) Female,12,(1) Strongly agree,NA,Full-time,Female
(1) Full-time worker,(2) Female,12,(1) Strongly agree,15,Full-time,Female
(1) Full-time worker,(2) Female,7,(1) Strongly agree,12,Full-time,Female
(1) Full-time worker,(2) Female,12,(2) Agree,11.11111111112,Full-time,Female
(1) Full-time worker,(1) Male,8,(2) Agree,11.84210526316,Full-time,Male
(1) Full-time worker,(2) Female,NA,(2) Agree,NA,Full-time,Female
(2) Part-time worker,(2) Female,9,(2) Agree,7.4,Part-time,Female
(1) Full-time worker,(2) Female,12,(1) Strongly agree,15.25,Full-time,Female
(2) Part-time worker,(2) Female,9,(1) Strongly agree,19.87281399047,Part-time,Female
(2) Part-time worker,(2) Female,9,(2) Agree,10.25,Part-time,Female
(1) Full-time worker,(2) Female,12,(2) Agree,12.47297297298,Full-time,Female
(1) Full-time worker,(2) Female,12,(4) Disagree,11,Full-time,Female
(2) Part-time worker,(2) Female,10,(1) Strongly agree,NA,Part-time,Female
(1) Full-time worker,(2) Female,12,(1) Strongly agree,13.25,Full-time,Female
(1) Full-time worker,(2) Female,12,(1) Strongly agree,16,Full-time,Female
(2) Part-time worker,(2) Female,12,(3) Neither agree nor disagree,10,Part-time,Female
(1) Full-time worker,(2) Female,8,(2) Agree,10.15,Full-time,Female
(1) Full-time worker,(2) Female,12,(1) Strongly agree,9.55000000001,Full-time,Female
(1) Full-time worker,(2) Female,10,(2) Agree,24.6913580247,Full-time,Female
(2) Part-time worker,(2) Female,8,(2) Agree,NA,Part-time,Female
NA,NA,NA,NA,NA,NA,NA
(1) Full-time worker,(2) Female,12,(1) Strongly agree,16.75,Full-time,Female
(1) Full-time worker,(2) Female,1,(4) Disagree,9.75,Full-time,Female
(1) Full-time worker,(2) Female,12,(1) Strongly agree,12,Full-time,Female
NA,NA,NA,NA,NA,NA,NA
(1) Full-time worker,(2) Female,12,(2) Agree,NA,Full-time,Female
(1) Full-time worker,(2) Female,12,(2) Agree,11.25,Full-time,Female
(1) Full-time worker,(2) Female,12,(1) Strongly agree,NA,Full-time,Female
(1) Full-time worker,(2) Female,12,(2) Agree,11.25,Full-time,Female
(1) Full-time worker,(2) Female,12,(2) Agree,21,Full-time,Female
(2) Part-time worker,(2) Female,11,(1) Strongly agree,18.306,Part-time,Female
(1) Full-time worker,(2) Female,12,(1) Strongly agree,NA,Full-time,Female
(1) Full-time worker,(2) Female,12,(1) Strongly agree,20,Full-time,Female
(1) Full-time worker,(2) Female,12,(2) Agree,8,Full-time,Female
(1) Full-time worker,(2) Female,12,(2) Agree,11.42857142858,Full-time,Female
(1) Full-time worker,(2) Female,12,(2) Agree,107.5,Full-time,Female
(1) Full-time worker,(2) Female,12,(2) Agree,9.5,Full-time,Female
(2) Part-time worker,(2) Female,1,(1) Strongly agree,14.65,Part-time,Female
(1) Full-time worker,(2) Female,12,(2) Agree,20,Full-time,Female
(1) Full-time worker,(2) Female,7,(2) Agree,9.25,Full-time,Female
NA,NA,NA,NA,NA,NA,NA
(2) Part-time worker,(2) Female,12,(2) Agree,17,Part-time,Female
(1) Full-time worker,(2) Female,12,(3) Neither agree nor disagree,8.75,Full-time,Female
(2) Part-time worker,(2) Female,12,(2) Agree,NA,Part-time,Female
(1) Full-time worker,(2) Female,12,NA,14.66666666667,Full-time,Female
(2) Part-time worker,(2) Female,10,(1) Strongly agree,15.87301587302,Part-time,Female
(2) Part-time worker,(2) Female,10,(1) Strongly agree,14,Part-time,Female
(1) Full-time worker,(2) Female,9,(4) Disagree,17.83297297298,Full-time,Female
(1) Full-time worker,(2) Female,12,(2) Agree,11.538461538469999,Full-time,Female
(1) Full-time worker,(2) Female,12,(2) Agree,2.5,Full-time,Female
(1) Full-time worker,(2) Female,12,(3) Neither agree nor disagree,NA,Full-time,Female
(1) Full-time worker,(2) Female,2,(1) Strongly agree,9.5,Full-time,Female
(2) Part-time worker,(2) Female,12,(1) Strongly agree,18,Part-time,Female
(1) Full-time worker,(2) Female,NA,(2) Agree,24.5,Full-time,Female
(2) Part-time worker,(2) Female,2,(2) Agree,20.54,Part-time,Female
(1) Full-time worker,(2) Female,12,(3) Neither agree nor disagree,26.84210526316,Full-time,Female
(1) Full-time worker,(2) Female,11,(1) Strongly agree,11,Full-time,Female
(1) Full-time worker,(2) Female,9,(2) Agree,33.95061728396,Full-time,Female
(1) Full-time worker,(2) Female,12,(1) Strongly agree,30,Full-time,Female
(1) Full-time worker,(2) Female,5,(1) Strongly agree,11.75,Full-time,Female
(1) Full-time worker,(2) Female,12,(2) Agree,13,Full-time,Female
(1) Full-time worker,(2) Female,12,(1) Strongly agree,18.5,Full-time,Female
(1) Full-time worker,(2) Female,12,(2) Agree,13,Full-time,Female
(1) Full-time worker,(2) Female,12,(1) Strongly agree,11,Full-time,Female
(1) Full-time worker,(2) Female,10,(1) Strongly agree,12.75,Full-time,Female
NA,NA,NA,NA,NA,NA,NA
(1) Full-time worker,(2) Female,10,(1) Strongly agree,16,Full-time,Female
NA,NA,NA,NA,NA,NA,NA
(1) Full-time worker,(2) Female,12,(1) Strongly agree,13.5,Full-time,Female
(1) Full-time worker,(2) Female,12,(3) Neither agree nor disagree,8.24,Full-time,Female
(2) Part-time worker,(2) Female,9,(1) Strongly agree,12.25,Part-time,Female
NA,NA,NA,NA,NA,NA,NA
(1) Full-time worker,(2) Female,7,(3) Neither agree nor disagree,6.66666666667,Full-time,Female
(1) Full-time worker,(2) Female,6,(2) Agree,12,Full-time,Female
(1) Full-time worker,(2) Female,12,(2) Agree,12,Full-time,Female
(1) Full-time worker,(2) Female,12,(3) Neither agree nor disagree,17.5,Full-time,Female
(1) Full-time worker,(2) Female,12,(2) Agree,11.5,Full-time,Female
(2) Part-time worker,(2) Female,12,(3) Neither agree nor disagree,9.2307692307699991,Part-time,Female
(2) Part-time worker,(2) Female,10,(2) Agree,13,Part-time,Female
(1) Full-time worker,(2) Female,12,(4) Disagree,NA,Full-time,Female
(1) Full-time worker,(2) Female,12,(1) Strongly agree,16,Full-time,Female
(1) Full-time worker,(2) Female,12,(2) Agree,NA,Full-time,Female
(1) Full-time worker,(2) Female,12,(1) Strongly agree,5.625,Full-time,Female
(1) Full-time worker,(2) Female,9,(1) Strongly agree,NA,Full-time,Female
NA,NA,NA,NA,NA,NA,NA
(2) Part-time worker,(2) Female,2,(1) Strongly agree,13.33333333334,Part-time,Female
(1) Full-time worker,(2) Female,12,(1) Strongly agree,11.25,Full-time,Female
(1) Full-time worker,(2) Female,12,(2) Agree,11.25,Full-time,Female
(1) Full-time worker,(2) Female,4,(1) Strongly agree,10,Full-time,Female
(1) Full-time worker,(2) Female,12,(1) Strongly agree,14,Full-time,Female
(1) Full-time worker,(2) Female,10,(1) Strongly agree,49.96666666667,Full-time,Female
(1) Full-time worker,(2) Female,12,(1) Strongly agree,22.170375,Full-time,Female
NA,NA,NA,NA,NA,NA,NA
(1) Full-time worker,(2) Female,12,(4) Disagree,10,Full-time,Female
(2) Part-time worker,(1) Male,10,(1) Strongly agree,14.5,Part-time,Male
(1) Full-time worker,(2) Female,12,(1) Strongly agree,12.85,Full-time,Female
NA,NA,NA,NA,NA,NA,NA
(1) Full-time worker,(2) Female,12,(2) Agree,14,Full-time,Female
(1) Full-time worker,(2) Female,12,(1) Strongly agree,11,Full-time,Female
(1) Full-time worker,(2) Female,11,(5) Strongly disagree,16.25,Full-time,Female
(1) Full-time worker,(2) Female,12,(1) Strongly agree,17.4,Full-time,Female
(1) Full-time worker,(2) Female,2,(1) Strongly agree,12,Full-time,Female
NA,NA,NA,NA,NA,NA,NA
(1) Full-time worker,(2) Female,12,(2) Agree,NA,Full-time,Female
(1) Full-time worker,(2) Female,12,(1) Strongly agree,13.87,Full-time,Female
(1) Full-time worker,(2) Female,1,(2) Agree,11.5,Full-time,Female
(1) Full-time worker,(2) Female,12,(1) Strongly agree,8,Full-time,Female
(1) Full-time worker,(2) Female,12,(2) Agree,12,Full-time,Female
(1) Full-time worker,(2) Female,1,(1) Strongly agree,9,Full-time,Female
(1) Full-time worker,(2) Female,NA,(3) Neither agree nor disagree,14,Full-time,Female
(1) Full-time worker,(2) Female,10,(1) Strongly agree,24.67,Full-time,Female
(1) Full-time worker,(2) Female,12,(1) Strongly agree,16,Full-time,Female
(1) Full-time worker,(2) Female,12,(1) Strongly agree,6.92307692308,Full-time,Female
(1) Full-time worker,(2) Female,2,(1) Strongly agree,8.5,Full-time,Female
(1) Full-time worker,(2) Female,12,(2) Agree,10.5,Full-time,Female
(2) Part-time worker,(2) Female,12,(1) Strongly agree,13,Part-time,Female
(2) Part-time worker,(2) Female,10,(1) Strongly agree,8.12,Part-time,Female
(1) Full-time worker,(2) Female,4,(2) Agree,12.5,Full-time,Female
(2) Part-time worker,(2) Female,4,(2) Agree,12.15,Part-time,Female
(2) Part-time worker,(2) Female,12,(1) Strongly agree,NA,Part-time,Female
(1) Full-time worker,(2) Female,12,(1) Strongly agree,15,Full-time,Female
(1) Full-time worker,(2) Female,12,(1) Strongly agree,20,Full-time,Female
(1) Full-time worker,(2) Female,12,(1) Strongly agree,12,Full-time,Female
(2) Part-time worker,(2) Female,12,(1) Strongly agree,7.33333333334,Part-time,Female
(1) Full-time worker,(2) Female,11,(2) Agree,22.35763636364,Full-time,Female
(1) Full-time worker,(2) Female,12,(1) Strongly agree,8,Full-time,Female
(1) Full-time worker,(2) Female,12,(1) Strongly agree,17,Full-time,Female
(1) Full-time worker,(2) Female,NA,(2) Agree,14.0125,Full-time,Female
(1) Full-time worker,(2) Female,12,(1) Strongly agree,7.5,Full-time,Female
(1) Full-time worker,(2) Female,12,(2) Agree,12.5,Full-time,Female
(1) Full-time worker,(2) Female,12,(1) Strongly agree,12,Full-time,Female
(1) Full-time worker,(2) Female,2,(3) Neither agree nor disagree,9.5,Full-time,Female
(1) Full-time worker,(2) Female,12,(2) Agree,14.79591836735,Full-time,Female
(1) Full-time worker,(2) Female,12,(1) Strongly agree,15,Full-time,Female
NA,NA,NA,NA,NA,NA,NA
(2) Part-time worker,(2) Female,12,(3) Neither agree nor disagree,14,Part-time,Female
(1) Full-time worker,(2) Female,5,(2) Agree,8.16129032259,Full-time,Female
(2) Part-time worker,(2) Female,12,(1) Strongly agree,27.5,Part-time,Female
(2) Part-time worker,(2) Female,12,(2) Agree,12.04602941177,Part-time,Female
(1) Full-time worker,(2) Female,1,(2) Agree,8.75,Full-time,Female
(2) Part-time worker,(2) Female,12,(1) Strongly agree,7.25,Part-time,Female
(1) Full-time worker,(2) Female,12,(2) Agree,20.55,Full-time,Female
(2) Part-time worker,(2) Female,8,(1) Strongly agree,13.83333333334,Part-time,Female
(2) Part-time worker,(2) Female,10,(1) Strongly agree,28,Part-time,Female
(2) Part-time worker,(2) Female,10,(3) Neither agree nor disagree,8,Part-time,Female
(1) Full-time worker,(2) Female,12,(2) Agree,15,Full-time,Female
(1) Full-time worker,(2) Female,12,(1) Strongly agree,6.25,Full-time,Female
(1) Full-time worker,(2) Female,10,(3) Neither agree nor disagree,18.26086956522,Full-time,Female
(1) Full-time worker,(2) Female,10,(1) Strongly agree,26.26190476191,Full-time,Female
(2) Part-time worker,(2) Female,10,(1) Strongly agree,12,Part-time,Female
(1) Full-time worker,(2) Female,11,(1) Strongly agree,NA,Full-time,Female
(1) Full-time worker,(2) Female,12,(2) Agree,14,Full-time,Female
(1) Full-time worker,(2) Female,10,(2) Agree,38.88888888889,Full-time,Female
NA,NA,NA,NA,NA,NA,NA
(1) Full-time worker,(2) Female,12,(1) Strongly agree,15,Full-time,Female
NA,NA,NA,NA,NA,NA,NA
(1) Full-time worker,(2) Female,12,(5) Strongly disagree,14.31,Full-time,Female
(1) Full-time worker,(1) Male,12,(1) Strongly agree,9,Full-time,Male
(1) Full-time worker,(2) Female,9,(2) Agree,24,Full-time,Female
(1) Full-time worker,(2) Female,8,(4) Disagree,27,Full-time,Female
(1) Full-time worker,(2) Female,12,(2) Agree,11.65,Full-time,Female
(1) Full-time worker,(2) Female,9,(1) Strongly agree,NA,Full-time,Female
(1) Full-time worker,(2) Female,12,(2) Agree,14,Full-time,Female
(1) Full-time worker,(2) Female,12,(2) Agree,9,Full-time,Female
(2) Part-time worker,(2) Female,1,(2) Agree,8,Part-time,Female
(1) Full-time worker,(2) Female,3,(1) Strongly agree,8.5,Full-time,Female
(2) Part-time worker,(2) Female,NA,(2) Agree,10.15,Part-time,Female
(1) Full-time worker,(2) Female,12,(2) Agree,11.91666666667,Full-time,Female
(1) Full-time worker,(2) Female,10,(2) Agree,19.375,Full-time,Female
(2) Part-time worker,(2) Female,9,(2) Agree,NA,Part-time,Female
(1) Full-time worker,(2) Female,8,(2) Agree,14,Full-time,Female
(1) Full-time worker,(2) Female,12,(1) Strongly agree,12.5,Full-time,Female
(1) Full-time worker,(1) Male,12,(2) Agree,13,Full-time,Male
(2) Part-time worker,NA,11,NA,22,Part-time,NA
(2) Part-time worker,(2) Female,8,(2) Agree,10,Part-time,Female
(1) Full-time worker,(2) Female,12,(3) Neither agree nor disagree,NA,Full-time,Female
(2) Part-time worker,(2) Female,11,(1) Strongly agree,16,Part-time,Female
(1) Full-time worker,(2) Female,12,(2) Agree,10.25641025642,Full-time,Female
NA,NA,NA,NA,NA,NA,NA
NA,(2) Female,12,(2) Agree,7.5,NA,Female
(1) Full-time worker,(2) Female,12,(2) Agree,10,Full-time,Female
(1) Full-time worker,(2) Female,12,(3) Neither agree nor disagree,NA,Full-time,Female
(1) Full-time worker,(2) Female,9,(2) Agree,19.31,Full-time,Female
(2) Part-time worker,(2) Female,3,(2) Agree,14,Part-time,Female
(1) Full-time worker,(2) Female,10,(2) Agree,22,Full-time,Female
(1) Full-time worker,(2) Female,12,(3) Neither agree nor disagree,NA,Full-time,Female
(1) Full-time worker,NA,12,NA,8.88000000001,Full-time,NA
(1) Full-time worker,(2) Female,12,(2) Agree,8.25,Full-time,Female
(2) Part-time worker,(2) Female,12,(1) Strongly agree,8.5,Part-time,Female
(1) Full-time worker,(2) Female,12,(1) Strongly agree,11,Full-time,Female
(1) Full-time worker,(2) Female,1,(2) Agree,15,Full-time,Female
(1) Full-time worker,(2) Female,6,(4) Disagree,35.71428571429,Full-time,Female
(1) Full-time worker,(2) Female,6,(1) Strongly agree,11.61,Full-time,Female
(2) Part-time worker,(2) Female,12,(1) Strongly agree,17.99,Part-time,Female
(2) Part-time worker,(2) Female,9,(2) Agree,17,Part-time,Female
NA,NA,NA,NA,NA,NA,NA
(2) Part-time worker,(2) Female,9,(1) Strongly agree,12.5,Part-time,Female
(1) Full-time worker,(2) Female,12,(1) Strongly agree,12,Full-time,Female
(2) Part-time worker,(2) Female,10,(1) Strongly agree,12,Part-time,Female
(1) Full-time worker,(2) Female,12,(1) Strongly agree,13.13,Full-time,Female
(2) Part-time worker,(2) Female,12,(2) Agree,13.62,Part-time,Female
(1) Full-time worker,(2) Female,12,(1) Strongly agree,32.60869565218,Full-time,Female
(1) Full-time worker,(2) Female,11,(2) Agree,32.82,Full-time,Female
(1) Full-time worker,(2) Female,12,(3) Neither agree nor disagree,19.23076923077,Full-time,Female
(1) Full-time worker,(2) Female,2,(2) Agree,NA,Full-time,Female
(2) Part-time worker,NA,12,NA,8.6,Part-time,NA
(1) Full-time worker,(2) Female,12,(1) Strongly agree,8.5,Full-time,Female
NA,NA,NA,NA,NA,NA,NA
(1) Full-time worker,(2) Female,12,(1) Strongly agree,12,Full-time,Female
(2) Part-time worker,(2) Female,9,(1) Strongly agree,13.1,Part-time,Female
(1) Full-time worker,(2) Female,5,(2) Agree,12,Full-time,Female
(2) Part-time worker,(1) Male,12,(1) Strongly agree,10.71428571429,Part-time,Male
(1) Full-time worker,(2) Female,12,(2) Agree,10,Full-time,Female
(1) Full-time worker,(2) Female,12,(2) Agree,11,Full-time,Female
(1) Full-time worker,(2) Female,12,(3) Neither agree nor disagree,NA,Full-time,Female
(1) Full-time worker,(2) Female,12,(1) Strongly agree,NA,Full-time,Female
(1) Full-time worker,(2) Female,3,(2) Agree,12,Full-time,Female
(2) Part-time worker,(2) Female,12,(1) Strongly agree,11.5,Part-time,Female
(1) Full-time worker,(2) Female,12,(1) Strongly agree,NA,Full-time,Female
(2) Part-time worker,(2) Female,12,(1) Strongly agree,8.75,Part-time,Female
(2) Part-time worker,(2) Female,3,(2) Agree,9,Part-time,Female
(1) Full-time worker,(2) Female,12,(2) Agree,25,Full-time,Female
(1) Full-time worker,(2) Female,9,(1) Strongly agree,14,Full-time,Female
(1) Full-time worker,(2) Female,12,(1) Strongly agree,10.13000000001,Full-time,Female
(1) Full-time worker,(2) Female,10,(2) Agree,11.42857142858,Full-time,Female
(1) Full-time worker,(2) Female,12,(1) Strongly agree,14,Full-time,Female
NA,NA,NA,NA,NA,NA,NA
(1) Full-time worker,(2) Female,12,(1) Strongly agree,19,Full-time,Female
NA,NA,NA,NA,NA,NA,NA
(1) Full-time worker,(2) Female,9,(1) Strongly agree,21.95670731708,Full-time,Female
(1) Full-time worker,(2) Female,12,(4) Disagree,13.75,Full-time,Female
(2) Part-time worker,(2) Female,9,(3) Neither agree nor disagree,NA,Part-time,Female
(1) Full-time worker,(2) Female,12,(3) Neither agree nor disagree,13,Full-time,Female
(2) Part-time worker,(2) Female,9,(1) Strongly agree,NA,Part-time,Female
(1) Full-time worker,(2) Female,12,(1) Strongly agree,16,Full-time,Female
(1) Full-time worker,(2) Female,12,(1) Strongly agree,25.08710801394,Full-time,Female
(1) Full-time worker,(2) Female,12,(2) Agree,14.82,Full-time,Female
(1) Full-time worker,(2) Female,9,(1) Strongly agree,14.89,Full-time,Female
(1) Full-time worker,(2) Female,12,(1) Strongly agree,11,Full-time,Female
(1) Full-time worker,(2) Female,9,(2) Agree,20,Full-time,Female
(1) Full-time worker,(2) Female,12,(1) Strongly agree,17,Full-time,Female
(1) Full-time worker,(2) Female,12,(1) Strongly agree,63.33333333334,Full-time,Female
(2) Part-time worker,(2) Female,10,(5) Strongly disagree,51.42857142858,Part-time,Female
(1) Full-time worker,(2) Female,9,(1) Strongly agree,15.55,Full-time,Female
(1) Full-time worker,(2) Female,8,(2) Agree,10.5,Full-time,Female
(1) Full-time worker,(2) Female,12,(1) Strongly agree,11,Full-time,Female
(1) Full-time worker,(2) Female,10,(2) Agree,27.14285714286,Full-time,Female
(1) Full-time worker,(2) Female,10,(2) Agree,NA,Full-time,Female
NA,NA,NA,NA,NA,NA,NA
(1) Full-time worker,(2) Female,12,(1) Strongly agree,14.375,Full-time,Female
(1) Full-time worker,(2) Female,12,(2) Agree,10.625,Full-time,Female
(1) Full-time worker,(2) Female,10,(2) Agree,40.98333333334,Full-time,Female
(2) Part-time worker,(2) Female,9,(2) Agree,15.75,Part-time,Female
(2) Part-time worker,(2) Female,12,(2) Agree,10.5,Part-time,Female
(1) Full-time worker,NA,12,NA,13.625,Full-time,NA
(1) Full-time worker,(2) Female,12,(4) Disagree,10,Full-time,Female
(1) Full-time worker,(1) Male,12,(3) Neither agree nor disagree,107.32142857143,Full-time,Male
(1) Full-time worker,(2) Female,12,(1) Strongly agree,12,Full-time,Female
(2) Part-time worker,(2) Female,12,(1) Strongly agree,9,Part-time,Female
(1) Full-time worker,(2) Female,12,(2) Agree,9,Full-time,Female
(1) Full-time worker,(2) Female,7,(2) Agree,13.5,Full-time,Female
NA,NA,NA,NA,NA,NA,NA
(1) Full-time worker,(2) Female,6,(1) Strongly agree,13,Full-time,Female
(1) Full-time worker,(2) Female,12,(2) Agree,13.25,Full-time,Female
(1) Full-time worker,(2) Female,12,(1) Strongly agree,14,Full-time,Female
(1) Full-time worker,(2) Female,10,(1) Strongly agree,8.80000000001,Full-time,Female
(1) Full-time worker,(2) Female,11,(2) Agree,7.5,Full-time,Female
(1) Full-time worker,(2) Female,12,NA,9.5,Full-time,Female
(1) Full-time worker,(2) Female,12,(2) Agree,12.5,Full-time,Female
(1) Full-time worker,(2) Female,1,(2) Agree,11.75,Full-time,Female
(1) Full-time worker,(2) Female,12,(3) Neither agree nor disagree,9.5,Full-time,Female
(1) Full-time worker,(1) Male,12,(2) Agree,20,Full-time,Male
(1) Full-time worker,(2) Female,12,(1) Strongly agree,22.22222222223,Full-time,Female
(1) Full-time worker,(2) Female,12,(1) Strongly agree,15.5,Full-time,Female
(1) Full-time worker,(2) Female,10,(1) Strongly agree,25.55555555556,Full-time,Female
(1) Full-time worker,(2) Female,NA,(1) Strongly agree,3,Full-time,Female
(1) Full-time worker,(2) Female,12,(1) Strongly agree,17,Full-time,Female
(2) Part-time worker,(2) Female,12,(1) Strongly agree,NA,Part-time,Female
(2) Part-time worker,(2) Female,12,(2) Agree,9.85,Part-time,Female
NA,NA,NA,NA,NA,NA,NA
(1) Full-time worker,(2) Female,12,(1) Strongly agree,10.75,Full-time,Female
(1) Full-time worker,(2) Female,12,(1) Strongly agree,9,Full-time,Female
(2) Part-time worker,(1) Male,12,(1) Strongly agree,8,Part-time,Male
(1) Full-time worker,(2) Female,12,(1) Strongly agree,10,Full-time,Female
(2) Part-time worker,(2) Female,1,(1) Strongly agree,12,Part-time,Female
(2) Part-time worker,(2) Female,12,(2) Agree,9.25,Part-time,Female
(1) Full-time worker,(2) Female,12,(2) Agree,17,Full-time,Female
(2) Part-time worker,(1) Male,12,(2) Agree,21,Part-time,Male
(1) Full-time worker,(2) Female,12,(3) Neither agree nor disagree,12.43243243244,Full-time,Female
(1) Full-time worker,(2) Female,10,(2) Agree,22.22222222223,Full-time,Female
(1) Full-time worker,(2) Female,12,(1) Strongly agree,NA,Full-time,Female
(1) Full-time worker,(2) Female,8,(2) Agree,8.5,Full-time,Female
(1) Full-time worker,(2) Female,12,(2) Agree,11,Full-time,Female
(1) Full-time worker,(2) Female,NA,(2) Agree,11.56,Full-time,Female
(1) Full-time worker,(2) Female,10,(3) Neither agree nor disagree,21.71052631579,Full-time,Female
(1) Full-time worker,(1) Male,8,(4) Disagree,12,Full-time,Male
(1) Full-time worker,(2) Female,12,(2) Agree,13,Full-time,Female
(2) Part-time worker,(2) Female,12,(1) Strongly agree,12.5,Part-time,Female
(2) Part-time worker,(2) Female,12,(1) Strongly agree,14.75,Part-time,Female
(1) Full-time worker,(2) Female,9,(3) Neither agree nor disagree,15.3,Full-time,Female
(1) Full-time worker,(2) Female,12,(3) Neither agree nor disagree,33.68421052632,Full-time,Female
(1) Full-time worker,(2) Female,12,(2) Agree,12.5,Full-time,Female
(2) Part-time worker,(2) Female,10,(1) Strongly agree,10,Part-time,Female
(1) Full-time worker,(2) Female,12,(2) Agree,12.55,Full-time,Female
(1) Full-time worker,(2) Female,12,(3) Neither agree nor disagree,NA,Full-time,Female
(2) Part-time worker,(2) Female,12,(1) Strongly agree,10.35,Part-time,Female
(1) Full-time worker,(2) Female,12,(2) Agree,13,Full-time,Female
(2) Part-time worker,(2) Female,12,(2) Agree,10.5,Part-time,Female
(1) Full-time worker,(2) Female,12,(4) Disagree,19,Full-time,Female
(1) Full-time worker,(2) Female,12,(1) Strongly agree,18.5,Full-time,Female
(1) Full-time worker,(2) Female,6,(1) Strongly agree,13.62,Full-time,Female
(1) Full-time worker,(2) Female,1,(2) Agree,13.3918918919,Full-time,Female
(1) Full-time worker,(2) Female,11,(3) Neither agree nor disagree,13,Full-time,Female
(1) Full-time worker,(2) Female,11,(2) Agree,16.66666666667,Full-time,Female
(1) Full-time worker,NA,12,(1) Strongly agree,11,Full-time,NA
(1) Full-time worker,(2) Female,12,(2) Agree,12.31,Full-time,Female
(1) Full-time worker,(2) Female,12,(2) Agree,18,Full-time,Female
(2) Part-time worker,(2) Female,9,(3) Neither agree nor disagree,6.06060606061,Part-time,Female
(1) Full-time worker,(2) Female,12,(2) Agree,13.66396761134,Full-time,Female
(1) Full-time worker,(2) Female,12,(1) Strongly agree,8.64,Full-time,Female
(1) Full-time worker,(2) Female,10,(4) Disagree,12,Full-time,Female
(1) Full-time worker,(2) Female,12,(3) Neither agree nor disagree,9.45945945946,Full-time,Female
(2) Part-time worker,(2) Female,10,(1) Strongly agree,10,Part-time,Female
(1) Full-time worker,(2) Female,12,(1) Strongly agree,11.25,Full-time,Female
(1) Full-time worker,(2) Female,12,(3) Neither agree nor disagree,26.73,Full-time,Female
(2) Part-time worker,(2) Female,9,(1) Strongly agree,12.38095238096,Part-time,Female
(2) Part-time worker,(2) Female,5,(1) Strongly agree,10.5,Part-time,Female
(1) Full-time worker,(2) Female,12,(1) Strongly agree,10.41666666667,Full-time,Female
(2) Part-time worker,(2) Female,12,(2) Agree,11.11111111112,Part-time,Female
(1) Full-time worker,(2) Female,12,(1) Strongly agree,14,Full-time,Female
NA,NA,NA,NA,NA,NA,NA
(1) Full-time worker,(2) Female,12,(1) Strongly agree,11.5,Full-time,Female
(1) Full-time worker,(2) Female,12,(1) Strongly agree,11,Full-time,Female
(1) Full-time worker,(2) Female,12,(1) Strongly agree,NA,Full-time,Female
(2) Part-time worker,(2) Female,9,(2) Agree,24,Part-time,Female
(1) Full-time worker,(2) Female,12,(1) Strongly agree,10,Full-time,Female
(1) Full-time worker,(2) Female,1,(5) Strongly disagree,11,Full-time,Female
NA,NA,NA,NA,NA,NA,NA
(1) Full-time worker,(2) Female,12,(1) Strongly agree,15.1,Full-time,Female
(1) Full-time worker,(2) Female,12,(1) Strongly agree,10.75,Full-time,Female
(1) Full-time worker,(2) Female,12,(1) Strongly agree,NA,Full-time,Female
(1) Full-time worker,(2) Female,12,(2) Agree,8.25,Full-time,Female
NA,NA,NA,NA,NA,NA,NA
(1) Full-time worker,(2) Female,12,(3) Neither agree nor disagree,21,Full-time,Female
(2) Part-time worker,(2) Female,10,(1) Strongly agree,27.77777777778,Part-time,Female
(1) Full-time worker,(2) Female,12,(2) Agree,7.5,Full-time,Female
NA,NA,NA,NA,NA,NA,NA
NA,NA,NA,NA,NA,NA,NA
(1) Full-time worker,(2) Female,12,(2) Agree,8.5,Full-time,Female
(1) Full-time worker,(2) Female,12,(3) Neither agree nor disagree,12.8,Full-time,Female
(2) Part-time worker,(2) Female,9,(1) Strongly agree,15.36,Part-time,Female
(2) Part-time worker,(2) Female,10,(1) Strongly agree,13.47,Part-time,Female
(2) Part-time worker,(2) Female,12,(2) Agree,12,Part-time,Female
(1) Full-time worker,(2) Female,8,(2) Agree,11,Full-time,Female
(1) Full-time worker,(2) Female,9,(2) Agree,11.90166666667,Full-time,Female
NA,NA,NA,NA,NA,NA,NA
(1) Full-time worker,(2) Female,12,(1) Strongly agree,18.66666666667,Full-time,Female
(1) Full-time worker,(2) Female,12,(2) Agree,14,Full-time,Female
(1) Full-time worker,(2) Female,12,(2) Agree,32.77777777778,Full-time,Female
(1) Full-time worker,(2) Female,6,(2) Agree,13,Full-time,Female
(1) Full-time worker,(2) Female,11,(1) Strongly agree,8.15857142858,Full-time,Female
(1) Full-time worker,(2) Female,12,(1) Strongly agree,16,Full-time,Female
(1) Full-time worker,(2) Female,12,(1) Strongly agree,7.125,Full-time,Female
(1) Full-time worker,(2) Female,11,(1) Strongly agree,11.40350877193,Full-time,Female
(1) Full-time worker,(2) Female,12,(1) Strongly agree,9,Full-time,Female
(1) Full-time worker,(2) Female,8,(2) Agree,NA,Full-time,Female
(2) Part-time worker,(2) Female,10,(2) Agree,8.15,Part-time,Female
(1) Full-time worker,(2) Female,5,(2) Agree,NA,Full-time,Female
(2) Part-time worker,(2) Female,9,(1) Strongly agree,18.75,Part-time,Female
(1) Full-time worker,(1) Male,12,(1) Strongly agree,28.57142857143,Full-time,Male
(2) Part-time worker,(2) Female,10,(1) Strongly agree,10.89,Part-time,Female
(1) Full-time worker,(2) Female,12,(2) Agree,14.5,Full-time,Female
(1) Full-time worker,(2) Female,10,(1) Strongly agree,10,Full-time,Female
(1) Full-time worker,(2) Female,12,(2) Agree,11.1,Full-time,Female
(1) Full-time worker,(2) Female,10,(5) Strongly disagree,14,Full-time,Female
NA,NA,NA,NA,NA,NA,NA
(1) Full-time worker,(2) Female,3,(1) Strongly agree,9,Full-time,Female
(2) Part-time worker,(2) Female,3,(1) Strongly agree,21.33333333334,Part-time,Female
NA,NA,NA,NA,NA,NA,NA
(1) Full-time worker,(2) Female,10,(2) Agree,21.42857142858,Full-time,Female
(1) Full-time worker,(2) Female,12,(1) Strongly agree,9,Full-time,Female
(1) Full-time worker,(2) Female,10,(1) Strongly agree,29.16666666667,Full-time,Female
NA,NA,NA,NA,NA,NA,NA
(1) Full-time worker,(2) Female,2,(1) Strongly agree,8.6,Full-time,Female
(2) Part-time worker,(2) Female,6,(1) Strongly agree,11.3,Part-time,Female
(2) Part-time worker,(2) Female,6,(2) Agree,12.07,Part-time,Female
(1) Full-time worker,(2) Female,10,(4) Disagree,10.66666666667,Full-time,Female
(1) Full-time worker,(2) Female,12,(2) Agree,13,Full-time,Female
(1) Full-time worker,(2) Female,12,(1) Strongly agree,11.538461538469999,Full-time,Female
(1) Full-time worker,(2) Female,12,(1) Strongly agree,15,Full-time,Female
(1) Full-time worker,(2) Female,12,(1) Strongly agree,24.59749552773,Full-time,Female
(1) Full-time worker,(2) Female,7,(1) Strongly agree,7.55,Full-time,Female
(1) Full-time worker,(2) Female,1,(1) Strongly agree,7.5,Full-time,Female
(1) Full-time worker,(2) Female,12,(3) Neither agree nor disagree,12,Full-time,Female
(2) Part-time worker,(2) Female,11,(2) Agree,17.56,Part-time,Female
(1) Full-time worker,(2) Female,7,(2) Agree,12.5,Full-time,Female
(1) Full-time worker,(2) Female,11,(3) Neither agree nor disagree,9.5,Full-time,Female
(1) Full-time worker,(2) Female,7,(2) Agree,13,Full-time,Female
(2) Part-time worker,(2) Female,1,(2) Agree,15,Part-time,Female
(1) Full-time worker,(2) Female,6,(2) Agree,10,Full-time,Female
(2) Part-time worker,NA,10,(1) Strongly agree,23.8,Part-time,NA
(1) Full-time worker,(2) Female,8,(1) Strongly agree,21.546,Full-time,Female
(1) Full-time worker,(2) Female,12,(2) Agree,17,Full-time,Female
(2) Part-time worker,(2) Female,9,(1) Strongly agree,13.5,Part-time,Female
(1) Full-time worker,(2) Female,12,(1) Strongly agree,12.16216216217,Full-time,Female
(1) Full-time worker,(2) Female,12,(1) Strongly agree,9.44444444445,Full-time,Female
(2) Part-time worker,(2) Female,8,(1) Strongly agree,10,Part-time,Female
(1) Full-time worker,(2) Female,12,(2) Agree,21.36752136753,Full-time,Female
(1) Full-time worker,(2) Female,12,(2) Agree,11.5,Full-time,Female
(2) Part-time worker,(2) Female,9,(1) Strongly agree,33.33333333334,Part-time,Female
(2) Part-time worker,(2) Female,10,(1) Strongly agree,11.51,Part-time,Female
(1) Full-time worker,(2) Female,10,(1) Strongly agree,27.48538011696,Full-time,Female
(2) Part-time worker,(2) Female,9,(1) Strongly agree,NA,Part-time,Female
(2) Part-time worker,(2) Female,6,(2) Agree,9,Part-time,Female
(1) Full-time worker,(2) Female,12,(1) Strongly agree,16.5,Full-time,Female
(1) Full-time worker,(2) Female,10,(2) Agree,25.86538461539,Full-time,Female
(2) Part-time worker,(2) Female,12,(2) Agree,NA,Part-time,Female
(2) Part-time worker,(2) Female,5,(1) Strongly agree,12,Part-time,Female
(1) Full-time worker,(2) Female,10,(3) Neither agree nor disagree,32,Full-time,Female
NA,NA,NA,NA,NA,NA,NA
(1) Full-time worker,(2) Female,12,(2) Agree,NA,Full-time,Female
(2) Part-time worker,(2) Female,10,(1) Strongly agree,15.25,Part-time,Female
(1) Full-time worker,(2) Female,12,(1) Strongly agree,16.67289473685,Full-time,Female
(1) Full-time worker,(2) Female,10,(1) Strongly agree,17,Full-time,Female
(2) Part-time worker,(2) Female,12,(2) Agree,13,Part-time,Female
(2) Part-time worker,NA,8,NA,13.75,Part-time,NA
(2) Part-time worker,(2) Female,9,(1) Strongly agree,25,Part-time,Female
(1) Full-time worker,(2) Female,9,(1) Strongly agree,14,Full-time,Female
(1) Full-time worker,(2) Female,6,(2) Agree,11.77,Full-time,Female
(1) Full-time worker,(2) Female,1,(1) Strongly agree,21.9,Full-time,Female
NA,NA,NA,NA,NA,NA,NA
(1) Full-time worker,(2) Female,12,(1) Strongly agree,12.5,Full-time,Female
(1) Full-time worker,(2) Female,12,(1) Strongly agree,12,Full-time,Female
(2) Part-time worker,(2) Female,12,(2) Agree,22,Part-time,Female
(1) Full-time worker,(2) Female,12,(2) Agree,17.5,Full-time,Female
(1) Full-time worker,(2) Female,10,(2) Agree,15.5,Full-time,Female
(1) Full-time worker,(2) Female,9,(2) Agree,17.56756756757,Full-time,Female
(1) Full-time worker,(2) Female,12,(1) Strongly agree,NA,Full-time,Female
(1) Full-time worker,(2) Female,12,(3) Neither agree nor disagree,13,Full-time,Female
NA,NA,NA,NA,NA,NA,NA
(1) Full-time worker,(2) Female,12,(1) Strongly agree,12.775,Full-time,Female
(1) Full-time worker,(2) Female,12,(2) Agree,15.75,Full-time,Female
(1) Full-time worker,(2) Female,12,(1) Strongly agree,16.99,Full-time,Female
(1) Full-time worker,(2) Female,12,(1) Strongly agree,20.5,Full-time,Female
(1) Full-time worker,(2) Female,9,(2) Agree,20,Full-time,Female
(1) Full-time worker,(2) Female,5,(2) Agree,NA,Full-time,Female
(1) Full-time worker,(2) Female,11,(1) Strongly agree,8.5,Full-time,Female
NA,NA,NA,NA,NA,NA,NA
(1) Full-time worker,(2) Female,12,(2) Agree,10.25,Full-time,Female
(1) Full-time worker,(2) Female,12,(1) Strongly agree,10.35,Full-time,Female
(1) Full-time worker,(2) Female,12,(2) Agree,13.75,Full-time,Female
NA,NA,NA,NA,NA,NA,NA
(1) Full-time worker,(2) Female,12,(2) Agree,10,Full-time,Female
(1) Full-time worker,(2) Female,9,(2) Agree,10,Full-time,Female
(2) Part-time worker,(2) Female,12,(1) Strongly agree,10.75,Part-time,Female
(1) Full-time worker,(2) Female,11,(1) Strongly agree,20.95,Full-time,Female
(1) Full-time worker,(2) Female,12,(2) Agree,9.14285714286,Full-time,Female
(1) Full-time worker,(2) Female,12,(2) Agree,13.5,Full-time,Female
NA,NA,NA,NA,NA,NA,NA
(1) Full-time worker,(2) Female,12,(4) Disagree,11,Full-time,Female
NA,NA,NA,NA,NA,NA,NA
(1) Full-time worker,(2) Female,12,(2) Agree,17.31,Full-time,Female
(2) Part-time worker,(2) Female,10,(2) Agree,19.11,Part-time,Female
(1) Full-time worker,(2) Female,12,(2) Agree,58.33333333334,Full-time,Female
(1) Full-time worker,(2) Female,12,(1) Strongly agree,12,Full-time,Female
(1) Full-time worker,(2) Female,12,(3) Neither agree nor disagree,12.6,Full-time,Female
(1) Full-time worker,(2) Female,1,(2) Agree,7.25,Full-time,Female
(1) Full-time worker,(2) Female,11,(1) Strongly agree,11.5,Full-time,Female
(1) Full-time worker,(2) Female,12,(3) Neither agree nor disagree,8.75,Full-time,Female
(1) Full-time worker,(2) Female,12,(2) Agree,12.5,Full-time,Female
(1) Full-time worker,(2) Female,12,(1) Strongly agree,10,Full-time,Female
(1) Full-time worker,(2) Female,11,(1) Strongly agree,11,Full-time,Female
NA,NA,NA,NA,NA,NA,NA
(1) Full-time worker,(2) Female,12,(1) Strongly agree,15.85,Full-time,Female
NA,NA,NA,NA,NA,NA,NA
(1) Full-time worker,(2) Female,10,(2) Agree,12.5,Full-time,Female
(1) Full-time worker,(2) Female,12,(5) Strongly disagree,15,Full-time,Female
(1) Full-time worker,(2) Female,6,(2) Agree,9.09090909091,Full-time,Female
(1) Full-time worker,(2) Female,8,(1) Strongly agree,9,Full-time,Female
(1) Full-time worker,(2) Female,11,(1) Strongly agree,18,Full-time,Female
NA,NA,NA,NA,NA,NA,NA
(1) Full-time worker,(2) Female,12,(1) Strongly agree,10,Full-time,Female
(1) Full-time worker,(2) Female,9,(1) Strongly agree,10.75,Full-time,Female
(1) Full-time worker,(2) Female,12,(2) Agree,16.66666666667,Full-time,Female
(2) Part-time worker,(2) Female,9,(1) Strongly agree,11,Part-time,Female
(1) Full-time worker,(2) Female,10,(2) Agree,22.375,Full-time,Female
NA,NA,NA,NA,NA,NA,NA
(2) Part-time worker,(2) Female,2,(1) Strongly agree,10.83333333334,Part-time,Female
(1) Full-time worker,(2) Female,12,(2) Agree,NA,Full-time,Female
(1) Full-time worker,(2) Female,12,(2) Agree,11,Full-time,Female
(1) Full-time worker,(2) Female,12,(2) Agree,12.7,Full-time,Female
(2) Part-time worker,(2) Female,9,(2) Agree,16,Part-time,Female
(1) Full-time worker,(2) Female,9,(1) Strongly agree,25,Full-time,Female
(1) Full-time worker,(2) Female,12,(2) Agree,15.71428571429,Full-time,Female
(1) Full-time worker,(2) Female,12,(4) Disagree,13.1,Full-time,Female
(1) Full-time worker,(2) Female,10,(2) Agree,12,Full-time,Female
(2) Part-time worker,(2) Female,12,(1) Strongly agree,9,Part-time,Female
(1) Full-time worker,(2) Female,12,(1) Strongly agree,14,Full-time,Female
(1) Full-time worker,(2) Female,6,(1) Strongly agree,7,Full-time,Female
(1) Full-time worker,(2) Female,12,(2) Agree,9.3125,Full-time,Female
(2) Part-time worker,(2) Female,10,(1) Strongly agree,10.25,Part-time,Female
(1) Full-time worker,(2) Female,12,(1) Strongly agree,12.5,Full-time,Female
(2) Part-time worker,(2) Female,2,(1) Strongly agree,9,Part-time,Female
(1) Full-time worker,(2) Female,12,(1) Strongly agree,20,Full-time,Female
(1) Full-time worker,(2) Female,12,(2) Agree,NA,Full-time,Female
(1) Full-time worker,(1) Male,12,(1) Strongly agree,NA,Full-time,Male
(1) Full-time worker,(2) Female,8,(2) Agree,11.1,Full-time,Female
NA,NA,NA,NA,NA,NA,NA
(2) Part-time worker,(2) Female,9,(5) Strongly disagree,56.66666666667,Part-time,Female
NA,NA,NA,NA,NA,NA,NA
(1) Full-time worker,(2) Female,9,(1) Strongly agree,15.78947368422,Full-time,Female
NA,NA,NA,NA,NA,NA,NA
(1) Full-time worker,(2) Female,12,(2) Agree,14,Full-time,Female
(2) Part-time worker,(2) Female,12,(2) Agree,13.76,Part-time,Female
NA,NA,NA,NA,NA,NA,NA
(1) Full-time worker,(2) Female,12,(1) Strongly agree,11,Full-time,Female
(1) Full-time worker,(2) Female,5,(2) Agree,9,Full-time,Female
(1) Full-time worker,(2) Female,12,(1) Strongly agree,11.25,Full-time,Female
(1) Full-time worker,(2) Female,12,(1) Strongly agree,10.25,Full-time,Female
NA,NA,NA,NA,NA,NA,NA
(1) Full-time worker,(2) Female,12,(2) Agree,17.18075,Full-time,Female
(1) Full-time worker,(2) Female,10,(1) Strongly agree,NA,Full-time,Female
(1) Full-time worker,(2) Female,9,(2) Agree,107.5,Full-time,Female
NA,NA,NA,NA,NA,NA,NA
(1) Full-time worker,(2) Female,12,(2) Agree,9.25,Full-time,Female
(1) Full-time worker,(2) Female,1,(5) Strongly disagree,7.5,Full-time,Female
(2) Part-time worker,(2) Female,12,(2) Agree,10.5,Part-time,Female
(1) Full-time worker,(2) Female,12,(2) Agree,15,Full-time,Female
(1) Full-time worker,(2) Female,6,(1) Strongly agree,28.84615384616,Full-time,Female
(2) Part-time worker,(2) Female,9,(1) Strongly agree,11.84,Part-time,Female
(1) Full-time worker,(2) Female,10,(1) Strongly agree,NA,Full-time,Female
(1) Full-time worker,(2) Female,7,(4) Disagree,NA,Full-time,Female
(1) Full-time worker,(2) Female,9,(2) Agree,15,Full-time,Female
(1) Full-time worker,(2) Female,12,(1) Strongly agree,7.2,Full-time,Female
(2) Part-time worker,(2) Female,2,(2) Agree,10.89,Part-time,Female
(1) Full-time worker,(2) Female,12,(1) Strongly agree,12,Full-time,Female
NA,NA,NA,NA,NA,NA,NA
(1) Full-time worker,(2) Female,12,(1) Strongly agree,9.30000000001,Full-time,Female
(1) Full-time worker,(2) Female,12,(2) Agree,16.05,Full-time,Female
(1) Full-time worker,(2) Female,9,(2) Agree,21.75,Full-time,Female
(1) Full-time worker,(2) Female,12,(1) Strongly agree,20,Full-time,Female
(1) Full-time worker,(2) Female,12,(1) Strongly agree,32,Full-time,Female
(1) Full-time worker,(2) Female,12,(1) Strongly agree,32.96527777778,Full-time,Female
(1) Full-time worker,(2) Female,9,(5) Strongly disagree,15,Full-time,Female
(1) Full-time worker,(2) Female,12,(1) Strongly agree,8.5,Full-time,Female
(1) Full-time worker,(2) Female,12,(1) Strongly agree,11,Full-time,Female
(1) Full-time worker,(2) Female,4,(1) Strongly agree,9,Full-time,Female
(1) Full-time worker,(2) Female,12,(1) Strongly agree,15,Full-time,Female
(1) Full-time worker,(2) Female,12,(1) Strongly agree,NA,Full-time,Female
(1) Full-time worker,(2) Female,12,(1) Strongly agree,25,Full-time,Female
NA,NA,NA,NA,NA,NA,NA
(1) Full-time worker,(2) Female,12,(1) Strongly agree,13.5,Full-time,Female
(1) Full-time worker,(2) Female,12,(3) Neither agree nor disagree,15,Full-time,Female
(1) Full-time worker,(2) Female,12,(1) Strongly agree,32.12907692308,Full-time,Female
(2) Part-time worker,(2) Female,7,(1) Strongly agree,19.77352941177,Part-time,Female
(2) Part-time worker,(2) Female,12,(1) Strongly agree,25,Part-time,Female
(1) Full-time worker,(2) Female,12,(1) Strongly agree,12.18,Full-time,Female
(2) Part-time worker,(2) Female,1,(1) Strongly agree,16.5,Part-time,Female
(1) Full-time worker,(2) Female,10,(2) Agree,14,Full-time,Female
(1) Full-time worker,(2) Female,4,(2) Agree,10,Full-time,Female
(1) Full-time worker,(2) Female,12,(1) Strongly agree,22,Full-time,Female
(1) Full-time worker,(2) Female,12,(2) Agree,21.5,Full-time,Female
(1) Full-time worker,(2) Female,12,(1) Strongly agree,NA,Full-time,Female
(1) Full-time worker,(2) Female,12,(1) Strongly agree,15,Full-time,Female
(1) Full-time worker,(2) Female,12,(2) Agree,28.64583333334,Full-time,Female
(1) Full-time worker,(2) Female,12,(3) Neither agree nor disagree,22,Full-time,Female
NA,NA,NA,NA,NA,NA,NA
(1) Full-time worker,(2) Female,1,(2) Agree,9.55000000001,Full-time,Female
(1) Full-time worker,(2) Female,12,(1) Strongly agree,15.25,Full-time,Female
(1) Full-time worker,(2) Female,12,(2) Agree,11,Full-time,Female
(1) Full-time worker,(2) Female,6,(3) Neither agree nor disagree,13.5,Full-time,Female
(1) Full-time worker,(2) Female,12,(4) Disagree,11.42857142858,Full-time,Female
(2) Part-time worker,(1) Male,9,(1) Strongly agree,8,Part-time,Male
(1) Full-time worker,(2) Female,12,(2) Agree,13,Full-time,Female
(1) Full-time worker,(2) Female,1,(2) Agree,13.25,Full-time,Female
(1) Full-time worker,(2) Female,11,(1) Strongly agree,14.5,Full-time,Female
NA,NA,NA,NA,NA,NA,NA
(2) Part-time worker,(2) Female,10,(2) Agree,8,Part-time,Female
(1) Full-time worker,(2) Female,10,(1) Strongly agree,33.15789473685,Full-time,Female
(1) Full-time worker,(2) Female,12,(1) Strongly agree,12,Full-time,Female
(2) Part-time worker,(2) Female,12,(1) Strongly agree,NA,Part-time,Female
(1) Full-time worker,(2) Female,12,(1) Strongly agree,9,Full-time,Female
(1) Full-time worker,(2) Female,12,(2) Agree,NA,Full-time,Female
(1) Full-time worker,(2) Female,12,(1) Strongly agree,40.30395136779,Full-time,Female
(1) Full-time worker,(2) Female,12,(2) Agree,14,Full-time,Female
(1) Full-time worker,(2) Female,12,(2) Agree,11.8,Full-time,Female
(1) Full-time worker,(2) Female,9,(1) Strongly agree,NA,Full-time,Female
(1) Full-time worker,(2) Female,9,(2) Agree,30,Full-time,Female
(1) Full-time worker,(2) Female,2,(2) Agree,12,Full-time,Female
(2) Part-time worker,(2) Female,12,(2) Agree,14.3,Part-time,Female
(2) Part-time worker,(2) Female,9,(1) Strongly agree,12.39375,Part-time,Female
(1) Full-time worker,(2) Female,10,(2) Agree,14.66666666667,Full-time,Female
(1) Full-time worker,(2) Female,12,(1) Strongly agree,11,Full-time,Female
(1) Full-time worker,(2) Female,8,(1) Strongly agree,NA,Full-time,Female
(2) Part-time worker,(2) Female,12,(1) Strongly agree,NA,Part-time,Female
(1) Full-time worker,(2) Female,12,(2) Agree,7.5,Full-time,Female
(2) Part-time worker,(2) Female,12,(1) Strongly agree,10,Part-time,Female
(2) Part-time worker,(2) Female,10,(1) Strongly agree,15,Part-time,Female
(1) Full-time worker,(2) Female,12,(1) Strongly agree,13.125,Full-time,Female
NA,NA,NA,NA,NA,NA,NA
(1) Full-time worker,(2) Female,12,(2) Agree,8.75,Full-time,Female
(2) Part-time worker,(2) Female,10,(1) Strongly agree,13,Part-time,Female
(1) Full-time worker,(2) Female,9,(2) Agree,41.11111111112,Full-time,Female
(1) Full-time worker,(2) Female,12,(1) Strongly agree,25,Full-time,Female
(1) Full-time worker,(2) Female,10,(1) Strongly agree,21.5,Full-time,Female
(1) Full-time worker,(2) Female,12,(1) Strongly agree,NA,Full-time,Female
(2) Part-time worker,(2) Female,12,(1) Strongly agree,8.5,Part-time,Female
(1) Full-time worker,(2) Female,12,(1) Strongly agree,12,Full-time,Female
NA,NA,NA,NA,NA,NA,NA
(1) Full-time worker,(2) Female,12,(1) Strongly agree,7.26495726496,Full-time,Female
(1) Full-time worker,(2) Female,12,(2) Agree,12,Full-time,Female
(1) Full-time worker,(2) Female,12,(1) Strongly agree,12,Full-time,Female
(1) Full-time worker,(2) Female,12,(1) Strongly agree,8.5,Full-time,Female
(1) Full-time worker,(2) Female,12,(1) Strongly agree,11.75,Full-time,Female
(1) Full-time worker,(2) Female,12,(4) Disagree,10.75,Full-time,Female
(2) Part-time worker,(2) Female,10,(1) Strongly agree,21.21212121213,Part-time,Female
(2) Part-time worker,(2) Female,10,(1) Strongly agree,15,Part-time,Female
(1) Full-time worker,(2) Female,12,(1) Strongly agree,10.5,Full-time,Female
(1) Full-time worker,(2) Female,9,(2) Agree,13.45,Full-time,Female
NA,NA,NA,NA,NA,NA,NA
(2) Part-time worker,(2) Female,12,(1) Strongly agree,36.88733333334,Part-time,Female
(1) Full-time worker,(2) Female,9,(4) Disagree,14.4,Full-time,Female
(1) Full-time worker,(2) Female,9,(2) Agree,NA,Full-time,Female
(1) Full-time worker,(2) Female,8,(2) Agree,13.1,Full-time,Female
(1) Full-time worker,(2) Female,12,(1) Strongly agree,11.13172541744,Full-time,Female
(1) Full-time worker,(2) Female,12,(1) Strongly agree,13.87,Full-time,Female
(1) Full-time worker,(2) Female,6,(2) Agree,11.25,Full-time,Female
(1) Full-time worker,(2) Female,10,(1) Strongly agree,8.15,Full-time,Female
(1) Full-time worker,(2) Female,12,(1) Strongly agree,10.25,Full-time,Female
NA,NA,NA,NA,NA,NA,NA
NA,NA,NA,NA,NA,NA,NA
(2) Part-time worker,(2) Female,6,(1) Strongly agree,8.25,Part-time,Female
(1) Full-time worker,(2) Female,12,(1) Strongly agree,10.80000000001,Full-time,Female
NA,NA,NA,NA,NA,NA,NA
(1) Full-time worker,(2) Female,12,(2) Agree,20,Full-time,Female
(1) Full-time worker,(2) Female,12,(2) Agree,NA,Full-time,Female
(2) Part-time worker,(2) Female,12,(2) Agree,8,Part-time,Female
(1) Full-time worker,(2) Female,9,(5) Strongly disagree,16,Full-time,Female
(2) Part-time worker,(2) Female,8,(4) Disagree,19,Part-time,Female
(1) Full-time worker,(2) Female,10,(1) Strongly agree,14.78,Full-time,Female
(2) Part-time worker,(2) Female,12,(2) Agree,9,Part-time,Female
(1) Full-time worker,(2) Female,12,(2) Agree,15,Full-time,Female
(1) Full-time worker,(2) Female,10,(2) Agree,107.5,Full-time,Female
(1) Full-time worker,(2) Female,10,(1) Strongly agree,10,Full-time,Female
(1) Full-time worker,(2) Female,8,(1) Strongly agree,19.14893617022,Full-time,Female
(2) Part-time worker,(2) Female,12,(2) Agree,13,Part-time,Female
(2) Part-time worker,(1) Male,6,(1) Strongly agree,13.25,Part-time,Male
(1) Full-time worker,(2) Female,12,(3) Neither agree nor disagree,17,Full-time,Female
(1) Full-time worker,(1) Male,9,(1) Strongly agree,14.35,Full-time,Male
(1) Full-time worker,(2) Female,12,(1) Strongly agree,11.625,Full-time,Female
(2) Part-time worker,(2) Female,9,(2) Agree,21.5,Part-time,Female
(2) Part-time worker,(2) Female,10,(1) Strongly agree,10.15,Part-time,Female
NA,NA,NA,NA,NA,NA,NA
(1) Full-time worker,(2) Female,4,(1) Strongly agree,18.32,Full-time,Female
(2) Part-time worker,(2) Female,2,(2) Agree,14,Part-time,Female
(2) Part-time worker,(2) Female,12,(1) Strongly agree,11,Part-time,Female
(1) Full-time worker,(2) Female,10,(1) Strongly agree,14,Full-time,Female
(1) Full-time worker,(2) Female,12,(2) Agree,NA,Full-time,Female
(1) Full-time worker,(2) Female,12,(1) Strongly agree,12.5,Full-time,Female
(1) Full-time worker,(2) Female,12,(5) Strongly disagree,15,Full-time,Female
NA,NA,NA,NA,NA,NA,NA
(1) Full-time worker,(2) Female,8,(2) Agree,9.25,Full-time,Female
(1) Full-time worker,(2) Female,10,(1) Strongly agree,8.5,Full-time,Female
(1) Full-time worker,(2) Female,12,(2) Agree,8.75,Full-time,Female
(1) Full-time worker,(2) Female,12,(2) Agree,8.5,Full-time,Female
(1) Full-time worker,(1) Male,12,(1) Strongly agree,17.5,Full-time,Male
(1) Full-time worker,(2) Female,12,(2) Agree,8.6,Full-time,Female
(1) Full-time worker,(2) Female,12,(2) Agree,NA,Full-time,Female
(1) Full-time worker,(2) Female,12,(1) Strongly agree,15,Full-time,Female
(1) Full-time worker,(2) Female,9,(1) Strongly agree,16.15384615385,Full-time,Female
(1) Full-time worker,(2) Female,12,(4) Disagree,14.175,Full-time,Female
(1) Full-time worker,(2) Female,12,(2) Agree,17.85714285715,Full-time,Female
(1) Full-time worker,(2) Female,12,(2) Agree,13.28,Full-time,Female
(1) Full-time worker,(2) Female,10,(2) Agree,13,Full-time,Female
(1) Full-time worker,(2) Female,10,(2) Agree,35,Full-time,Female
(1) Full-time worker,(2) Female,12,(1) Strongly agree,19.5,Full-time,Female
(1) Full-time worker,(2) Female,3,(1) Strongly agree,18.75,Full-time,Female
(1) Full-time worker,(2) Female,12,(2) Agree,NA,Full-time,Female
NA,NA,NA,NA,NA,NA,NA
(1) Full-time worker,(2) Female,12,(1) Strongly agree,NA,Full-time,Female
(2) Part-time worker,(2) Female,12,(1) Strongly agree,12.6,Part-time,Female
(1) Full-time worker,(2) Female,9,(1) Strongly agree,51.42857142858,Full-time,Female
(1) Full-time worker,(2) Female,9,(1) Strongly agree,29.16666666667,Full-time,Female
(2) Part-time worker,(2) Female,12,(1) Strongly agree,17,Part-time,Female
(1) Full-time worker,(2) Female,9,(2) Agree,14.75,Full-time,Female
(1) Full-time worker,(2) Female,11,(2) Agree,11,Full-time,Female
(1) Full-time worker,(2) Female,9,(1) Strongly agree,NA,Full-time,Female
(2) Part-time worker,(2) Female,12,(2) Agree,NA,Part-time,Female
(1) Full-time worker,(2) Female,12,(2) Agree,NA,Full-time,Female
(1) Full-time worker,(2) Female,12,(2) Agree,9,Full-time,Female
(1) Full-time worker,(2) Female,7,(2) Agree,10,Full-time,Female
(1) Full-time worker,(2) Female,10,(2) Agree,15,Full-time,Female
(2) Part-time worker,(2) Female,9,(2) Agree,15,Part-time,Female
NA,NA,NA,NA,NA,NA,NA
(1) Full-time worker,(2) Female,12,(1) Strongly agree,13,Full-time,Female
(2) Part-time worker,(2) Female,12,(1) Strongly agree,14.5,Part-time,Female
(1) Full-time worker,(2) Female,12,(2) Agree,21.5,Full-time,Female
(1) Full-time worker,(2) Female,12,(1) Strongly agree,18.6274509804,Full-time,Female
(1) Full-time worker,(2) Female,12,(1) Strongly agree,18,Full-time,Female
(2) Part-time worker,(2) Female,9,(1) Strongly agree,13.5,Part-time,Female
(1) Full-time worker,(2) Female,12,(2) Agree,13,Full-time,Female
(1) Full-time worker,(2) Female,12,(3) Neither agree nor disagree,9,Full-time,Female
(2) Part-time worker,(2) Female,12,(1) Strongly agree,19.2,Part-time,Female
(1) Full-time worker,(2) Female,12,(1) Strongly agree,15,Full-time,Female
(2) Part-time worker,(2) Female,9,(3) Neither agree nor disagree,11.5,Part-time,Female
(1) Full-time worker,(2) Female,12,(2) Agree,13,Full-time,Female
NA,NA,NA,NA,NA,NA,NA
(1) Full-time worker,(2) Female,12,(3) Neither agree nor disagree,12.2,Full-time,Female
(2) Part-time worker,(2) Female,12,(1) Strongly agree,NA,Part-time,Female
(2) Part-time worker,(2) Female,9,(4) Disagree,11.25,Part-time,Female
(1) Full-time worker,(2) Female,9,(2) Agree,16.08187134503,Full-time,Female
(1) Full-time worker,(2) Female,1,(1) Strongly agree,10.25,Full-time,Female
(1) Full-time worker,(2) Female,11,(3) Neither agree nor disagree,10.5,Full-time,Female
(1) Full-time worker,(2) Female,3,(2) Agree,10.5,Full-time,Female
(1) Full-time worker,(2) Female,12,(4) Disagree,16,Full-time,Female
(1) Full-time worker,(2) Female,1,(2) Agree,9,Full-time,Female
(1) Full-time worker,(2) Female,5,(1) Strongly agree,10.45,Full-time,Female
(2) Part-time worker,(2) Female,12,(1) Strongly agree,20,Part-time,Female
(1) Full-time worker,(2) Female,12,(2) Agree,10.25,Full-time,Female
(1) Full-time worker,(2) Female,1,(1) Strongly agree,12.5,Full-time,Female
(2) Part-time worker,(2) Female,9,(1) Strongly agree,NA,Part-time,Female
(2) Part-time worker,(2) Female,12,(3) Neither agree nor disagree,21.17647058824,Part-time,Female
(1) Full-time worker,(2) Female,12,(1) Strongly agree,12,Full-time,Female
(2) Part-time worker,(2) Female,12,(3) Neither agree nor disagree,NA,Part-time,Female
(1) Full-time worker,(2) Female,12,(2) Agree,17.5,Full-time,Female
(1) Full-time worker,(1) Male,12,(1) Strongly agree,15,Full-time,Male
(2) Part-time worker,(2) Female,9,(1) Strongly agree,22.55639097745,Part-time,Female
(1) Full-time worker,(2) Female,10,(1) Strongly agree,20.37037037038,Full-time,Female
NA,NA,NA,NA,NA,NA,NA
(1) Full-time worker,(2) Female,12,(2) Agree,23.07692307693,Full-time,Female
(1) Full-time worker,(2) Female,1,(1) Strongly agree,15,Full-time,Female
NA,NA,NA,NA,NA,NA,NA
(2) Part-time worker,(2) Female,12,(1) Strongly agree,12.3076923077,Part-time,Female
(2) Part-time worker,(2) Female,10,(1) Strongly agree,32.14285714286,Part-time,Female
(1) Full-time worker,(2) Female,12,(1) Strongly agree,NA,Full-time,Female
(1) Full-time worker,(2) Female,12,(2) Agree,14.18,Full-time,Female
(1) Full-time worker,(1) Male,10,(1) Strongly agree,26.62037037038,Full-time,Male
(1) Full-time worker,(2) Female,10,(1) Strongly agree,13.75,Full-time,Female
(1) Full-time worker,(2) Female,8,(2) Agree,9,Full-time,Female
(1) Full-time worker,(2) Female,NA,(1) Strongly agree,NA,Full-time,Female
(1) Full-time worker,(2) Female,12,(2) Agree,12.76,Full-time,Female
(1) Full-time worker,(2) Female,12,(2) Agree,11.5,Full-time,Female
(1) Full-time worker,(2) Female,12,(3) Neither agree nor disagree,13,Full-time,Female
(1) Full-time worker,(2) Female,12,(1) Strongly agree,16,Full-time,Female
(1) Full-time worker,(2) Female,12,(1) Strongly agree,13.5,Full-time,Female
(2) Part-time worker,(2) Female,9,(2) Agree,16.21621621622,Part-time,Female
(1) Full-time worker,(2) Female,10,(1) Strongly agree,21.12,Full-time,Female
(1) Full-time worker,(2) Female,12,(2) Agree,12.63,Full-time,Female
(1) Full-time worker,(2) Female,12,(2) Agree,16.5,Full-time,Female
(1) Full-time worker,(2) Female,4,(1) Strongly agree,9.5,Full-time,Female
(1) Full-time worker,(2) Female,12,(1) Strongly agree,23.84615384616,Full-time,Female
(1) Full-time worker,(2) Female,12,(4) Disagree,21,Full-time,Female
(1) Full-time worker,(2) Female,12,(2) Agree,10,Full-time,Female
(1) Full-time worker,(2) Female,9,(3) Neither agree nor disagree,26,Full-time,Female
(1) Full-time worker,(2) Female,12,(1) Strongly agree,8.375,Full-time,Female
(1) Full-time worker,(2) Female,12,(1) Strongly agree,10.25,Full-time,Female
(2) Part-time worker,(2) Female,10,(1) Strongly agree,NA,Part-time,Female
(1) Full-time worker,(2) Female,12,(2) Agree,11.25,Full-time,Female
(1) Full-time worker,(2) Female,12,(2) Agree,9,Full-time,Female
(1) Full-time worker,(2) Female,12,(1) Strongly agree,30.85106382979,Full-time,Female
(1) Full-time worker,(2) Female,11,(2) Agree,31.11111111112,Full-time,Female
(2) Part-time worker,(2) Female,12,(5) Strongly disagree,11,Part-time,Female
(1) Full-time worker,(2) Female,12,(1) Strongly agree,NA,Full-time,Female
(1) Full-time worker,(2) Female,10,(1) Strongly agree,21,Full-time,Female
(2) Part-time worker,(2) Female,9,(1) Strongly agree,15,Part-time,Female
NA,(2) Female,NA,(2) Agree,NA,NA,Female
(1) Full-time worker,(2) Female,12,(1) Strongly agree,54.9575,Full-time,Female
NA,NA,NA,NA,NA,NA,NA
(2) Part-time worker,(1) Male,12,(1) Strongly agree,107.32142857143,Part-time,Male
(2) Part-time worker,(2) Female,12,(1) Strongly agree,14,Part-time,Female
NA,NA,NA,NA,NA,NA,NA
(1) Full-time worker,(2) Female,12,(1) Strongly agree,20,Full-time,Female
NA,NA,NA,NA,NA,NA,NA
(1) Full-time worker,(2) Female,12,(2) Agree,17.94871794872,Full-time,Female
(1) Full-time worker,(2) Female,12,(2) Agree,12.5,Full-time,Female
(1) Full-time worker,(2) Female,9,(2) Agree,13.5,Full-time,Female
(1) Full-time worker,(2) Female,12,(1) Strongly agree,12,Full-time,Female
(1) Full-time worker,(2) Female,12,(2) Agree,NA,Full-time,Female
(1) Full-time worker,(2) Female,1,(2) Agree,14.5,Full-time,Female
(2) Part-time worker,(2) Female,12,(1) Strongly agree,9.5,Part-time,Female
(2) Part-time worker,(2) Female,8,(1) Strongly agree,10,Part-time,Female
(2) Part-time worker,(2) Female,12,(5) Strongly disagree,13.93671875,Part-time,Female
(1) Full-time worker,(2) Female,9,(4) Disagree,13.1,Full-time,Female
(1) Full-time worker,(2) Female,12,(1) Strongly agree,12.77,Full-time,Female
(1) Full-time worker,(2) Female,12,(1) Strongly agree,17.63,Full-time,Female
(1) Full-time worker,(2) Female,12,(2) Agree,7.5,Full-time,Female
(1) Full-time worker,(2) Female,NA,(2) Agree,24,Full-time,Female
(1) Full-time worker,(2) Female,12,(1) Strongly agree,10.71000000001,Full-time,Female
(2) Part-time worker,(2) Female,5,(1) Strongly agree,7.25,Part-time,Female
(2) Part-time worker,(2) Female,2,(3) Neither agree nor disagree,11,Part-time,Female
(1) Full-time worker,(2) Female,12,(2) Agree,15.25,Full-time,Female
(1) Full-time worker,(2) Female,10,(1) Strongly agree,NA,Full-time,Female
(2) Part-time worker,(2) Female,3,(1) Strongly agree,7.8125,Part-time,Female
(2) Part-time worker,(2) Female,12,(1) Strongly agree,13,Part-time,Female
(1) Full-time worker,(1) Male,12,(1) Strongly agree,11.4875,Full-time,Male
(1) Full-time worker,(2) Female,12,(1) Strongly agree,8.75,Full-time,Female
(1) Full-time worker,(2) Female,12,(3) Neither agree nor disagree,11.87,Full-time,Female
(1) Full-time worker,(2) Female,9,(4) Disagree,11.25,Full-time,Female
(1) Full-time worker,(2) Female,12,(2) Agree,18.22916666667,Full-time,Female
(1) Full-time worker,(2) Female,NA,(2) Agree,10.86,Full-time,Female
(1) Full-time worker,(2) Female,9,(1) Strongly agree,9.7,Full-time,Female
(1) Full-time worker,(2) Female,12,(1) Strongly agree,9.09090909091,Full-time,Female
(1) Full-time worker,(2) Female,12,(1) Strongly agree,13.4,Full-time,Female
(1) Full-time worker,(2) Female,12,(1) Strongly agree,15.52,Full-time,Female
NA,NA,NA,NA,NA,NA,NA
(2) Part-time worker,(2) Female,8,(1) Strongly agree,9.555,Part-time,Female
(1) Full-time worker,(2) Female,11,(2) Agree,10.7,Full-time,Female
(1) Full-time worker,(2) Female,12,(1) Strongly agree,17,Full-time,Female
(2) Part-time worker,(2) Female,12,(2) Agree,8.75,Part-time,Female
(1) Full-time worker,(2) Female,10,(1) Strongly agree,27.22222222223,Full-time,Female
(1) Full-time worker,(2) Female,9,(1) Strongly agree,11,Full-time,Female
NA,NA,NA,NA,NA,NA,NA
(1) Full-time worker,(2) Female,4,(1) Strongly agree,NA,Full-time,Female
(1) Full-time worker,(2) Female,12,(1) Strongly agree,NA,Full-time,Female
(1) Full-time worker,(2) Female,12,(1) Strongly agree,NA,Full-time,Female
(1) Full-time worker,(2) Female,12,(4) Disagree,14,Full-time,Female
(2) Part-time worker,(2) Female,12,(2) Agree,9.25925925926,Part-time,Female
(1) Full-time worker,(2) Female,1,(1) Strongly agree,13.5,Full-time,Female
(1) Full-time worker,(2) Female,12,(2) Agree,8.97674418605,Full-time,Female
(1) Full-time worker,(2) Female,10,(4) Disagree,22.22222222223,Full-time,Female
NA,NA,NA,NA,NA,NA,NA
(2) Part-time worker,(2) Female,12,(2) Agree,8.75,Part-time,Female
(2) Part-time worker,(2) Female,6,(1) Strongly agree,9,Part-time,Female
(1) Full-time worker,(2) Female,12,(4) Disagree,15,Full-time,Female
(1) Full-time worker,(2) Female,12,(2) Agree,20.76923076924,Full-time,Female
(1) Full-time worker,(2) Female,12,(1) Strongly agree,14.5,Full-time,Female
(1) Full-time worker,(2) Female,12,(2) Agree,14.42307692308,Full-time,Female
(2) Part-time worker,(2) Female,9,(1) Strongly agree,25.55147058824,Part-time,Female
(1) Full-time worker,(2) Female,10,(1) Strongly agree,18.05148648649,Full-time,Female
(2) Part-time worker,(2) Female,6,(1) Strongly agree,7.25,Part-time,Female
(1) Full-time worker,(2) Female,12,(2) Agree,9.99,Full-time,Female
(1) Full-time worker,(1) Male,12,(1) Strongly agree,8,Full-time,Male
(2) Part-time worker,(2) Female,12,(1) Strongly agree,8,Part-time,Female
(2) Part-time worker,(2) Female,10,(1) Strongly agree,13.15789473685,Part-time,Female
NA,NA,NA,NA,NA,NA,NA
NA,NA,NA,NA,NA,NA,NA
(1) Full-time worker,(2) Female,12,(1) Strongly agree,31.25,Full-time,Female
(2) Part-time worker,(2) Female,3,(5) Strongly disagree,10,Part-time,Female
(1) Full-time worker,(2) Female,12,(1) Strongly agree,11.5,Full-time,Female
(2) Part-time worker,(2) Female,9,(2) Agree,41.66666666667,Part-time,Female
(1) Full-time worker,(2) Female,12,(2) Agree,19.15088571429,Full-time,Female
(1) Full-time worker,(2) Female,12,(2) Agree,8.75,Full-time,Female
(1) Full-time worker,(2) Female,12,(1) Strongly agree,29.06976744187,Full-time,Female
(1) Full-time worker,(2) Female,12,(2) Agree,NA,Full-time,Female
(2) Part-time worker,(2) Female,2,(2) Agree,8,Part-time,Female
(2) Part-time worker,(2) Female,4,(1) Strongly agree,8,Part-time,Female
(1) Full-time worker,(2) Female,1,(1) Strongly agree,9.5,Full-time,Female
NA,NA,NA,NA,NA,NA,NA
(1) Full-time worker,(2) Female,9,(2) Agree,12.34,Full-time,Female
(1) Full-time worker,(2) Female,12,(2) Agree,15,Full-time,Female
(1) Full-time worker,(2) Female,11,(2) Agree,17.62,Full-time,Female
NA,NA,NA,NA,NA,NA,NA
(2) Part-time worker,(2) Female,10,(1) Strongly agree,12,Part-time,Female
(1) Full-time worker,(2) Female,12,(1) Strongly agree,10,Full-time,Female
(2) Part-time worker,(2) Female,12,(3) Neither agree nor disagree,10.1,Part-time,Female
NA,NA,NA,NA,NA,NA,NA
(1) Full-time worker,(2) Female,12,(1) Strongly agree,9.5,Full-time,Female
(1) Full-time worker,(2) Female,12,(2) Agree,NA,Full-time,Female
(2) Part-time worker,(2) Female,9,(2) Agree,NA,Part-time,Female
(1) Full-time worker,(2) Female,12,(1) Strongly agree,7.875,Full-time,Female
(1) Full-time worker,(2) Female,12,(3) Neither agree nor disagree,16,Full-time,Female
(1) Full-time worker,(2) Female,11,(1) Strongly agree,10.5,Full-time,Female
(1) Full-time worker,(2) Female,12,(1) Strongly agree,14.65,Full-time,Female
(2) Part-time worker,(2) Female,6,(1) Strongly agree,9.25,Part-time,Female
(1) Full-time worker,(2) Female,12,(2) Agree,13.5,Full-time,Female
NA,NA,NA,NA,NA,NA,NA
(2) Part-time worker,(2) Female,9,(2) Agree,15,Part-time,Female
(1) Full-time worker,(2) Female,10,(1) Strongly agree,12.47,Full-time,Female
(1) Full-time worker,(2) Female,12,(1) Strongly agree,NA,Full-time,Female
NA,NA,NA,NA,NA,NA,NA
(1) Full-time worker,(2) Female,10,(2) Agree,32.23684210527,Full-time,Female
(1) Full-time worker,(2) Female,10,(1) Strongly agree,NA,Full-time,Female
(1) Full-time worker,(2) Female,5,(2) Agree,13,Full-time,Female
(1) Full-time worker,(2) Female,12,(2) Agree,9,Full-time,Female
NA,NA,NA,NA,NA,NA,NA
NA,NA,NA,NA,NA,NA,NA
(1) Full-time worker,(2) Female,9,(2) Agree,18.75,Full-time,Female
(1) Full-time worker,(2) Female,10,(2) Agree,23.14285714286,Full-time,Female
(1) Full-time worker,(2) Female,10,(2) Agree,NA,Full-time,Female
(2) Part-time worker,(2) Female,10,(1) Strongly agree,28.63,Part-time,Female
(1) Full-time worker,(2) Female,9,(4) Disagree,12,Full-time,Female
(2) Part-time worker,(2) Female,12,(3) Neither agree nor disagree,11.42,Part-time,Female
(1) Full-time worker,(2) Female,8,(2) Agree,7.5,Full-time,Female
(2) Part-time worker,(2) Female,12,(2) Agree,10,Part-time,Female
(1) Full-time worker,(2) Female,10,(1) Strongly agree,18.17000000001,Full-time,Female
(1) Full-time worker,(2) Female,12,(2) Agree,NA,Full-time,Female
(1) Full-time worker,(2) Female,12,(2) Agree,NA,Full-time,Female
(1) Full-time worker,(1) Male,12,(2) Agree,13.5,Full-time,Male
NA,NA,NA,NA,NA,NA,NA
NA,NA,NA,NA,NA,NA,NA
(2) Part-time worker,(2) Female,4,(2) Agree,9.25,Part-time,Female
(2) Part-time worker,(2) Female,12,(1) Strongly agree,10.4,Part-time,Female
NA,NA,NA,NA,NA,NA,NA
(1) Full-time worker,(2) Female,9,(2) Agree,12.5,Full-time,Female
(1) Full-time worker,(2) Female,10,(1) Strongly agree,20.1754385965,Full-time,Female
(1) Full-time worker,(2) Female,10,(1) Strongly agree,17,Full-time,Female
(1) Full-time worker,(2) Female,12,(2) Agree,13.75,Full-time,Female
(1) Full-time worker,(2) Female,12,(2) Agree,13,Full-time,Female
(1) Full-time worker,(2) Female,10,(2) Agree,38.19444444445,Full-time,Female
(1) Full-time worker,(2) Female,10,(2) Agree,38.19444444445,Full-time,Female
(1) Full-time worker,(2) Female,10,(2) Agree,12,Full-time,Female
(1) Full-time worker,(2) Female,10,(1) Strongly agree,107.5,Full-time,Female
(1) Full-time worker,(2) Female,12,(2) Agree,16,Full-time,Female
(1) Full-time worker,(2) Female,10,(2) Agree,13.22115384616,Full-time,Female
(1) Full-time worker,(2) Female,1,(1) Strongly agree,4.65,Full-time,Female
(1) Full-time worker,(2) Female,10,(1) Strongly agree,19.68,Full-time,Female
NA,NA,NA,NA,NA,NA,NA
NA,NA,NA,NA,NA,NA,NA
(1) Full-time worker,(2) Female,12,(2) Agree,NA,Full-time,Female
NA,NA,NA,NA,NA,NA,NA
(1) Full-time worker,(2) Female,12,(4) Disagree,16,Full-time,Female
(1) Full-time worker,(2) Female,12,(2) Agree,13,Full-time,Female
(1) Full-time worker,(2) Female,8,(2) Agree,15.3125,Full-time,Female
(1) Full-time worker,(2) Female,12,(2) Agree,12.5,Full-time,Female
(1) Full-time worker,(2) Female,9,(4) Disagree,21.25,Full-time,Female
(1) Full-time worker,(2) Female,11,(1) Strongly agree,NA,Full-time,Female
(1) Full-time worker,(2) Female,NA,(2) Agree,10.75,Full-time,Female
(1) Full-time worker,(2) Female,7,(3) Neither agree nor disagree,13.75,Full-time,Female
NA,NA,NA,NA,NA,NA,NA
(1) Full-time worker,(2) Female,10,(2) Agree,22,Full-time,Female
(2) Part-time worker,(2) Female,12,(2) Agree,8,Part-time,Female
NA,NA,NA,NA,NA,NA,NA
(1) Full-time worker,(2) Female,NA,(2) Agree,NA,Full-time,Female
(1) Full-time worker,(2) Female,12,(2) Agree,12.1,Full-time,Female
(1) Full-time worker,(2) Female,12,(1) Strongly agree,8.5,Full-time,Female
(2) Part-time worker,(2) Female,9,(2) Agree,22,Part-time,Female
(1) Full-time worker,(2) Female,9,(1) Strongly agree,16.87,Full-time,Female
(1) Full-time worker,(2) Female,4,(3) Neither agree nor disagree,10,Full-time,Female
(2) Part-time worker,(2) Female,12,(2) Agree,12,Part-time,Female
(1) Full-time worker,(2) Female,12,(3) Neither agree nor disagree,11.26,Full-time,Female
(1) Full-time worker,(2) Female,10,(3) Neither agree nor disagree,NA,Full-time,Female
(2) Part-time worker,(2) Female,12,(2) Agree,15.09,Part-time,Female
NA,NA,NA,NA,NA,NA,NA
(1) Full-time worker,(2) Female,12,(2) Agree,18,Full-time,Female
(1) Full-time worker,(2) Female,12,(1) Strongly agree,18,Full-time,Female
NA,NA,NA,NA,NA,NA,NA
(1) Full-time worker,(2) Female,12,(1) Strongly agree,9.52380952381,Full-time,Female
(2) Part-time worker,(2) Female,12,(2) Agree,12,Part-time,Female
(2) Part-time worker,(2) Female,12,(2) Agree,12,Part-time,Female
(1) Full-time worker,(2) Female,9,(1) Strongly agree,8,Full-time,Female
(2) Part-time worker,(2) Female,12,(1) Strongly agree,17.29,Part-time,Female
(2) Part-time worker,(2) Female,10,(2) Agree,107.5,Part-time,Female
(1) Full-time worker,(2) Female,12,(2) Agree,12.5,Full-time,Female
(1) Full-time worker,(2) Female,12,(2) Agree,10,Full-time,Female
(1) Full-time worker,(2) Female,12,(2) Agree,11.5,Full-time,Female
(2) Part-time worker,(2) Female,12,(2) Agree,12.5,Part-time,Female
NA,NA,NA,NA,NA,NA,NA
(1) Full-time worker,(2) Female,12,(5) Strongly disagree,14.35,Full-time,Female
(1) Full-time worker,(2) Female,12,(1) Strongly agree,12.5,Full-time,Female
(1) Full-time worker,(2) Female,12,(1) Strongly agree,23.07692307693,Full-time,Female
(1) Full-time worker,(2) Female,10,(2) Agree,22.85714285715,Full-time,Female
NA,NA,NA,NA,NA,NA,NA
NA,NA,NA,NA,NA,NA,NA
(1) Full-time worker,(2) Female,7,(4) Disagree,9.375,Full-time,Female
(1) Full-time worker,(2) Female,12,(1) Strongly agree,10.25,Full-time,Female
(1) Full-time worker,(2) Female,12,(1) Strongly agree,NA,Full-time,Female
(1) Full-time worker,(2) Female,12,(1) Strongly agree,12,Full-time,Female
(1) Full-time worker,(2) Female,12,(1) Strongly agree,17,Full-time,Female
(2) Part-time worker,(2) Female,10,(2) Agree,12.5,Part-time,Female
(1) Full-time worker,(2) Female,12,(1) Strongly agree,9.375,Full-time,Female
(2) Part-time worker,(2) Female,12,(4) Disagree,14.12,Part-time,Female
(1) Full-time worker,(2) Female,12,(1) Strongly agree,14,Full-time,Female
(1) Full-time worker,(2) Female,12,(1) Strongly agree,9.5,Full-time,Female
(1) Full-time worker,(2) Female,12,(1) Strongly agree,NA,Full-time,Female
(1) Full-time worker,(2) Female,4,(1) Strongly agree,8.75,Full-time,Female
(1) Full-time worker,(2) Female,12,(1) Strongly agree,12.25,Full-time,Female
(2) Part-time worker,(2) Female,10,(2) Agree,12.79,Part-time,Female
(2) Part-time worker,(2) Female,12,(3) Neither agree nor disagree,51.42857142858,Part-time,Female
NA,NA,NA,NA,NA,NA,NA
(1) Full-time worker,(2) Female,12,(1) Strongly agree,9,Full-time,Female
(1) Full-time worker,(2) Female,12,(1) Strongly agree,10.75,Full-time,Female
(1) Full-time worker,(2) Female,12,(3) Neither agree nor disagree,12,Full-time,Female
(1) Full-time worker,(2) Female,1,(3) Neither agree nor disagree,9,Full-time,Female
(1) Full-time worker,(2) Female,12,(1) Strongly agree,18.75,Full-time,Female
(2) Part-time worker,(2) Female,1,(1) Strongly agree,13.1,Part-time,Female
(1) Full-time worker,(2) Female,12,(4) Disagree,13,Full-time,Female
(2) Part-time worker,(1) Male,1,(1) Strongly agree,8.5,Part-time,Male
(1) Full-time worker,(2) Female,5,(5) Strongly disagree,NA,Full-time,Female
(1) Full-time worker,(2) Female,12,(2) Agree,NA,Full-time,Female
(2) Part-time worker,(2) Female,12,(2) Agree,11,Part-time,Female
(1) Full-time worker,(2) Female,9,(1) Strongly agree,30.84573571429,Full-time,Female
(1) Full-time worker,(2) Female,12,(2) Agree,9.25,Full-time,Female
(2) Part-time worker,(2) Female,12,(2) Agree,15.05965909091,Part-time,Female
(1) Full-time worker,(2) Female,3,(1) Strongly agree,12,Full-time,Female
(1) Full-time worker,(2) Female,10,(1) Strongly agree,10.1,Full-time,Female
(1) Full-time worker,(2) Female,3,(3) Neither agree nor disagree,8,Full-time,Female
(1) Full-time worker,(2) Female,12,(1) Strongly agree,10,Full-time,Female
(1) Full-time worker,(2) Female,12,(1) Strongly agree,10,Full-time,Female
(2) Part-time worker,(2) Female,12,(2) Agree,23.07692307693,Part-time,Female
(2) Part-time worker,(2) Female,12,(1) Strongly agree,10.38461538462,Part-time,Female
(1) Full-time worker,(2) Female,6,(1) Strongly agree,11.37,Full-time,Female
(1) Full-time worker,(1) Male,NA,(1) Strongly agree,NA,Full-time,Male
(1) Full-time worker,(2) Female,11,(1) Strongly agree,10,Full-time,Female
(1) Full-time worker,(2) Female,2,(1) Strongly agree,15,Full-time,Female
NA,NA,NA,NA,NA,NA,NA
(1) Full-time worker,(2) Female,10,(2) Agree,16,Full-time,Female
(1) Full-time worker,(2) Female,9,(1) Strongly agree,10,Full-time,Female
(2) Part-time worker,(2) Female,12,(2) Agree,10,Part-time,Female
(1) Full-time worker,(2) Female,9,(3) Neither agree nor disagree,13.7,Full-time,Female
(1) Full-time worker,(2) Female,6,(1) Strongly agree,13,Full-time,Female
NA,NA,NA,NA,NA,NA,NA
(1) Full-time worker,(2) Female,10,(1) Strongly agree,16.29,Full-time,Female
(1) Full-time worker,(2) Female,4,(2) Agree,15,Full-time,Female
(2) Part-time worker,(2) Female,8,(1) Strongly agree,8,Part-time,Female
(1) Full-time worker,(2) Female,1,(3) Neither agree nor disagree,12,Full-time,Female
(1) Full-time worker,(2) Female,10,(3) Neither agree nor disagree,9.25,Full-time,Female
NA,NA,NA,NA,NA,NA,NA
(1) Full-time worker,(2) Female,11,(2) Agree,16.86,Full-time,Female
(1) Full-time worker,(1) Male,7,(1) Strongly agree,18.01428571429,Full-time,Male
(1) Full-time worker,(2) Female,12,(1) Strongly agree,23.53,Full-time,Female
(1) Full-time worker,(2) Female,10,(1) Strongly agree,26,Full-time,Female
(1) Full-time worker,(2) Female,12,(2) Agree,18.5,Full-time,Female
(1) Full-time worker,(2) Female,12,(2) Agree,13.5,Full-time,Female
(1) Full-time worker,(2) Female,NA,(1) Strongly agree,16,Full-time,Female
NA,NA,NA,NA,NA,NA,NA
(1) Full-time worker,(2) Female,10,(2) Agree,21,Full-time,Female
(2) Part-time worker,(2) Female,12,(1) Strongly agree,9,Part-time,Female
(1) Full-time worker,(2) Female,12,(4) Disagree,17,Full-time,Female
(1) Full-time worker,(2) Female,8,NA,10,Full-time,Female
(1) Full-time worker,(2) Female,1,(3) Neither agree nor disagree,12,Full-time,Female
(1) Full-time worker,(2) Female,12,(2) Agree,12,Full-time,Female
(1) Full-time worker,(2) Female,12,(2) Agree,8.56481481482,Full-time,Female
(1) Full-time worker,(2) Female,12,(2) Agree,15,Full-time,Female
(1) Full-time worker,(2) Female,12,(1) Strongly agree,18,Full-time,Female
(1) Full-time worker,(2) Female,12,(1) Strongly agree,17,Full-time,Female
(2) Part-time worker,(2) Female,9,(1) Strongly agree,17.08235294118,Part-time,Female
(2) Part-time worker,(2) Female,9,(1) Strongly agree,18.52941176471,Part-time,Female
(1) Full-time worker,(2) Female,12,(1) Strongly agree,8.5,Full-time,Female
(1) Full-time worker,(2) Female,12,(1) Strongly agree,12.31,Full-time,Female
(1) Full-time worker,(2) Female,12,(3) Neither agree nor disagree,9.5,Full-time,Female
(1) Full-time worker,(2) Female,12,(2) Agree,11,Full-time,Female
(1) Full-time worker,(2) Female,10,(2) Agree,9.25,Full-time,Female
(1) Full-time worker,(2) Female,12,(4) Disagree,11.538461538469999,Full-time,Female
(1) Full-time worker,(2) Female,12,(2) Agree,11.95,Full-time,Female
(2) Part-time worker,(2) Female,9,(2) Agree,12,Part-time,Female
(1) Full-time worker,(2) Female,5,(5) Strongly disagree,10,Full-time,Female
(2) Part-time worker,(2) Female,10,(1) Strongly agree,21.41203703704,Part-time,Female
(2) Part-time worker,(2) Female,10,(2) Agree,NA,Part-time,Female
(2) Part-time worker,(2) Female,12,(3) Neither agree nor disagree,9,Part-time,Female
(1) Full-time worker,(2) Female,12,(2) Agree,8,Full-time,Female
(1) Full-time worker,(2) Female,10,(1) Strongly agree,11.5,Full-time,Female
(1) Full-time worker,(2) Female,12,(2) Agree,12.9375,Full-time,Female
(2) Part-time worker,(2) Female,12,(5) Strongly disagree,11,Part-time,Female
(1) Full-time worker,(2) Female,12,(2) Agree,11.75,Full-time,Female
NA,NA,NA,NA,NA,NA,NA
(1) Full-time worker,(2) Female,12,(2) Agree,20,Full-time,Female
(1) Full-time worker,(2) Female,11,(2) Agree,16,Full-time,Female
(1) Full-time worker,(2) Female,12,(2) Agree,30,Full-time,Female
(2) Part-time worker,(2) Female,11,(2) Agree,23,Part-time,Female
(1) Full-time worker,(2) Female,12,(1) Strongly agree,24,Full-time,Female
NA,NA,NA,NA,NA,NA,NA
NA,NA,NA,NA,NA,NA,NA
(1) Full-time worker,(2) Female,12,(3) Neither agree nor disagree,11,Full-time,Female
(1) Full-time worker,(2) Female,9,(3) Neither agree nor disagree,12.5,Full-time,Female
(1) Full-time worker,(2) Female,6,(1) Strongly agree,6.92307692308,Full-time,Female
(1) Full-time worker,(2) Female,12,(4) Disagree,9.5,Full-time,Female
(1) Full-time worker,(2) Female,12,(2) Agree,14.10256410257,Full-time,Female
(2) Part-time worker,(2) Female,9,(1) Strongly agree,10,Part-time,Female
(1) Full-time worker,(2) Female,12,(2) Agree,15,Full-time,Female
(2) Part-time worker,(2) Female,12,(3) Neither agree nor disagree,51.42857142858,Part-time,Female
(1) Full-time worker,(2) Female,10,(2) Agree,21.02102102103,Full-time,Female
(1) Full-time worker,(2) Female,12,(4) Disagree,12.68,Full-time,Female
(1) Full-time worker,(2) Female,12,(1) Strongly agree,NA,Full-time,Female
(2) Part-time worker,(2) Female,7,(1) Strongly agree,24,Part-time,Female
(2) Part-time worker,(2) Female,12,(1) Strongly agree,10,Part-time,Female
(1) Full-time worker,(2) Female,12,(1) Strongly agree,NA,Full-time,Female
(1) Full-time worker,(2) Female,12,(1) Strongly agree,14,Full-time,Female
(2) Part-time worker,(2) Female,12,(1) Strongly agree,12,Part-time,Female
(1) Full-time worker,(2) Female,7,(2) Agree,10,Full-time,Female
(1) Full-time worker,(2) Female,12,(2) Agree,14,Full-time,Female
(2) Part-time worker,(2) Female,12,(2) Agree,12,Part-time,Female
(1) Full-time worker,(2) Female,12,(1) Strongly agree,16.25,Full-time,Female
(1) Full-time worker,(2) Female,12,(2) Agree,16.5,Full-time,Female
(1) Full-time worker,(2) Female,12,(2) Agree,19,Full-time,Female
(2) Part-time worker,(2) Female,1,(5) Strongly disagree,14.4,Part-time,Female
(1) Full-time worker,(2) Female,12,(2) Agree,1.5,Full-time,Female
(1) Full-time worker,(2) Female,12,(1) Strongly agree,11,Full-time,Female
(1) Full-time worker,(2) Female,12,(2) Agree,9,Full-time,Female
NA,NA,NA,NA,NA,NA,NA
(2) Part-time worker,(2) Female,8,(1) Strongly agree,13,Part-time,Female
(1) Full-time worker,(2) Female,12,(2) Agree,12.5,Full-time,Female
NA,NA,NA,NA,NA,NA,NA
(2) Part-time worker,(2) Female,10,(2) Agree,NA,Part-time,Female
(1) Full-time worker,(2) Female,12,(1) Strongly agree,13,Full-time,Female
(2) Part-time worker,(2) Female,9,(1) Strongly agree,12.55,Part-time,Female
(1) Full-time worker,(2) Female,12,(2) Agree,13.5,Full-time,Female
(2) Part-time worker,(2) Female,6,(2) Agree,51.42857142858,Part-time,Female
(1) Full-time worker,(2) Female,NA,(5) Strongly disagree,10.25,Full-time,Female
(1) Full-time worker,(2) Female,12,(2) Agree,13.75,Full-time,Female
(1) Full-time worker,(1) Male,12,(1) Strongly agree,NA,Full-time,Male
(1) Full-time worker,(2) Female,10,(2) Agree,53.57142857143,Full-time,Female
(2) Part-time worker,(2) Female,9,(2) Agree,29.62962962963,Part-time,Female
(2) Part-time worker,(2) Female,6,(1) Strongly agree,8.63333333334,Part-time,Female
(1) Full-time worker,(2) Female,9,(2) Agree,11,Full-time,Female
(1) Full-time worker,(2) Female,12,(2) Agree,11.25,Full-time,Female
NA,NA,NA,NA,NA,NA,NA
(2) Part-time worker,(2) Female,12,(5) Strongly disagree,14.34,Part-time,Female
(1) Full-time worker,(2) Female,12,(2) Agree,10,Full-time,Female
NA,NA,NA,NA,NA,NA,NA
(1) Full-time worker,(2) Female,9,(2) Agree,NA,Full-time,Female
(1) Full-time worker,(2) Female,10,(1) Strongly agree,15,Full-time,Female
NA,NA,NA,NA,NA,NA,NA
(1) Full-time worker,(2) Female,12,(1) Strongly agree,8.25396825397,Full-time,Female
(2) Part-time worker,(2) Female,9,(1) Strongly agree,12.5,Part-time,Female
(1) Full-time worker,(2) Female,12,(1) Strongly agree,14,Full-time,Female
(2) Part-time worker,(2) Female,12,(1) Strongly agree,8.5,Part-time,Female
(2) Part-time worker,(2) Female,10,(1) Strongly agree,13,Part-time,Female
(1) Full-time worker,(2) Female,10,(1) Strongly agree,14.69,Full-time,Female
NA,NA,NA,NA,NA,NA,NA
(1) Full-time worker,(2) Female,12,(1) Strongly agree,13,Full-time,Female
(1) Full-time worker,(2) Female,12,(1) Strongly agree,12,Full-time,Female
(1) Full-time worker,(2) Female,12,(1) Strongly agree,NA,Full-time,Female
(1) Full-time worker,(2) Female,12,(3) Neither agree nor disagree,25.961538461539998,Full-time,Female
(1) Full-time worker,(2) Female,12,(1) Strongly agree,11,Full-time,Female
NA,NA,NA,NA,NA,NA,NA
(1) Full-time worker,(1) Male,10,(2) Agree,NA,Full-time,Male
(1) Full-time worker,(2) Female,10,(2) Agree,15.77,Full-time,Female
(2) Part-time worker,(2) Female,9,(2) Agree,5.91724137932,Part-time,Female
(1) Full-time worker,(2) Female,12,(1) Strongly agree,17.5,Full-time,Female
NA,NA,NA,NA,NA,NA,NA
(2) Part-time worker,(2) Female,12,(2) Agree,8.33333333334,Part-time,Female
(2) Part-time worker,(2) Female,5,(1) Strongly agree,8.6,Part-time,Female
(2) Part-time worker,(2) Female,10,(1) Strongly agree,20.83333333334,Part-time,Female
(2) Part-time worker,(2) Female,12,(1) Strongly agree,7.25,Part-time,Female
(1) Full-time worker,(2) Female,12,(1) Strongly agree,2.30769230769,Full-time,Female
(1) Full-time worker,(2) Female,12,(1) Strongly agree,13.45,Full-time,Female
(1) Full-time worker,(2) Female,12,(1) Strongly agree,9,Full-time,Female
(1) Full-time worker,(2) Female,12,(1) Strongly agree,12,Full-time,Female
(1) Full-time worker,(2) Female,6,(1) Strongly agree,8.75,Full-time,Female
(1) Full-time worker,(2) Female,9,(2) Agree,17,Full-time,Female
(1) Full-time worker,(2) Female,12,(1) Strongly agree,14.75,Full-time,Female
(2) Part-time worker,(2) Female,2,(1) Strongly agree,9.25,Part-time,Female
(2) Part-time worker,(2) Female,9,(1) Strongly agree,13.45,Part-time,Female
(1) Full-time worker,(2) Female,12,(1) Strongly agree,24.28571428572,Full-time,Female
(1) Full-time worker,(2) Female,11,(2) Agree,17,Full-time,Female
(1) Full-time worker,(2) Female,12,(1) Strongly agree,7.91666666667,Full-time,Female
NA,NA,NA,NA,NA,NA,NA
NA,NA,NA,NA,NA,NA,NA
NA,NA,NA,NA,NA,NA,NA
(1) Full-time worker,(2) Female,11,(2) Agree,24,Full-time,Female
(1) Full-time worker,(2) Female,12,(1) Strongly agree,11.38,Full-time,Female
(1) Full-time worker,(2) Female,12,(1) Strongly agree,8.4,Full-time,Female
(2) Part-time worker,(2) Female,12,(2) Agree,7.55,Part-time,Female
(2) Part-time worker,(2) Female,12,(2) Agree,8,Part-time,Female
(1) Full-time worker,(2) Female,12,(1) Strongly agree,25,Full-time,Female
(1) Full-time worker,(1) Male,9,(1) Strongly agree,18,Full-time,Male
(1) Full-time worker,(2) Female,12,(1) Strongly agree,15.6,Full-time,Female
(1) Full-time worker,(2) Female,12,(2) Agree,22,Full-time,Female
(1) Full-time worker,(2) Female,12,(1) Strongly agree,10,Full-time,Female
(1) Full-time worker,(2) Female,12,(3) Neither agree nor disagree,11.33,Full-time,Female
(1) Full-time worker,(2) Female,5,(1) Strongly agree,15,Full-time,Female
(1) Full-time worker,(2) Female,9,(2) Agree,21,Full-time,Female
(1) Full-time worker,(2) Female,12,(3) Neither agree nor disagree,16.78321678322,Full-time,Female
(1) Full-time worker,(2) Female,10,(2) Agree,27.85714285715,Full-time,Female
(1) Full-time worker,(2) Female,12,(2) Agree,9,Full-time,Female
(1) Full-time worker,(2) Female,12,(2) Agree,11.11111111112,Full-time,Female
(1) Full-time worker,(2) Female,10,(1) Strongly agree,NA,Full-time,Female
(1) Full-time worker,(2) Female,12,(1) Strongly agree,9,Full-time,Female
(1) Full-time worker,(2) Female,12,(1) Strongly agree,47.22222222223,Full-time,Female
(1) Full-time worker,(2) Female,12,(2) Agree,15,Full-time,Female
NA,NA,NA,NA,NA,NA,NA
(2) Part-time worker,(2) Female,1,(1) Strongly agree,9,Part-time,Female
(1) Full-time worker,(2) Female,12,(2) Agree,14.1,Full-time,Female
(1) Full-time worker,(2) Female,8,(1) Strongly agree,11.5,Full-time,Female
(1) Full-time worker,(2) Female,8,(1) Strongly agree,14,Full-time,Female
(1) Full-time worker,(2) Female,12,(2) Agree,11.5,Full-time,Female
(2) Part-time worker,(2) Female,1,(5) Strongly disagree,9,Part-time,Female
(1) Full-time worker,(2) Female,1,(1) Strongly agree,9,Full-time,Female
(1) Full-time worker,(2) Female,12,(1) Strongly agree,15,Full-time,Female
(1) Full-time worker,(2) Female,12,(1) Strongly agree,16.83,Full-time,Female
(1) Full-time worker,(2) Female,12,(1) Strongly agree,13.4,Full-time,Female
(1) Full-time worker,(2) Female,9,(1) Strongly agree,NA,Full-time,Female
(1) Full-time worker,(2) Female,3,(1) Strongly agree,8.5,Full-time,Female
(2) Part-time worker,(2) Female,12,(4) Disagree,8.5,Part-time,Female
(1) Full-time worker,(2) Female,12,(1) Strongly agree,NA,Full-time,Female
(1) Full-time worker,(2) Female,12,(1) Strongly agree,18.75,Full-time,Female
(1) Full-time worker,(2) Female,12,(2) Agree,26.04,Full-time,Female
(1) Full-time worker,(2) Female,10,(1) Strongly agree,11,Full-time,Female
(1) Full-time worker,(2) Female,12,(2) Agree,11,Full-time,Female
(1) Full-time worker,(2) Female,12,(2) Agree,13,Full-time,Female
(1) Full-time worker,(2) Female,12,(1) Strongly agree,10,Full-time,Female
(1) Full-time worker,(2) Female,5,(2) Agree,14.54,Full-time,Female
(1) Full-time worker,(2) Female,12,(2) Agree,13.69565217392,Full-time,Female
(1) Full-time worker,(2) Female,12,(3) Neither agree nor disagree,11.22661122662,Full-time,Female
(1) Full-time worker,(2) Female,7,(1) Strongly agree,15.5,Full-time,Female
(1) Full-time worker,(2) Female,NA,(1) Strongly agree,15,Full-time,Female
(1) Full-time worker,(2) Female,12,(3) Neither agree nor disagree,NA,Full-time,Female
(1) Full-time worker,(2) Female,4,(3) Neither agree nor disagree,7.96878378379,Full-time,Female
(1) Full-time worker,(2) Female,12,(1) Strongly agree,15,Full-time,Female
(1) Full-time worker,(2) Female,8,(2) Agree,14,Full-time,Female
(2) Part-time worker,(2) Female,12,(1) Strongly agree,15,Part-time,Female
(2) Part-time worker,(2) Female,12,(1) Strongly agree,51.42857142858,Part-time,Female
(2) Part-time worker,(2) Female,6,(2) Agree,107.32142857143,Part-time,Female
(2) Part-time worker,(2) Female,9,(2) Agree,33.33333333334,Part-time,Female
(1) Full-time worker,(2) Female,12,(1) Strongly agree,15.54054054055,Full-time,Female
(1) Full-time worker,(2) Female,11,(1) Strongly agree,7.91775,Full-time,Female
(1) Full-time worker,(2) Female,11,(3) Neither agree nor disagree,12.5,Full-time,Female
(1) Full-time worker,(2) Female,12,(2) Agree,16.5,Full-time,Female
(1) Full-time worker,(2) Female,12,(2) Agree,10,Full-time,Female
(2) Part-time worker,(2) Female,12,(1) Strongly agree,9.75,Part-time,Female
(1) Full-time worker,NA,12,NA,20,Full-time,NA
(1) Full-time worker,(1) Male,8,(2) Agree,9.25,Full-time,Male
(1) Full-time worker,(2) Female,12,(2) Agree,13.7,Full-time,Female
(1) Full-time worker,(2) Female,12,(2) Agree,10.80000000001,Full-time,Female
NA,NA,NA,NA,NA,NA,NA
(1) Full-time worker,(2) Female,10,(2) Agree,16.45161290323,Full-time,Female
(2) Part-time worker,(2) Female,12,(1) Strongly agree,15.88,Part-time,Female
(2) Part-time worker,(2) Female,10,(2) Agree,12.5,Part-time,Female
(1) Full-time worker,(2) Female,11,(1) Strongly agree,51.42857142858,Full-time,Female
NA,NA,NA,NA,NA,NA,NA
(1) Full-time worker,(2) Female,12,(1) Strongly agree,5.76923076924,Full-time,Female
NA,NA,NA,NA,NA,NA,NA
(1) Full-time worker,(2) Female,10,(2) Agree,NA,Full-time,Female
(2) Part-time worker,(2) Female,12,(1) Strongly agree,8,Part-time,Female
(2) Part-time worker,(2) Female,12,(2) Agree,NA,Part-time,Female
(1) Full-time worker,(2) Female,10,(3) Neither agree nor disagree,38.88888888889,Full-time,Female
NA,(2) Female,11,NA,NA,NA,Female
(1) Full-time worker,(2) Female,6,(1) Strongly agree,7.75,Full-time,Female
NA,NA,NA,NA,51.42857142858,NA,NA
(1) Full-time worker,(2) Female,10,(1) Strongly agree,9,Full-time,Female
(1) Full-time worker,(2) Female,10,(1) Strongly agree,18.11025641026,Full-time,Female
(1) Full-time worker,(2) Female,12,(4) Disagree,13.75,Full-time,Female
NA,NA,NA,NA,NA,NA,NA
(1) Full-time worker,(2) Female,5,(1) Strongly agree,15,Full-time,Female
(1) Full-time worker,(2) Female,12,(2) Agree,13,Full-time,Female
(1) Full-time worker,(2) Female,12,(2) Agree,13.75,Full-time,Female
(1) Full-time worker,(2) Female,12,(4) Disagree,19.25,Full-time,Female
(1) Full-time worker,(2) Female,9,(2) Agree,NA,Full-time,Female
NA,NA,NA,NA,NA,NA,NA
(1) Full-time worker,(2) Female,12,(1) Strongly agree,NA,Full-time,Female
(1) Full-time worker,(2) Female,12,(1) Strongly agree,9,Full-time,Female
NA,NA,NA,NA,NA,NA,NA
(1) Full-time worker,(1) Male,12,(1) Strongly agree,13.46153846154,Full-time,Male
(2) Part-time worker,(2) Female,12,(2) Agree,8,Part-time,Female
(1) Full-time worker,(2) Female,12,(4) Disagree,12.04,Full-time,Female
(1) Full-time worker,(2) Female,12,(4) Disagree,14.99,Full-time,Female
(1) Full-time worker,(2) Female,10,(2) Agree,9,Full-time,Female
NA,NA,NA,NA,NA,NA,NA
(1) Full-time worker,(2) Female,12,(2) Agree,12,Full-time,Female
(1) Full-time worker,(2) Female,1,(2) Agree,9,Full-time,Female
(2) Part-time worker,(2) Female,12,(1) Strongly agree,9.5,Part-time,Female
(1) Full-time worker,(2) Female,12,(2) Agree,11.8,Full-time,Female
(1) Full-time worker,(2) Female,12,(1) Strongly agree,22.575,Full-time,Female
(1) Full-time worker,(2) Female,12,(2) Agree,10,Full-time,Female
(1) Full-time worker,(2) Female,12,(1) Strongly agree,21.875,Full-time,Female
(2) Part-time worker,(2) Female,10,(3) Neither agree nor disagree,17.61904761905,Part-time,Female
(1) Full-time worker,(2) Female,12,(2) Agree,9.25,Full-time,Female
(2) Part-time worker,(2) Female,12,(2) Agree,11.8,Part-time,Female
NA,NA,NA,NA,NA,NA,NA
NA,NA,NA,NA,NA,NA,NA
(1) Full-time worker,(2) Female,12,(3) Neither agree nor disagree,9,Full-time,Female
(1) Full-time worker,(2) Female,12,(3) Neither agree nor disagree,NA,Full-time,Female
(2) Part-time worker,(2) Female,12,(2) Agree,NA,Part-time,Female
(1) Full-time worker,(2) Female,2,(1) Strongly agree,12,Full-time,Female
(2) Part-time worker,(2) Female,12,(2) Agree,18.52941176471,Part-time,Female
(1) Full-time worker,(2) Female,12,(1) Strongly agree,22.47,Full-time,Female
NA,NA,NA,NA,NA,NA,NA
(1) Full-time worker,(2) Female,12,(2) Agree,22.15,Full-time,Female
(1) Full-time worker,(2) Female,12,(1) Strongly agree,17.5,Full-time,Female
(1) Full-time worker,(2) Female,12,(1) Strongly agree,15.5,Full-time,Female
(2) Part-time worker,(2) Female,3,(1) Strongly agree,7.75,Part-time,Female
(1) Full-time worker,(2) Female,12,(2) Agree,13.5,Full-time,Female
(1) Full-time worker,(2) Female,12,(2) Agree,20,Full-time,Female
(1) Full-time worker,(2) Female,12,(2) Agree,13.46153846154,Full-time,Female
(2) Part-time worker,(2) Female,12,(1) Strongly agree,14,Part-time,Female
(1) Full-time worker,(2) Female,1,(1) Strongly agree,6.42857142858,Full-time,Female
(2) Part-time worker,(2) Female,12,(1) Strongly agree,54.9575,Part-time,Female
(1) Full-time worker,(1) Male,12,(4) Disagree,15.97,Full-time,Male
(1) Full-time worker,(2) Female,12,(2) Agree,22.97297297298,Full-time,Female
(1) Full-time worker,(2) Female,12,(2) Agree,15.98,Full-time,Female
(1) Full-time worker,(2) Female,9,(2) Agree,NA,Full-time,Female
(2) Part-time worker,(2) Female,3,(2) Agree,11,Part-time,Female
(1) Full-time worker,(2) Female,6,(2) Agree,10,Full-time,Female
(1) Full-time worker,(2) Female,12,(1) Strongly agree,13.75,Full-time,Female
(1) Full-time worker,(2) Female,7,(1) Strongly agree,10.25,Full-time,Female
(1) Full-time worker,(2) Female,12,(2) Agree,26.59375,Full-time,Female
(2) Part-time worker,(2) Female,1,(5) Strongly disagree,8,Part-time,Female
(1) Full-time worker,(2) Female,12,(2) Agree,13.12308,Full-time,Female
(1) Full-time worker,(2) Female,9,(2) Agree,13.56,Full-time,Female
(1) Full-time worker,(2) Female,10,(4) Disagree,21.32132132133,Full-time,Female
(2) Part-time worker,(2) Female,8,(1) Strongly agree,9,Part-time,Female
(1) Full-time worker,(2) Female,8,(1) Strongly agree,17.85714285715,Full-time,Female
NA,NA,NA,NA,NA,NA,NA
(1) Full-time worker,(2) Female,12,(2) Agree,17,Full-time,Female
(2) Part-time worker,(2) Female,10,(2) Agree,11,Part-time,Female
(1) Full-time worker,(2) Female,12,(3) Neither agree nor disagree,13.89,Full-time,Female
NA,NA,NA,NA,NA,NA,NA
(1) Full-time worker,(2) Female,12,(1) Strongly agree,12.5,Full-time,Female
(1) Full-time worker,(2) Female,12,(1) Strongly agree,8,Full-time,Female
NA,NA,NA,NA,NA,NA,NA
(1) Full-time worker,(2) Female,9,(1) Strongly agree,28.82882882883,Full-time,Female
(2) Part-time worker,(2) Female,12,(3) Neither agree nor disagree,12.5,Part-time,Female
(1) Full-time worker,(2) Female,10,(1) Strongly agree,19,Full-time,Female
(2) Part-time worker,(2) Female,12,(4) Disagree,7.85,Part-time,Female
(2) Part-time worker,(2) Female,12,(3) Neither agree nor disagree,54.9575,Part-time,Female
(1) Full-time worker,(2) Female,12,(4) Disagree,13,Full-time,Female
NA,NA,NA,NA,NA,NA,NA
(2) Part-time worker,(2) Female,9,(2) Agree,18,Part-time,Female
(2) Part-time worker,(2) Female,9,(2) Agree,18,Part-time,Female
(1) Full-time worker,(2) Female,12,(1) Strongly agree,19.84895833334,Full-time,Female
NA,NA,NA,NA,NA,NA,NA
(2) Part-time worker,(2) Female,12,(1) Strongly agree,10,Part-time,Female
(1) Full-time worker,(2) Female,1,(1) Strongly agree,11.08108108109,Full-time,Female
(2) Part-time worker,(2) Female,7,(1) Strongly agree,10.5,Part-time,Female
(1) Full-time worker,(2) Female,8,(2) Agree,16.54135338346,Full-time,Female
NA,(2) Female,NA,NA,NA,NA,Female
(1) Full-time worker,(2) Female,12,(1) Strongly agree,NA,Full-time,Female
(2) Part-time worker,(2) Female,12,(2) Agree,6.5,Part-time,Female
(1) Full-time worker,(2) Female,12,(2) Agree,9,Full-time,Female
(2) Part-time worker,(2) Female,12,(2) Agree,13,Part-time,Female
(1) Full-time worker,(2) Female,4,(4) Disagree,7.5,Full-time,Female
(1) Full-time worker,(2) Female,8,(1) Strongly agree,14.70588235295,Full-time,Female
(1) Full-time worker,(2) Female,12,(2) Agree,7.25,Full-time,Female
(1) Full-time worker,(2) Female,11,(2) Agree,13.75,Full-time,Female
(1) Full-time worker,(2) Female,12,(2) Agree,14.5,Full-time,Female
(1) Full-time worker,(2) Female,12,(2) Agree,16.5,Full-time,Female
(1) Full-time worker,(2) Female,12,(2) Agree,10.25,Full-time,Female
(1) Full-time worker,(2) Female,12,(2) Agree,10.20408163266,Full-time,Female
(2) Part-time worker,(2) Female,12,(1) Strongly agree,10,Part-time,Female
(1) Full-time worker,(2) Female,12,(1) Strongly agree,16,Full-time,Female
(1) Full-time worker,(2) Female,12,(2) Agree,13.5,Full-time,Female
(1) Full-time worker,(2) Female,12,(2) Agree,37.5,Full-time,Female
(1) Full-time worker,(2) Female,12,(3) Neither agree nor disagree,12.5,Full-time,Female
(1) Full-time worker,(2) Female,12,(1) Strongly agree,12,Full-time,Female
NA,(2) Female,NA,(1) Strongly agree,NA,NA,Female
(1) Full-time worker,(2) Female,5,(2) Agree,10,Full-time,Female
(1) Full-time worker,(2) Female,8,(1) Strongly agree,12,Full-time,Female
(1) Full-time worker,(2) Female,12,(1) Strongly agree,10.82,Full-time,Female
(1) Full-time worker,(2) Female,12,(5) Strongly disagree,16,Full-time,Female
(1) Full-time worker,(2) Female,10,(3) Neither agree nor disagree,20.3,Full-time,Female
(1) Full-time worker,(2) Female,10,(3) Neither agree nor disagree,7.7125,Full-time,Female
(1) Full-time worker,(2) Female,11,(1) Strongly agree,9.8076923077,Full-time,Female
(1) Full-time worker,(2) Female,9,(3) Neither agree nor disagree,20,Full-time,Female
(2) Part-time worker,(2) Female,12,(2) Agree,13,Part-time,Female
(2) Part-time worker,(1) Male,1,(2) Agree,8,Part-time,Male
NA,NA,NA,NA,NA,NA,NA
(1) Full-time worker,(2) Female,12,(1) Strongly agree,17.46,Full-time,Female
(1) Full-time worker,(2) Female,12,(2) Agree,19,Full-time,Female
(2) Part-time worker,(2) Female,6,(2) Agree,6.875,Part-time,Female
(1) Full-time worker,(2) Female,9,(1) Strongly agree,11.59678858163,Full-time,Female
(2) Part-time worker,(2) Female,4,(5) Strongly disagree,9,Part-time,Female
(1) Full-time worker,(2) Female,12,(2) Agree,8.57142857143,Full-time,Female
(1) Full-time worker,(2) Female,12,(1) Strongly agree,10,Full-time,Female
(1) Full-time worker,(2) Female,12,(5) Strongly disagree,5.71428571429,Full-time,Female
(2) Part-time worker,(2) Female,10,(1) Strongly agree,26.90972222223,Part-time,Female
(2) Part-time worker,(2) Female,9,(2) Agree,13.942307692309999,Part-time,Female
NA,NA,NA,NA,NA,NA,NA
(1) Full-time worker,(2) Female,12,(1) Strongly agree,NA,Full-time,Female
(1) Full-time worker,(2) Female,10,(2) Agree,27.59740259741,Full-time,Female
(1) Full-time worker,(2) Female,12,(2) Agree,19.25,Full-time,Female
(2) Part-time worker,(2) Female,NA,(1) Strongly agree,11,Part-time,Female
(1) Full-time worker,(2) Female,12,(2) Agree,15.25,Full-time,Female
(2) Part-time worker,(2) Female,12,(2) Agree,8,Part-time,Female
(1) Full-time worker,(2) Female,12,(1) Strongly agree,NA,Full-time,Female
(1) Full-time worker,(2) Female,10,(3) Neither agree nor disagree,NA,Full-time,Female
(1) Full-time worker,(2) Female,2,(2) Agree,11.27,Full-time,Female
(1) Full-time worker,(2) Female,12,(3) Neither agree nor disagree,13,Full-time,Female
(1) Full-time worker,(2) Female,12,(1) Strongly agree,11.538461538469999,Full-time,Female
(1) Full-time worker,(2) Female,12,(3) Neither agree nor disagree,18.75,Full-time,Female
(1) Full-time worker,(2) Female,12,(2) Agree,15,Full-time,Female
(1) Full-time worker,(2) Female,10,(2) Agree,10,Full-time,Female
(1) Full-time worker,(2) Female,9,(1) Strongly agree,8.1,Full-time,Female
(2) Part-time worker,(2) Female,12,(1) Strongly agree,8.1,Part-time,Female
(1) Full-time worker,(2) Female,11,(2) Agree,16.29,Full-time,Female
(1) Full-time worker,(2) Female,12,(1) Strongly agree,12.13,Full-time,Female
(1) Full-time worker,(2) Female,9,(3) Neither agree nor disagree,39.47368421053,Full-time,Female
NA,NA,NA,NA,NA,NA,NA
(1) Full-time worker,(2) Female,12,(2) Agree,12,Full-time,Female
(1) Full-time worker,(2) Female,12,(3) Neither agree nor disagree,12.75,Full-time,Female
(2) Part-time worker,(2) Female,10,(1) Strongly agree,13,Part-time,Female
(2) Part-time worker,(2) Female,12,(2) Agree,11,Part-time,Female
(1) Full-time worker,(2) Female,12,(1) Strongly agree,8.88000000001,Full-time,Female
(1) Full-time worker,(2) Female,10,(2) Agree,11.78,Full-time,Female
(2) Part-time worker,(2) Female,12,(3) Neither agree nor disagree,NA,Part-time,Female
(1) Full-time worker,(2) Female,1,(1) Strongly agree,12,Full-time,Female
(1) Full-time worker,(2) Female,12,(1) Strongly agree,11,Full-time,Female
(1) Full-time worker,(2) Female,1,(1) Strongly agree,12,Full-time,Female
(1) Full-time worker,(2) Female,12,(2) Agree,13.65,Full-time,Female
(1) Full-time worker,(2) Female,12,(1) Strongly agree,15,Full-time,Female
(1) Full-time worker,(2) Female,7,(2) Agree,11,Full-time,Female
(1) Full-time worker,(2) Female,10,(1) Strongly agree,15,Full-time,Female
(1) Full-time worker,(2) Female,9,(1) Strongly agree,10.5,Full-time,Female
(1) Full-time worker,(2) Female,12,(2) Agree,13.538461538469999,Full-time,Female
(2) Part-time worker,(2) Female,10,(1) Strongly agree,NA,Part-time,Female
(1) Full-time worker,(2) Female,12,(1) Strongly agree,NA,Full-time,Female
NA,NA,NA,NA,NA,NA,NA
(2) Part-time worker,(2) Female,12,(1) Strongly agree,12,Part-time,Female
(1) Full-time worker,(2) Female,12,(2) Agree,9.30000000001,Full-time,Female
(2) Part-time worker,(2) Female,12,(2) Agree,16,Part-time,Female
(2) Part-time worker,(2) Female,9,(1) Strongly agree,107.5,Part-time,Female
(1) Full-time worker,(2) Female,6,(1) Strongly agree,11,Full-time,Female
(1) Full-time worker,(2) Female,12,(1) Strongly agree,22.94,Full-time,Female
(1) Full-time worker,(2) Female,12,(2) Agree,24.17582417583,Full-time,Female
(2) Part-time worker,(2) Female,9,(2) Agree,20.86,Part-time,Female
(1) Full-time worker,(2) Female,10,(2) Agree,53.38345864662,Full-time,Female
(1) Full-time worker,(2) Female,11,(2) Agree,NA,Full-time,Female
(1) Full-time worker,(2) Female,9,(2) Agree,17,Full-time,Female
(1) Full-time worker,(2) Female,12,(2) Agree,12.18,Full-time,Female
(1) Full-time worker,(1) Male,11,(1) Strongly agree,28.01,Full-time,Male
(1) Full-time worker,(2) Female,8,(1) Strongly agree,8.0375,Full-time,Female
(2) Part-time worker,(2) Female,5,(2) Agree,10.25,Part-time,Female
(1) Full-time worker,(2) Female,4,(1) Strongly agree,NA,Full-time,Female
(1) Full-time worker,(2) Female,6,(1) Strongly agree,10,Full-time,Female
(1) Full-time worker,(2) Female,9,(2) Agree,8.75,Full-time,Female
(1) Full-time worker,(2) Female,10,(5) Strongly disagree,7.33333333334,Full-time,Female
(1) Full-time worker,(2) Female,12,(1) Strongly agree,11.5,Full-time,Female
(1) Full-time worker,(2) Female,12,(2) Agree,7.5,Full-time,Female
(1) Full-time worker,(2) Female,12,(1) Strongly agree,13,Full-time,Female
(1) Full-time worker,(2) Female,9,(2) Agree,12.5,Full-time,Female
(1) Full-time worker,(2) Female,12,(1) Strongly agree,9.5,Full-time,Female
(1) Full-time worker,(2) Female,12,(1) Strongly agree,10.1,Full-time,Female
(1) Full-time worker,(2) Female,NA,(5) Strongly disagree,NA,Full-time,Female
(1) Full-time worker,(2) Female,12,(2) Agree,24.10714285715,Full-time,Female
(1) Full-time worker,(2) Female,12,(1) Strongly agree,14.3,Full-time,Female
(1) Full-time worker,(2) Female,3,(1) Strongly agree,9.25,Full-time,Female
(2) Part-time worker,(2) Female,12,(2) Agree,9,Part-time,Female
(2) Part-time worker,(2) Female,12,(1) Strongly agree,12,Part-time,Female
(1) Full-time worker,(2) Female,6,(1) Strongly agree,17,Full-time,Female
(1) Full-time worker,(2) Female,12,(2) Agree,15,Full-time,Female
(1) Full-time worker,(2) Female,2,(2) Agree,14.25,Full-time,Female
(2) Part-time worker,(2) Female,12,(1) Strongly agree,41.66666666667,Part-time,Female
(2) Part-time worker,(2) Female,7,(3) Neither agree nor disagree,30,Part-time,Female
(1) Full-time worker,(2) Female,10,(1) Strongly agree,10,Full-time,Female
(1) Full-time worker,(2) Female,10,(2) Agree,25,Full-time,Female
(2) Part-time worker,(2) Female,9,(1) Strongly agree,17.21,Part-time,Female
(1) Full-time worker,(2) Female,12,(2) Agree,15.76923076924,Full-time,Female
NA,NA,NA,NA,NA,NA,NA
(1) Full-time worker,(2) Female,6,(1) Strongly agree,9.5,Full-time,Female
NA,NA,NA,NA,NA,NA,NA
(1) Full-time worker,(2) Female,12,(1) Strongly agree,NA,Full-time,Female
(2) Part-time worker,(2) Female,11,(2) Agree,17,Part-time,Female
(1) Full-time worker,(2) Female,12,(1) Strongly agree,17,Full-time,Female
(1) Full-time worker,(2) Female,12,(2) Agree,16,Full-time,Female
(1) Full-time worker,(2) Female,12,(2) Agree,NA,Full-time,Female
NA,NA,NA,NA,NA,NA,NA
(1) Full-time worker,(2) Female,12,(2) Agree,9.5,Full-time,Female
(1) Full-time worker,(2) Female,9,(2) Agree,11.83431952663,Full-time,Female
(2) Part-time worker,(2) Female,8,(1) Strongly agree,11.15,Part-time,Female
(2) Part-time worker,(2) Female,1,(2) Agree,8.25,Part-time,Female
(1) Full-time worker,(2) Female,9,(1) Strongly agree,19.38895417157,Full-time,Female
(1) Full-time worker,(2) Female,12,(4) Disagree,16,Full-time,Female
(1) Full-time worker,(2) Female,12,(2) Agree,NA,Full-time,Female
(1) Full-time worker,(2) Female,12,(1) Strongly agree,13.09090909091,Full-time,Female
NA,NA,NA,NA,NA,NA,NA
(1) Full-time worker,(2) Female,12,(2) Agree,8.65,Full-time,Female
(2) Part-time worker,(2) Female,11,(1) Strongly agree,10.5,Part-time,Female
(1) Full-time worker,(2) Female,12,(3) Neither agree nor disagree,12.12121212122,Full-time,Female
(2) Part-time worker,(2) Female,12,(2) Agree,14.75,Part-time,Female
NA,NA,NA,NA,NA,NA,NA
(1) Full-time worker,(2) Female,12,(2) Agree,8,Full-time,Female
(1) Full-time worker,(2) Female,12,(2) Agree,13,Full-time,Female
(1) Full-time worker,(2) Female,10,(2) Agree,11.97777777778,Full-time,Female
(1) Full-time worker,(2) Female,9,(1) Strongly agree,15.78947368422,Full-time,Female
(2) Part-time worker,(2) Female,9,(1) Strongly agree,16.5,Part-time,Female
(1) Full-time worker,(2) Female,12,(1) Strongly agree,12.82051282052,Full-time,Female
(1) Full-time worker,(2) Female,12,(2) Agree,8.75,Full-time,Female
(1) Full-time worker,(2) Female,12,(2) Agree,11,Full-time,Female
(2) Part-time worker,(2) Female,12,(3) Neither agree nor disagree,11,Part-time,Female
(2) Part-time worker,(2) Female,1,(3) Neither agree nor disagree,20.4255319149,Part-time,Female
(1) Full-time worker,(2) Female,3,(1) Strongly agree,10.78947368422,Full-time,Female
(1) Full-time worker,(2) Female,12,(3) Neither agree nor disagree,11,Full-time,Female
(2) Part-time worker,(2) Female,12,(2) Agree,20,Part-time,Female
(1) Full-time worker,(2) Female,12,(1) Strongly agree,14.33,Full-time,Female
(1) Full-time worker,(2) Female,9,(2) Agree,14.5,Full-time,Female
(1) Full-time worker,(2) Female,12,(2) Agree,17.45454545455,Full-time,Female
(2) Part-time worker,(2) Female,9,(1) Strongly agree,12,Part-time,Female
(2) Part-time worker,(2) Female,12,(2) Agree,15,Part-time,Female
(1) Full-time worker,(2) Female,6,(2) Agree,8.5,Full-time,Female
(1) Full-time worker,(2) Female,7,(2) Agree,15.49,Full-time,Female
(1) Full-time worker,(2) Female,8,NA,NA,Full-time,Female
(1) Full-time worker,(2) Female,8,(1) Strongly agree,11,Full-time,Female
(1) Full-time worker,(2) Female,12,(2) Agree,8.75,Full-time,Female
(1) Full-time worker,(2) Female,10,(2) Agree,20.43,Full-time,Female
(1) Full-time worker,(2) Female,12,(1) Strongly agree,10,Full-time,Female
(1) Full-time worker,(2) Female,4,(3) Neither agree nor disagree,8,Full-time,Female
NA,NA,NA,NA,NA,NA,NA
(1) Full-time worker,(2) Female,11,(2) Agree,8.75,Full-time,Female
(1) Full-time worker,(2) Female,12,(2) Agree,18.360125,Full-time,Female
(2) Part-time worker,(2) Female,6,(2) Agree,11,Part-time,Female
(1) Full-time worker,(2) Female,12,(2) Agree,9.4,Full-time,Female
(2) Part-time worker,(2) Female,12,(2) Agree,NA,Part-time,Female
(1) Full-time worker,(2) Female,12,(3) Neither agree nor disagree,6,Full-time,Female
(2) Part-time worker,(2) Female,8,(2) Agree,15,Part-time,Female
(1) Full-time worker,(2) Female,12,(4) Disagree,13.75,Full-time,Female
(1) Full-time worker,(2) Female,8,(1) Strongly agree,13,Full-time,Female
NA,NA,NA,NA,NA,NA,NA
NA,NA,NA,NA,NA,NA,NA
(1) Full-time worker,(2) Female,12,(2) Agree,13.75,Full-time,Female
(1) Full-time worker,(2) Female,9,(1) Strongly agree,10.57,Full-time,Female
NA,(2) Female,NA,(1) Strongly agree,NA,NA,Female
(2) Part-time worker,(2) Female,7,(2) Agree,9.02,Part-time,Female
(1) Full-time worker,(2) Female,NA,(3) Neither agree nor disagree,12,Full-time,Female
(1) Full-time worker,(2) Female,12,(3) Neither agree nor disagree,17,Full-time,Female
(1) Full-time worker,(2) Female,NA,(3) Neither agree nor disagree,8.25,Full-time,Female
(1) Full-time worker,(2) Female,12,(2) Agree,12,Full-time,Female
(1) Full-time worker,(2) Female,12,(2) Agree,13,Full-time,Female
NA,NA,NA,NA,NA,NA,NA
NA,NA,NA,NA,NA,NA,NA
(1) Full-time worker,(2) Female,12,NA,39.61352657005,Full-time,Female
(1) Full-time worker,(2) Female,12,(1) Strongly agree,7.69230769231,Full-time,Female
(1) Full-time worker,(2) Female,12,(1) Strongly agree,9.02,Full-time,Female
(1) Full-time worker,(2) Female,12,(1) Strongly agree,9.02,Full-time,Female
NA,NA,NA,NA,NA,NA,NA
(1) Full-time worker,(2) Female,12,(1) Strongly agree,12.5,Full-time,Female
(1) Full-time worker,(2) Female,12,(2) Agree,43.15315315316,Full-time,Female
(2) Part-time worker,(2) Female,10,(1) Strongly agree,17.8553688824,Part-time,Female
(1) Full-time worker,(2) Female,12,(1) Strongly agree,10,Full-time,Female
(2) Part-time worker,(2) Female,10,(2) Agree,107.5,Part-time,Female
(1) Full-time worker,(2) Female,12,(1) Strongly agree,NA,Full-time,Female
(2) Part-time worker,(2) Female,3,(1) Strongly agree,7.91666666667,Part-time,Female
(1) Full-time worker,(2) Female,12,(2) Agree,9.16666666667,Full-time,Female
(1) Full-time worker,(2) Female,12,(2) Agree,17,Full-time,Female
(1) Full-time worker,(2) Female,6,(1) Strongly agree,17,Full-time,Female
(1) Full-time worker,(2) Female,12,(1) Strongly agree,12.5,Full-time,Female
(1) Full-time worker,(2) Female,10,(1) Strongly agree,NA,Full-time,Female
(2) Part-time worker,(2) Female,6,(1) Strongly agree,10,Part-time,Female
(1) Full-time worker,(2) Female,10,(3) Neither agree nor disagree,15.78947368422,Full-time,Female
(2) Part-time worker,(2) Female,1,(2) Agree,12,Part-time,Female
(1) Full-time worker,(2) Female,11,(2) Agree,17.84,Full-time,Female
(2) Part-time worker,(2) Female,12,(2) Agree,107.5,Part-time,Female
NA,NA,NA,NA,NA,NA,NA
(2) Part-time worker,(2) Female,12,(2) Agree,NA,Part-time,Female
(2) Part-time worker,(2) Female,12,(1) Strongly agree,NA,Part-time,Female
(1) Full-time worker,(2) Female,9,(2) Agree,15,Full-time,Female
(1) Full-time worker,(2) Female,9,(2) Agree,20.81,Full-time,Female
(1) Full-time worker,(2) Female,1,(1) Strongly agree,20,Full-time,Female
(1) Full-time worker,(2) Female,12,(2) Agree,18,Full-time,Female
(1) Full-time worker,(2) Female,10,(1) Strongly agree,35.60606060607,Full-time,Female
(2) Part-time worker,(2) Female,8,(3) Neither agree nor disagree,12,Part-time,Female
NA,NA,NA,NA,NA,NA,NA
(1) Full-time worker,(2) Female,10,(1) Strongly agree,13,Full-time,Female
(1) Full-time worker,(2) Female,12,(2) Agree,9.9,Full-time,Female
(1) Full-time worker,(2) Female,8,(3) Neither agree nor disagree,16.33,Full-time,Female
(1) Full-time worker,(2) Female,9,(2) Agree,8.65,Full-time,Female
(1) Full-time worker,(2) Female,12,(2) Agree,17.23,Full-time,Female
(1) Full-time worker,(2) Female,1,(2) Agree,17.36842105264,Full-time,Female
(1) Full-time worker,(2) Female,12,(3) Neither agree nor disagree,15,Full-time,Female
(1) Full-time worker,(2) Female,12,(1) Strongly agree,10.25,Full-time,Female
(1) Full-time worker,(2) Female,10,(1) Strongly agree,28.88888888889,Full-time,Female
(1) Full-time worker,(2) Female,1,(2) Agree,18,Full-time,Female
(1) Full-time worker,(2) Female,12,(2) Agree,NA,Full-time,Female
(1) Full-time worker,(2) Female,12,(1) Strongly agree,9.5,Full-time,Female
NA,NA,NA,NA,NA,NA,NA
(1) Full-time worker,(2) Female,12,(2) Agree,14,Full-time,Female
(1) Full-time worker,(2) Female,10,(2) Agree,36.11111111112,Full-time,Female
(1) Full-time worker,(2) Female,12,(4) Disagree,12,Full-time,Female
(2) Part-time worker,(2) Female,9,(1) Strongly agree,16.5,Part-time,Female
(1) Full-time worker,(2) Female,12,(2) Agree,16,Full-time,Female
(1) Full-time worker,(2) Female,12,(2) Agree,NA,Full-time,Female
(1) Full-time worker,(2) Female,12,(1) Strongly agree,17,Full-time,Female
(1) Full-time worker,(2) Female,1,(2) Agree,4.72972972973,Full-time,Female
(1) Full-time worker,(2) Female,12,(1) Strongly agree,16.71,Full-time,Female
(1) Full-time worker,(1) Male,8,(3) Neither agree nor disagree,9,Full-time,Male
(1) Full-time worker,(2) Female,12,(2) Agree,16.85000000001,Full-time,Female
(2) Part-time worker,(2) Female,12,(3) Neither agree nor disagree,16.32,Part-time,Female
(1) Full-time worker,(2) Female,6,(1) Strongly agree,14,Full-time,Female
(2) Part-time worker,(2) Female,12,(2) Agree,14.0625,Part-time,Female
(1) Full-time worker,(2) Female,8,(2) Agree,13.02083333334,Full-time,Female
(1) Full-time worker,(2) Female,6,(1) Strongly agree,20,Full-time,Female
(2) Part-time worker,(2) Female,NA,(1) Strongly agree,NA,Part-time,Female
NA,NA,NA,NA,NA,NA,NA
(1) Full-time worker,(2) Female,12,(1) Strongly agree,13.75,Full-time,Female
(1) Full-time worker,(2) Female,12,(1) Strongly agree,14.5,Full-time,Female
(2) Part-time worker,(2) Female,12,(1) Strongly agree,NA,Part-time,Female
(2) Part-time worker,(2) Female,12,(2) Agree,19,Part-time,Female
(1) Full-time worker,(2) Female,12,(1) Strongly agree,NA,Full-time,Female
(1) Full-time worker,(2) Female,12,(1) Strongly agree,13.45,Full-time,Female
(1) Full-time worker,(2) Female,11,(2) Agree,28.43137254902,Full-time,Female
(1) Full-time worker,(2) Female,10,(2) Agree,13.89,Full-time,Female
(1) Full-time worker,(2) Female,12,(1) Strongly agree,14,Full-time,Female
NA,NA,NA,NA,NA,NA,NA
NA,NA,NA,NA,NA,NA,NA
(1) Full-time worker,(2) Female,12,(1) Strongly agree,NA,Full-time,Female
(1) Full-time worker,(2) Female,12,(1) Strongly agree,13.5,Full-time,Female
(1) Full-time worker,(2) Female,10,(4) Disagree,16.48,Full-time,Female
(1) Full-time worker,(2) Female,12,(3) Neither agree nor disagree,16,Full-time,Female
(2) Part-time worker,NA,NA,(2) Agree,8.125,Part-time,NA
(1) Full-time worker,(2) Female,1,(1) Strongly agree,8.25,Full-time,Female
(1) Full-time worker,(2) Female,12,(3) Neither agree nor disagree,11,Full-time,Female
(1) Full-time worker,(2) Female,12,(1) Strongly agree,25,Full-time,Female
(1) Full-time worker,(2) Female,12,(2) Agree,14.14,Full-time,Female
(1) Full-time worker,(2) Female,12,(1) Strongly agree,14.42307692308,Full-time,Female
(2) Part-time worker,(2) Female,10,(1) Strongly agree,4,Part-time,Female
(1) Full-time worker,(2) Female,12,(1) Strongly agree,12,Full-time,Female
(2) Part-time worker,(2) Female,9,(1) Strongly agree,54.9575,Part-time,Female
NA,NA,NA,NA,NA,NA,NA
NA,NA,NA,NA,NA,NA,NA
(1) Full-time worker,(2) Female,12,(1) Strongly agree,8.3076923077,Full-time,Female
(1) Full-time worker,(2) Female,2,(2) Agree,10,Full-time,Female
(1) Full-time worker,(2) Female,12,(1) Strongly agree,12.44444444445,Full-time,Female
(1) Full-time worker,(2) Female,12,(2) Agree,10,Full-time,Female
NA,NA,NA,NA,NA,NA,NA
(1) Full-time worker,(2) Female,10,(2) Agree,16,Full-time,Female
NA,NA,NA,NA,NA,NA,NA
(1) Full-time worker,(2) Female,12,(2) Agree,13.77,Full-time,Female
(1) Full-time worker,(2) Female,12,(1) Strongly agree,18,Full-time,Female
NA,NA,NA,NA,NA,NA,NA
(2) Part-time worker,(2) Female,12,(1) Strongly agree,13,Part-time,Female
(1) Full-time worker,(2) Female,12,(1) Strongly agree,18.75,Full-time,Female
(2) Part-time worker,(2) Female,1,(1) Strongly agree,NA,Part-time,Female
(1) Full-time worker,(2) Female,12,(1) Strongly agree,9,Full-time,Female
(1) Full-time worker,(2) Female,12,(1) Strongly agree,NA,Full-time,Female
(1) Full-time worker,(2) Female,9,(1) Strongly agree,11.56462585035,Full-time,Female
NA,NA,NA,NA,NA,NA,NA
NA,NA,NA,NA,NA,NA,NA
(1) Full-time worker,(2) Female,12,(1) Strongly agree,NA,Full-time,Female
(1) Full-time worker,(2) Female,12,(2) Agree,17.75898520085,Full-time,Female
(1) Full-time worker,(2) Female,NA,(3) Neither agree nor disagree,NA,Full-time,Female
(1) Full-time worker,(2) Female,12,(1) Strongly agree,11.5,Full-time,Female
NA,NA,NA,NA,NA,NA,NA
(1) Full-time worker,(2) Female,10,(2) Agree,19.92394179895,Full-time,Female
(2) Part-time worker,(2) Female,1,(2) Agree,20,Part-time,Female
(2) Part-time worker,(2) Female,12,(1) Strongly agree,NA,Part-time,Female
(2) Part-time worker,(2) Female,9,(2) Agree,15,Part-time,Female
(1) Full-time worker,(2) Female,NA,(2) Agree,3.44566666667,Full-time,Female
(1) Full-time worker,(2) Female,12,(1) Strongly agree,14,Full-time,Female
(1) Full-time worker,(2) Female,12,(1) Strongly agree,17,Full-time,Female
(1) Full-time worker,(2) Female,9,(2) Agree,17.44138888889,Full-time,Female
NA,NA,NA,NA,NA,NA,NA
(1) Full-time worker,(2) Female,10,(2) Agree,33.33333333334,Full-time,Female
(1) Full-time worker,(2) Female,9,(2) Agree,22.5,Full-time,Female
(1) Full-time worker,(1) Male,12,NA,9.41176470589,Full-time,Male
(1) Full-time worker,(1) Male,12,(2) Agree,9.25,Full-time,Male
NA,NA,NA,NA,NA,NA,NA
(1) Full-time worker,(2) Female,12,(1) Strongly agree,NA,Full-time,Female
(2) Part-time worker,(2) Female,9,(2) Agree,10.22000000001,Part-time,Female
(1) Full-time worker,(2) Female,12,(1) Strongly agree,8.75,Full-time,Female
(1) Full-time worker,(2) Female,12,(1) Strongly agree,9,Full-time,Female
(1) Full-time worker,(2) Female,12,(1) Strongly agree,17,Full-time,Female
(1) Full-time worker,(2) Female,12,(1) Strongly agree,12.72727272728,Full-time,Female
(1) Full-time worker,(2) Female,10,(3) Neither agree nor disagree,NA,Full-time,Female
NA,NA,NA,NA,NA,NA,NA
(1) Full-time worker,(2) Female,1,(3) Neither agree nor disagree,14.5,Full-time,Female
(2) Part-time worker,(2) Female,9,(2) Agree,NA,Part-time,Female
NA,NA,NA,NA,NA,NA,NA
(1) Full-time worker,(2) Female,12,(2) Agree,13,Full-time,Female
(1) Full-time worker,(2) Female,12,(1) Strongly agree,17,Full-time,Female
NA,NA,NA,NA,NA,NA,NA
(1) Full-time worker,(2) Female,6,(3) Neither agree nor disagree,12.5,Full-time,Female
(1) Full-time worker,(2) Female,12,(1) Strongly agree,8.57142857143,Full-time,Female
(1) Full-time worker,(2) Female,12,(1) Strongly agree,11.38461538462,Full-time,Female
(2) Part-time worker,(2) Female,12,(2) Agree,10,Part-time,Female
(1) Full-time worker,(2) Female,12,(1) Strongly agree,10.5,Full-time,Female
(1) Full-time worker,(2) Female,11,(1) Strongly agree,13.5,Full-time,Female
(1) Full-time worker,(2) Female,12,(2) Agree,11.5,Full-time,Female
(1) Full-time worker,(2) Female,12,(2) Agree,11,Full-time,Female
(1) Full-time worker,(2) Female,12,(1) Strongly agree,8.56,Full-time,Female
(1) Full-time worker,(2) Female,9,(2) Agree,16,Full-time,Female
(1) Full-time worker,(2) Female,12,(2) Agree,11.11111111112,Full-time,Female
(1) Full-time worker,(2) Female,12,(2) Agree,12.5,Full-time,Female
(1) Full-time worker,(2) Female,12,(2) Agree,27.08333333334,Full-time,Female
(1) Full-time worker,(2) Female,10,(2) Agree,11.42857142858,Full-time,Female
(1) Full-time worker,(2) Female,12,(4) Disagree,11.25,Full-time,Female
(1) Full-time worker,(2) Female,12,(1) Strongly agree,11.41304347827,Full-time,Female
(2) Part-time worker,(2) Female,12,(2) Agree,11.75,Part-time,Female
(1) Full-time worker,(2) Female,8,(2) Agree,16.63783783784,Full-time,Female
(2) Part-time worker,(2) Female,7,(1) Strongly agree,51.42857142858,Part-time,Female
(1) Full-time worker,(2) Female,12,(2) Agree,17,Full-time,Female
(1) Full-time worker,(2) Female,12,(2) Agree,28.75,Full-time,Female
(2) Part-time worker,(2) Female,12,(2) Agree,12,Part-time,Female
(1) Full-time worker,(2) Female,12,(1) Strongly agree,15,Full-time,Female
(1) Full-time worker,(2) Female,12,(1) Strongly agree,12.89473684211,Full-time,Female
(1) Full-time worker,(2) Female,NA,(1) Strongly agree,9.65,Full-time,Female
(1) Full-time worker,(2) Female,10,(1) Strongly agree,21.59090909091,Full-time,Female
(1) Full-time worker,(2) Female,12,(1) Strongly agree,14.71,Full-time,Female
(1) Full-time worker,(2) Female,2,(1) Strongly agree,9,Full-time,Female
(1) Full-time worker,(2) Female,8,(5) Strongly disagree,16,Full-time,Female
NA,NA,NA,NA,NA,NA,NA
NA,NA,NA,NA,NA,NA,NA
(1) Full-time worker,(2) Female,6,(3) Neither agree nor disagree,8.55000000001,Full-time,Female
(1) Full-time worker,(2) Female,12,(3) Neither agree nor disagree,9.25,Full-time,Female
(1) Full-time worker,(2) Female,12,(1) Strongly agree,10,Full-time,Female
(1) Full-time worker,(2) Female,12,(2) Agree,7.65,Full-time,Female
(1) Full-time worker,(2) Female,2,(1) Strongly agree,19,Full-time,Female
(1) Full-time worker,(2) Female,3,(2) Agree,10,Full-time,Female
(1) Full-time worker,(2) Female,12,(1) Strongly agree,6.25,Full-time,Female
(1) Full-time worker,(2) Female,12,(3) Neither agree nor disagree,16,Full-time,Female
(2) Part-time worker,(2) Female,12,(2) Agree,10.5,Part-time,Female
(2) Part-time worker,(2) Female,8,(3) Neither agree nor disagree,14.26329861112,Part-time,Female
NA,NA,NA,NA,NA,NA,NA
(1) Full-time worker,(2) Female,12,(1) Strongly agree,4.63636363637,Full-time,Female
(1) Full-time worker,(2) Female,12,(2) Agree,10.5,Full-time,Female
(1) Full-time worker,(2) Female,12,(1) Strongly agree,11,Full-time,Female
NA,NA,NA,NA,NA,NA,NA
(1) Full-time worker,(2) Female,12,(1) Strongly agree,18.75,Full-time,Female
(1) Full-time worker,(2) Female,12,(2) Agree,13.69047619048,Full-time,Female
(1) Full-time worker,(2) Female,12,(1) Strongly agree,10.25,Full-time,Female
(1) Full-time worker,(2) Female,12,(1) Strongly agree,10,Full-time,Female
(1) Full-time worker,(2) Female,12,(1) Strongly agree,11.2,Full-time,Female
(2) Part-time worker,(1) Male,12,(2) Agree,17,Part-time,Male
(1) Full-time worker,(1) Male,12,(2) Agree,6.25,Full-time,Male
(1) Full-time worker,(2) Female,12,(3) Neither agree nor disagree,14,Full-time,Female
NA,NA,NA,NA,NA,NA,NA
(1) Full-time worker,(2) Female,11,(4) Disagree,18,Full-time,Female
(1) Full-time worker,(2) Female,10,(1) Strongly agree,107.5,Full-time,Female
(1) Full-time worker,(2) Female,12,(1) Strongly agree,40,Full-time,Female
(1) Full-time worker,(2) Female,12,(4) Disagree,12,Full-time,Female
(1) Full-time worker,(2) Female,12,(2) Agree,NA,Full-time,Female
(1) Full-time worker,(2) Female,12,(3) Neither agree nor disagree,NA,Full-time,Female
(2) Part-time worker,(2) Female,12,(2) Agree,21,Part-time,Female
(2) Part-time worker,(2) Female,12,(1) Strongly agree,9.5,Part-time,Female
(2) Part-time worker,(2) Female,12,(1) Strongly agree,12.5,Part-time,Female
(1) Full-time worker,(2) Female,8,(2) Agree,42.85714285715,Full-time,Female
(1) Full-time worker,(2) Female,12,(2) Agree,13,Full-time,Female
(1) Full-time worker,(2) Female,12,(3) Neither agree nor disagree,9.5,Full-time,Female
(1) Full-time worker,(2) Female,5,(5) Strongly disagree,9,Full-time,Female
NA,NA,NA,NA,NA,NA,NA
(2) Part-time worker,(2) Female,2,(1) Strongly agree,107.5,Part-time,Female
(1) Full-time worker,(2) Female,12,(2) Agree,13.5,Full-time,Female
(1) Full-time worker,(2) Female,12,(1) Strongly agree,8.46000000001,Full-time,Female
(2) Part-time worker,(2) Female,12,(2) Agree,14.6,Part-time,Female
(1) Full-time worker,(2) Female,12,(2) Agree,27.77777777778,Full-time,Female
(1) Full-time worker,(2) Female,12,(1) Strongly agree,15,Full-time,Female
NA,NA,NA,NA,NA,NA,NA
(1) Full-time worker,(2) Female,12,(2) Agree,8,Full-time,Female
NA,NA,NA,NA,NA,NA,NA
(1) Full-time worker,(2) Female,12,(3) Neither agree nor disagree,NA,Full-time,Female
NA,NA,NA,NA,NA,NA,NA
(1) Full-time worker,NA,12,NA,15,Full-time,NA
(1) Full-time worker,(2) Female,1,(2) Agree,14,Full-time,Female
(1) Full-time worker,(2) Female,9,(1) Strongly agree,15.42857142858,Full-time,Female
(1) Full-time worker,(2) Female,10,(1) Strongly agree,18.48,Full-time,Female
NA,(2) Female,11,(2) Agree,45.40540540541,NA,Female
(1) Full-time worker,(2) Female,10,(2) Agree,17.02,Full-time,Female
(1) Full-time worker,(2) Female,10,(1) Strongly agree,25,Full-time,Female
(2) Part-time worker,(2) Female,12,(1) Strongly agree,16.35000000001,Part-time,Female
(1) Full-time worker,(2) Female,12,(1) Strongly agree,23,Full-time,Female
(1) Full-time worker,(2) Female,12,(2) Agree,33.91812865498,Full-time,Female
(1) Full-time worker,(2) Female,4,(2) Agree,9,Full-time,Female
(1) Full-time worker,(2) Female,12,(2) Agree,9,Full-time,Female
(1) Full-time worker,(2) Female,12,(1) Strongly agree,11.62790697675,Full-time,Female
(1) Full-time worker,(2) Female,12,(3) Neither agree nor disagree,9,Full-time,Female
NA,NA,NA,NA,NA,NA,NA
(2) Part-time worker,(2) Female,12,(1) Strongly agree,12.64705882353,Part-time,Female
(1) Full-time worker,(2) Female,12,(1) Strongly agree,11.5,Full-time,Female
(2) Part-time worker,(2) Female,9,(1) Strongly agree,12.25,Part-time,Female
(1) Full-time worker,(2) Female,9,(3) Neither agree nor disagree,15.83333333334,Full-time,Female
(1) Full-time worker,(2) Female,12,(2) Agree,15.625,Full-time,Female
(1) Full-time worker,(2) Female,12,(4) Disagree,12,Full-time,Female
(1) Full-time worker,NA,12,(5) Strongly disagree,19.5,Full-time,NA
(1) Full-time worker,(2) Female,12,(3) Neither agree nor disagree,19.711538461539998,Full-time,Female
(2) Part-time worker,(2) Female,10,(2) Agree,16.57,Part-time,Female
(2) Part-time worker,(2) Female,12,(1) Strongly agree,18.33333333334,Part-time,Female
(1) Full-time worker,(2) Female,12,(1) Strongly agree,14.4,Full-time,Female
NA,NA,NA,NA,NA,NA,NA
NA,NA,NA,NA,NA,NA,NA
(1) Full-time worker,(2) Female,12,(1) Strongly agree,NA,Full-time,Female
(1) Full-time worker,(2) Female,12,(1) Strongly agree,10.52631578948,Full-time,Female
(1) Full-time worker,(2) Female,12,(1) Strongly agree,NA,Full-time,Female
(1) Full-time worker,(2) Female,12,(1) Strongly agree,10,Full-time,Female
(2) Part-time worker,(2) Female,12,(1) Strongly agree,12,Part-time,Female
NA,NA,NA,NA,NA,NA,NA
(1) Full-time worker,(2) Female,12,(2) Agree,17.2,Full-time,Female
(1) Full-time worker,(2) Female,8,(2) Agree,7.5,Full-time,Female
NA,NA,NA,NA,NA,NA,NA
(1) Full-time worker,(2) Female,10,(1) Strongly agree,13.75,Full-time,Female
(1) Full-time worker,(2) Female,12,(1) Strongly agree,17.14285714286,Full-time,Female
(1) Full-time worker,(2) Female,10,(1) Strongly agree,16,Full-time,Female
(2) Part-time worker,(2) Female,10,(1) Strongly agree,11,Part-time,Female
(1) Full-time worker,(2) Female,12,(1) Strongly agree,12,Full-time,Female
(1) Full-time worker,(2) Female,12,(2) Agree,11,Full-time,Female
(1) Full-time worker,(2) Female,12,(2) Agree,9.09090909091,Full-time,Female
(2) Part-time worker,(2) Female,9,(2) Agree,18,Part-time,Female
(1) Full-time worker,(2) Female,8,(5) Strongly disagree,11.75,Full-time,Female
(1) Full-time worker,(2) Female,10,(1) Strongly agree,12.5,Full-time,Female
(1) Full-time worker,(2) Female,12,(1) Strongly agree,10,Full-time,Female
(1) Full-time worker,(2) Female,12,(1) Strongly agree,10.5,Full-time,Female
(2) Part-time worker,(2) Female,3,(5) Strongly disagree,54.9575,Part-time,Female
(1) Full-time worker,(2) Female,12,(1) Strongly agree,16.19736842106,Full-time,Female
(1) Full-time worker,(2) Female,12,(2) Agree,10,Full-time,Female
(1) Full-time worker,(2) Female,10,(2) Agree,10.80000000001,Full-time,Female
(1) Full-time worker,(2) Female,6,(1) Strongly agree,15,Full-time,Female
(1) Full-time worker,(1) Male,12,(1) Strongly agree,13,Full-time,Male
(1) Full-time worker,(2) Female,3,(2) Agree,15,Full-time,Female
(1) Full-time worker,(2) Female,12,(1) Strongly agree,NA,Full-time,Female
(1) Full-time worker,NA,12,(4) Disagree,NA,Full-time,NA
(2) Part-time worker,(2) Female,1,(1) Strongly agree,8.85,Part-time,Female
(2) Part-time worker,(2) Female,12,(4) Disagree,9.75,Part-time,Female
(1) Full-time worker,(2) Female,10,(3) Neither agree nor disagree,10.38000000001,Full-time,Female
(1) Full-time worker,(2) Female,12,(2) Agree,NA,Full-time,Female
(2) Part-time worker,(2) Female,10,(1) Strongly agree,12,Part-time,Female
(1) Full-time worker,(2) Female,11,(3) Neither agree nor disagree,28.125,Full-time,Female
(1) Full-time worker,(2) Female,4,(1) Strongly agree,12,Full-time,Female
(1) Full-time worker,(2) Female,12,(1) Strongly agree,11,Full-time,Female
(1) Full-time worker,(2) Female,12,(1) Strongly agree,12.5,Full-time,Female
(1) Full-time worker,(2) Female,12,(1) Strongly agree,14.5,Full-time,Female
(2) Part-time worker,(2) Female,4,(1) Strongly agree,9.35,Part-time,Female
(2) Part-time worker,(2) Female,12,(1) Strongly agree,13,Part-time,Female
(1) Full-time worker,(2) Female,12,(1) Strongly agree,10,Full-time,Female
(2) Part-time worker,(2) Female,12,(4) Disagree,52.85714285715,Part-time,Female
(1) Full-time worker,(2) Female,11,(2) Agree,NA,Full-time,Female
(1) Full-time worker,(2) Female,11,(2) Agree,17.43,Full-time,Female
(2) Part-time worker,(2) Female,9,(1) Strongly agree,20,Part-time,Female
NA,NA,NA,NA,NA,NA,NA
(1) Full-time worker,(1) Male,9,(1) Strongly agree,NA,Full-time,Male
(1) Full-time worker,(2) Female,12,(2) Agree,26.44230769231,Full-time,Female
(1) Full-time worker,(2) Female,12,(2) Agree,7.95918367347,Full-time,Female
(1) Full-time worker,(2) Female,12,(2) Agree,11.25,Full-time,Female
NA,NA,NA,NA,NA,NA,NA
(1) Full-time worker,(2) Female,12,(2) Agree,13,Full-time,Female
(1) Full-time worker,(2) Female,12,(1) Strongly agree,15.45,Full-time,Female
(1) Full-time worker,(2) Female,12,(1) Strongly agree,12.75,Full-time,Female
NA,NA,NA,NA,NA,NA,NA
(2) Part-time worker,(2) Female,12,(2) Agree,8.5,Part-time,Female
(2) Part-time worker,(2) Female,10,(2) Agree,20.93981481482,Part-time,Female
(1) Full-time worker,(2) Female,12,(3) Neither agree nor disagree,20,Full-time,Female
(1) Full-time worker,(2) Female,12,(2) Agree,10.25,Full-time,Female
(1) Full-time worker,(2) Female,12,(1) Strongly agree,12,Full-time,Female
(1) Full-time worker,(2) Female,10,(2) Agree,24.30555555556,Full-time,Female
(1) Full-time worker,(2) Female,12,(3) Neither agree nor disagree,NA,Full-time,Female
NA,NA,NA,NA,NA,NA,NA
(1) Full-time worker,(2) Female,12,(2) Agree,11.75,Full-time,Female
(1) Full-time worker,(2) Female,12,(5) Strongly disagree,9,Full-time,Female
(1) Full-time worker,(2) Female,11,(1) Strongly agree,7.146125,Full-time,Female
(1) Full-time worker,(2) Female,12,(2) Agree,12.5,Full-time,Female
NA,NA,NA,NA,NA,NA,NA
(1) Full-time worker,(2) Female,12,(2) Agree,12.5,Full-time,Female
(1) Full-time worker,(2) Female,10,(3) Neither agree nor disagree,12,Full-time,Female
(1) Full-time worker,(2) Female,6,(2) Agree,9.56,Full-time,Female
(2) Part-time worker,(2) Female,12,(2) Agree,12,Part-time,Female
(1) Full-time worker,(2) Female,11,(2) Agree,15.14,Full-time,Female
(1) Full-time worker,(2) Female,12,(2) Agree,8.75,Full-time,Female
(1) Full-time worker,(2) Female,12,(2) Agree,9.25,Full-time,Female
(1) Full-time worker,(2) Female,12,(1) Strongly agree,22.36842105264,Full-time,Female
(2) Part-time worker,(2) Female,NA,(2) Agree,11,Part-time,Female
(1) Full-time worker,(2) Female,12,(2) Agree,18.88888888889,Full-time,Female
(1) Full-time worker,(2) Female,6,(2) Agree,NA,Full-time,Female
(1) Full-time worker,(2) Female,12,(2) Agree,8.125,Full-time,Female
NA,NA,NA,NA,NA,NA,NA
(1) Full-time worker,(2) Female,10,(1) Strongly agree,13,Full-time,Female
(1) Full-time worker,(2) Female,10,(2) Agree,NA,Full-time,Female
(1) Full-time worker,(2) Female,12,(1) Strongly agree,11,Full-time,Female
(1) Full-time worker,(2) Female,12,(1) Strongly agree,15,Full-time,Female
(1) Full-time worker,(2) Female,12,(2) Agree,12.24,Full-time,Female
(1) Full-time worker,(2) Female,12,(4) Disagree,9,Full-time,Female
(2) Part-time worker,(2) Female,12,(2) Agree,16,Part-time,Female
(1) Full-time worker,(2) Female,12,(2) Agree,12.16822,Full-time,Female
(2) Part-time worker,(2) Female,7,(4) Disagree,12,Part-time,Female
(2) Part-time worker,NA,7,NA,5,Part-time,NA
(1) Full-time worker,(2) Female,12,(3) Neither agree nor disagree,NA,Full-time,Female
(1) Full-time worker,(2) Female,11,(2) Agree,10,Full-time,Female
(1) Full-time worker,(2) Female,12,(2) Agree,8.75,Full-time,Female
(1) Full-time worker,(2) Female,12,(1) Strongly agree,3.75,Full-time,Female
(2) Part-time worker,(2) Female,NA,(2) Agree,10.33333333334,Part-time,Female
(2) Part-time worker,(2) Female,9,(2) Agree,10.83333333334,Part-time,Female
(2) Part-time worker,(2) Female,11,(2) Agree,54.9575,Part-time,Female
(1) Full-time worker,(2) Female,12,(2) Agree,16.76000000001,Full-time,Female
(1) Full-time worker,(2) Female,8,(2) Agree,9.5,Full-time,Female
(1) Full-time worker,(2) Female,NA,(4) Disagree,8,Full-time,Female
(1) Full-time worker,(2) Female,9,(1) Strongly agree,42.61842105264,Full-time,Female
(1) Full-time worker,(1) Male,9,(1) Strongly agree,33.62679425838,Full-time,Male
(1) Full-time worker,(2) Female,10,(1) Strongly agree,5.3,Full-time,Female
(1) Full-time worker,(2) Female,12,(1) Strongly agree,NA,Full-time,Female
(1) Full-time worker,(2) Female,10,(2) Agree,15.36,Full-time,Female
(1) Full-time worker,(2) Female,10,(2) Agree,38.88888888889,Full-time,Female
(1) Full-time worker,(2) Female,9,(3) Neither agree nor disagree,NA,Full-time,Female
(1) Full-time worker,(2) Female,12,(4) Disagree,13.77,Full-time,Female
(2) Part-time worker,(2) Female,8,(1) Strongly agree,15,Part-time,Female
(1) Full-time worker,(2) Female,12,(1) Strongly agree,24.16666666667,Full-time,Female
(1) Full-time worker,(2) Female,12,(1) Strongly agree,16,Full-time,Female
(2) Part-time worker,(2) Female,3,(2) Agree,10,Part-time,Female
(1) Full-time worker,(2) Female,10,(1) Strongly agree,6.92307692308,Full-time,Female
NA,NA,NA,NA,NA,NA,NA
(1) Full-time worker,(2) Female,12,(4) Disagree,16.5,Full-time,Female
NA,NA,NA,NA,NA,NA,NA
(1) Full-time worker,(2) Female,12,(1) Strongly agree,9,Full-time,Female
(1) Full-time worker,(2) Female,12,(1) Strongly agree,NA,Full-time,Female
(2) Part-time worker,(2) Female,12,(1) Strongly agree,8,Part-time,Female
(1) Full-time worker,(2) Female,12,(2) Agree,15,Full-time,Female
(1) Full-time worker,(2) Female,9,(4) Disagree,15.82,Full-time,Female
(1) Full-time worker,(2) Female,12,(2) Agree,13.95,Full-time,Female
(1) Full-time worker,(2) Female,1,(4) Disagree,6.96263736264,Full-time,Female
(1) Full-time worker,(2) Female,12,(1) Strongly agree,8.49,Full-time,Female
(1) Full-time worker,(2) Female,12,(1) Strongly agree,28,Full-time,Female
(1) Full-time worker,(2) Female,10,(2) Agree,38.88888888889,Full-time,Female
(1) Full-time worker,(2) Female,12,(2) Agree,14,Full-time,Female
(1) Full-time worker,(2) Female,10,(1) Strongly agree,38.88888888889,Full-time,Female
(1) Full-time worker,(2) Female,12,(1) Strongly agree,5.76923076924,Full-time,Female
(1) Full-time worker,(2) Female,12,(1) Strongly agree,5.76923076924,Full-time,Female
(1) Full-time worker,(2) Female,9,(2) Agree,27.73826458037,Full-time,Female
(1) Full-time worker,(2) Female,2,(2) Agree,12,Full-time,Female
(1) Full-time worker,(2) Female,2,(3) Neither agree nor disagree,13,Full-time,Female
(1) Full-time worker,(2) Female,12,(2) Agree,12,Full-time,Female
(2) Part-time worker,(2) Female,9,(1) Strongly agree,26.78571428572,Part-time,Female
(2) Part-time worker,(2) Female,9,(2) Agree,12,Part-time,Female
(1) Full-time worker,(2) Female,10,(2) Agree,11.8,Full-time,Female
(1) Full-time worker,(2) Female,11,(2) Agree,12,Full-time,Female
NA,NA,NA,NA,NA,NA,NA
(1) Full-time worker,(2) Female,12,(1) Strongly agree,7.5,Full-time,Female
(1) Full-time worker,(2) Female,12,(2) Agree,15.38461538462,Full-time,Female
(1) Full-time worker,(2) Female,12,(1) Strongly agree,11.538461538469999,Full-time,Female
(1) Full-time worker,(2) Female,12,(2) Agree,12,Full-time,Female
(2) Part-time worker,(2) Female,12,(1) Strongly agree,12,Part-time,Female
(1) Full-time worker,(2) Female,12,(2) Agree,19.24,Full-time,Female
(2) Part-time worker,(2) Female,10,(1) Strongly agree,12.04545454546,Part-time,Female
(1) Full-time worker,(2) Female,12,(1) Strongly agree,NA,Full-time,Female
(1) Full-time worker,(2) Female,12,(2) Agree,15.45,Full-time,Female
(2) Part-time worker,(2) Female,12,(3) Neither agree nor disagree,8.25,Part-time,Female
(2) Part-time worker,(2) Female,9,(2) Agree,11,Part-time,Female
(1) Full-time worker,(2) Female,12,(1) Strongly agree,12,Full-time,Female
(1) Full-time worker,(1) Male,10,(1) Strongly agree,20.20833333334,Full-time,Male
(1) Full-time worker,(2) Female,12,(2) Agree,NA,Full-time,Female
(1) Full-time worker,(2) Female,12,(2) Agree,NA,Full-time,Female
(1) Full-time worker,(2) Female,12,(2) Agree,NA,Full-time,Female
(2) Part-time worker,(2) Female,8,(1) Strongly agree,20,Part-time,Female
(1) Full-time worker,(2) Female,9,(2) Agree,38.09523809524,Full-time,Female
(2) Part-time worker,(2) Female,9,(1) Strongly agree,8,Part-time,Female
(1) Full-time worker,(2) Female,12,(2) Agree,15.59,Full-time,Female
(2) Part-time worker,(2) Female,12,(2) Agree,19,Part-time,Female
(2) Part-time worker,(2) Female,12,(2) Agree,11,Part-time,Female
(1) Full-time worker,(2) Female,9,(1) Strongly agree,23,Full-time,Female
(1) Full-time worker,(1) Male,12,(2) Agree,10,Full-time,Male
(2) Part-time worker,(2) Female,12,(2) Agree,13.5,Part-time,Female
(1) Full-time worker,(2) Female,12,(1) Strongly agree,14.25,Full-time,Female
(1) Full-time worker,(2) Female,8,(1) Strongly agree,16.60000000001,Full-time,Female
NA,NA,NA,NA,NA,NA,NA
NA,NA,NA,NA,NA,NA,NA
(1) Full-time worker,(2) Female,12,(4) Disagree,NA,Full-time,Female
(2) Part-time worker,(2) Female,8,(4) Disagree,NA,Part-time,Female
(1) Full-time worker,(2) Female,12,(1) Strongly agree,14,Full-time,Female
NA,NA,NA,NA,NA,NA,NA
(2) Part-time worker,(2) Female,12,(1) Strongly agree,10.22727272728,Part-time,Female
(1) Full-time worker,(2) Female,12,(2) Agree,16,Full-time,Female
(1) Full-time worker,(2) Female,12,(1) Strongly agree,12.13,Full-time,Female
(1) Full-time worker,(2) Female,12,(3) Neither agree nor disagree,12.5,Full-time,Female
(1) Full-time worker,(2) Female,6,(1) Strongly agree,16.25,Full-time,Female
(2) Part-time worker,(2) Female,12,(1) Strongly agree,11,Part-time,Female
(1) Full-time worker,(2) Female,12,(2) Agree,15,Full-time,Female
(1) Full-time worker,(2) Female,12,(2) Agree,6.41025641026,Full-time,Female
(1) Full-time worker,(2) Female,8,(2) Agree,33.33333333334,Full-time,Female
(1) Full-time worker,(2) Female,3,(1) Strongly agree,11,Full-time,Female
(1) Full-time worker,(2) Female,12,(2) Agree,14.66,Full-time,Female
(1) Full-time worker,(2) Female,12,(1) Strongly agree,NA,Full-time,Female
(1) Full-time worker,(2) Female,12,(3) Neither agree nor disagree,11,Full-time,Female
(1) Full-time worker,(2) Female,12,(2) Agree,13.5,Full-time,Female
(1) Full-time worker,(2) Female,12,(1) Strongly agree,15,Full-time,Female
(2) Part-time worker,(2) Female,12,(2) Agree,12.5,Part-time,Female
(1) Full-time worker,(2) Female,12,(2) Agree,7.69230769231,Full-time,Female
(1) Full-time worker,(2) Female,12,(2) Agree,17.55,Full-time,Female
(2) Part-time worker,(2) Female,7,(1) Strongly agree,15.11111111112,Part-time,Female
(1) Full-time worker,(2) Female,9,(1) Strongly agree,12,Full-time,Female
(1) Full-time worker,(2) Female,12,(2) Agree,17.46,Full-time,Female
(1) Full-time worker,(2) Female,1,(1) Strongly agree,11,Full-time,Female
(1) Full-time worker,(2) Female,10,(2) Agree,18.61360718871,Full-time,Female
(1) Full-time worker,(2) Female,12,(1) Strongly agree,18,Full-time,Female
(1) Full-time worker,(2) Female,NA,(1) Strongly agree,NA,Full-time,Female
NA,NA,NA,NA,NA,NA,NA
(1) Full-time worker,(2) Female,NA,(3) Neither agree nor disagree,12,Full-time,Female
NA,NA,NA,NA,NA,NA,NA
NA,NA,NA,NA,NA,NA,NA
(1) Full-time worker,(2) Female,1,(1) Strongly agree,7.5,Full-time,Female
(1) Full-time worker,(2) Female,12,(1) Strongly agree,12.5,Full-time,Female
(1) Full-time worker,(2) Female,12,(1) Strongly agree,19.8717948718,Full-time,Female
NA,NA,NA,NA,NA,NA,NA
(2) Part-time worker,(2) Female,12,(1) Strongly agree,26.31578947369,Part-time,Female
(2) Part-time worker,(2) Female,12,(1) Strongly agree,9.5,Part-time,Female
(2) Part-time worker,(2) Female,12,(2) Agree,12,Part-time,Female
(2) Part-time worker,(2) Female,10,(1) Strongly agree,51.42857142858,Part-time,Female
(1) Full-time worker,(2) Female,12,(2) Agree,9,Full-time,Female
(1) Full-time worker,(2) Female,12,(1) Strongly agree,18,Full-time,Female
(1) Full-time worker,(2) Female,10,(1) Strongly agree,8.6538461538499991,Full-time,Female
(2) Part-time worker,(2) Female,6,(1) Strongly agree,8,Part-time,Female
(1) Full-time worker,(2) Female,12,(3) Neither agree nor disagree,12,Full-time,Female
(1) Full-time worker,(2) Female,12,(1) Strongly agree,14,Full-time,Female
NA,NA,NA,NA,NA,NA,NA
(1) Full-time worker,(2) Female,12,(2) Agree,22.5,Full-time,Female
(1) Full-time worker,(2) Female,9,(2) Agree,15.25,Full-time,Female
(1) Full-time worker,(2) Female,12,(1) Strongly agree,32.14285714286,Full-time,Female
(1) Full-time worker,(2) Female,2,(3) Neither agree nor disagree,20,Full-time,Female
(1) Full-time worker,(2) Female,12,(1) Strongly agree,18.32,Full-time,Female
(1) Full-time worker,(2) Female,9,(2) Agree,15,Full-time,Female
(1) Full-time worker,(2) Female,11,(1) Strongly agree,4,Full-time,Female
NA,NA,NA,NA,NA,NA,NA
(1) Full-time worker,(2) Female,12,(2) Agree,10,Full-time,Female
NA,(2) Female,NA,(2) Agree,NA,NA,Female
(2) Part-time worker,(2) Female,12,(2) Agree,7,Part-time,Female
(1) Full-time worker,(2) Female,12,(2) Agree,14.5,Full-time,Female
NA,(2) Female,12,(2) Agree,2.85714285715,NA,Female
(1) Full-time worker,(2) Female,12,(2) Agree,NA,Full-time,Female
(1) Full-time worker,(2) Female,12,(2) Agree,15,Full-time,Female
(1) Full-time worker,(2) Female,12,(2) Agree,15.75,Full-time,Female
NA,NA,NA,NA,NA,NA,NA
(1) Full-time worker,(2) Female,9,(2) Agree,18.88888888889,Full-time,Female
(1) Full-time worker,(2) Female,12,(2) Agree,NA,Full-time,Female
(1) Full-time worker,(2) Female,12,(2) Agree,9,Full-time,Female
(1) Full-time worker,(2) Female,10,(2) Agree,NA,Full-time,Female
(1) Full-time worker,NA,12,NA,8.6052631579,Full-time,NA
(2) Part-time worker,(2) Female,12,(2) Agree,9.6,Part-time,Female
(1) Full-time worker,(2) Female,10,(1) Strongly agree,NA,Full-time,Female
(1) Full-time worker,(2) Female,12,(1) Strongly agree,NA,Full-time,Female
(1) Full-time worker,(2) Female,6,(2) Agree,11,Full-time,Female
(1) Full-time worker,(2) Female,12,(3) Neither agree nor disagree,12,Full-time,Female
(1) Full-time worker,(2) Female,NA,(2) Agree,13.75,Full-time,Female
(1) Full-time worker,(2) Female,12,(2) Agree,16.5,Full-time,Female
(2) Part-time worker,(2) Female,9,(1) Strongly agree,NA,Part-time,Female
(1) Full-time worker,(2) Female,12,(2) Agree,16.54054054055,Full-time,Female
(2) Part-time worker,(2) Female,12,(1) Strongly agree,10,Part-time,Female
NA,NA,NA,NA,NA,NA,NA
(1) Full-time worker,(2) Female,10,(2) Agree,10,Full-time,Female
(1) Full-time worker,(2) Female,9,(4) Disagree,10,Full-time,Female
(1) Full-time worker,(2) Female,10,(1) Strongly agree,12.75,Full-time,Female
(1) Full-time worker,(2) Female,12,(3) Neither agree nor disagree,11.32011133604,Full-time,Female
(1) Full-time worker,(2) Female,8,(2) Agree,12,Full-time,Female
(1) Full-time worker,(2) Female,9,(2) Agree,24.44444444445,Full-time,Female
(1) Full-time worker,(2) Female,12,(2) Agree,7.14285714286,Full-time,Female
(1) Full-time worker,(2) Female,7,(2) Agree,8,Full-time,Female
NA,NA,NA,NA,NA,NA,NA
(1) Full-time worker,(2) Female,10,(3) Neither agree nor disagree,19.41666666667,Full-time,Female
(1) Full-time worker,(2) Female,9,(2) Agree,15.725,Full-time,Female
(2) Part-time worker,(2) Female,6,(2) Agree,9.5,Part-time,Female
(1) Full-time worker,(2) Female,10,(2) Agree,10.5,Full-time,Female
(2) Part-time worker,(2) Female,12,(4) Disagree,16.45,Part-time,Female
(1) Full-time worker,(2) Female,12,(1) Strongly agree,19.53,Full-time,Female
(1) Full-time worker,(2) Female,3,(1) Strongly agree,8,Full-time,Female
(1) Full-time worker,(2) Female,2,(1) Strongly agree,8.25,Full-time,Female
(1) Full-time worker,(2) Female,12,(2) Agree,13.75,Full-time,Female
(1) Full-time worker,(2) Female,9,(1) Strongly agree,28,Full-time,Female
(1) Full-time worker,(2) Female,12,(1) Strongly agree,8.5,Full-time,Female
(1) Full-time worker,(2) Female,12,(2) Agree,10.5,Full-time,Female
(2) Part-time worker,(2) Female,8,(2) Agree,9.5,Part-time,Female
(1) Full-time worker,(2) Female,12,(1) Strongly agree,16,Full-time,Female
(1) Full-time worker,(2) Female,12,(1) Strongly agree,5,Full-time,Female
(2) Part-time worker,(2) Female,12,(1) Strongly agree,NA,Part-time,Female
NA,NA,NA,NA,NA,NA,NA
(1) Full-time worker,(2) Female,12,(2) Agree,NA,Full-time,Female
(1) Full-time worker,(2) Female,1,(1) Strongly agree,16.73611111112,Full-time,Female
(1) Full-time worker,(2) Female,12,(1) Strongly agree,11,Full-time,Female
(1) Full-time worker,(2) Female,12,(2) Agree,54.9575,Full-time,Female
(2) Part-time worker,(2) Female,12,(1) Strongly agree,10,Part-time,Female
(2) Part-time worker,(2) Female,10,(1) Strongly agree,15.19,Part-time,Female
(2) Part-time worker,(2) Female,11,(2) Agree,12,Part-time,Female
NA,NA,NA,NA,NA,NA,NA
(1) Full-time worker,(2) Female,12,(3) Neither agree nor disagree,13.75,Full-time,Female
(1) Full-time worker,(2) Female,3,(4) Disagree,7.5,Full-time,Female
(1) Full-time worker,(2) Female,5,(1) Strongly agree,9.5,Full-time,Female
(2) Part-time worker,(2) Female,5,(2) Agree,10.46875,Part-time,Female
(1) Full-time worker,(2) Female,12,(2) Agree,14.85,Full-time,Female
(1) Full-time worker,(2) Female,10,(1) Strongly agree,54.9575,Full-time,Female
(2) Part-time worker,(2) Female,9,(1) Strongly agree,14.5,Part-time,Female
NA,NA,NA,NA,NA,NA,NA
(1) Full-time worker,(2) Female,1,(2) Agree,15.25,Full-time,Female
NA,NA,NA,NA,NA,NA,NA
(2) Part-time worker,(2) Female,12,(1) Strongly agree,15,Part-time,Female
(2) Part-time worker,(2) Female,9,(1) Strongly agree,50.83333333334,Part-time,Female
(2) Part-time worker,(2) Female,10,(3) Neither agree nor disagree,10.75,Part-time,Female
(1) Full-time worker,(2) Female,9,(1) Strongly agree,23.33333333334,Full-time,Female
(1) Full-time worker,(2) Female,12,(2) Agree,24,Full-time,Female
(2) Part-time worker,(2) Female,12,(2) Agree,12.5,Part-time,Female
(1) Full-time worker,(2) Female,9,(1) Strongly agree,22.22222222223,Full-time,Female
(1) Full-time worker,(2) Female,12,(1) Strongly agree,11.96581196582,Full-time,Female
(1) Full-time worker,(2) Female,10,(5) Strongly disagree,40.70000000001,Full-time,Female
(1) Full-time worker,(2) Female,12,(2) Agree,11,Full-time,Female
(1) Full-time worker,(2) Female,12,(3) Neither agree nor disagree,8.6046511628,Full-time,Female
(1) Full-time worker,(2) Female,10,(2) Agree,23.95833333334,Full-time,Female
(1) Full-time worker,(2) Female,10,(4) Disagree,12.42,Full-time,Female
(1) Full-time worker,(2) Female,10,(1) Strongly agree,NA,Full-time,Female
(1) Full-time worker,(2) Female,9,(1) Strongly agree,NA,Full-time,Female
(1) Full-time worker,(2) Female,12,(2) Agree,10,Full-time,Female
(1) Full-time worker,(2) Female,12,(1) Strongly agree,7.9875,Full-time,Female
(1) Full-time worker,(1) Male,12,(1) Strongly agree,20,Full-time,Male
(1) Full-time worker,(2) Female,9,(1) Strongly agree,9.33333333334,Full-time,Female
(1) Full-time worker,(2) Female,12,(2) Agree,13.5,Full-time,Female
(1) Full-time worker,(2) Female,12,(1) Strongly agree,12.82051282052,Full-time,Female
NA,NA,NA,NA,NA,NA,NA
NA,NA,NA,NA,NA,NA,NA
(1) Full-time worker,(2) Female,12,(1) Strongly agree,16,Full-time,Female
(1) Full-time worker,(2) Female,12,(2) Agree,13.23529411765,Full-time,Female
NA,(2) Female,12,(3) Neither agree nor disagree,8.25,NA,Female
(2) Part-time worker,(2) Female,9,(2) Agree,10,Part-time,Female
(1) Full-time worker,(2) Female,12,(2) Agree,8.68,Full-time,Female
(2) Part-time worker,(2) Female,1,(1) Strongly agree,8.25,Part-time,Female
(1) Full-time worker,(2) Female,12,(1) Strongly agree,14.28571428572,Full-time,Female
(1) Full-time worker,(2) Female,12,(2) Agree,7.5,Full-time,Female
(1) Full-time worker,(2) Female,12,(3) Neither agree nor disagree,8.64411764706,Full-time,Female
(2) Part-time worker,(2) Female,9,(1) Strongly agree,16.5,Part-time,Female
(1) Full-time worker,(2) Female,10,(1) Strongly agree,NA,Full-time,Female
(1) Full-time worker,(2) Female,12,(1) Strongly agree,12,Full-time,Female
NA,NA,NA,NA,NA,NA,NA
(1) Full-time worker,(2) Female,11,(1) Strongly agree,10.625,Full-time,Female
(2) Part-time worker,(2) Female,3,(1) Strongly agree,10,Part-time,Female
(2) Part-time worker,(2) Female,NA,(1) Strongly agree,30.61224489796,Part-time,Female
(1) Full-time worker,(2) Female,10,(2) Agree,11.35,Full-time,Female
(1) Full-time worker,(2) Female,12,(1) Strongly agree,15.30612244898,Full-time,Female
(1) Full-time worker,(2) Female,9,(2) Agree,10.52,Full-time,Female
(1) Full-time worker,(2) Female,12,(1) Strongly agree,NA,Full-time,Female
(1) Full-time worker,(2) Female,11,(2) Agree,25.46388888889,Full-time,Female
(1) Full-time worker,(2) Female,12,(1) Strongly agree,9,Full-time,Female
(1) Full-time worker,(2) Female,12,(1) Strongly agree,13.98601398602,Full-time,Female
(1) Full-time worker,(2) Female,12,(1) Strongly agree,17.42919389979,Full-time,Female
(2) Part-time worker,(2) Female,12,(1) Strongly agree,9,Part-time,Female
(1) Full-time worker,(2) Female,12,(1) Strongly agree,4.44444444445,Full-time,Female
(1) Full-time worker,(2) Female,4,(4) Disagree,8,Full-time,Female
(1) Full-time worker,(2) Female,12,(2) Agree,13.4168157424,Full-time,Female
(1) Full-time worker,(2) Female,9,(4) Disagree,25.64102564103,Full-time,Female
(1) Full-time worker,(2) Female,5,(3) Neither agree nor disagree,9.75,Full-time,Female
(1) Full-time worker,(2) Female,12,(2) Agree,8,Full-time,Female
(1) Full-time worker,(2) Female,12,(2) Agree,18,Full-time,Female
(1) Full-time worker,(2) Female,2,(1) Strongly agree,107.5,Full-time,Female
(1) Full-time worker,(2) Female,12,(2) Agree,10,Full-time,Female
(1) Full-time worker,(2) Female,12,(3) Neither agree nor disagree,13,Full-time,Female
(1) Full-time worker,(2) Female,12,(3) Neither agree nor disagree,14.25,Full-time,Female
(1) Full-time worker,(2) Female,12,(1) Strongly agree,12.5,Full-time,Female
(1) Full-time worker,(2) Female,12,(1) Strongly agree,11.25,Full-time,Female
(1) Full-time worker,(2) Female,10,(1) Strongly agree,11.17,Full-time,Female
(1) Full-time worker,(2) Female,12,(1) Strongly agree,8.65,Full-time,Female
(1) Full-time worker,(2) Female,3,(2) Agree,9,Full-time,Female
NA,NA,NA,NA,NA,NA,NA
(1) Full-time worker,(2) Female,6,(1) Strongly agree,11,Full-time,Female
(1) Full-time worker,(2) Female,12,(2) Agree,7.25,Full-time,Female
(1) Full-time worker,(2) Female,12,(1) Strongly agree,7.25,Full-time,Female
(1) Full-time worker,(2) Female,12,(1) Strongly agree,NA,Full-time,Female
(1) Full-time worker,(2) Female,5,(2) Agree,9,Full-time,Female
(1) Full-time worker,(2) Female,12,(2) Agree,14,Full-time,Female
(1) Full-time worker,(2) Female,1,(1) Strongly agree,18.441625,Full-time,Female
(1) Full-time worker,(2) Female,12,(2) Agree,7.63,Full-time,Female
(1) Full-time worker,(2) Female,1,(2) Agree,3.84615384616,Full-time,Female
(1) Full-time worker,NA,10,(1) Strongly agree,11.71875,Full-time,NA
(1) Full-time worker,(2) Female,12,(1) Strongly agree,11.538461538469999,Full-time,Female
(1) Full-time worker,(2) Female,12,(3) Neither agree nor disagree,18.42105263158,Full-time,Female
(2) Part-time worker,(2) Female,12,(1) Strongly agree,9.5,Part-time,Female
(1) Full-time worker,(2) Female,12,(1) Strongly agree,8,Full-time,Female
(1) Full-time worker,(2) Female,12,(2) Agree,11.22,Full-time,Female
(1) Full-time worker,(2) Female,10,(1) Strongly agree,16.66666666667,Full-time,Female
(1) Full-time worker,(2) Female,12,(2) Agree,11.25,Full-time,Female
(1) Full-time worker,(2) Female,12,(2) Agree,19.37837837838,Full-time,Female
(1) Full-time worker,(2) Female,12,(1) Strongly agree,8.5,Full-time,Female
(1) Full-time worker,(2) Female,12,(2) Agree,15,Full-time,Female
(2) Part-time worker,(2) Female,12,(2) Agree,6.66666666667,Part-time,Female
(1) Full-time worker,(2) Female,12,(2) Agree,17,Full-time,Female
NA,NA,NA,NA,NA,NA,NA
(1) Full-time worker,(2) Female,12,(4) Disagree,14.87,Full-time,Female
(2) Part-time worker,(2) Female,9,(2) Agree,11,Part-time,Female
(1) Full-time worker,(1) Male,12,(1) Strongly agree,11.25,Full-time,Male
(1) Full-time worker,(2) Female,1,(1) Strongly agree,11,Full-time,Female
(1) Full-time worker,(2) Female,12,(1) Strongly agree,19.5,Full-time,Female
(1) Full-time worker,(2) Female,12,(1) Strongly agree,24,Full-time,Female
(2) Part-time worker,(2) Female,10,(3) Neither agree nor disagree,10,Part-time,Female
(1) Full-time worker,(2) Female,12,(2) Agree,10,Full-time,Female
(1) Full-time worker,(2) Female,12,(1) Strongly agree,10,Full-time,Female
(1) Full-time worker,(2) Female,12,(1) Strongly agree,9.75,Full-time,Female
(2) Part-time worker,(2) Female,12,(2) Agree,15,Part-time,Female
(1) Full-time worker,(2) Female,12,(3) Neither agree nor disagree,17,Full-time,Female
(1) Full-time worker,(2) Female,12,(1) Strongly agree,30,Full-time,Female
(1) Full-time worker,(2) Female,12,(1) Strongly agree,12.71428571429,Full-time,Female
(1) Full-time worker,(2) Female,12,(1) Strongly agree,11,Full-time,Female
(1) Full-time worker,(2) Female,3,(1) Strongly agree,10.5,Full-time,Female
(1) Full-time worker,(2) Female,9,(1) Strongly agree,16.25,Full-time,Female
(1) Full-time worker,(2) Female,7,(2) Agree,20.20202020203,Full-time,Female
(1) Full-time worker,(1) Male,12,(1) Strongly agree,13.33333333334,Full-time,Male
(1) Full-time worker,(2) Female,12,(4) Disagree,13.34,Full-time,Female
(2) Part-time worker,(2) Female,9,(2) Agree,10.05000000001,Part-time,Female
(1) Full-time worker,(2) Female,10,(1) Strongly agree,18.18181818182,Full-time,Female
(2) Part-time worker,(2) Female,12,(2) Agree,9.5,Part-time,Female
(1) Full-time worker,(2) Female,10,(2) Agree,11.25,Full-time,Female
(1) Full-time worker,(2) Female,12,(1) Strongly agree,19.45,Full-time,Female
(2) Part-time worker,(2) Female,11,(1) Strongly agree,7.5,Part-time,Female
(1) Full-time worker,(2) Female,10,(1) Strongly agree,19.49,Full-time,Female
(1) Full-time worker,(2) Female,11,(1) Strongly agree,11.76176470589,Full-time,Female
(2) Part-time worker,(2) Female,11,(1) Strongly agree,14.11764705883,Part-time,Female
(1) Full-time worker,(2) Female,1,(2) Agree,4.5,Full-time,Female
NA,NA,NA,NA,NA,NA,NA
(1) Full-time worker,(2) Female,9,(4) Disagree,14,Full-time,Female
(2) Part-time worker,(2) Female,9,(2) Agree,8.26086956522,Part-time,Female
NA,NA,NA,NA,NA,NA,NA
(1) Full-time worker,(2) Female,NA,(1) Strongly agree,15.55555555556,Full-time,Female
(1) Full-time worker,(2) Female,10,(1) Strongly agree,14,Full-time,Female
(1) Full-time worker,(2) Female,8,(2) Agree,11.25,Full-time,Female
(2) Part-time worker,(2) Female,12,(2) Agree,16,Part-time,Female
(1) Full-time worker,(2) Female,12,(1) Strongly agree,9,Full-time,Female
(2) Part-time worker,(2) Female,12,(2) Agree,13,Part-time,Female
(1) Full-time worker,(2) Female,12,(1) Strongly agree,12.5,Full-time,Female
(1) Full-time worker,(2) Female,12,(1) Strongly agree,10,Full-time,Female
(2) Part-time worker,(2) Female,12,(1) Strongly agree,20,Part-time,Female
NA,NA,NA,NA,NA,NA,NA
(1) Full-time worker,(2) Female,12,(1) Strongly agree,14,Full-time,Female
(1) Full-time worker,(2) Female,12,(1) Strongly agree,NA,Full-time,Female
(1) Full-time worker,(2) Female,12,(1) Strongly agree,14,Full-time,Female
(2) Part-time worker,(2) Female,9,(1) Strongly agree,8,Part-time,Female
(1) Full-time worker,(2) Female,12,(2) Agree,18.45,Full-time,Female
(2) Part-time worker,(2) Female,11,(1) Strongly agree,NA,Part-time,Female
(1) Full-time worker,(2) Female,12,(1) Strongly agree,10.75,Full-time,Female
(1) Full-time worker,(2) Female,12,(1) Strongly agree,7.5,Full-time,Female
(1) Full-time worker,(2) Female,12,(1) Strongly agree,11,Full-time,Female
(1) Full-time worker,(2) Female,12,(3) Neither agree nor disagree,8.5,Full-time,Female
NA,NA,NA,NA,NA,NA,NA
(2) Part-time worker,(2) Female,12,(1) Strongly agree,8.25,Part-time,Female
(1) Full-time worker,(2) Female,10,(1) Strongly agree,16,Full-time,Female
(1) Full-time worker,(2) Female,12,(2) Agree,NA,Full-time,Female
(2) Part-time worker,(2) Female,12,(1) Strongly agree,11.826923076929999,Part-time,Female
(1) Full-time worker,(2) Female,12,(1) Strongly agree,15,Full-time,Female
(1) Full-time worker,(2) Female,12,(2) Agree,27.35,Full-time,Female
(1) Full-time worker,(2) Female,12,(1) Strongly agree,10.15,Full-time,Female
(2) Part-time worker,(2) Female,12,(1) Strongly agree,51.42857142858,Part-time,Female
(1) Full-time worker,(2) Female,12,(2) Agree,NA,Full-time,Female
(2) Part-time worker,(2) Female,12,(1) Strongly agree,21.82,Part-time,Female
(2) Part-time worker,(2) Female,8,(1) Strongly agree,27.71354166667,Part-time,Female
(1) Full-time worker,(2) Female,12,(2) Agree,13.75,Full-time,Female
(2) Part-time worker,(2) Female,12,(3) Neither agree nor disagree,8.5,Part-time,Female
(1) Full-time worker,(2) Female,12,(1) Strongly agree,51.42857142858,Full-time,Female
(1) Full-time worker,(2) Female,9,(1) Strongly agree,10,Full-time,Female
(2) Part-time worker,(2) Female,12,(1) Strongly agree,15,Part-time,Female
(1) Full-time worker,(2) Female,12,(1) Strongly agree,10.41666666667,Full-time,Female
(1) Full-time worker,(2) Female,12,(2) Agree,10,Full-time,Female
NA,NA,NA,NA,NA,NA,NA
(1) Full-time worker,(2) Female,12,(1) Strongly agree,11.275,Full-time,Female
(1) Full-time worker,(2) Female,12,(3) Neither agree nor disagree,12.5,Full-time,Female
(2) Part-time worker,(2) Female,NA,(1) Strongly agree,18,Part-time,Female
(1) Full-time worker,(2) Female,12,(1) Strongly agree,17.02857142858,Full-time,Female
(1) Full-time worker,(2) Female,12,(3) Neither agree nor disagree,13,Full-time,Female
(1) Full-time worker,(2) Female,8,(3) Neither agree nor disagree,12.54166666667,Full-time,Female
(2) Part-time worker,(2) Female,9,(1) Strongly agree,11.25,Part-time,Female
(2) Part-time worker,(2) Female,6,(1) Strongly agree,11,Part-time,Female
(2) Part-time worker,(2) Female,12,(5) Strongly disagree,12.25,Part-time,Female
(1) Full-time worker,(2) Female,6,(4) Disagree,12,Full-time,Female
(2) Part-time worker,(2) Female,12,(1) Strongly agree,8.25,Part-time,Female
(1) Full-time worker,(2) Female,12,(1) Strongly agree,10.66,Full-time,Female
(1) Full-time worker,(2) Female,9,(2) Agree,17.64,Full-time,Female
(1) Full-time worker,(2) Female,11,(2) Agree,16.45,Full-time,Female
(1) Full-time worker,(2) Female,12,(1) Strongly agree,14.55,Full-time,Female
(1) Full-time worker,(2) Female,10,(1) Strongly agree,NA,Full-time,Female
(1) Full-time worker,(2) Female,12,(2) Agree,17,Full-time,Female
(1) Full-time worker,(2) Female,10,(1) Strongly agree,39.28571428572,Full-time,Female
(1) Full-time worker,(2) Female,12,(1) Strongly agree,8.25,Full-time,Female
(1) Full-time worker,(2) Female,12,(2) Agree,9.5,Full-time,Female
(1) Full-time worker,(2) Female,8,(1) Strongly agree,NA,Full-time,Female
(1) Full-time worker,(2) Female,12,(2) Agree,11,Full-time,Female
(1) Full-time worker,(2) Female,12,(1) Strongly agree,11,Full-time,Female
(2) Part-time worker,(2) Female,10,(2) Agree,15,Part-time,Female
(2) Part-time worker,(2) Female,12,(1) Strongly agree,15,Part-time,Female
(1) Full-time worker,(2) Female,12,(2) Agree,10,Full-time,Female
(1) Full-time worker,(2) Female,10,(3) Neither agree nor disagree,10,Full-time,Female
(1) Full-time worker,(2) Female,11,(4) Disagree,10.5,Full-time,Female
(1) Full-time worker,(2) Female,11,(2) Agree,NA,Full-time,Female
(1) Full-time worker,(2) Female,12,(1) Strongly agree,18.66666666667,Full-time,Female
(1) Full-time worker,(2) Female,12,(4) Disagree,11.5,Full-time,Female
(1) Full-time worker,(2) Female,9,(1) Strongly agree,26.11479069768,Full-time,Female
(1) Full-time worker,(2) Female,12,(2) Agree,13.42105263158,Full-time,Female
(1) Full-time worker,(2) Female,12,(2) Agree,12.5,Full-time,Female
(1) Full-time worker,(2) Female,12,(1) Strongly agree,12.5,Full-time,Female
(1) Full-time worker,(2) Female,12,(1) Strongly agree,11,Full-time,Female
(1) Full-time worker,(2) Female,12,(1) Strongly agree,9.27,Full-time,Female
(1) Full-time worker,(2) Female,12,(2) Agree,15,Full-time,Female
(2) Part-time worker,(2) Female,12,(3) Neither agree nor disagree,9.9,Part-time,Female
NA,NA,NA,NA,NA,NA,NA
(2) Part-time worker,(2) Female,9,(1) Strongly agree,18,Part-time,Female
(1) Full-time worker,(2) Female,12,(2) Agree,10,Full-time,Female
(1) Full-time worker,(2) Female,11,(2) Agree,16.25,Full-time,Female
(1) Full-time worker,(2) Female,9,(4) Disagree,13.88888888889,Full-time,Female
(1) Full-time worker,(2) Female,12,(4) Disagree,25.86046511628,Full-time,Female
(1) Full-time worker,(2) Female,10,(1) Strongly agree,8.33333333334,Full-time,Female
(1) Full-time worker,(2) Female,12,(1) Strongly agree,30.55555555556,Full-time,Female
NA,NA,NA,NA,NA,NA,NA
(1) Full-time worker,(2) Female,9,(2) Agree,18.22368421053,Full-time,Female
(1) Full-time worker,(2) Female,9,(3) Neither agree nor disagree,11.64473684211,Full-time,Female
(1) Full-time worker,(2) Female,9,(2) Agree,37.20238095239,Full-time,Female
(1) Full-time worker,(2) Female,12,(2) Agree,9.5,Full-time,Female
(1) Full-time worker,(2) Female,12,(1) Strongly agree,NA,Full-time,Female
(2) Part-time worker,(2) Female,10,(4) Disagree,7.25,Part-time,Female
(1) Full-time worker,(2) Female,12,(4) Disagree,9,Full-time,Female
(1) Full-time worker,(2) Female,12,(4) Disagree,4.25,Full-time,Female
(2) Part-time worker,(2) Female,9,(1) Strongly agree,9.72222222223,Part-time,Female
(1) Full-time worker,(2) Female,10,(2) Agree,33,Full-time,Female
(2) Part-time worker,(2) Female,12,(2) Agree,13.2,Part-time,Female
(2) Part-time worker,(2) Female,9,(1) Strongly agree,17,Part-time,Female
(1) Full-time worker,(2) Female,10,(2) Agree,8.25,Full-time,Female
(2) Part-time worker,(2) Female,2,(1) Strongly agree,11,Part-time,Female
(1) Full-time worker,(2) Female,12,(2) Agree,18.02,Full-time,Female
(1) Full-time worker,(2) Female,12,(2) Agree,9.5,Full-time,Female
(2) Part-time worker,(2) Female,12,(1) Strongly agree,11.25,Part-time,Female
(1) Full-time worker,(2) Female,12,(1) Strongly agree,12.5,Full-time,Female
(1) Full-time worker,(2) Female,12,(1) Strongly agree,NA,Full-time,Female
NA,NA,NA,NA,NA,NA,NA
(1) Full-time worker,(2) Female,12,(4) Disagree,13.4,Full-time,Female
(1) Full-time worker,(2) Female,12,(3) Neither agree nor disagree,29.86111111112,Full-time,Female
(1) Full-time worker,(2) Female,12,(1) Strongly agree,NA,Full-time,Female
(1) Full-time worker,(2) Female,12,(2) Agree,12.8125,Full-time,Female
(1) Full-time worker,(2) Female,3,(2) Agree,11,Full-time,Female
(1) Full-time worker,(2) Female,9,(1) Strongly agree,9.3918918919,Full-time,Female
(1) Full-time worker,(2) Female,9,(1) Strongly agree,25.43859649123,Full-time,Female
(1) Full-time worker,(2) Female,12,(2) Agree,15,Full-time,Female
(2) Part-time worker,(2) Female,10,(1) Strongly agree,18.33333333334,Part-time,Female
(1) Full-time worker,(2) Female,5,(2) Agree,NA,Full-time,Female
(2) Part-time worker,(2) Female,12,(1) Strongly agree,9,Part-time,Female
(1) Full-time worker,(2) Female,8,(2) Agree,16.25,Full-time,Female
(1) Full-time worker,(2) Female,12,(1) Strongly agree,12.76595744681,Full-time,Female
(1) Full-time worker,(2) Female,12,(2) Agree,12,Full-time,Female
(1) Full-time worker,(2) Female,12,(2) Agree,12.5,Full-time,Female
NA,NA,NA,NA,NA,NA,NA
(1) Full-time worker,(2) Female,12,(2) Agree,12,Full-time,Female
(2) Part-time worker,(2) Female,9,(1) Strongly agree,25,Part-time,Female
(1) Full-time worker,(2) Female,12,(2) Agree,15,Full-time,Female
(2) Part-time worker,(2) Female,10,(3) Neither agree nor disagree,14.66,Part-time,Female
(1) Full-time worker,(2) Female,12,(1) Strongly agree,12,Full-time,Female
(1) Full-time worker,(2) Female,5,(2) Agree,9,Full-time,Female
(2) Part-time worker,(2) Female,12,(3) Neither agree nor disagree,10,Part-time,Female
(1) Full-time worker,(2) Female,10,(4) Disagree,15.76923076924,Full-time,Female
(1) Full-time worker,(2) Female,12,(4) Disagree,23.07692307693,Full-time,Female
(1) Full-time worker,NA,NA,(3) Neither agree nor disagree,13,Full-time,NA
(1) Full-time worker,(2) Female,3,(1) Strongly agree,13.75,Full-time,Female
(1) Full-time worker,(2) Female,12,(2) Agree,18,Full-time,Female
(1) Full-time worker,(2) Female,12,(4) Disagree,10,Full-time,Female
(1) Full-time worker,(2) Female,12,(2) Agree,11,Full-time,Female
(2) Part-time worker,(2) Female,9,(1) Strongly agree,11,Part-time,Female
(1) Full-time worker,(2) Female,12,(1) Strongly agree,12,Full-time,Female
(1) Full-time worker,(2) Female,12,(2) Agree,20.45454545455,Full-time,Female
(2) Part-time worker,(2) Female,12,(2) Agree,14.5,Part-time,Female
(1) Full-time worker,(2) Female,12,(2) Agree,9.75,Full-time,Female
(1) Full-time worker,(2) Female,10,(1) Strongly agree,22.86,Full-time,Female
(1) Full-time worker,(2) Female,12,(1) Strongly agree,12,Full-time,Female
(1) Full-time worker,(2) Female,12,(1) Strongly agree,13.25,Full-time,Female
NA,NA,NA,NA,NA,NA,NA
(1) Full-time worker,(2) Female,12,NA,16,Full-time,Female
(2) Part-time worker,(2) Female,12,(1) Strongly agree,NA,Part-time,Female
(2) Part-time worker,(2) Female,4,(2) Agree,10.5,Part-time,Female
(2) Part-time worker,(2) Female,12,(2) Agree,12,Part-time,Female
(1) Full-time worker,(1) Male,10,(2) Agree,29.22077922078,Full-time,Male
(1) Full-time worker,(2) Female,12,(2) Agree,11,Full-time,Female
NA,NA,NA,NA,NA,NA,NA
NA,NA,NA,NA,NA,NA,NA
(2) Part-time worker,(2) Female,12,(1) Strongly agree,12.45,Part-time,Female
(1) Full-time worker,(2) Female,12,(2) Agree,12.55,Full-time,Female
(1) Full-time worker,(2) Female,12,(1) Strongly agree,14,Full-time,Female
(1) Full-time worker,(2) Female,10,(1) Strongly agree,20.35000000001,Full-time,Female
(1) Full-time worker,(2) Female,12,(2) Agree,NA,Full-time,Female
(1) Full-time worker,(2) Female,12,(1) Strongly agree,1.875,Full-time,Female
(1) Full-time worker,(2) Female,12,(3) Neither agree nor disagree,15.5,Full-time,Female
NA,(2) Female,7,(1) Strongly agree,NA,NA,Female
NA,NA,NA,NA,NA,NA,NA
(2) Part-time worker,(2) Female,12,(1) Strongly agree,13,Part-time,Female
(2) Part-time worker,(2) Female,12,(2) Agree,7.25,Part-time,Female
(1) Full-time worker,(2) Female,12,(2) Agree,20.11,Full-time,Female
(1) Full-time worker,(2) Female,12,(5) Strongly disagree,9.5,Full-time,Female
(2) Part-time worker,(2) Female,10,(1) Strongly agree,10,Part-time,Female
(1) Full-time worker,(2) Female,2,(1) Strongly agree,13,Full-time,Female
(1) Full-time worker,(2) Female,10,(1) Strongly agree,31.92857142858,Full-time,Female
(2) Part-time worker,(2) Female,9,(1) Strongly agree,NA,Part-time,Female
(1) Full-time worker,(2) Female,12,(2) Agree,18.40277777778,Full-time,Female
(2) Part-time worker,(2) Female,12,(2) Agree,8.25,Part-time,Female
(1) Full-time worker,(1) Male,12,(2) Agree,24,Full-time,Male
NA,NA,NA,NA,NA,NA,NA
(2) Part-time worker,(2) Female,11,(2) Agree,13,Part-time,Female
(2) Part-time worker,(2) Female,1,(3) Neither agree nor disagree,15,Part-time,Female
(1) Full-time worker,(2) Female,12,NA,14.5,Full-time,Female
(1) Full-time worker,(2) Female,10,(2) Agree,9.5,Full-time,Female
(1) Full-time worker,(2) Female,12,(2) Agree,10.09642857143,Full-time,Female
(1) Full-time worker,(2) Female,12,(1) Strongly agree,12,Full-time,Female
(1) Full-time worker,(2) Female,11,(1) Strongly agree,16,Full-time,Female
(1) Full-time worker,(2) Female,12,(4) Disagree,15,Full-time,Female
(1) Full-time worker,(2) Female,2,(1) Strongly agree,9.5,Full-time,Female
(1) Full-time worker,(2) Female,12,(1) Strongly agree,15.26,Full-time,Female
(1) Full-time worker,(2) Female,12,(3) Neither agree nor disagree,15,Full-time,Female
(2) Part-time worker,(2) Female,12,(3) Neither agree nor disagree,17.66176470589,Part-time,Female
(2) Part-time worker,(2) Female,6,(1) Strongly agree,9.25,Part-time,Female
(1) Full-time worker,(2) Female,8,(1) Strongly agree,10.52,Full-time,Female
(1) Full-time worker,(2) Female,10,(4) Disagree,9.5,Full-time,Female
(1) Full-time worker,(2) Female,12,(3) Neither agree nor disagree,10.75,Full-time,Female
(1) Full-time worker,(2) Female,12,(3) Neither agree nor disagree,16,Full-time,Female
(1) Full-time worker,(2) Female,9,(2) Agree,7.25,Full-time,Female
(1) Full-time worker,(2) Female,12,(2) Agree,15.5,Full-time,Female
(1) Full-time worker,(2) Female,10,(2) Agree,107.5,Full-time,Female
(1) Full-time worker,(2) Female,10,(1) Strongly agree,25,Full-time,Female
(2) Part-time worker,(2) Female,12,(1) Strongly agree,9,Part-time,Female
(1) Full-time worker,(2) Female,12,(1) Strongly agree,9.5,Full-time,Female
(1) Full-time worker,(2) Female,12,(2) Agree,14,Full-time,Female
(1) Full-time worker,(2) Female,12,(2) Agree,23,Full-time,Female
NA,NA,NA,NA,NA,NA,NA
(1) Full-time worker,(2) Female,12,(2) Agree,20,Full-time,Female
(1) Full-time worker,(2) Female,1,(1) Strongly agree,24.39024390244,Full-time,Female
NA,NA,NA,NA,NA,NA,NA
(1) Full-time worker,(2) Female,12,(1) Strongly agree,18,Full-time,Female
(2) Part-time worker,(2) Female,9,(2) Agree,NA,Part-time,Female
(1) Full-time worker,(2) Female,12,(2) Agree,9.5,Full-time,Female
(2) Part-time worker,(2) Female,6,(2) Agree,8,Part-time,Female
(2) Part-time worker,(2) Female,5,(1) Strongly agree,7.09090909091,Part-time,Female
(1) Full-time worker,(2) Female,12,(3) Neither agree nor disagree,15.9,Full-time,Female
(1) Full-time worker,(2) Female,1,(1) Strongly agree,10.77,Full-time,Female
(2) Part-time worker,(2) Female,NA,(1) Strongly agree,51.42857142858,Part-time,Female
(2) Part-time worker,(2) Female,2,(2) Agree,9,Part-time,Female
(1) Full-time worker,(2) Female,12,(2) Agree,11.7,Full-time,Female
NA,NA,NA,NA,NA,NA,NA
(1) Full-time worker,(2) Female,12,(2) Agree,15.11627906977,Full-time,Female
NA,(2) Female,12,(1) Strongly agree,3.57142857143,NA,Female
NA,NA,NA,NA,NA,NA,NA
NA,NA,NA,NA,NA,NA,NA
(2) Part-time worker,(2) Female,12,(1) Strongly agree,15.9375,Part-time,Female
(1) Full-time worker,(2) Female,9,(2) Agree,27.77777777778,Full-time,Female
(1) Full-time worker,(2) Female,10,(2) Agree,15,Full-time,Female
(2) Part-time worker,(2) Female,9,(1) Strongly agree,15,Part-time,Female
(1) Full-time worker,(2) Female,12,(1) Strongly agree,10.5,Full-time,Female
(2) Part-time worker,(2) Female,9,(1) Strongly agree,33.27205882353,Part-time,Female
NA,NA,NA,NA,NA,NA,NA
(1) Full-time worker,(2) Female,12,(1) Strongly agree,20.55,Full-time,Female
(1) Full-time worker,(2) Female,12,(1) Strongly agree,20,Full-time,Female
(1) Full-time worker,(2) Female,12,(1) Strongly agree,NA,Full-time,Female
(1) Full-time worker,(2) Female,9,(2) Agree,8.73750000001,Full-time,Female
(1) Full-time worker,(2) Female,NA,(2) Agree,21.88,Full-time,Female
(1) Full-time worker,(2) Female,11,(2) Agree,14.21568627451,Full-time,Female
(2) Part-time worker,(2) Female,12,(1) Strongly agree,10,Part-time,Female
(1) Full-time worker,(2) Female,12,(2) Agree,NA,Full-time,Female
(1) Full-time worker,(2) Female,11,(2) Agree,16.25,Full-time,Female
(2) Part-time worker,(2) Female,7,(3) Neither agree nor disagree,15.21739130435,Part-time,Female
(1) Full-time worker,(2) Female,10,(2) Agree,13.23,Full-time,Female
(2) Part-time worker,(2) Female,12,(1) Strongly agree,16,Part-time,Female
NA,NA,NA,NA,NA,NA,NA
(2) Part-time worker,(2) Female,9,(1) Strongly agree,26.77222222223,Part-time,Female
(1) Full-time worker,(2) Female,12,(3) Neither agree nor disagree,13,Full-time,Female
(1) Full-time worker,(2) Female,12,(1) Strongly agree,30,Full-time,Female
(1) Full-time worker,(2) Female,12,(2) Agree,14.45,Full-time,Female
(1) Full-time worker,(2) Female,12,(1) Strongly agree,NA,Full-time,Female
(1) Full-time worker,(2) Female,12,(1) Strongly agree,7.5,Full-time,Female
(1) Full-time worker,(2) Female,12,(2) Agree,16.57,Full-time,Female
NA,NA,NA,NA,NA,NA,NA
(1) Full-time worker,(2) Female,9,(1) Strongly agree,12.19,Full-time,Female
(1) Full-time worker,(2) Female,12,(2) Agree,20,Full-time,Female
(1) Full-time worker,(2) Female,8,(1) Strongly agree,7.5,Full-time,Female
(1) Full-time worker,(1) Male,12,(1) Strongly agree,13,Full-time,Male
(2) Part-time worker,(2) Female,12,(2) Agree,9.5,Part-time,Female
(2) Part-time worker,(2) Female,12,(2) Agree,9,Part-time,Female
(1) Full-time worker,(2) Female,2,(1) Strongly agree,9,Full-time,Female
(1) Full-time worker,(2) Female,9,(2) Agree,10,Full-time,Female
(1) Full-time worker,(2) Female,8,(3) Neither agree nor disagree,20.007,Full-time,Female
NA,NA,NA,NA,NA,NA,NA
(1) Full-time worker,(2) Female,12,(1) Strongly agree,12.5,Full-time,Female
(1) Full-time worker,(2) Female,12,(1) Strongly agree,15.3,Full-time,Female
(1) Full-time worker,(2) Female,9,(2) Agree,10.5,Full-time,Female
(1) Full-time worker,(2) Female,1,(1) Strongly agree,10.5,Full-time,Female
(1) Full-time worker,(2) Female,12,(1) Strongly agree,12.5,Full-time,Female
(1) Full-time worker,(2) Female,9,(2) Agree,15.625,Full-time,Female
(2) Part-time worker,(2) Female,6,(3) Neither agree nor disagree,9.16666666667,Part-time,Female
(1) Full-time worker,(2) Female,12,(2) Agree,NA,Full-time,Female
(1) Full-time worker,(2) Female,11,(3) Neither agree nor disagree,16.28,Full-time,Female
NA,NA,NA,NA,NA,NA,NA
(2) Part-time worker,(2) Female,10,(1) Strongly agree,12.8125,Part-time,Female
(1) Full-time worker,(2) Female,12,(3) Neither agree nor disagree,12.83,Full-time,Female
(1) Full-time worker,(2) Female,12,(1) Strongly agree,NA,Full-time,Female
NA,NA,NA,NA,NA,NA,NA
NA,NA,NA,NA,NA,NA,NA
(1) Full-time worker,(2) Female,12,(1) Strongly agree,9,Full-time,Female
(1) Full-time worker,(2) Female,9,(1) Strongly agree,5.95535714286,Full-time,Female
NA,NA,NA,NA,NA,NA,NA
(2) Part-time worker,(2) Female,8,(1) Strongly agree,11,Part-time,Female
NA,NA,NA,NA,NA,NA,NA
(2) Part-time worker,(2) Female,12,(2) Agree,8.25,Part-time,Female
(1) Full-time worker,(2) Female,5,(1) Strongly agree,37.1052631579,Full-time,Female
(1) Full-time worker,(2) Female,12,(1) Strongly agree,NA,Full-time,Female
(1) Full-time worker,(2) Female,12,(1) Strongly agree,25,Full-time,Female
(2) Part-time worker,(2) Female,12,(2) Agree,10.75,Part-time,Female
(2) Part-time worker,(2) Female,12,(1) Strongly agree,19.36,Part-time,Female
(1) Full-time worker,(2) Female,12,(2) Agree,15.30612244898,Full-time,Female
(1) Full-time worker,(1) Male,7,(2) Agree,12,Full-time,Male
NA,NA,NA,NA,NA,NA,NA
(1) Full-time worker,(2) Female,3,(1) Strongly agree,15,Full-time,Female
(1) Full-time worker,(1) Male,12,(1) Strongly agree,15.25,Full-time,Male
(1) Full-time worker,(2) Female,10,(1) Strongly agree,16.5343915344,Full-time,Female
(1) Full-time worker,(2) Female,10,(1) Strongly agree,30,Full-time,Female
(1) Full-time worker,(2) Female,12,(2) Agree,10,Full-time,Female
(1) Full-time worker,(2) Female,12,(2) Agree,10.54054054055,Full-time,Female
(1) Full-time worker,(2) Female,12,(3) Neither agree nor disagree,10.30000000001,Full-time,Female
(2) Part-time worker,(2) Female,9,(1) Strongly agree,12.16216216217,Part-time,Female
(2) Part-time worker,(2) Female,7,(1) Strongly agree,9,Part-time,Female
(2) Part-time worker,(2) Female,8,(1) Strongly agree,20.4268292683,Part-time,Female
(2) Part-time worker,(2) Female,10,(1) Strongly agree,13,Part-time,Female
(1) Full-time worker,(2) Female,3,(2) Agree,8,Full-time,Female
(1) Full-time worker,(2) Female,12,(2) Agree,9.09090909091,Full-time,Female
(2) Part-time worker,(2) Female,12,(1) Strongly agree,14,Part-time,Female
(1) Full-time worker,(2) Female,12,(2) Agree,23,Full-time,Female
(1) Full-time worker,(2) Female,6,(2) Agree,10.5,Full-time,Female
(1) Full-time worker,(2) Female,12,(2) Agree,11.5,Full-time,Female
(1) Full-time worker,(2) Female,12,(3) Neither agree nor disagree,17.5,Full-time,Female
(1) Full-time worker,(2) Female,1,(1) Strongly agree,23.07692307693,Full-time,Female
(1) Full-time worker,(2) Female,12,(2) Agree,12,Full-time,Female
(2) Part-time worker,(2) Female,10,(2) Agree,11.15,Part-time,Female
(1) Full-time worker,(2) Female,12,(3) Neither agree nor disagree,12.25,Full-time,Female
(1) Full-time worker,(2) Female,10,(2) Agree,NA,Full-time,Female
(1) Full-time worker,(2) Female,11,(1) Strongly agree,25,Full-time,Female
(1) Full-time worker,(2) Female,12,(2) Agree,16.66666666667,Full-time,Female
(1) Full-time worker,(2) Female,12,(2) Agree,9,Full-time,Female
(2) Part-time worker,(2) Female,9,(2) Agree,11.78,Part-time,Female
(2) Part-time worker,(2) Female,9,(3) Neither agree nor disagree,14.14,Part-time,Female
(1) Full-time worker,(2) Female,3,(3) Neither agree nor disagree,14,Full-time,Female
(1) Full-time worker,(2) Female,9,(1) Strongly agree,12.5,Full-time,Female
NA,NA,NA,NA,NA,NA,NA
(1) Full-time worker,(2) Female,10,(5) Strongly disagree,12.4875,Full-time,Female
(1) Full-time worker,(2) Female,8,(1) Strongly agree,5.55555555556,Full-time,Female
(1) Full-time worker,(2) Female,9,(2) Agree,NA,Full-time,Female
(1) Full-time worker,(2) Female,4,(2) Agree,7.25,Full-time,Female
(1) Full-time worker,(2) Female,12,(2) Agree,9,Full-time,Female
(2) Part-time worker,(2) Female,12,(2) Agree,14.2,Part-time,Female
NA,NA,NA,NA,NA,NA,NA
(2) Part-time worker,(2) Female,9,(1) Strongly agree,NA,Part-time,Female
(2) Part-time worker,(2) Female,12,(2) Agree,NA,Part-time,Female
(1) Full-time worker,(2) Female,12,(5) Strongly disagree,9.5,Full-time,Female
(1) Full-time worker,(2) Female,12,(1) Strongly agree,8.5,Full-time,Female
(2) Part-time worker,(2) Female,12,(1) Strongly agree,13,Part-time,Female
NA,NA,NA,NA,NA,NA,NA
NA,NA,NA,NA,NA,NA,NA
NA,NA,NA,NA,NA,NA,NA
NA,NA,NA,NA,NA,NA,NA
(1) Full-time worker,(2) Female,12,(2) Agree,13.125,Full-time,Female
(2) Part-time worker,(1) Male,1,(1) Strongly agree,8.25,Part-time,Male
(1) Full-time worker,(2) Female,1,(1) Strongly agree,15.5,Full-time,Female
(1) Full-time worker,(2) Female,12,(2) Agree,16.5,Full-time,Female
(1) Full-time worker,(2) Female,12,(3) Neither agree nor disagree,11.55,Full-time,Female
(2) Part-time worker,(2) Female,6,(3) Neither agree nor disagree,10.15,Part-time,Female
(1) Full-time worker,(2) Female,12,(1) Strongly agree,NA,Full-time,Female
(1) Full-time worker,(2) Female,12,(4) Disagree,10.625,Full-time,Female
(1) Full-time worker,(2) Female,12,(1) Strongly agree,NA,Full-time,Female
(1) Full-time worker,(2) Female,12,(1) Strongly agree,12.01923076924,Full-time,Female
(1) Full-time worker,(2) Female,12,(3) Neither agree nor disagree,NA,Full-time,Female
NA,NA,NA,NA,NA,NA,NA
NA,NA,NA,NA,NA,NA,NA
(1) Full-time worker,(2) Female,12,(3) Neither agree nor disagree,16,Full-time,Female
(1) Full-time worker,(2) Female,12,(1) Strongly agree,9.06432748539,Full-time,Female
(1) Full-time worker,(2) Female,12,(1) Strongly agree,11,Full-time,Female
(2) Part-time worker,(2) Female,11,(1) Strongly agree,10.7,Part-time,Female
(1) Full-time worker,(2) Female,12,(1) Strongly agree,9,Full-time,Female
NA,NA,NA,NA,NA,NA,NA
(1) Full-time worker,(2) Female,10,(3) Neither agree nor disagree,NA,Full-time,Female
(1) Full-time worker,(2) Female,3,(1) Strongly agree,9,Full-time,Female
(2) Part-time worker,(2) Female,9,(1) Strongly agree,51.42857142858,Part-time,Female
(1) Full-time worker,(2) Female,12,(2) Agree,15,Full-time,Female
(1) Full-time worker,(2) Female,12,(1) Strongly agree,NA,Full-time,Female
(2) Part-time worker,(2) Female,12,(1) Strongly agree,NA,Part-time,Female
(1) Full-time worker,(2) Female,10,(1) Strongly agree,13.12195121952,Full-time,Female
(1) Full-time worker,(2) Female,12,(1) Strongly agree,12.5,Full-time,Female
(1) Full-time worker,(2) Female,12,(2) Agree,14.51,Full-time,Female
(1) Full-time worker,(2) Female,12,(2) Agree,24.39024390244,Full-time,Female
(2) Part-time worker,(2) Female,12,(4) Disagree,2.5,Part-time,Female
NA,NA,NA,NA,NA,NA,NA
(1) Full-time worker,(2) Female,12,(1) Strongly agree,9.78260869566,Full-time,Female
(1) Full-time worker,(2) Female,12,(2) Agree,11,Full-time,Female
(1) Full-time worker,(2) Female,12,(1) Strongly agree,10.625,Full-time,Female
(2) Part-time worker,(2) Female,2,(1) Strongly agree,15,Part-time,Female
(1) Full-time worker,(2) Female,12,(2) Agree,13.5,Full-time,Female
(1) Full-time worker,(2) Female,1,(2) Agree,8,Full-time,Female
(1) Full-time worker,(2) Female,6,(3) Neither agree nor disagree,10.5,Full-time,Female
(1) Full-time worker,(2) Female,12,(2) Agree,7.25,Full-time,Female
NA,NA,NA,NA,NA,NA,NA
(1) Full-time worker,(1) Male,12,(2) Agree,15.43209876544,Full-time,Male
(1) Full-time worker,(2) Female,12,(1) Strongly agree,10.5,Full-time,Female
(1) Full-time worker,(2) Female,12,(1) Strongly agree,7.25,Full-time,Female
(1) Full-time worker,(1) Male,12,(1) Strongly agree,13,Full-time,Male
(2) Part-time worker,(2) Female,6,(1) Strongly agree,10,Part-time,Female
(1) Full-time worker,(2) Female,12,(2) Agree,12.15,Full-time,Female
(1) Full-time worker,(2) Female,12,(2) Agree,12,Full-time,Female
(1) Full-time worker,(2) Female,12,(4) Disagree,12.5,Full-time,Female
(1) Full-time worker,(2) Female,12,(2) Agree,11.25,Full-time,Female
(1) Full-time worker,(2) Female,12,(2) Agree,10.35,Full-time,Female
(1) Full-time worker,(2) Female,12,(1) Strongly agree,9,Full-time,Female
(2) Part-time worker,(1) Male,10,(1) Strongly agree,52.5,Part-time,Male
(1) Full-time worker,(2) Female,12,(1) Strongly agree,14,Full-time,Female
(1) Full-time worker,(2) Female,12,(1) Strongly agree,10,Full-time,Female
(2) Part-time worker,(2) Female,2,(2) Agree,10,Part-time,Female
(2) Part-time worker,NA,3,(1) Strongly agree,7.25,Part-time,NA
(1) Full-time worker,(2) Female,12,(2) Agree,11.15,Full-time,Female
(1) Full-time worker,(2) Female,12,(2) Agree,16,Full-time,Female
(1) Full-time worker,(2) Female,1,(1) Strongly agree,19.23076923077,Full-time,Female
(2) Part-time worker,(2) Female,7,(2) Agree,22.05882352942,Part-time,Female
(1) Full-time worker,(2) Female,12,(2) Agree,23.94,Full-time,Female
(1) Full-time worker,(2) Female,NA,(1) Strongly agree,15,Full-time,Female
(2) Part-time worker,(2) Female,8,(2) Agree,11,Part-time,Female
(2) Part-time worker,(2) Female,12,(2) Agree,21,Part-time,Female
(1) Full-time worker,(2) Female,12,(2) Agree,14,Full-time,Female
(2) Part-time worker,(2) Female,12,(4) Disagree,9,Part-time,Female
(1) Full-time worker,(2) Female,10,(2) Agree,23.07692307693,Full-time,Female
(1) Full-time worker,(2) Female,12,(1) Strongly agree,12.75,Full-time,Female
(2) Part-time worker,(2) Female,9,(1) Strongly agree,9,Part-time,Female
(1) Full-time worker,(2) Female,12,(1) Strongly agree,16,Full-time,Female
(2) Part-time worker,(1) Male,10,(1) Strongly agree,25.6093125,Part-time,Male
(2) Part-time worker,(2) Female,11,(2) Agree,17.22,Part-time,Female
(1) Full-time worker,(2) Female,NA,(2) Agree,NA,Full-time,Female
(2) Part-time worker,(2) Female,11,(1) Strongly agree,15,Part-time,Female
(1) Full-time worker,(2) Female,12,(1) Strongly agree,23,Full-time,Female
(1) Full-time worker,(2) Female,12,(2) Agree,17,Full-time,Female
NA,NA,NA,NA,NA,NA,NA
(1) Full-time worker,(2) Female,8,(3) Neither agree nor disagree,18.47222222223,Full-time,Female
(1) Full-time worker,(2) Female,12,(2) Agree,11.25,Full-time,Female
(2) Part-time worker,(2) Female,12,(2) Agree,12,Part-time,Female
(2) Part-time worker,(2) Female,12,(1) Strongly agree,12,Part-time,Female
(1) Full-time worker,(2) Female,12,(1) Strongly agree,11.03,Full-time,Female
(1) Full-time worker,(2) Female,12,(1) Strongly agree,NA,Full-time,Female
(1) Full-time worker,(2) Female,NA,(2) Agree,11,Full-time,Female
(1) Full-time worker,(2) Female,12,(1) Strongly agree,11.5,Full-time,Female
(1) Full-time worker,(2) Female,5,(2) Agree,6.25,Full-time,Female
(2) Part-time worker,(2) Female,12,(1) Strongly agree,7.75,Part-time,Female
(1) Full-time worker,(2) Female,12,(2) Agree,11.5,Full-time,Female
(1) Full-time worker,(2) Female,9,(2) Agree,19.5,Full-time,Female
(1) Full-time worker,(2) Female,10,(3) Neither agree nor disagree,10.1,Full-time,Female
(1) Full-time worker,(2) Female,12,(2) Agree,10,Full-time,Female
NA,NA,NA,NA,NA,NA,NA
(1) Full-time worker,(2) Female,12,(1) Strongly agree,16.43,Full-time,Female
(2) Part-time worker,(2) Female,9,(1) Strongly agree,63.33333333334,Part-time,Female
(2) Part-time worker,(2) Female,5,(1) Strongly agree,11.33,Part-time,Female
(1) Full-time worker,(2) Female,12,(2) Agree,15.2,Full-time,Female
NA,NA,NA,NA,NA,NA,NA
(1) Full-time worker,(2) Female,12,(2) Agree,8.125,Full-time,Female
(1) Full-time worker,(2) Female,12,(2) Agree,23.61111111112,Full-time,Female
(2) Part-time worker,(2) Female,3,(1) Strongly agree,13,Part-time,Female
NA,NA,NA,NA,NA,NA,NA
(1) Full-time worker,(2) Female,12,(2) Agree,20,Full-time,Female
(1) Full-time worker,(2) Female,12,(1) Strongly agree,12,Full-time,Female
(1) Full-time worker,(2) Female,12,(1) Strongly agree,12,Full-time,Female
(2) Part-time worker,(2) Female,3,(2) Agree,10,Part-time,Female
(1) Full-time worker,(2) Female,12,(2) Agree,13.5,Full-time,Female
(2) Part-time worker,(2) Female,9,(1) Strongly agree,11.76470588236,Part-time,Female
(1) Full-time worker,(2) Female,12,(1) Strongly agree,15,Full-time,Female
(1) Full-time worker,NA,12,NA,15.25,Full-time,NA
(1) Full-time worker,(2) Female,12,(1) Strongly agree,16,Full-time,Female
(1) Full-time worker,(2) Female,12,(2) Agree,13.5,Full-time,Female
NA,NA,NA,NA,NA,NA,NA
(1) Full-time worker,(2) Female,8,(1) Strongly agree,14.5,Full-time,Female
(1) Full-time worker,(2) Female,4,(5) Strongly disagree,12,Full-time,Female
(2) Part-time worker,(2) Female,1,(1) Strongly agree,11.5,Part-time,Female
(1) Full-time worker,(2) Female,12,(2) Agree,10,Full-time,Female
(1) Full-time worker,(2) Female,12,(1) Strongly agree,9.438225,Full-time,Female
(2) Part-time worker,(2) Female,6,(1) Strongly agree,12,Part-time,Female
(1) Full-time worker,(2) Female,8,(1) Strongly agree,9,Full-time,Female
(1) Full-time worker,(2) Female,12,(1) Strongly agree,41.11111111112,Full-time,Female
NA,NA,NA,NA,NA,NA,NA
(2) Part-time worker,(2) Female,9,(2) Agree,17.34,Part-time,Female
(1) Full-time worker,(2) Female,12,(1) Strongly agree,13.5,Full-time,Female
(1) Full-time worker,(2) Female,12,(1) Strongly agree,5.45454545455,Full-time,Female
(1) Full-time worker,(2) Female,12,(2) Agree,10.75,Full-time,Female
(2) Part-time worker,(2) Female,12,(2) Agree,13,Part-time,Female
(1) Full-time worker,(1) Male,12,(2) Agree,9,Full-time,Male
(1) Full-time worker,(2) Female,12,(1) Strongly agree,7.62222222223,Full-time,Female
(1) Full-time worker,(2) Female,10,(1) Strongly agree,13,Full-time,Female
(2) Part-time worker,(2) Female,12,(2) Agree,18,Part-time,Female
(1) Full-time worker,(2) Female,12,(2) Agree,14.0503875969,Full-time,Female
(2) Part-time worker,(2) Female,10,(1) Strongly agree,20,Part-time,Female
(2) Part-time worker,(2) Female,12,(1) Strongly agree,14,Part-time,Female
(1) Full-time worker,(2) Female,12,(1) Strongly agree,21,Full-time,Female
(2) Part-time worker,(2) Female,12,(2) Agree,15,Part-time,Female
(1) Full-time worker,(2) Female,12,(2) Agree,19.44444444445,Full-time,Female
(1) Full-time worker,(2) Female,2,(2) Agree,7.5,Full-time,Female
(2) Part-time worker,(2) Female,10,(2) Agree,15.4845,Part-time,Female
(1) Full-time worker,(2) Female,12,(2) Agree,24.71,Full-time,Female
(2) Part-time worker,(2) Female,12,(2) Agree,11,Part-time,Female
(1) Full-time worker,(2) Female,11,(3) Neither agree nor disagree,8.25,Full-time,Female
(1) Full-time worker,(2) Female,12,(3) Neither agree nor disagree,48.87218045113,Full-time,Female
(1) Full-time worker,(2) Female,12,(1) Strongly agree,12.5,Full-time,Female
(1) Full-time worker,(2) Female,6,(1) Strongly agree,12.13,Full-time,Female
(1) Full-time worker,(2) Female,12,(2) Agree,11,Full-time,Female
(1) Full-time worker,(2) Female,12,(2) Agree,16.16,Full-time,Female
NA,NA,NA,NA,NA,NA,NA
(1) Full-time worker,(2) Female,6,(1) Strongly agree,5.678125,Full-time,Female
(2) Part-time worker,(2) Female,12,(1) Strongly agree,12.5,Part-time,Female
(1) Full-time worker,(2) Female,12,(2) Agree,8.75,Full-time,Female
(1) Full-time worker,(2) Female,12,(2) Agree,NA,Full-time,Female
(2) Part-time worker,(2) Female,NA,(2) Agree,28.33333333334,Part-time,Female
(1) Full-time worker,(2) Female,12,(1) Strongly agree,16,Full-time,Female
(1) Full-time worker,(2) Female,12,(2) Agree,11.25,Full-time,Female
(2) Part-time worker,(2) Female,9,(2) Agree,29.16666666667,Part-time,Female
(1) Full-time worker,(2) Female,12,(1) Strongly agree,3.67346938776,Full-time,Female
(2) Part-time worker,(2) Female,12,(2) Agree,11,Part-time,Female
(1) Full-time worker,(2) Female,NA,(2) Agree,16,Full-time,Female
(1) Full-time worker,(2) Female,12,(1) Strongly agree,23,Full-time,Female
(1) Full-time worker,(2) Female,12,(1) Strongly agree,10.1,Full-time,Female
(1) Full-time worker,(2) Female,12,(1) Strongly agree,17,Full-time,Female
NA,NA,NA,NA,NA,NA,NA
(2) Part-time worker,(2) Female,12,(2) Agree,13,Part-time,Female
(1) Full-time worker,(2) Female,12,(2) Agree,NA,Full-time,Female
(1) Full-time worker,(2) Female,10,(2) Agree,11.06382978724,Full-time,Female
(1) Full-time worker,(2) Female,12,(2) Agree,10.25,Full-time,Female
(1) Full-time worker,(2) Female,12,(2) Agree,12.5,Full-time,Female
(1) Full-time worker,(2) Female,12,(1) Strongly agree,18,Full-time,Female
(1) Full-time worker,(2) Female,12,(5) Strongly disagree,10.9,Full-time,Female
(1) Full-time worker,(2) Female,12,(2) Agree,9.58605664489,Full-time,Female
(1) Full-time worker,(2) Female,12,(3) Neither agree nor disagree,12.1,Full-time,Female
(1) Full-time worker,(2) Female,10,(2) Agree,19,Full-time,Female
(1) Full-time worker,(2) Female,9,(1) Strongly agree,15.5,Full-time,Female
(2) Part-time worker,(2) Female,12,(1) Strongly agree,17,Part-time,Female
(1) Full-time worker,(2) Female,12,(2) Agree,10,Full-time,Female
(2) Part-time worker,(2) Female,8,(1) Strongly agree,8.5,Part-time,Female
(1) Full-time worker,(2) Female,10,(2) Agree,34.88372093024,Full-time,Female
(1) Full-time worker,(2) Female,9,(2) Agree,15,Full-time,Female
(2) Part-time worker,(2) Female,1,(1) Strongly agree,9,Part-time,Female
(2) Part-time worker,(2) Female,10,(3) Neither agree nor disagree,NA,Part-time,Female
(1) Full-time worker,(2) Female,8,(3) Neither agree nor disagree,10.35,Full-time,Female
(1) Full-time worker,(2) Female,9,(4) Disagree,16.96252465484,Full-time,Female
NA,NA,NA,NA,NA,NA,NA
(1) Full-time worker,(2) Female,9,(1) Strongly agree,12.79,Full-time,Female
(1) Full-time worker,(2) Female,12,(2) Agree,11.5,Full-time,Female
NA,NA,NA,NA,NA,NA,NA
NA,NA,NA,NA,NA,NA,NA
NA,NA,NA,NA,NA,NA,NA
NA,NA,NA,NA,NA,NA,NA
NA,NA,NA,NA,NA,NA,NA
(1) Full-time worker,(2) Female,12,(1) Strongly agree,12.5,Full-time,Female
(2) Part-time worker,(2) Female,9,(3) Neither agree nor disagree,19,Part-time,Female
NA,NA,NA,NA,NA,NA,NA
(1) Full-time worker,(2) Female,12,(1) Strongly agree,10,Full-time,Female
(1) Full-time worker,(2) Female,NA,(2) Agree,29.8,Full-time,Female
(1) Full-time worker,(2) Female,12,(1) Strongly agree,NA,Full-time,Female
(1) Full-time worker,(2) Female,9,(2) Agree,16,Full-time,Female
(1) Full-time worker,(2) Female,10,(1) Strongly agree,15,Full-time,Female
NA,NA,NA,NA,NA,NA,NA
NA,NA,NA,NA,NA,NA,NA
NA,NA,NA,NA,NA,NA,NA
(1) Full-time worker,(2) Female,10,(1) Strongly agree,33.33333333334,Full-time,Female
NA,NA,NA,NA,NA,NA,NA
(1) Full-time worker,(2) Female,10,(1) Strongly agree,NA,Full-time,Female
NA,NA,NA,NA,NA,NA,NA
(1) Full-time worker,(2) Female,12,(1) Strongly agree,16.5,Full-time,Female
(2) Part-time worker,(2) Female,9,(2) Agree,NA,Part-time,Female
(2) Part-time worker,(2) Female,1,(2) Agree,9.5,Part-time,Female
(1) Full-time worker,(2) Female,12,(1) Strongly agree,10,Full-time,Female
(1) Full-time worker,(2) Female,7,(1) Strongly agree,8,Full-time,Female
(1) Full-time worker,(2) Female,12,(2) Agree,13,Full-time,Female
(1) Full-time worker,(2) Female,12,(2) Agree,10,Full-time,Female
(2) Part-time worker,(2) Female,12,(2) Agree,9,Part-time,Female
(2) Part-time worker,(2) Female,12,(1) Strongly agree,9,Part-time,Female
(1) Full-time worker,(2) Female,12,(1) Strongly agree,7.5,Full-time,Female
(1) Full-time worker,(2) Female,12,(1) Strongly agree,15,Full-time,Female
(1) Full-time worker,(2) Female,8,(1) Strongly agree,12,Full-time,Female
(1) Full-time worker,(2) Female,10,(1) Strongly agree,1.86170212766,Full-time,Female
(1) Full-time worker,(2) Female,12,(1) Strongly agree,8,Full-time,Female
(1) Full-time worker,(2) Female,6,(1) Strongly agree,7.25,Full-time,Female
(1) Full-time worker,(2) Female,10,(2) Agree,20.68,Full-time,Female
(2) Part-time worker,(2) Female,12,(1) Strongly agree,51.42857142858,Part-time,Female
NA,NA,NA,NA,NA,NA,NA
(1) Full-time worker,(2) Female,12,(2) Agree,12.72,Full-time,Female
(1) Full-time worker,(2) Female,9,(1) Strongly agree,7.5,Full-time,Female
(2) Part-time worker,(2) Female,2,(1) Strongly agree,7.25,Part-time,Female
(2) Part-time worker,(2) Female,10,NA,7.25,Part-time,Female
NA,NA,NA,(1) Strongly agree,NA,NA,NA
(2) Part-time worker,(2) Female,10,(1) Strongly agree,38.88888888889,Part-time,Female
(1) Full-time worker,(2) Female,12,(2) Agree,14,Full-time,Female
NA,NA,NA,NA,NA,NA,NA
(1) Full-time worker,(2) Female,3,(4) Disagree,8.20270270271,Full-time,Female
(2) Part-time worker,(2) Female,11,(1) Strongly agree,20,Part-time,Female
NA,NA,NA,NA,NA,NA,NA
(2) Part-time worker,(2) Female,10,(2) Agree,12.5,Part-time,Female
(1) Full-time worker,(2) Female,12,(2) Agree,107.32142857143,Full-time,Female
(2) Part-time worker,(2) Female,2,(3) Neither agree nor disagree,12,Part-time,Female
(1) Full-time worker,(2) Female,9,(2) Agree,6,Full-time,Female
(2) Part-time worker,(2) Female,12,(2) Agree,13.75,Part-time,Female
(2) Part-time worker,(2) Female,12,(1) Strongly agree,10,Part-time,Female
(2) Part-time worker,(2) Female,12,(2) Agree,11,Part-time,Female
(2) Part-time worker,(2) Female,6,(2) Agree,11,Part-time,Female
NA,NA,NA,NA,NA,NA,NA
(1) Full-time worker,(2) Female,11,(2) Agree,18.42105263158,Full-time,Female
(1) Full-time worker,(2) Female,12,(1) Strongly agree,12.35,Full-time,Female
(1) Full-time worker,(2) Female,12,(2) Agree,18.36,Full-time,Female
(1) Full-time worker,(2) Female,12,(2) Agree,18.91,Full-time,Female
(1) Full-time worker,(2) Female,12,(1) Strongly agree,10.5,Full-time,Female
(1) Full-time worker,(2) Female,12,(2) Agree,20.40816326531,Full-time,Female
(1) Full-time worker,(2) Female,12,(3) Neither agree nor disagree,18.60000000001,Full-time,Female
(1) Full-time worker,(2) Female,12,(2) Agree,8,Full-time,Female
(1) Full-time worker,(2) Female,12,(2) Agree,13.44,Full-time,Female
(1) Full-time worker,(2) Female,12,(1) Strongly agree,19,Full-time,Female
(2) Part-time worker,(2) Female,12,(3) Neither agree nor disagree,22,Part-time,Female
(1) Full-time worker,(2) Female,10,(2) Agree,30.88235294118,Full-time,Female
(1) Full-time worker,(2) Female,12,(3) Neither agree nor disagree,8.23,Full-time,Female
(1) Full-time worker,(2) Female,11,(4) Disagree,14.89,Full-time,Female
(2) Part-time worker,(2) Female,12,(1) Strongly agree,14,Part-time,Female
(1) Full-time worker,(2) Female,12,(4) Disagree,20,Full-time,Female
(1) Full-time worker,(2) Female,12,(2) Agree,13.5,Full-time,Female
(1) Full-time worker,(2) Female,9,(4) Disagree,53.84615384616,Full-time,Female
(1) Full-time worker,(2) Female,7,(1) Strongly agree,14,Full-time,Female
(2) Part-time worker,(2) Female,4,(2) Agree,8,Part-time,Female
(2) Part-time worker,(2) Female,4,(2) Agree,9,Part-time,Female
(1) Full-time worker,(1) Male,12,(2) Agree,15.2380952381,Full-time,Male
NA,NA,NA,NA,NA,NA,NA
NA,NA,NA,NA,NA,NA,NA
(1) Full-time worker,(2) Female,12,(1) Strongly agree,14.01445945946,Full-time,Female
(1) Full-time worker,(2) Female,12,(1) Strongly agree,19.37648648649,Full-time,Female
(1) Full-time worker,(2) Female,12,(2) Agree,12.3076923077,Full-time,Female
(1) Full-time worker,(2) Female,11,(5) Strongly disagree,4.375,Full-time,Female
NA,NA,NA,NA,NA,NA,NA
(1) Full-time worker,(2) Female,12,(1) Strongly agree,10,Full-time,Female
(2) Part-time worker,(2) Female,9,(1) Strongly agree,13,Part-time,Female
(1) Full-time worker,(2) Female,4,(1) Strongly agree,10,Full-time,Female
(1) Full-time worker,(2) Female,5,(4) Disagree,8.5,Full-time,Female
(1) Full-time worker,(2) Female,12,(2) Agree,21.5,Full-time,Female
(2) Part-time worker,(2) Female,12,(1) Strongly agree,11.076923076929999,Part-time,Female
(2) Part-time worker,(2) Female,12,(3) Neither agree nor disagree,14.94,Part-time,Female
(1) Full-time worker,(2) Female,12,(2) Agree,23.21428571429,Full-time,Female
(1) Full-time worker,(2) Female,1,(1) Strongly agree,15,Full-time,Female
(1) Full-time worker,(2) Female,12,(1) Strongly agree,13,Full-time,Female
(2) Part-time worker,(2) Female,12,(1) Strongly agree,15,Part-time,Female
(1) Full-time worker,(2) Female,12,(3) Neither agree nor disagree,20,Full-time,Female
(1) Full-time worker,(2) Female,12,(1) Strongly agree,9.22962962963,Full-time,Female
(1) Full-time worker,(2) Female,12,(3) Neither agree nor disagree,12.85,Full-time,Female
(2) Part-time worker,(2) Female,12,(2) Agree,NA,Part-time,Female
(2) Part-time worker,(2) Female,12,(1) Strongly agree,12,Part-time,Female
(2) Part-time worker,(2) Female,12,(3) Neither agree nor disagree,15,Part-time,Female
(1) Full-time worker,(2) Female,5,(3) Neither agree nor disagree,10,Full-time,Female
(1) Full-time worker,(2) Female,12,(1) Strongly agree,12.9,Full-time,Female
(1) Full-time worker,(2) Female,11,(2) Agree,NA,Full-time,Female
(1) Full-time worker,(2) Female,4,(1) Strongly agree,12.38,Full-time,Female
(1) Full-time worker,(2) Female,12,(1) Strongly agree,20.40816326531,Full-time,Female
(2) Part-time worker,(2) Female,12,(2) Agree,8.55000000001,Part-time,Female
NA,NA,NA,NA,NA,NA,NA
(2) Part-time worker,(2) Female,12,(1) Strongly agree,16.3,Part-time,Female
(1) Full-time worker,(2) Female,9,(1) Strongly agree,10.64,Full-time,Female
(1) Full-time worker,(1) Male,12,(1) Strongly agree,NA,Full-time,Male
(1) Full-time worker,(2) Female,12,(2) Agree,14.42307692308,Full-time,Female
(2) Part-time worker,(2) Female,12,(1) Strongly agree,13,Part-time,Female
(1) Full-time worker,(2) Female,12,(2) Agree,8.25,Full-time,Female
(1) Full-time worker,(2) Female,10,(2) Agree,40.625,Full-time,Female
(1) Full-time worker,(2) Female,9,(1) Strongly agree,24,Full-time,Female
(1) Full-time worker,(2) Female,12,(1) Strongly agree,NA,Full-time,Female
NA,NA,NA,NA,NA,NA,NA
(1) Full-time worker,(2) Female,12,(1) Strongly agree,12.47,Full-time,Female
(1) Full-time worker,(2) Female,12,(1) Strongly agree,12,Full-time,Female
(1) Full-time worker,(2) Female,12,(2) Agree,9,Full-time,Female
(2) Part-time worker,(2) Female,10,(2) Agree,8,Part-time,Female
(2) Part-time worker,(2) Female,3,(1) Strongly agree,9.6153846153899991,Part-time,Female
(2) Part-time worker,(2) Female,12,(1) Strongly agree,15,Part-time,Female
(2) Part-time worker,(2) Female,10,(1) Strongly agree,14.66666666667,Part-time,Female
(1) Full-time worker,(2) Female,12,NA,7.75,Full-time,Female
(2) Part-time worker,(2) Female,12,(1) Strongly agree,11.6,Part-time,Female
(1) Full-time worker,(2) Female,12,(2) Agree,9,Full-time,Female
(2) Part-time worker,(2) Female,11,(2) Agree,23.6,Part-time,Female
(1) Full-time worker,(2) Female,12,(2) Agree,18.12636165578,Full-time,Female
(2) Part-time worker,(2) Female,10,(1) Strongly agree,16.66666666667,Part-time,Female
(1) Full-time worker,(2) Female,12,(2) Agree,8,Full-time,Female
(1) Full-time worker,(2) Female,12,(3) Neither agree nor disagree,24.10714285715,Full-time,Female
NA,NA,NA,NA,NA,NA,NA
(2) Part-time worker,(2) Female,12,(2) Agree,15.34,Part-time,Female
(1) Full-time worker,(2) Female,12,(1) Strongly agree,28.58,Full-time,Female
(1) Full-time worker,(2) Female,9,(5) Strongly disagree,20.21,Full-time,Female
(1) Full-time worker,(2) Female,9,(2) Agree,NA,Full-time,Female
NA,(2) Female,NA,(1) Strongly agree,13,NA,Female
(1) Full-time worker,(2) Female,9,(2) Agree,18.4,Full-time,Female
(1) Full-time worker,(2) Female,9,(1) Strongly agree,NA,Full-time,Female
(1) Full-time worker,(2) Female,10,(2) Agree,43.53333333334,Full-time,Female
(1) Full-time worker,(2) Female,10,(1) Strongly agree,29.36642857143,Full-time,Female
(1) Full-time worker,(2) Female,12,(2) Agree,15.865384615389999,Full-time,Female
(1) Full-time worker,(2) Female,10,(1) Strongly agree,12,Full-time,Female
(2) Part-time worker,(2) Female,2,(2) Agree,7.5,Part-time,Female
(2) Part-time worker,(2) Female,12,(2) Agree,NA,Part-time,Female
(1) Full-time worker,(2) Female,9,(1) Strongly agree,16.5,Full-time,Female
(1) Full-time worker,(2) Female,9,(3) Neither agree nor disagree,13,Full-time,Female
(1) Full-time worker,(2) Female,6,(1) Strongly agree,11,Full-time,Female
(2) Part-time worker,(2) Female,12,(1) Strongly agree,12,Part-time,Female
(1) Full-time worker,(2) Female,5,(2) Agree,10.5,Full-time,Female
(1) Full-time worker,(2) Female,6,(1) Strongly agree,NA,Full-time,Female
NA,NA,NA,NA,NA,NA,NA
(1) Full-time worker,(2) Female,4,(1) Strongly agree,4.15384615385,Full-time,Female
NA,NA,NA,NA,NA,NA,NA
(2) Part-time worker,(2) Female,9,(2) Agree,10,Part-time,Female
(1) Full-time worker,(2) Female,12,(2) Agree,NA,Full-time,Female
(1) Full-time worker,(2) Female,12,(2) Agree,14.5,Full-time,Female
(1) Full-time worker,(2) Female,10,(2) Agree,13.88888888889,Full-time,Female
(2) Part-time worker,(2) Female,10,(1) Strongly agree,16.48,Part-time,Female
(1) Full-time worker,(2) Female,8,(2) Agree,24,Full-time,Female
(1) Full-time worker,(2) Female,12,(2) Agree,13,Full-time,Female
(1) Full-time worker,(2) Female,12,(5) Strongly disagree,17.14285714286,Full-time,Female
(1) Full-time worker,(2) Female,12,(1) Strongly agree,17,Full-time,Female
(1) Full-time worker,(2) Female,10,(1) Strongly agree,58.33333333334,Full-time,Female
(1) Full-time worker,(2) Female,7,(1) Strongly agree,12,Full-time,Female
(1) Full-time worker,(2) Female,12,(2) Agree,NA,Full-time,Female
(2) Part-time worker,(2) Female,9,(2) Agree,13.5,Part-time,Female
(2) Part-time worker,(2) Female,12,(1) Strongly agree,7.25,Part-time,Female
(2) Part-time worker,(2) Female,9,(2) Agree,27,Part-time,Female
(1) Full-time worker,(1) Male,10,(2) Agree,43.91891891892,Full-time,Male
(1) Full-time worker,(2) Female,9,(1) Strongly agree,8.56,Full-time,Female
(1) Full-time worker,(2) Female,10,(2) Agree,41.66666666667,Full-time,Female
(1) Full-time worker,(2) Female,8,(2) Agree,8.75,Full-time,Female
(1) Full-time worker,(2) Female,12,(2) Agree,9,Full-time,Female
(1) Full-time worker,(2) Female,12,(2) Agree,11.11111111112,Full-time,Female
NA,NA,NA,NA,NA,NA,NA
(2) Part-time worker,(2) Female,9,(4) Disagree,12.41,Part-time,Female
(1) Full-time worker,(2) Female,9,(2) Agree,14.26,Full-time,Female
(1) Full-time worker,(2) Female,12,(1) Strongly agree,13,Full-time,Female
(1) Full-time worker,(2) Female,1,(1) Strongly agree,11,Full-time,Female
(1) Full-time worker,(2) Female,11,(1) Strongly agree,NA,Full-time,Female
(1) Full-time worker,(2) Female,9,(2) Agree,12,Full-time,Female
(2) Part-time worker,(2) Female,9,(1) Strongly agree,37.5,Part-time,Female
(2) Part-time worker,(2) Female,10,(2) Agree,16.75,Part-time,Female
NA,NA,NA,NA,NA,NA,NA
(1) Full-time worker,(2) Female,12,(5) Strongly disagree,8.37837837838,Full-time,Female
(1) Full-time worker,(2) Female,12,(1) Strongly agree,13.25,Full-time,Female
(1) Full-time worker,(2) Female,12,(1) Strongly agree,13.25,Full-time,Female
NA,NA,NA,NA,NA,NA,NA
(1) Full-time worker,(2) Female,1,(2) Agree,10,Full-time,Female
NA,NA,NA,NA,NA,NA,NA
(1) Full-time worker,(2) Female,6,(1) Strongly agree,8.35,Full-time,Female
(1) Full-time worker,(2) Female,8,(2) Agree,7.25,Full-time,Female
(1) Full-time worker,(2) Female,12,(1) Strongly agree,12,Full-time,Female
(1) Full-time worker,(2) Female,12,(1) Strongly agree,15,Full-time,Female
(1) Full-time worker,(2) Female,3,(1) Strongly agree,13,Full-time,Female
(2) Part-time worker,(2) Female,12,(1) Strongly agree,10,Part-time,Female
(1) Full-time worker,(2) Female,5,(2) Agree,9,Full-time,Female
(1) Full-time worker,(2) Female,12,(1) Strongly agree,9,Full-time,Female
(1) Full-time worker,(2) Female,6,(1) Strongly agree,9.02,Full-time,Female
(1) Full-time worker,(2) Female,12,(1) Strongly agree,10.30000000001,Full-time,Female
(2) Part-time worker,(2) Female,12,(1) Strongly agree,9.5,Part-time,Female
(2) Part-time worker,(2) Female,10,(3) Neither agree nor disagree,10.63000000001,Part-time,Female
(1) Full-time worker,(2) Female,12,(3) Neither agree nor disagree,11.7,Full-time,Female
(2) Part-time worker,(2) Female,12,(4) Disagree,14.91,Part-time,Female
(1) Full-time worker,(2) Female,12,(1) Strongly agree,15,Full-time,Female
(1) Full-time worker,(2) Female,10,(1) Strongly agree,24.07407407408,Full-time,Female
(2) Part-time worker,(2) Female,9,(2) Agree,9,Part-time,Female
(1) Full-time worker,(2) Female,12,(1) Strongly agree,10,Full-time,Female
(1) Full-time worker,(2) Female,11,(2) Agree,23,Full-time,Female
(2) Part-time worker,(2) Female,10,(1) Strongly agree,NA,Part-time,Female
(1) Full-time worker,(2) Female,12,(1) Strongly agree,8,Full-time,Female
(1) Full-time worker,(2) Female,12,(1) Strongly agree,15,Full-time,Female
(1) Full-time worker,(2) Female,8,(2) Agree,9,Full-time,Female
(1) Full-time worker,(2) Female,2,(1) Strongly agree,9,Full-time,Female
(1) Full-time worker,(2) Female,10,(1) Strongly agree,38.15789473685,Full-time,Female
(1) Full-time worker,(2) Female,12,(3) Neither agree nor disagree,13,Full-time,Female
(1) Full-time worker,(2) Female,12,(2) Agree,20.5,Full-time,Female
(2) Part-time worker,(2) Female,10,(2) Agree,18.36734693878,Part-time,Female
(2) Part-time worker,(2) Female,9,(1) Strongly agree,14,Part-time,Female
(1) Full-time worker,(2) Female,12,(1) Strongly agree,15,Full-time,Female
(2) Part-time worker,(2) Female,6,(1) Strongly agree,11.5,Part-time,Female
(1) Full-time worker,(2) Female,11,(1) Strongly agree,NA,Full-time,Female
NA,NA,NA,NA,NA,NA,NA
(1) Full-time worker,(2) Female,11,(1) Strongly agree,8.75,Full-time,Female
(1) Full-time worker,(2) Female,12,(1) Strongly agree,15,Full-time,Female
(2) Part-time worker,(2) Female,10,(1) Strongly agree,15.31822674419,Part-time,Female
(1) Full-time worker,(2) Female,NA,(1) Strongly agree,10.28,Full-time,Female
NA,NA,NA,NA,NA,NA,NA
(1) Full-time worker,(2) Female,12,(2) Agree,NA,Full-time,Female
(1) Full-time worker,(2) Female,12,(1) Strongly agree,9,Full-time,Female
(1) Full-time worker,(1) Male,10,(2) Agree,12.5,Full-time,Male
NA,NA,NA,NA,NA,NA,NA
(2) Part-time worker,(2) Female,9,(1) Strongly agree,9.375,Part-time,Female
(1) Full-time worker,(2) Female,12,(3) Neither agree nor disagree,11.5,Full-time,Female
(1) Full-time worker,(2) Female,NA,(2) Agree,18.5,Full-time,Female
NA,NA,NA,NA,NA,NA,NA
(1) Full-time worker,(2) Female,12,(2) Agree,13,Full-time,Female
(2) Part-time worker,(2) Female,12,(1) Strongly agree,13,Part-time,Female
(2) Part-time worker,(2) Female,10,(1) Strongly agree,20.83333333334,Part-time,Female
(2) Part-time worker,(2) Female,12,(1) Strongly agree,14.87,Part-time,Female
NA,NA,NA,NA,NA,NA,NA
(2) Part-time worker,(2) Female,9,(1) Strongly agree,14,Part-time,Female
(2) Part-time worker,(2) Female,12,(2) Agree,8,Part-time,Female
(1) Full-time worker,(2) Female,12,(1) Strongly agree,11.5,Full-time,Female
(2) Part-time worker,(2) Female,9,(1) Strongly agree,12,Part-time,Female
(1) Full-time worker,(1) Male,12,(1) Strongly agree,32.50591016549,Full-time,Male
(2) Part-time worker,(2) Female,9,(1) Strongly agree,14,Part-time,Female
(1) Full-time worker,(2) Female,12,(1) Strongly agree,16.7,Full-time,Female
(1) Full-time worker,(2) Female,12,(2) Agree,12,Full-time,Female
(1) Full-time worker,(2) Female,12,(3) Neither agree nor disagree,12,Full-time,Female
(2) Part-time worker,(2) Female,12,(2) Agree,9,Part-time,Female
(1) Full-time worker,(2) Female,12,(5) Strongly disagree,12.5,Full-time,Female
(2) Part-time worker,(2) Female,9,(1) Strongly agree,9,Part-time,Female
(1) Full-time worker,(2) Female,12,(2) Agree,31.57894736843,Full-time,Female
(1) Full-time worker,(2) Female,12,(1) Strongly agree,8.5,Full-time,Female
(2) Part-time worker,(2) Female,9,(1) Strongly agree,11,Part-time,Female
(1) Full-time worker,(2) Female,10,(1) Strongly agree,43.05555555556,Full-time,Female
(2) Part-time worker,(2) Female,10,(1) Strongly agree,51.42857142858,Part-time,Female
(1) Full-time worker,(2) Female,12,(1) Strongly agree,14.75,Full-time,Female
(1) Full-time worker,(2) Female,1,(4) Disagree,13,Full-time,Female
NA,NA,NA,NA,NA,NA,NA
(1) Full-time worker,(2) Female,12,(4) Disagree,14,Full-time,Female
(1) Full-time worker,(2) Female,5,(1) Strongly agree,11,Full-time,Female
(1) Full-time worker,(2) Female,12,(2) Agree,14,Full-time,Female
NA,NA,NA,NA,NA,NA,NA
(1) Full-time worker,(2) Female,12,(1) Strongly agree,NA,Full-time,Female
(1) Full-time worker,(2) Female,12,(1) Strongly agree,11.11,Full-time,Female
(1) Full-time worker,(2) Female,12,(1) Strongly agree,NA,Full-time,Female
(1) Full-time worker,(2) Female,12,(1) Strongly agree,11.733173076929999,Full-time,Female
(1) Full-time worker,(2) Female,12,(1) Strongly agree,12.5,Full-time,Female
(1) Full-time worker,(2) Female,12,(2) Agree,7.5,Full-time,Female
(1) Full-time worker,(2) Female,12,(2) Agree,12.76,Full-time,Female
(1) Full-time worker,(2) Female,9,(2) Agree,16.75675675676,Full-time,Female
(1) Full-time worker,(2) Female,12,(2) Agree,10,Full-time,Female
(1) Full-time worker,(2) Female,12,(2) Agree,2.22222222222,Full-time,Female
(1) Full-time worker,(2) Female,12,(2) Agree,9.25,Full-time,Female
(1) Full-time worker,(2) Female,12,(2) Agree,13.22,Full-time,Female
(1) Full-time worker,(2) Female,12,(2) Agree,19.72789115647,Full-time,Female
(2) Part-time worker,(2) Female,5,(2) Agree,15,Part-time,Female
(1) Full-time worker,(2) Female,12,(3) Neither agree nor disagree,15.61,Full-time,Female
(1) Full-time worker,(2) Female,12,(1) Strongly agree,13.2,Full-time,Female
(1) Full-time worker,(2) Female,12,(2) Agree,14,Full-time,Female
(1) Full-time worker,(2) Female,11,(1) Strongly agree,19.36159079017,Full-time,Female
(1) Full-time worker,(2) Female,12,(2) Agree,11.538461538469999,Full-time,Female
(1) Full-time worker,(2) Female,12,(1) Strongly agree,18,Full-time,Female
(1) Full-time worker,(2) Female,12,(4) Disagree,15,Full-time,Female
(1) Full-time worker,(2) Female,12,(2) Agree,10,Full-time,Female
(2) Part-time worker,(2) Female,12,(1) Strongly agree,15.78947368422,Part-time,Female
(1) Full-time worker,(2) Female,12,(1) Strongly agree,NA,Full-time,Female
(1) Full-time worker,(2) Female,12,(1) Strongly agree,9,Full-time,Female
(1) Full-time worker,(2) Female,12,(1) Strongly agree,12,Full-time,Female
(1) Full-time worker,(2) Female,10,(2) Agree,14.25,Full-time,Female
(1) Full-time worker,(2) Female,2,(1) Strongly agree,8,Full-time,Female
(1) Full-time worker,(2) Female,12,(1) Strongly agree,10.5,Full-time,Female
(1) Full-time worker,(2) Female,6,(3) Neither agree nor disagree,9.5,Full-time,Female
(1) Full-time worker,(2) Female,10,(1) Strongly agree,35.25835866262,Full-time,Female
(1) Full-time worker,(2) Female,12,(2) Agree,9,Full-time,Female
(2) Part-time worker,(2) Female,12,(2) Agree,9,Part-time,Female
(1) Full-time worker,(2) Female,12,(2) Agree,15.85,Full-time,Female
(1) Full-time worker,(2) Female,9,(1) Strongly agree,33.33333333334,Full-time,Female
(2) Part-time worker,(2) Female,12,(2) Agree,10,Part-time,Female
(1) Full-time worker,(2) Female,11,(4) Disagree,16,Full-time,Female
(2) Part-time worker,(2) Female,5,(2) Agree,10,Part-time,Female
(1) Full-time worker,(2) Female,12,(1) Strongly agree,10,Full-time,Female
(1) Full-time worker,(2) Female,12,(2) Agree,12.90322580646,Full-time,Female
(1) Full-time worker,(2) Female,12,(1) Strongly agree,NA,Full-time,Female
NA,NA,NA,NA,NA,NA,NA
(1) Full-time worker,(2) Female,6,(2) Agree,13,Full-time,Female
(1) Full-time worker,(2) Female,10,(1) Strongly agree,12.5,Full-time,Female
(2) Part-time worker,(2) Female,12,(1) Strongly agree,7.5,Part-time,Female
(1) Full-time worker,(2) Female,12,(1) Strongly agree,15,Full-time,Female
(1) Full-time worker,(2) Female,12,(3) Neither agree nor disagree,38.57142857143,Full-time,Female
(1) Full-time worker,(2) Female,12,(2) Agree,NA,Full-time,Female
(1) Full-time worker,(2) Female,12,(1) Strongly agree,13,Full-time,Female
(1) Full-time worker,(2) Female,12,(4) Disagree,9.25,Full-time,Female
NA,NA,NA,NA,NA,NA,NA
(1) Full-time worker,(2) Female,10,(2) Agree,12.97297297298,Full-time,Female
(1) Full-time worker,(2) Female,12,(1) Strongly agree,5.85,Full-time,Female
(1) Full-time worker,(2) Female,12,(2) Agree,NA,Full-time,Female
(1) Full-time worker,(2) Female,10,(2) Agree,45.42124542125,Full-time,Female
(1) Full-time worker,(2) Female,12,(2) Agree,14.37,Full-time,Female
(1) Full-time worker,(2) Female,12,(2) Agree,16.16,Full-time,Female
(1) Full-time worker,(2) Female,11,(2) Agree,10,Full-time,Female
(1) Full-time worker,(2) Female,9,(1) Strongly agree,9,Full-time,Female
(1) Full-time worker,(2) Female,12,(1) Strongly agree,15.865384615389999,Full-time,Female
NA,NA,NA,NA,NA,NA,NA
(2) Part-time worker,(2) Female,12,(1) Strongly agree,11,Part-time,Female
(1) Full-time worker,(2) Female,11,(2) Agree,20.83333333334,Full-time,Female
(1) Full-time worker,(2) Female,12,(2) Agree,11,Full-time,Female
(1) Full-time worker,(2) Female,12,(4) Disagree,20.5,Full-time,Female
(1) Full-time worker,(2) Female,12,(1) Strongly agree,9.23,Full-time,Female
NA,NA,NA,NA,NA,NA,NA
(1) Full-time worker,(2) Female,12,(3) Neither agree nor disagree,9,Full-time,Female
NA,NA,NA,NA,NA,NA,NA
(1) Full-time worker,(2) Female,12,(1) Strongly agree,11,Full-time,Female
(1) Full-time worker,(2) Female,12,(2) Agree,21.52777777778,Full-time,Female
(1) Full-time worker,(2) Female,9,(4) Disagree,24.43716216217,Full-time,Female
(1) Full-time worker,(2) Female,9,(2) Agree,12.5,Full-time,Female
(1) Full-time worker,(2) Female,12,(1) Strongly agree,20,Full-time,Female
(1) Full-time worker,(2) Female,12,(3) Neither agree nor disagree,27.77777777778,Full-time,Female
(1) Full-time worker,(1) Male,9,(3) Neither agree nor disagree,NA,Full-time,Male
(1) Full-time worker,(2) Female,12,(1) Strongly agree,8,Full-time,Female
(1) Full-time worker,(2) Female,10,(2) Agree,9.5,Full-time,Female
NA,NA,NA,NA,NA,NA,NA
(1) Full-time worker,(2) Female,9,(2) Agree,NA,Full-time,Female
(2) Part-time worker,(2) Female,8,(5) Strongly disagree,22.25,Part-time,Female
(1) Full-time worker,(2) Female,NA,NA,17,Full-time,Female
(1) Full-time worker,(2) Female,12,(4) Disagree,11.4,Full-time,Female
(2) Part-time worker,(2) Female,6,(1) Strongly agree,9,Part-time,Female
(2) Part-time worker,(2) Female,12,(1) Strongly agree,12.22222222223,Part-time,Female
(2) Part-time worker,(2) Female,10,(1) Strongly agree,15,Part-time,Female
(1) Full-time worker,(2) Female,12,(2) Agree,9,Full-time,Female
(1) Full-time worker,(2) Female,NA,(2) Agree,11,Full-time,Female
(1) Full-time worker,(2) Female,12,(2) Agree,14.375,Full-time,Female
(1) Full-time worker,(2) Female,12,(1) Strongly agree,12,Full-time,Female
(1) Full-time worker,(2) Female,2,(2) Agree,9.5,Full-time,Female
(1) Full-time worker,(2) Female,2,(1) Strongly agree,7.5,Full-time,Female
(2) Part-time worker,(2) Female,12,(1) Strongly agree,13.5,Part-time,Female
(1) Full-time worker,(2) Female,12,(2) Agree,15,Full-time,Female
(2) Part-time worker,(2) Female,10,(1) Strongly agree,10,Part-time,Female
(2) Part-time worker,(2) Female,9,(1) Strongly agree,17,Part-time,Female
(1) Full-time worker,(2) Female,12,(2) Agree,12.5,Full-time,Female
(1) Full-time worker,(2) Female,12,(1) Strongly agree,50,Full-time,Female
(1) Full-time worker,(2) Female,9,(2) Agree,41.66666666667,Full-time,Female
(2) Part-time worker,(2) Female,12,(2) Agree,107.5,Part-time,Female
(1) Full-time worker,(2) Female,12,(2) Agree,10.25,Full-time,Female
NA,NA,NA,NA,NA,NA,NA
(1) Full-time worker,(2) Female,12,(2) Agree,12,Full-time,Female
(2) Part-time worker,(1) Male,12,(3) Neither agree nor disagree,NA,Part-time,Male
(1) Full-time worker,(2) Female,12,(1) Strongly agree,4,Full-time,Female
(1) Full-time worker,(2) Female,11,(2) Agree,12,Full-time,Female
NA,NA,NA,NA,NA,NA,NA
(1) Full-time worker,(2) Female,12,(1) Strongly agree,10.75,Full-time,Female
(1) Full-time worker,(2) Female,12,(1) Strongly agree,9,Full-time,Female
(1) Full-time worker,(2) Female,12,(2) Agree,27.375,Full-time,Female
(1) Full-time worker,(2) Female,12,(2) Agree,18.45494505495,Full-time,Female
(1) Full-time worker,(2) Female,8,(2) Agree,7.1,Full-time,Female
(2) Part-time worker,(2) Female,8,(3) Neither agree nor disagree,8.25,Part-time,Female
(1) Full-time worker,(2) Female,10,(2) Agree,NA,Full-time,Female
(1) Full-time worker,(2) Female,7,(1) Strongly agree,7.5,Full-time,Female
(1) Full-time worker,(2) Female,12,(2) Agree,12.88,Full-time,Female
(1) Full-time worker,(2) Female,9,(1) Strongly agree,24.03846153847,Full-time,Female
(1) Full-time worker,(1) Male,12,(2) Agree,25,Full-time,Male
(1) Full-time worker,NA,12,(2) Agree,25,Full-time,NA
(1) Full-time worker,NA,11,NA,12.5,Full-time,NA
(1) Full-time worker,(2) Female,12,(2) Agree,10,Full-time,Female
(2) Part-time worker,(2) Female,9,(1) Strongly agree,NA,Part-time,Female
(2) Part-time worker,(2) Female,9,(1) Strongly agree,22.45989304813,Part-time,Female
(2) Part-time worker,(2) Female,10,(1) Strongly agree,32.35294117648,Part-time,Female
(1) Full-time worker,(2) Female,12,(1) Strongly agree,18.27,Full-time,Female
(1) Full-time worker,(2) Female,12,(1) Strongly agree,12,Full-time,Female
(1) Full-time worker,(2) Female,11,(1) Strongly agree,15.37,Full-time,Female
(1) Full-time worker,(2) Female,11,(2) Agree,15.7,Full-time,Female
(2) Part-time worker,(2) Female,9,(1) Strongly agree,12,Part-time,Female
(1) Full-time worker,(2) Female,12,(1) Strongly agree,20.99125364432,Full-time,Female
(1) Full-time worker,(2) Female,NA,(1) Strongly agree,13.5375,Full-time,Female
(1) Full-time worker,(2) Female,12,(1) Strongly agree,13.5,Full-time,Female
NA,NA,NA,NA,NA,NA,NA
(1) Full-time worker,(2) Female,12,(1) Strongly agree,14,Full-time,Female
(1) Full-time worker,(2) Female,12,(1) Strongly agree,15,Full-time,Female
(1) Full-time worker,(2) Female,12,(2) Agree,14.25,Full-time,Female
NA,NA,NA,NA,NA,NA,NA
(1) Full-time worker,(2) Female,2,(1) Strongly agree,11,Full-time,Female
NA,NA,NA,NA,NA,NA,NA
(1) Full-time worker,(2) Female,1,(1) Strongly agree,14,Full-time,Female
(1) Full-time worker,(2) Female,11,(2) Agree,10,Full-time,Female
(1) Full-time worker,(2) Female,12,(3) Neither agree nor disagree,11,Full-time,Female
(1) Full-time worker,(2) Female,9,(2) Agree,7.875,Full-time,Female
(2) Part-time worker,(2) Female,12,(1) Strongly agree,11.25,Part-time,Female
(1) Full-time worker,(2) Female,8,(1) Strongly agree,13,Full-time,Female
(1) Full-time worker,(2) Female,12,(1) Strongly agree,23,Full-time,Female
(2) Part-time worker,(2) Female,12,(1) Strongly agree,10,Part-time,Female
(1) Full-time worker,(2) Female,12,(1) Strongly agree,14,Full-time,Female
(1) Full-time worker,(2) Female,12,(2) Agree,20,Full-time,Female
(1) Full-time worker,(2) Female,12,(2) Agree,15.3,Full-time,Female
(1) Full-time worker,(2) Female,12,(1) Strongly agree,8.5,Full-time,Female
NA,NA,NA,NA,NA,NA,NA
(2) Part-time worker,(2) Female,12,(2) Agree,8.75,Part-time,Female
NA,NA,NA,NA,NA,NA,NA
(1) Full-time worker,(2) Female,3,(1) Strongly agree,17.49,Full-time,Female
(2) Part-time worker,(2) Female,10,(1) Strongly agree,NA,Part-time,Female
(1) Full-time worker,(2) Female,11,(2) Agree,7.75,Full-time,Female
(2) Part-time worker,(2) Female,12,(2) Agree,23,Part-time,Female
(1) Full-time worker,(2) Female,6,(1) Strongly agree,8,Full-time,Female
(1) Full-time worker,(2) Female,12,(2) Agree,13,Full-time,Female
(1) Full-time worker,(2) Female,12,(3) Neither agree nor disagree,13.5,Full-time,Female
(1) Full-time worker,(2) Female,1,(1) Strongly agree,17,Full-time,Female
(1) Full-time worker,(2) Female,12,(1) Strongly agree,NA,Full-time,Female
(1) Full-time worker,(2) Female,12,(4) Disagree,12,Full-time,Female
(2) Part-time worker,(2) Female,6,(2) Agree,13,Part-time,Female
(1) Full-time worker,(2) Female,12,(3) Neither agree nor disagree,8.5384615384699991,Full-time,Female
(1) Full-time worker,(2) Female,12,(1) Strongly agree,9.25,Full-time,Female
(1) Full-time worker,(2) Female,9,(2) Agree,26.4705882353,Full-time,Female
(1) Full-time worker,(2) Female,12,(1) Strongly agree,12,Full-time,Female
(1) Full-time worker,(2) Female,4,(1) Strongly agree,11.83255813954,Full-time,Female
(1) Full-time worker,(2) Female,NA,(1) Strongly agree,NA,Full-time,Female
(1) Full-time worker,(2) Female,12,(1) Strongly agree,21.7,Full-time,Female
NA,NA,NA,NA,NA,NA,NA
NA,NA,NA,NA,NA,NA,NA
(1) Full-time worker,(2) Female,6,(1) Strongly agree,11.25,Full-time,Female
(1) Full-time worker,(2) Female,12,(1) Strongly agree,10.5,Full-time,Female
(2) Part-time worker,(2) Female,9,(1) Strongly agree,20.45454545455,Part-time,Female
NA,NA,NA,NA,NA,NA,NA
(1) Full-time worker,(2) Female,5,(1) Strongly agree,10.5,Full-time,Female
NA,NA,NA,NA,NA,NA,NA
(2) Part-time worker,(2) Female,10,(4) Disagree,11.33,Part-time,Female
(1) Full-time worker,(2) Female,12,(2) Agree,11,Full-time,Female
(1) Full-time worker,(2) Female,12,(2) Agree,10,Full-time,Female
(1) Full-time worker,(2) Female,3,(2) Agree,9,Full-time,Female
(2) Part-time worker,(2) Female,9,(1) Strongly agree,NA,Part-time,Female
NA,NA,NA,NA,NA,NA,NA
NA,NA,NA,NA,NA,NA,NA
(1) Full-time worker,(2) Female,9,(2) Agree,15.55,Full-time,Female
(1) Full-time worker,(2) Female,12,(1) Strongly agree,13.07189542484,Full-time,Female
(1) Full-time worker,NA,10,NA,NA,Full-time,NA
(1) Full-time worker,(2) Female,12,(1) Strongly agree,NA,Full-time,Female
(1) Full-time worker,(2) Female,12,(1) Strongly agree,20,Full-time,Female
(1) Full-time worker,(2) Female,10,(1) Strongly agree,13,Full-time,Female
(1) Full-time worker,(2) Female,12,(2) Agree,11,Full-time,Female
NA,(2) Female,12,(1) Strongly agree,9.21052631579,NA,Female
(1) Full-time worker,(2) Female,12,(1) Strongly agree,17.35000000001,Full-time,Female
(2) Part-time worker,(2) Female,12,(3) Neither agree nor disagree,8,Part-time,Female
(1) Full-time worker,(2) Female,12,(2) Agree,13,Full-time,Female
(2) Part-time worker,(2) Female,12,(1) Strongly agree,12,Part-time,Female
(1) Full-time worker,(2) Female,12,(1) Strongly agree,9.25,Full-time,Female
(2) Part-time worker,(2) Female,12,(1) Strongly agree,9.25,Part-time,Female
(1) Full-time worker,(2) Female,12,(2) Agree,11,Full-time,Female
(1) Full-time worker,(2) Female,10,(1) Strongly agree,21.42857142858,Full-time,Female
(2) Part-time worker,(2) Female,12,(1) Strongly agree,10,Part-time,Female
(1) Full-time worker,(2) Female,12,(4) Disagree,13,Full-time,Female
(1) Full-time worker,NA,12,(2) Agree,9,Full-time,NA
(1) Full-time worker,(2) Female,5,(2) Agree,9.5,Full-time,Female
NA,NA,NA,NA,NA,NA,NA
(1) Full-time worker,(2) Female,NA,NA,NA,Full-time,Female
(1) Full-time worker,(2) Female,12,(1) Strongly agree,13,Full-time,Female
(2) Part-time worker,(2) Female,11,(1) Strongly agree,10,Part-time,Female
(2) Part-time worker,(2) Female,10,(1) Strongly agree,13.7,Part-time,Female
NA,NA,NA,NA,NA,NA,NA
(2) Part-time worker,(2) Female,12,(2) Agree,11.5,Part-time,Female
NA,NA,NA,NA,NA,NA,NA
(1) Full-time worker,(2) Female,12,(2) Agree,12.5,Full-time,Female
(2) Part-time worker,(2) Female,12,(2) Agree,11.9,Part-time,Female
(1) Full-time worker,(2) Female,12,(2) Agree,8.57142857143,Full-time,Female
(1) Full-time worker,(2) Female,12,(1) Strongly agree,27,Full-time,Female
(1) Full-time worker,(2) Female,12,(1) Strongly agree,25,Full-time,Female
(1) Full-time worker,(2) Female,12,(1) Strongly agree,9.5,Full-time,Female
(1) Full-time worker,(2) Female,12,(2) Agree,18,Full-time,Female
(2) Part-time worker,(2) Female,10,(2) Agree,107.5,Part-time,Female
NA,NA,NA,NA,NA,NA,NA
(1) Full-time worker,(2) Female,12,(2) Agree,21,Full-time,Female
(1) Full-time worker,(2) Female,7,(1) Strongly agree,14.5,Full-time,Female
(1) Full-time worker,(2) Female,12,(1) Strongly agree,54.9575,Full-time,Female
(1) Full-time worker,(2) Female,9,(5) Strongly disagree,30.88235294118,Full-time,Female
NA,NA,NA,NA,NA,NA,NA
NA,NA,NA,NA,NA,NA,NA
NA,NA,NA,NA,NA,NA,NA
(2) Part-time worker,(2) Female,8,(1) Strongly agree,12,Part-time,Female
(1) Full-time worker,(2) Female,10,(1) Strongly agree,NA,Full-time,Female
(1) Full-time worker,(2) Female,10,(1) Strongly agree,48.57142857143,Full-time,Female
(2) Part-time worker,(2) Female,2,(2) Agree,12.5,Part-time,Female
(1) Full-time worker,(2) Female,12,(2) Agree,13.5875,Full-time,Female
(1) Full-time worker,(2) Female,12,(2) Agree,13,Full-time,Female
(2) Part-time worker,(2) Female,10,(1) Strongly agree,30.33333333334,Part-time,Female
(1) Full-time worker,(2) Female,10,(2) Agree,16.66666666667,Full-time,Female
(2) Part-time worker,(2) Female,12,(3) Neither agree nor disagree,13,Part-time,Female
NA,(2) Female,NA,(2) Agree,8,NA,Female
(2) Part-time worker,(2) Female,12,(2) Agree,10.4,Part-time,Female
(2) Part-time worker,(2) Female,12,(1) Strongly agree,10,Part-time,Female
(1) Full-time worker,(2) Female,12,(1) Strongly agree,54.9575,Full-time,Female
(1) Full-time worker,(2) Female,12,(1) Strongly agree,30.71428571429,Full-time,Female
NA,NA,NA,NA,NA,NA,NA
(1) Full-time worker,(2) Female,12,(2) Agree,13.75,Full-time,Female
(2) Part-time worker,(2) Female,12,(3) Neither agree nor disagree,NA,Part-time,Female
(2) Part-time worker,(2) Female,9,(1) Strongly agree,21,Part-time,Female
(2) Part-time worker,(2) Female,1,(2) Agree,11.5,Part-time,Female
(2) Part-time worker,(1) Male,12,(2) Agree,NA,Part-time,Male
(1) Full-time worker,(2) Female,12,(1) Strongly agree,NA,Full-time,Female
(1) Full-time worker,(2) Female,12,(2) Agree,9,Full-time,Female
(1) Full-time worker,(2) Female,12,(2) Agree,10,Full-time,Female
(1) Full-time worker,(2) Female,NA,(1) Strongly agree,8.411125,Full-time,Female
(1) Full-time worker,(2) Female,12,(1) Strongly agree,NA,Full-time,Female
(1) Full-time worker,(2) Female,12,(2) Agree,17,Full-time,Female
(2) Part-time worker,(2) Female,5,(1) Strongly agree,14,Part-time,Female
(1) Full-time worker,(2) Female,9,(2) Agree,NA,Full-time,Female
(1) Full-time worker,(2) Female,12,(1) Strongly agree,16.84782608696,Full-time,Female
(1) Full-time worker,(2) Female,10,(1) Strongly agree,20.8,Full-time,Female
(1) Full-time worker,(2) Female,12,(2) Agree,10,Full-time,Female
(1) Full-time worker,(2) Female,12,(2) Agree,14.59,Full-time,Female
(2) Part-time worker,(2) Female,9,(1) Strongly agree,13.33,Part-time,Female
NA,NA,NA,NA,NA,NA,NA
(2) Part-time worker,(2) Female,9,(1) Strongly agree,18,Part-time,Female
NA,NA,NA,NA,NA,NA,NA
(1) Full-time worker,(2) Female,9,(2) Agree,12,Full-time,Female
(2) Part-time worker,(2) Female,9,(1) Strongly agree,11,Part-time,Female
(1) Full-time worker,(2) Female,12,(1) Strongly agree,11.538461538469999,Full-time,Female
(1) Full-time worker,(2) Female,9,(2) Agree,12.85714285715,Full-time,Female
(1) Full-time worker,(2) Female,12,(1) Strongly agree,11,Full-time,Female
(1) Full-time worker,(2) Female,12,(1) Strongly agree,NA,Full-time,Female
(1) Full-time worker,(2) Female,12,(2) Agree,7.5,Full-time,Female
(1) Full-time worker,(2) Female,1,(1) Strongly agree,7.25,Full-time,Female
(1) Full-time worker,(2) Female,12,NA,4.32,Full-time,Female
(2) Part-time worker,(2) Female,5,(3) Neither agree nor disagree,NA,Part-time,Female
(1) Full-time worker,(2) Female,12,(1) Strongly agree,8.25,Full-time,Female
(1) Full-time worker,(2) Female,12,(2) Agree,15,Full-time,Female
(2) Part-time worker,(2) Female,NA,(1) Strongly agree,12,Part-time,Female
(2) Part-time worker,(2) Female,10,(1) Strongly agree,9.67741935484,Part-time,Female
(1) Full-time worker,(2) Female,10,(1) Strongly agree,19.52380952381,Full-time,Female
(1) Full-time worker,(2) Female,10,(4) Disagree,16.25,Full-time,Female
(1) Full-time worker,(2) Female,11,(1) Strongly agree,NA,Full-time,Female
(1) Full-time worker,(2) Female,12,(1) Strongly agree,17,Full-time,Female
(1) Full-time worker,(2) Female,11,(2) Agree,23.33333333334,Full-time,Female
(2) Part-time worker,(2) Female,12,(1) Strongly agree,11,Part-time,Female
(1) Full-time worker,(2) Female,12,(1) Strongly agree,13.33,Full-time,Female
(1) Full-time worker,(2) Female,12,(1) Strongly agree,14.75,Full-time,Female
(1) Full-time worker,(2) Female,12,(1) Strongly agree,15,Full-time,Female
(1) Full-time worker,(1) Male,10,(1) Strongly agree,31.5,Full-time,Male
(1) Full-time worker,(2) Female,10,(1) Strongly agree,19,Full-time,Female
(1) Full-time worker,(2) Female,10,(2) Agree,12.5,Full-time,Female
(1) Full-time worker,(2) Female,12,(1) Strongly agree,10.5,Full-time,Female
(1) Full-time worker,(2) Female,9,(2) Agree,NA,Full-time,Female
(2) Part-time worker,(2) Female,10,(1) Strongly agree,14,Part-time,Female
(1) Full-time worker,(2) Female,12,(3) Neither agree nor disagree,9.72222222223,Full-time,Female
(1) Full-time worker,(2) Female,12,(2) Agree,18.75,Full-time,Female
(1) Full-time worker,(2) Female,12,(2) Agree,5,Full-time,Female
(2) Part-time worker,(2) Female,12,(2) Agree,24.24242424243,Part-time,Female
(1) Full-time worker,(2) Female,10,(3) Neither agree nor disagree,21.81818181819,Full-time,Female
(1) Full-time worker,(2) Female,12,(4) Disagree,13.5,Full-time,Female
(1) Full-time worker,(2) Female,12,(1) Strongly agree,13,Full-time,Female
(2) Part-time worker,(2) Female,12,(1) Strongly agree,10.71428571429,Part-time,Female
(1) Full-time worker,(2) Female,12,(1) Strongly agree,16.25,Full-time,Female
(1) Full-time worker,(2) Female,12,(3) Neither agree nor disagree,13,Full-time,Female
(1) Full-time worker,(2) Female,12,(1) Strongly agree,14.5,Full-time,Female
(1) Full-time worker,(2) Female,12,(1) Strongly agree,20,Full-time,Female
(1) Full-time worker,(2) Female,12,(3) Neither agree nor disagree,17,Full-time,Female
(1) Full-time worker,(2) Female,NA,(1) Strongly agree,13.5,Full-time,Female
(1) Full-time worker,(2) Female,9,(2) Agree,22.26620484909,Full-time,Female
(1) Full-time worker,(2) Female,12,(1) Strongly agree,17.46031746032,Full-time,Female
(1) Full-time worker,NA,12,NA,15,Full-time,NA
(1) Full-time worker,(2) Female,11,(2) Agree,9,Full-time,Female
(1) Full-time worker,(2) Female,12,(2) Agree,11.25,Full-time,Female
NA,NA,NA,NA,NA,NA,NA
(2) Part-time worker,(2) Female,8,(2) Agree,10,Part-time,Female
(1) Full-time worker,(2) Female,12,(1) Strongly agree,12,Full-time,Female
(2) Part-time worker,(2) Female,12,(2) Agree,12,Part-time,Female
(1) Full-time worker,(1) Male,1,(1) Strongly agree,15.625,Full-time,Male
(1) Full-time worker,(2) Female,12,(1) Strongly agree,20,Full-time,Female
(1) Full-time worker,(2) Female,9,(3) Neither agree nor disagree,12.675,Full-time,Female
NA,NA,NA,NA,NA,NA,NA
(2) Part-time worker,(2) Female,4,(2) Agree,10,Part-time,Female
(1) Full-time worker,(2) Female,12,(1) Strongly agree,12,Full-time,Female
(1) Full-time worker,(2) Female,12,(2) Agree,10.25,Full-time,Female
(1) Full-time worker,(2) Female,8,(1) Strongly agree,19.25,Full-time,Female
(1) Full-time worker,(2) Female,2,(1) Strongly agree,13,Full-time,Female
(1) Full-time worker,(2) Female,2,(2) Agree,12,Full-time,Female
(1) Full-time worker,(2) Female,9,(1) Strongly agree,11,Full-time,Female
(1) Full-time worker,(2) Female,12,(3) Neither agree nor disagree,11,Full-time,Female
(2) Part-time worker,(2) Female,10,(2) Agree,10,Part-time,Female
(1) Full-time worker,(2) Female,12,(3) Neither agree nor disagree,16,Full-time,Female
(1) Full-time worker,(2) Female,12,(2) Agree,16.5,Full-time,Female
(1) Full-time worker,(2) Female,12,(2) Agree,7.91208791209,Full-time,Female
NA,NA,NA,NA,NA,NA,NA
(1) Full-time worker,(2) Female,12,(1) Strongly agree,9,Full-time,Female
(1) Full-time worker,(2) Female,12,(3) Neither agree nor disagree,19.5,Full-time,Female
(1) Full-time worker,(2) Female,12,(2) Agree,12.75,Full-time,Female
(2) Part-time worker,(2) Female,12,(1) Strongly agree,12.5,Part-time,Female
(1) Full-time worker,(2) Female,2,(1) Strongly agree,10.87209302326,Full-time,Female
(2) Part-time worker,(2) Female,12,(1) Strongly agree,10.25,Part-time,Female
(1) Full-time worker,(2) Female,NA,(1) Strongly agree,13.3,Full-time,Female
(1) Full-time worker,(2) Female,12,(1) Strongly agree,18.5,Full-time,Female
(1) Full-time worker,(2) Female,12,(1) Strongly agree,12.31,Full-time,Female
(2) Part-time worker,(2) Female,12,(1) Strongly agree,8,Part-time,Female
(1) Full-time worker,(2) Female,4,(2) Agree,12,Full-time,Female
(2) Part-time worker,(2) Female,10,(1) Strongly agree,44.21052631579,Part-time,Female
(1) Full-time worker,(2) Female,4,(2) Agree,10.44,Full-time,Female
NA,NA,NA,NA,NA,NA,NA
(1) Full-time worker,(1) Male,12,(2) Agree,14.44444444445,Full-time,Male
(1) Full-time worker,(2) Female,9,(1) Strongly agree,15.75,Full-time,Female
(1) Full-time worker,(2) Female,12,(2) Agree,19.06,Full-time,Female
(1) Full-time worker,(2) Female,1,(5) Strongly disagree,20.27027027028,Full-time,Female
(2) Part-time worker,(2) Female,12,(1) Strongly agree,10,Part-time,Female
(1) Full-time worker,(2) Female,12,(1) Strongly agree,13.25,Full-time,Female
(2) Part-time worker,(2) Female,12,(1) Strongly agree,14,Part-time,Female
(2) Part-time worker,(2) Female,9,(3) Neither agree nor disagree,8.66666666667,Part-time,Female
(1) Full-time worker,(2) Female,12,(2) Agree,7.025,Full-time,Female
(2) Part-time worker,(2) Female,10,(1) Strongly agree,12,Part-time,Female
(1) Full-time worker,(2) Female,12,(3) Neither agree nor disagree,19.04761904762,Full-time,Female
(1) Full-time worker,(2) Female,10,(3) Neither agree nor disagree,15,Full-time,Female
NA,NA,NA,NA,NA,NA,NA
(1) Full-time worker,(2) Female,12,(1) Strongly agree,15,Full-time,Female
NA,NA,NA,NA,NA,NA,NA
(1) Full-time worker,(2) Female,1,NA,11.1,Full-time,Female
NA,NA,NA,NA,NA,NA,NA
(1) Full-time worker,(2) Female,12,(1) Strongly agree,12.25,Full-time,Female
(1) Full-time worker,(1) Male,10,(2) Agree,39.77272727273,Full-time,Male
NA,NA,NA,NA,NA,NA,NA
(1) Full-time worker,(2) Female,10,(1) Strongly agree,12.248375,Full-time,Female
(1) Full-time worker,(2) Female,10,(2) Agree,15,Full-time,Female
NA,NA,NA,NA,NA,NA,NA
(1) Full-time worker,(2) Female,12,(2) Agree,10.375,Full-time,Female
(1) Full-time worker,(2) Female,12,(1) Strongly agree,13.86666666667,Full-time,Female
(1) Full-time worker,(2) Female,11,(2) Agree,45.62083333334,Full-time,Female
(2) Part-time worker,(2) Female,12,(1) Strongly agree,10,Part-time,Female
(1) Full-time worker,(2) Female,12,(1) Strongly agree,NA,Full-time,Female
(1) Full-time worker,(2) Female,12,(2) Agree,11.2,Full-time,Female
(2) Part-time worker,(2) Female,12,(1) Strongly agree,11,Part-time,Female
(1) Full-time worker,(2) Female,12,(1) Strongly agree,19.72666666667,Full-time,Female
(1) Full-time worker,(2) Female,12,(3) Neither agree nor disagree,15,Full-time,Female
NA,NA,NA,NA,NA,NA,NA
(1) Full-time worker,(2) Female,12,(1) Strongly agree,8,Full-time,Female
(1) Full-time worker,(2) Female,12,(4) Disagree,14,Full-time,Female
(1) Full-time worker,(2) Female,12,(2) Agree,8.75,Full-time,Female
(2) Part-time worker,(2) Female,12,(1) Strongly agree,9.73333333334,Part-time,Female
(1) Full-time worker,(2) Female,5,(2) Agree,10.5,Full-time,Female
(1) Full-time worker,(2) Female,12,(1) Strongly agree,17,Full-time,Female
(1) Full-time worker,(2) Female,12,(1) Strongly agree,32.47863247864,Full-time,Female
(1) Full-time worker,(2) Female,8,(2) Agree,20,Full-time,Female
(1) Full-time worker,(2) Female,10,(3) Neither agree nor disagree,107.5,Full-time,Female
(1) Full-time worker,(2) Female,10,(1) Strongly agree,12.5,Full-time,Female
(2) Part-time worker,(2) Female,9,(5) Strongly disagree,9,Part-time,Female
(1) Full-time worker,(2) Female,12,(2) Agree,24.8,Full-time,Female
NA,NA,NA,NA,NA,NA,NA
(1) Full-time worker,(2) Female,12,(2) Agree,9.25,Full-time,Female
NA,NA,NA,NA,NA,NA,NA
(2) Part-time worker,(2) Female,3,(5) Strongly disagree,10.25,Part-time,Female
(1) Full-time worker,(2) Female,4,(2) Agree,10,Full-time,Female
(1) Full-time worker,(2) Female,12,(1) Strongly agree,20,Full-time,Female
NA,NA,NA,NA,NA,NA,NA
(1) Full-time worker,(2) Female,12,(1) Strongly agree,NA,Full-time,Female
(1) Full-time worker,(2) Female,9,(1) Strongly agree,42.1052631579,Full-time,Female
(2) Part-time worker,(2) Female,12,(2) Agree,11.75,Part-time,Female
(1) Full-time worker,(2) Female,12,(2) Agree,24.0625,Full-time,Female
(1) Full-time worker,(2) Female,12,(2) Agree,13.21428571429,Full-time,Female
(2) Part-time worker,(2) Female,10,(5) Strongly disagree,10,Part-time,Female
(1) Full-time worker,(2) Female,12,(1) Strongly agree,17.25,Full-time,Female
(1) Full-time worker,(2) Female,12,(1) Strongly agree,14,Full-time,Female
(1) Full-time worker,(2) Female,12,(2) Agree,12,Full-time,Female
NA,NA,NA,NA,NA,NA,NA
