hourly_wage,staff_role,race,education,birth_year,depression,staff_age,staff_age_new,hr_wage_new
NA,"(2) Teacher, instructor, or lead teacher",(1) White Only,"(6) Associate degree (AA, AS)",1975,4,44,Between 41 and 50,NA
8.6538461538499991,"(2) Teacher, instructor, or lead teacher",(1) White Only,"(6) Associate degree (AA, AS)",1973,0,46,Between 41 and 50,Less than $10
4.44444444445,(1) Aide or assistant teacher,(1) White Only,(3) GED or high school equivalency,1976,17,43,Between 41 and 50,Less than $10
10,"(2) Teacher, instructor, or lead teacher",(1) White Only,"(6) Associate degree (AA, AS)",1960,14,59,More than 51,Less than $10
8.5,"(2) Teacher, instructor, or lead teacher",(1) White Only,(5) Some college credit but no degree,1998,3,21,Between 20 and 40,Less than $10
15,"(2) Teacher, instructor, or lead teacher",(2) Black or African American Only,(5) Some college credit but no degree,1960,3,59,More than 51,Between $11 and $20
20.83333333334,"(2) Teacher, instructor, or lead teacher",(1) White Only,"(7) Bachelor's degree (BA, BS, AB)",1965,7,54,More than 51,NA
10.5,(1) Aide or assistant teacher,NA,(4) High school graduate,1986,1,33,Between 20 and 40,NA
12,(1) Aide or assistant teacher,(1) White Only,"(7) Bachelor's degree (BA, BS, AB)",1968,1,51,More than 51,Between $11 and $20
NA,(1) Aide or assistant teacher,NA,(4) High school graduate,1995,0,24,Between 20 and 40,NA
7.89473684211,(1) Aide or assistant teacher,(2) Black or African American Only,(5) Some college credit but no degree,1958,0,61,More than 51,Less than $10
3.30882352941,"(2) Teacher, instructor, or lead teacher",(3) Asian Only,(5) Some college credit but no degree,1975,1,44,Between 41 and 50,Less than $10
11.22,(1) Aide or assistant teacher,(2) Black or African American Only,(5) Some college credit but no degree,1950,3,69,More than 51,Between $11 and $20
11.11111111112,"(2) Teacher, instructor, or lead teacher",(1) White Only,"(7) Bachelor's degree (BA, BS, AB)",1972,6,47,Between 41 and 50,Between $11 and $20
14.5,"(2) Teacher, instructor, or lead teacher",(1) White Only,(5) Some college credit but no degree,1965,5,54,More than 51,Between $11 and $20
11.1,(1) Aide or assistant teacher,(1) White Only,(5) Some college credit but no degree,1984,1,35,Between 20 and 40,Between $11 and $20
11.2,(1) Aide or assistant teacher,(1) White Only,(4) High school graduate,1998,4,21,Between 20 and 40,Between $11 and $20
11.8918918919,"(2) Teacher, instructor, or lead teacher",(3) Asian Only,"(7) Bachelor's degree (BA, BS, AB)",1991,6,28,Between 20 and 40,Between $11 and $20
9.06,(1) Aide or assistant teacher,NA,(4) High school graduate,1975,3,44,Between 41 and 50,Less than $10
8.33333333334,"(2) Teacher, instructor, or lead teacher",(2) Black or African American Only,(1) Less than High School,1961,3.5,58,More than 51,Less than $10
15.96,(3) Other/undetermined,(3) Asian Only,(5) Some college credit but no degree,1974,0,45,Between 41 and 50,Between $11 and $20
NA,"(2) Teacher, instructor, or lead teacher",(1) White Only,(8) Graduate or professional degree,1987,5,32,Between 20 and 40,NA
13.2,(1) Aide or assistant teacher,(1) White Only,(4) High school graduate,1989,2.333333333333,30,Between 20 and 40,Between $11 and $20
15,(1) Aide or assistant teacher,(1) White Only,(1) Less than High School,1950,1,69,More than 51,Between $11 and $20
NA,"(2) Teacher, instructor, or lead teacher",(1) White Only,(8) Graduate or professional degree,NA,NA,NA,NA,NA
10,(1) Aide or assistant teacher,(1) White Only,(4) High school graduate,1993,2,26,Between 20 and 40,Less than $10
12,"(2) Teacher, instructor, or lead teacher",(1) White Only,"(7) Bachelor's degree (BA, BS, AB)",1984,3,35,Between 20 and 40,Between $11 and $20
11.5,"(2) Teacher, instructor, or lead teacher",(1) White Only,(5) Some college credit but no degree,1987,1,32,Between 20 and 40,Between $11 and $20
NA,NA,NA,NA,NA,NA,NA,NA,NA
20,"(2) Teacher, instructor, or lead teacher",(1) White Only,(4) High school graduate,1980,5,39,Between 20 and 40,Between $11 and $20
14.58333333334,"(2) Teacher, instructor, or lead teacher",(8) Other,(5) Some college credit but no degree,1993,4,26,Between 20 and 40,Between $11 and $20
25,"(2) Teacher, instructor, or lead teacher",(3) Asian Only,"(7) Bachelor's degree (BA, BS, AB)",1983,3,36,Between 20 and 40,Between $21 and $30
12.16,"(2) Teacher, instructor, or lead teacher",(1) White Only,(5) Some college credit but no degree,1998,2,21,Between 20 and 40,Between $11 and $20
10.75,(1) Aide or assistant teacher,(1) White Only,(5) Some college credit but no degree,1998,6,21,Between 20 and 40,NA
NA,"(2) Teacher, instructor, or lead teacher",(2) Black or African American Only,"(7) Bachelor's degree (BA, BS, AB)",1978,0,41,Between 41 and 50,NA
7.69230769231,"(2) Teacher, instructor, or lead teacher",(1) White Only,"(7) Bachelor's degree (BA, BS, AB)",1965,0,54,More than 51,Less than $10
8.39160839161,(1) Aide or assistant teacher,(1) White Only,"(6) Associate degree (AA, AS)",1950,3,69,More than 51,Less than $10
13.7125,"(2) Teacher, instructor, or lead teacher",(1) White Only,"(7) Bachelor's degree (BA, BS, AB)",1995,3,24,Between 20 and 40,Between $11 and $20
15,(1) Aide or assistant teacher,(1) White Only,"(6) Associate degree (AA, AS)",NA,0,NA,NA,Between $11 and $20
20,(3) Other/undetermined,(1) White Only,"(7) Bachelor's degree (BA, BS, AB)",1972,11,47,Between 41 and 50,Between $11 and $20
NA,NA,NA,NA,NA,NA,NA,NA,NA
NA,NA,NA,NA,NA,NA,NA,NA,NA
31.93277310925,"(2) Teacher, instructor, or lead teacher",(1) White Only,(8) Graduate or professional degree,1970,0,49,Between 41 and 50,More than $31
7.5,(1) Aide or assistant teacher,(1) White Only,(4) High school graduate,1996,2,23,Between 20 and 40,Less than $10
12.5,"(2) Teacher, instructor, or lead teacher",(8) Other,(1) Less than High School,1990,1,29,Between 20 and 40,Between $11 and $20
14,"(2) Teacher, instructor, or lead teacher",(1) White Only,(5) Some college credit but no degree,1980,8,39,Between 20 and 40,Between $11 and $20
10,"(2) Teacher, instructor, or lead teacher",(1) White Only,"(7) Bachelor's degree (BA, BS, AB)",1985,0,34,Between 20 and 40,Less than $10
8,"(2) Teacher, instructor, or lead teacher",(1) White Only,(4) High school graduate,1978,0,41,Between 41 and 50,Less than $10
10,"(2) Teacher, instructor, or lead teacher",(1) White Only,(4) High school graduate,1996,5,23,Between 20 and 40,Less than $10
17.09401709402,"(2) Teacher, instructor, or lead teacher",(1) White Only,(5) Some college credit but no degree,NA,NA,NA,NA,Between $11 and $20
NA,(1) Aide or assistant teacher,(1) White Only,"(6) Associate degree (AA, AS)",1998,NA,21,Between 20 and 40,NA
NA,"(2) Teacher, instructor, or lead teacher",(1) White Only,"(6) Associate degree (AA, AS)",1994,NA,25,Between 20 and 40,NA
15.75,"(2) Teacher, instructor, or lead teacher",(1) White Only,"(6) Associate degree (AA, AS)",1978,4,41,Between 41 and 50,Between $11 and $20
14.67,"(2) Teacher, instructor, or lead teacher",(2) Black or African American Only,(5) Some college credit but no degree,1958,2,61,More than 51,Between $11 and $20
28.44444444445,"(2) Teacher, instructor, or lead teacher",(1) White Only,"(6) Associate degree (AA, AS)",1982,6,37,Between 20 and 40,Between $21 and $30
26,"(2) Teacher, instructor, or lead teacher",NA,"(6) Associate degree (AA, AS)",1990,1,29,Between 20 and 40,Between $21 and $30
16,"(2) Teacher, instructor, or lead teacher",(1) White Only,"(6) Associate degree (AA, AS)",1986,0,33,Between 20 and 40,Between $11 and $20
107.5,"(2) Teacher, instructor, or lead teacher",(1) White Only,(8) Graduate or professional degree,1960,0,59,More than 51,More than $31
NA,"(2) Teacher, instructor, or lead teacher",(1) White Only,(8) Graduate or professional degree,NA,0,NA,NA,NA
NA,(1) Aide or assistant teacher,(1) White Only,"(7) Bachelor's degree (BA, BS, AB)",1950,0,69,More than 51,NA
17,"(2) Teacher, instructor, or lead teacher",(1) White Only,"(6) Associate degree (AA, AS)",1980,0,39,Between 20 and 40,Between $11 and $20
NA,NA,NA,NA,NA,NA,NA,NA,NA
13.725,(1) Aide or assistant teacher,NA,(4) High school graduate,1998,3,21,Between 20 and 40,Between $11 and $20
22.52252252253,"(2) Teacher, instructor, or lead teacher",(2) Black or African American Only,"(7) Bachelor's degree (BA, BS, AB)",1961,0,58,More than 51,Between $21 and $30
15,(1) Aide or assistant teacher,(3) Asian Only,"(7) Bachelor's degree (BA, BS, AB)",1980,5,39,Between 20 and 40,Between $11 and $20
NA,NA,NA,NA,NA,NA,NA,NA,NA
12.85714285715,"(2) Teacher, instructor, or lead teacher",NA,(5) Some college credit but no degree,1981,0,38,Between 20 and 40,Between $11 and $20
14,(1) Aide or assistant teacher,NA,(8) Graduate or professional degree,1973,0,46,Between 41 and 50,Between $11 and $20
31.54761904762,"(2) Teacher, instructor, or lead teacher",NA,(8) Graduate or professional degree,1973,6,46,Between 41 and 50,More than $31
14.5,"(2) Teacher, instructor, or lead teacher",(1) White Only,"(7) Bachelor's degree (BA, BS, AB)",1990,0,29,Between 20 and 40,Between $11 and $20
NA,(1) Aide or assistant teacher,(1) White Only,(5) Some college credit but no degree,1998,4,21,Between 20 and 40,NA
10,"(2) Teacher, instructor, or lead teacher",(1) White Only,"(7) Bachelor's degree (BA, BS, AB)",1968,3,51,More than 51,Less than $10
16,"(2) Teacher, instructor, or lead teacher",(1) White Only,"(7) Bachelor's degree (BA, BS, AB)",1987,14,32,Between 20 and 40,Between $11 and $20
10,(1) Aide or assistant teacher,(1) White Only,(4) High school graduate,1982,3,37,Between 20 and 40,Less than $10
11,"(2) Teacher, instructor, or lead teacher",(1) White Only,(5) Some college credit but no degree,1965,0,54,More than 51,Between $11 and $20
NA,NA,NA,NA,NA,NA,NA,NA,NA
14.5,"(2) Teacher, instructor, or lead teacher",(1) White Only,(5) Some college credit but no degree,1973,0,46,Between 41 and 50,Between $11 and $20
17.72,"(2) Teacher, instructor, or lead teacher",(1) White Only,(8) Graduate or professional degree,1981,0,38,Between 20 and 40,Between $11 and $20
13,"(2) Teacher, instructor, or lead teacher",(1) White Only,(5) Some college credit but no degree,1981,1,38,Between 20 and 40,Between $11 and $20
16.5,"(2) Teacher, instructor, or lead teacher",(1) White Only,(5) Some college credit but no degree,1980,0,39,Between 20 and 40,Between $11 and $20
NA,"(2) Teacher, instructor, or lead teacher",(1) White Only,"(7) Bachelor's degree (BA, BS, AB)",1969,0,50,Between 41 and 50,NA
NA,NA,NA,NA,NA,NA,NA,NA,NA
11,(1) Aide or assistant teacher,NA,(5) Some college credit but no degree,1950,0,69,More than 51,Between $11 and $20
12.185,"(2) Teacher, instructor, or lead teacher",(1) White Only,"(7) Bachelor's degree (BA, BS, AB)",1976,0,43,Between 41 and 50,Between $11 and $20
21.11176470589,(1) Aide or assistant teacher,(1) White Only,(5) Some college credit but no degree,1958,0,61,More than 51,Between $21 and $30
12.5,(1) Aide or assistant teacher,(1) White Only,(5) Some college credit but no degree,1969,15,50,Between 41 and 50,Between $11 and $20
NA,NA,NA,NA,NA,NA,NA,NA,NA
14,"(2) Teacher, instructor, or lead teacher",(1) White Only,"(7) Bachelor's degree (BA, BS, AB)",1982,3,37,Between 20 and 40,Between $11 and $20
7.75,"(2) Teacher, instructor, or lead teacher",(2) Black or African American Only,"(7) Bachelor's degree (BA, BS, AB)",1983,5,36,Between 20 and 40,Less than $10
NA,NA,NA,NA,NA,NA,NA,NA,NA
NA,"(2) Teacher, instructor, or lead teacher",NA,NA,NA,NA,NA,NA,NA
13,(1) Aide or assistant teacher,(1) White Only,(5) Some college credit but no degree,1996,4,23,Between 20 and 40,Between $11 and $20
11,"(2) Teacher, instructor, or lead teacher",NA,"(6) Associate degree (AA, AS)",1962,0,57,More than 51,Between $11 and $20
13.725,"(2) Teacher, instructor, or lead teacher",(1) White Only,(5) Some college credit but no degree,1975,4,44,Between 41 and 50,Between $11 and $20
10,(1) Aide or assistant teacher,(1) White Only,(5) Some college credit but no degree,1998,4,21,Between 20 and 40,Less than $10
12.5,"(2) Teacher, instructor, or lead teacher",(2) Black or African American Only,"(7) Bachelor's degree (BA, BS, AB)",1994,0,25,Between 20 and 40,Between $11 and $20
32.7380952381,"(2) Teacher, instructor, or lead teacher",(1) White Only,(8) Graduate or professional degree,1977,0,42,Between 41 and 50,More than $31
NA,(1) Aide or assistant teacher,(2) Black or African American Only,"(7) Bachelor's degree (BA, BS, AB)",1958,0,61,More than 51,NA
12.01923076924,"(2) Teacher, instructor, or lead teacher",(1) White Only,"(7) Bachelor's degree (BA, BS, AB)",1965,0,54,More than 51,Between $11 and $20
NA,NA,NA,NA,NA,NA,NA,NA,NA
11.875,"(2) Teacher, instructor, or lead teacher",(1) White Only,"(6) Associate degree (AA, AS)",1988,0,31,Between 20 and 40,Between $11 and $20
8,"(2) Teacher, instructor, or lead teacher",NA,"(6) Associate degree (AA, AS)",1983,9,36,Between 20 and 40,Less than $10
21.86,"(2) Teacher, instructor, or lead teacher",(3) Asian Only,"(6) Associate degree (AA, AS)",1968,1,51,More than 51,Between $21 and $30
8,(1) Aide or assistant teacher,(1) White Only,"(6) Associate degree (AA, AS)",1998,7,21,Between 20 and 40,Less than $10
14.071875,"(2) Teacher, instructor, or lead teacher",(1) White Only,"(6) Associate degree (AA, AS)",1980,0,39,Between 20 and 40,Between $11 and $20
13.46153846154,"(2) Teacher, instructor, or lead teacher",(1) White Only,(4) High school graduate,1958,0,61,More than 51,Between $11 and $20
15,"(2) Teacher, instructor, or lead teacher",NA,(5) Some college credit but no degree,NA,4.666666666667,NA,NA,Between $11 and $20
12,"(2) Teacher, instructor, or lead teacher",(1) White Only,(5) Some college credit but no degree,1968,0,51,More than 51,Between $11 and $20
12,"(2) Teacher, instructor, or lead teacher",(1) White Only,(5) Some college credit but no degree,1998,3,21,Between 20 and 40,Between $11 and $20
15.9,"(2) Teacher, instructor, or lead teacher",(1) White Only,"(7) Bachelor's degree (BA, BS, AB)",1960,1,59,More than 51,Between $11 and $20
NA,"(2) Teacher, instructor, or lead teacher",(1) White Only,"(7) Bachelor's degree (BA, BS, AB)",1958,0,61,More than 51,NA
11,"(2) Teacher, instructor, or lead teacher",(1) White Only,"(7) Bachelor's degree (BA, BS, AB)",1961,0,58,More than 51,Between $11 and $20
10.91,"(2) Teacher, instructor, or lead teacher",(8) Other,(5) Some college credit but no degree,1991,0,28,Between 20 and 40,NA
NA,NA,NA,NA,NA,NA,NA,NA,NA
17,"(2) Teacher, instructor, or lead teacher",(1) White Only,(5) Some college credit but no degree,1963,4,56,More than 51,Between $11 and $20
NA,NA,NA,NA,NA,NA,NA,NA,NA
8.12790697675,"(2) Teacher, instructor, or lead teacher",NA,(4) High school graduate,NA,NA,NA,NA,Less than $10
13,"(2) Teacher, instructor, or lead teacher",(1) White Only,(5) Some college credit but no degree,1994,13,25,Between 20 and 40,Between $11 and $20
7.5,(1) Aide or assistant teacher,(1) White Only,(5) Some college credit but no degree,1996,1.166666666667,23,Between 20 and 40,Less than $10
15.68627450981,(1) Aide or assistant teacher,NA,"(7) Bachelor's degree (BA, BS, AB)",1975,0,44,Between 41 and 50,Between $11 and $20
NA,NA,NA,NA,NA,NA,NA,NA,NA
22,"(2) Teacher, instructor, or lead teacher",(2) Black or African American Only,"(6) Associate degree (AA, AS)",1965,0,54,More than 51,Between $21 and $30
NA,"(2) Teacher, instructor, or lead teacher",(1) White Only,(8) Graduate or professional degree,1969,1,50,Between 41 and 50,NA
37.89473684211,"(2) Teacher, instructor, or lead teacher",(1) White Only,"(7) Bachelor's degree (BA, BS, AB)",1984,1,35,Between 20 and 40,More than $31
10,(1) Aide or assistant teacher,(1) White Only,"(6) Associate degree (AA, AS)",1958,0,61,More than 51,Less than $10
14,"(2) Teacher, instructor, or lead teacher",(1) White Only,"(7) Bachelor's degree (BA, BS, AB)",1970,0,49,Between 41 and 50,Between $11 and $20
35.51768707483,"(2) Teacher, instructor, or lead teacher",NA,"(7) Bachelor's degree (BA, BS, AB)",NA,3,NA,NA,More than $31
10,"(2) Teacher, instructor, or lead teacher",(1) White Only,(4) High school graduate,1970,0,49,Between 41 and 50,Less than $10
9.5,"(2) Teacher, instructor, or lead teacher",(2) Black or African American Only,(5) Some college credit but no degree,1983,1,36,Between 20 and 40,Less than $10
11.62,(1) Aide or assistant teacher,(1) White Only,"(6) Associate degree (AA, AS)",1998,0,21,Between 20 and 40,Between $11 and $20
15,(1) Aide or assistant teacher,(1) White Only,"(6) Associate degree (AA, AS)",1966,0,53,More than 51,Between $11 and $20
15,(1) Aide or assistant teacher,NA,"(6) Associate degree (AA, AS)",1958,NA,61,More than 51,Between $11 and $20
7.3625,(1) Aide or assistant teacher,NA,(5) Some college credit but no degree,1980,0,39,Between 20 and 40,Less than $10
NA,NA,NA,NA,NA,NA,NA,NA,NA
10,"(2) Teacher, instructor, or lead teacher",(2) Black or African American Only,(4) High school graduate,1981,3,38,Between 20 and 40,Less than $10
NA,NA,NA,NA,NA,NA,NA,NA,NA
NA,NA,NA,NA,NA,NA,NA,NA,NA
NA,NA,NA,NA,NA,NA,NA,NA,NA
10.4,(1) Aide or assistant teacher,(2) Black or African American Only,(8) Graduate or professional degree,1992,5,27,Between 20 and 40,NA
18.73170731708,"(2) Teacher, instructor, or lead teacher",(1) White Only,"(7) Bachelor's degree (BA, BS, AB)",1976,11,43,Between 41 and 50,Between $11 and $20
NA,NA,NA,NA,NA,NA,NA,NA,NA
11,"(2) Teacher, instructor, or lead teacher",(2) Black or African American Only,"(6) Associate degree (AA, AS)",1990,0,29,Between 20 and 40,Between $11 and $20
107.32142857143,(1) Aide or assistant teacher,(1) White Only,"(6) Associate degree (AA, AS)",1968,NA,51,More than 51,More than $31
38.88888888889,"(2) Teacher, instructor, or lead teacher",(1) White Only,"(7) Bachelor's degree (BA, BS, AB)",1975,3,44,Between 41 and 50,More than $31
17.5,(1) Aide or assistant teacher,(2) Black or African American Only,"(6) Associate degree (AA, AS)",1968,3,51,More than 51,Between $11 and $20
20.625,"(2) Teacher, instructor, or lead teacher",(1) White Only,"(7) Bachelor's degree (BA, BS, AB)",1966,2,53,More than 51,NA
9,(1) Aide or assistant teacher,(1) White Only,(4) High school graduate,1998,5,21,Between 20 and 40,Less than $10
19.69000000001,"(2) Teacher, instructor, or lead teacher",(8) Other,(4) High school graduate,1979,4,40,Between 20 and 40,Between $11 and $20
21,"(2) Teacher, instructor, or lead teacher",(1) White Only,"(6) Associate degree (AA, AS)",1974,2,45,Between 41 and 50,Between $21 and $30
10.66666666667,"(2) Teacher, instructor, or lead teacher",NA,(3) GED or high school equivalency,NA,3,NA,NA,NA
59.375,"(2) Teacher, instructor, or lead teacher",(1) White Only,"(7) Bachelor's degree (BA, BS, AB)",1992,0,27,Between 20 and 40,More than $31
9,"(2) Teacher, instructor, or lead teacher",(2) Black or African American Only,(4) High school graduate,1963,2,56,More than 51,Less than $10
8.75,"(2) Teacher, instructor, or lead teacher",(1) White Only,(4) High school graduate,1973,12,46,Between 41 and 50,Less than $10
12,(1) Aide or assistant teacher,(1) White Only,(5) Some college credit but no degree,1998,9,21,Between 20 and 40,Between $11 and $20
23.56,"(2) Teacher, instructor, or lead teacher",NA,(8) Graduate or professional degree,1990,0,29,Between 20 and 40,Between $21 and $30
16,"(2) Teacher, instructor, or lead teacher",(1) White Only,"(6) Associate degree (AA, AS)",1974,0,45,Between 41 and 50,Between $11 and $20
5.68571428572,"(2) Teacher, instructor, or lead teacher",(1) White Only,(4) High school graduate,1994,0,25,Between 20 and 40,Less than $10
12.6,(1) Aide or assistant teacher,(1) White Only,(5) Some college credit but no degree,1988,0,31,Between 20 and 40,Between $11 and $20
7,"(2) Teacher, instructor, or lead teacher",(2) Black or African American Only,(3) GED or high school equivalency,1961,5,58,More than 51,Less than $10
NA,(1) Aide or assistant teacher,(1) White Only,"(7) Bachelor's degree (BA, BS, AB)",1958,2,61,More than 51,NA
NA,NA,NA,NA,NA,NA,NA,NA,NA
12.5,"(2) Teacher, instructor, or lead teacher",NA,(4) High school graduate,1968,3,51,More than 51,Between $11 and $20
NA,NA,NA,NA,NA,NA,NA,NA,NA
12,"(2) Teacher, instructor, or lead teacher",(1) White Only,(3) GED or high school equivalency,1995,NA,24,Between 20 and 40,Between $11 and $20
12.75,"(2) Teacher, instructor, or lead teacher",(1) White Only,"(6) Associate degree (AA, AS)",1996,6,23,Between 20 and 40,Between $11 and $20
14,(1) Aide or assistant teacher,(2) Black or African American Only,(5) Some college credit but no degree,1958,3,61,More than 51,Between $11 and $20
107.5,"(2) Teacher, instructor, or lead teacher",NA,"(7) Bachelor's degree (BA, BS, AB)",1970,0,49,Between 41 and 50,More than $31
12.85714285715,(1) Aide or assistant teacher,NA,"(6) Associate degree (AA, AS)",1973,0,46,Between 41 and 50,Between $11 and $20
19.9,(1) Aide or assistant teacher,NA,(5) Some college credit but no degree,1998,2,21,Between 20 and 40,Between $11 and $20
NA,NA,NA,NA,NA,NA,NA,NA,NA
10.25,(1) Aide or assistant teacher,(1) White Only,(5) Some college credit but no degree,1998,2,21,Between 20 and 40,NA
20.55555555556,"(2) Teacher, instructor, or lead teacher",(1) White Only,"(7) Bachelor's degree (BA, BS, AB)",1958,3,61,More than 51,NA
10.80000000001,"(2) Teacher, instructor, or lead teacher",(2) Black or African American Only,"(6) Associate degree (AA, AS)",1966,1,53,More than 51,NA
NA,NA,NA,NA,NA,NA,NA,NA,NA
15,"(2) Teacher, instructor, or lead teacher",(1) White Only,(3) GED or high school equivalency,1958,0,61,More than 51,Between $11 and $20
12.5,"(2) Teacher, instructor, or lead teacher",NA,(8) Graduate or professional degree,1969,0,50,Between 41 and 50,Between $11 and $20
9.5,"(2) Teacher, instructor, or lead teacher",(1) White Only,(4) High school graduate,1969,4,50,Between 41 and 50,Less than $10
NA,(1) Aide or assistant teacher,(1) White Only,"(7) Bachelor's degree (BA, BS, AB)",1967,3,52,More than 51,NA
9.1,"(2) Teacher, instructor, or lead teacher",(1) White Only,(5) Some college credit but no degree,1998,3,21,Between 20 and 40,Less than $10
11,"(2) Teacher, instructor, or lead teacher",(1) White Only,(4) High school graduate,1977,2,42,Between 41 and 50,Between $11 and $20
16,(1) Aide or assistant teacher,(1) White Only,(5) Some college credit but no degree,1984,0,35,Between 20 and 40,Between $11 and $20
9.15,(1) Aide or assistant teacher,(1) White Only,(5) Some college credit but no degree,1974,3,45,Between 41 and 50,Less than $10
26.84210526316,(1) Aide or assistant teacher,(1) White Only,(5) Some college credit but no degree,1966,1,53,More than 51,Between $21 and $30
18,(1) Aide or assistant teacher,NA,(4) High school graduate,NA,1,NA,NA,Between $11 and $20
NA,NA,NA,NA,NA,NA,NA,NA,NA
8,(1) Aide or assistant teacher,(1) White Only,(4) High school graduate,1998,8,21,Between 20 and 40,Less than $10
NA,NA,NA,NA,NA,NA,NA,NA,NA
9,"(2) Teacher, instructor, or lead teacher",(2) Black or African American Only,(4) High school graduate,1992,0,27,Between 20 and 40,Less than $10
25,"(2) Teacher, instructor, or lead teacher",(1) White Only,"(7) Bachelor's degree (BA, BS, AB)",1982,3,37,Between 20 and 40,Between $21 and $30
23.33333333334,(1) Aide or assistant teacher,(1) White Only,"(7) Bachelor's degree (BA, BS, AB)",1950,0,69,More than 51,Between $21 and $30
10,"(2) Teacher, instructor, or lead teacher",(2) Black or African American Only,(5) Some college credit but no degree,1960,3,59,More than 51,Less than $10
9.125,(1) Aide or assistant teacher,(1) White Only,(4) High school graduate,1994,1,25,Between 20 and 40,Less than $10
10,"(2) Teacher, instructor, or lead teacher",(8) Other,(5) Some college credit but no degree,1988,6,31,Between 20 and 40,Less than $10
9,"(2) Teacher, instructor, or lead teacher",(1) White Only,(4) High school graduate,1979,4,40,Between 20 and 40,Less than $10
10.05000000001,(1) Aide or assistant teacher,(1) White Only,(3) GED or high school equivalency,1960,3,59,More than 51,NA
18.75,(1) Aide or assistant teacher,(2) Black or African American Only,(4) High school graduate,1987,11,32,Between 20 and 40,Between $11 and $20
33.33333333334,"(2) Teacher, instructor, or lead teacher",(2) Black or African American Only,(8) Graduate or professional degree,1984,0,35,Between 20 and 40,More than $31
17.307692307699998,"(2) Teacher, instructor, or lead teacher",(1) White Only,(8) Graduate or professional degree,1960,0,59,More than 51,Between $11 and $20
7.25,(1) Aide or assistant teacher,(2) Black or African American Only,(5) Some college credit but no degree,1996,4,23,Between 20 and 40,Less than $10
7.14285714286,"(2) Teacher, instructor, or lead teacher",(1) White Only,(5) Some college credit but no degree,1998,7,21,Between 20 and 40,Less than $10
9,"(2) Teacher, instructor, or lead teacher",(2) Black or African American Only,(5) Some college credit but no degree,1996,9,23,Between 20 and 40,Less than $10
12.5,"(2) Teacher, instructor, or lead teacher",(1) White Only,"(6) Associate degree (AA, AS)",1990,0,29,Between 20 and 40,Between $11 and $20
15,(1) Aide or assistant teacher,(1) White Only,"(7) Bachelor's degree (BA, BS, AB)",1977,4,42,Between 41 and 50,Between $11 and $20
8.48750000001,"(2) Teacher, instructor, or lead teacher",(1) White Only,(8) Graduate or professional degree,1968,1,51,More than 51,Less than $10
10.75,"(2) Teacher, instructor, or lead teacher",(2) Black or African American Only,(5) Some college credit but no degree,1958,2,61,More than 51,NA
18.66,"(2) Teacher, instructor, or lead teacher",(1) White Only,"(6) Associate degree (AA, AS)",1950,0,69,More than 51,Between $11 and $20
16.66666666667,(1) Aide or assistant teacher,(1) White Only,"(7) Bachelor's degree (BA, BS, AB)",1958,2,61,More than 51,Between $11 and $20
15.5,"(2) Teacher, instructor, or lead teacher",(3) Asian Only,"(7) Bachelor's degree (BA, BS, AB)",1990,3,29,Between 20 and 40,Between $11 and $20
11,(1) Aide or assistant teacher,(3) Asian Only,(5) Some college credit but no degree,NA,3,NA,NA,Between $11 and $20
13,"(2) Teacher, instructor, or lead teacher",NA,"(7) Bachelor's degree (BA, BS, AB)",1992,3,27,Between 20 and 40,Between $11 and $20
12,(1) Aide or assistant teacher,(1) White Only,(5) Some college credit but no degree,1986,18.2,33,Between 20 and 40,Between $11 and $20
NA,NA,NA,NA,NA,NA,NA,NA,NA
NA,(1) Aide or assistant teacher,(2) Black or African American Only,"(7) Bachelor's degree (BA, BS, AB)",1993,3,26,Between 20 and 40,NA
9.25,"(2) Teacher, instructor, or lead teacher",(1) White Only,"(6) Associate degree (AA, AS)",1986,6,33,Between 20 and 40,Less than $10
9,(1) Aide or assistant teacher,(1) White Only,(5) Some college credit but no degree,1983,1,36,Between 20 and 40,Less than $10
NA,NA,NA,NA,NA,NA,NA,NA,NA
20,"(2) Teacher, instructor, or lead teacher",(3) Asian Only,"(6) Associate degree (AA, AS)",1968,0,51,More than 51,Between $11 and $20
7.75,(1) Aide or assistant teacher,(1) White Only,(5) Some college credit but no degree,1998,0,21,Between 20 and 40,Less than $10
11.9,(1) Aide or assistant teacher,(2) Black or African American Only,"(6) Associate degree (AA, AS)",NA,1,NA,NA,Between $11 and $20
10.5,(1) Aide or assistant teacher,(1) White Only,(4) High school graduate,1984,1.166666666667,35,Between 20 and 40,NA
14.93333333334,(1) Aide or assistant teacher,(1) White Only,(5) Some college credit but no degree,1968,0,51,More than 51,Between $11 and $20
11.75,"(2) Teacher, instructor, or lead teacher",(1) White Only,(4) High school graduate,1960,0,59,More than 51,Between $11 and $20
NA,NA,NA,NA,NA,NA,NA,NA,NA
14,"(2) Teacher, instructor, or lead teacher",(1) White Only,"(7) Bachelor's degree (BA, BS, AB)",1992,2,27,Between 20 and 40,Between $11 and $20
12,"(2) Teacher, instructor, or lead teacher",(1) White Only,(5) Some college credit but no degree,1998,1,21,Between 20 and 40,Between $11 and $20
7.5,"(2) Teacher, instructor, or lead teacher",(1) White Only,(5) Some college credit but no degree,1950,2,69,More than 51,Less than $10
14,"(2) Teacher, instructor, or lead teacher",(1) White Only,(5) Some college credit but no degree,1977,0,42,Between 41 and 50,Between $11 and $20
9,(1) Aide or assistant teacher,(1) White Only,(5) Some college credit but no degree,1994,0,25,Between 20 and 40,Less than $10
NA,"(2) Teacher, instructor, or lead teacher",(2) Black or African American Only,(4) High school graduate,NA,NA,NA,NA,NA
16.11111111112,"(2) Teacher, instructor, or lead teacher",(1) White Only,(4) High school graduate,1996,8,23,Between 20 and 40,Between $11 and $20
24.60317460318,"(2) Teacher, instructor, or lead teacher",(1) White Only,(8) Graduate or professional degree,1968,0,51,More than 51,Between $21 and $30
107.5,"(2) Teacher, instructor, or lead teacher",(1) White Only,"(7) Bachelor's degree (BA, BS, AB)",1979,5,40,Between 20 and 40,More than $31
NA,NA,NA,NA,NA,NA,NA,NA,NA
9,"(2) Teacher, instructor, or lead teacher",(1) White Only,"(7) Bachelor's degree (BA, BS, AB)",1985,0,34,Between 20 and 40,Less than $10
12.75,(1) Aide or assistant teacher,NA,"(6) Associate degree (AA, AS)",1998,5,21,Between 20 and 40,Between $11 and $20
15,"(2) Teacher, instructor, or lead teacher",NA,(5) Some college credit but no degree,1976,NA,43,Between 41 and 50,Between $11 and $20
NA,NA,NA,NA,NA,NA,NA,NA,NA
12,"(2) Teacher, instructor, or lead teacher",(1) White Only,"(7) Bachelor's degree (BA, BS, AB)",1950,3,69,More than 51,Between $11 and $20
NA,NA,NA,NA,NA,NA,NA,NA,NA
NA,"(2) Teacher, instructor, or lead teacher",NA,"(7) Bachelor's degree (BA, BS, AB)",NA,0,NA,NA,NA
12.75,(1) Aide or assistant teacher,(1) White Only,"(6) Associate degree (AA, AS)",1998,0,21,Between 20 and 40,Between $11 and $20
10,(1) Aide or assistant teacher,(2) Black or African American Only,(5) Some college credit but no degree,1979,0,40,Between 20 and 40,Less than $10
10,(1) Aide or assistant teacher,(1) White Only,(5) Some college credit but no degree,1960,5,59,More than 51,Less than $10
11.6,"(2) Teacher, instructor, or lead teacher",(1) White Only,(5) Some college credit but no degree,1971,4,48,Between 41 and 50,Between $11 and $20
10.5,(1) Aide or assistant teacher,(1) White Only,(1) Less than High School,1984,3,35,Between 20 and 40,NA
30.79207317074,(1) Aide or assistant teacher,(2) Black or African American Only,"(6) Associate degree (AA, AS)",1968,2,51,More than 51,NA
NA,NA,NA,NA,NA,NA,NA,NA,NA
7.41666666667,"(2) Teacher, instructor, or lead teacher",(2) Black or African American Only,(4) High school graduate,1995,0,24,Between 20 and 40,Less than $10
15,"(2) Teacher, instructor, or lead teacher",(1) White Only,(5) Some college credit but no degree,1973,NA,46,Between 41 and 50,Between $11 and $20
10,"(2) Teacher, instructor, or lead teacher",NA,(5) Some college credit but no degree,1958,0,61,More than 51,Less than $10
31.32716049383,"(2) Teacher, instructor, or lead teacher",(1) White Only,"(7) Bachelor's degree (BA, BS, AB)",1995,5,24,Between 20 and 40,More than $31
13,"(2) Teacher, instructor, or lead teacher",(1) White Only,"(6) Associate degree (AA, AS)",1998,8,21,Between 20 and 40,Between $11 and $20
NA,(1) Aide or assistant teacher,NA,(8) Graduate or professional degree,1950,1,69,More than 51,NA
18.25,(1) Aide or assistant teacher,(2) Black or African American Only,"(7) Bachelor's degree (BA, BS, AB)",1995,0,24,Between 20 and 40,Between $11 and $20
25.71428571429,"(2) Teacher, instructor, or lead teacher",(1) White Only,"(7) Bachelor's degree (BA, BS, AB)",1980,3,39,Between 20 and 40,Between $21 and $30
NA,"(2) Teacher, instructor, or lead teacher",(1) White Only,"(7) Bachelor's degree (BA, BS, AB)",1981,2,38,Between 20 and 40,NA
14,"(2) Teacher, instructor, or lead teacher",(1) White Only,(5) Some college credit but no degree,1980,0,39,Between 20 and 40,Between $11 and $20
11,(1) Aide or assistant teacher,(1) White Only,(5) Some college credit but no degree,1986,1,33,Between 20 and 40,Between $11 and $20
10,(1) Aide or assistant teacher,(1) White Only,(4) High school graduate,1993,0,26,Between 20 and 40,Less than $10
8.7537993921,"(2) Teacher, instructor, or lead teacher",(1) White Only,(4) High school graduate,1974,0,45,Between 41 and 50,Less than $10
8,"(2) Teacher, instructor, or lead teacher",(2) Black or African American Only,(5) Some college credit but no degree,1950,0,69,More than 51,Less than $10
NA,NA,NA,NA,NA,NA,NA,NA,NA
7.25,"(2) Teacher, instructor, or lead teacher",(1) White Only,(3) GED or high school equivalency,1998,0,21,Between 20 and 40,Less than $10
10.09615384616,"(2) Teacher, instructor, or lead teacher",(2) Black or African American Only,(5) Some college credit but no degree,1958,6,61,More than 51,NA
18.48214285715,"(2) Teacher, instructor, or lead teacher",(2) Black or African American Only,"(6) Associate degree (AA, AS)",1990,5,29,Between 20 and 40,Between $11 and $20
11.87,"(2) Teacher, instructor, or lead teacher",(1) White Only,(4) High school graduate,NA,7,NA,NA,Between $11 and $20
12,(1) Aide or assistant teacher,NA,"(6) Associate degree (AA, AS)",1996,4,23,Between 20 and 40,Between $11 and $20
NA,"(2) Teacher, instructor, or lead teacher",(2) Black or African American Only,"(6) Associate degree (AA, AS)",1966,1,53,More than 51,NA
3.09090909091,"(2) Teacher, instructor, or lead teacher",NA,"(7) Bachelor's degree (BA, BS, AB)",1968,0,51,More than 51,Less than $10
NA,NA,NA,NA,NA,NA,NA,NA,NA
NA,"(2) Teacher, instructor, or lead teacher",(1) White Only,"(7) Bachelor's degree (BA, BS, AB)",1966,0,53,More than 51,NA
10,"(2) Teacher, instructor, or lead teacher",(2) Black or African American Only,(5) Some college credit but no degree,1975,8,44,Between 41 and 50,Less than $10
15.28,"(2) Teacher, instructor, or lead teacher",(1) White Only,"(7) Bachelor's degree (BA, BS, AB)",1983,0,36,Between 20 and 40,Between $11 and $20
NA,NA,NA,NA,NA,NA,NA,NA,NA
26.26262626263,"(2) Teacher, instructor, or lead teacher",(1) White Only,"(7) Bachelor's degree (BA, BS, AB)",1964,12,55,More than 51,Between $21 and $30
20.84,"(2) Teacher, instructor, or lead teacher",NA,"(7) Bachelor's degree (BA, BS, AB)",1958,2,61,More than 51,NA
8.75,"(2) Teacher, instructor, or lead teacher",(1) White Only,(1) Less than High School,1986,0,33,Between 20 and 40,Less than $10
NA,NA,NA,NA,NA,NA,NA,NA,NA
10,(1) Aide or assistant teacher,(1) White Only,(8) Graduate or professional degree,1989,2,30,Between 20 and 40,Less than $10
16,"(2) Teacher, instructor, or lead teacher",(8) Other,(5) Some college credit but no degree,1987,7,32,Between 20 and 40,Between $11 and $20
27.77777777778,"(2) Teacher, instructor, or lead teacher",(1) White Only,(8) Graduate or professional degree,1950,11,69,More than 51,Between $21 and $30
9,"(2) Teacher, instructor, or lead teacher",(8) Other,(4) High school graduate,1963,0,56,More than 51,Less than $10
14.44444444445,(1) Aide or assistant teacher,(1) White Only,"(7) Bachelor's degree (BA, BS, AB)",1994,0,25,Between 20 and 40,Between $11 and $20
9,(1) Aide or assistant teacher,(2) Black or African American Only,"(6) Associate degree (AA, AS)",1985,11,34,Between 20 and 40,Less than $10
12,"(2) Teacher, instructor, or lead teacher",(1) White Only,(5) Some college credit but no degree,1989,1,30,Between 20 and 40,Between $11 and $20
18.33333333334,"(2) Teacher, instructor, or lead teacher",(1) White Only,"(7) Bachelor's degree (BA, BS, AB)",1960,2,59,More than 51,Between $11 and $20
11,"(2) Teacher, instructor, or lead teacher",(2) Black or African American Only,"(6) Associate degree (AA, AS)",1989,3,30,Between 20 and 40,Between $11 and $20
9.85,(1) Aide or assistant teacher,NA,(5) Some college credit but no degree,NA,NA,NA,NA,Less than $10
17,(1) Aide or assistant teacher,(1) White Only,(5) Some college credit but no degree,1979,3,40,Between 20 and 40,Between $11 and $20
14.509,(1) Aide or assistant teacher,(1) White Only,(5) Some college credit but no degree,1967,NA,52,More than 51,Between $11 and $20
NA,(1) Aide or assistant teacher,NA,(5) Some college credit but no degree,1998,0,21,Between 20 and 40,NA
27,"(2) Teacher, instructor, or lead teacher",(1) White Only,"(6) Associate degree (AA, AS)",1974,0,45,Between 41 and 50,Between $21 and $30
NA,(1) Aide or assistant teacher,(3) Asian Only,(5) Some college credit but no degree,1987,3,32,Between 20 and 40,NA
20,"(2) Teacher, instructor, or lead teacher",(3) Asian Only,"(7) Bachelor's degree (BA, BS, AB)",1968,0,51,More than 51,Between $11 and $20
24.36,(1) Aide or assistant teacher,NA,"(7) Bachelor's degree (BA, BS, AB)",1979,2,40,Between 20 and 40,Between $21 and $30
NA,NA,NA,NA,NA,NA,NA,NA,NA
15.35,"(2) Teacher, instructor, or lead teacher",(2) Black or African American Only,"(6) Associate degree (AA, AS)",1950,2,69,More than 51,Between $11 and $20
12.5,"(2) Teacher, instructor, or lead teacher",(1) White Only,"(6) Associate degree (AA, AS)",1975,0,44,Between 41 and 50,Between $11 and $20
17.52136752137,"(2) Teacher, instructor, or lead teacher",(1) White Only,"(7) Bachelor's degree (BA, BS, AB)",1994,5,25,Between 20 and 40,Between $11 and $20
NA,"(2) Teacher, instructor, or lead teacher",(2) Black or African American Only,NA,NA,0,NA,NA,NA
21.42857142858,(1) Aide or assistant teacher,(1) White Only,"(7) Bachelor's degree (BA, BS, AB)",1991,0,28,Between 20 and 40,Between $21 and $30
NA,"(2) Teacher, instructor, or lead teacher",(1) White Only,(5) Some college credit but no degree,1966,0,53,More than 51,NA
10,"(2) Teacher, instructor, or lead teacher",(2) Black or African American Only,(8) Graduate or professional degree,1985,2,34,Between 20 and 40,Less than $10
NA,NA,NA,NA,NA,NA,NA,NA,NA
16.67000000001,(1) Aide or assistant teacher,NA,"(6) Associate degree (AA, AS)",1996,0,23,Between 20 and 40,Between $11 and $20
16.5,"(2) Teacher, instructor, or lead teacher",(1) White Only,"(7) Bachelor's degree (BA, BS, AB)",1960,3,59,More than 51,Between $11 and $20
16.25,"(2) Teacher, instructor, or lead teacher",(8) Other,(5) Some college credit but no degree,1960,4,59,More than 51,Between $11 and $20
NA,"(2) Teacher, instructor, or lead teacher",(2) Black or African American Only,(4) High school graduate,1982,2,37,Between 20 and 40,NA
10.9375,"(2) Teacher, instructor, or lead teacher",(1) White Only,"(6) Associate degree (AA, AS)",1986,0,33,Between 20 and 40,NA
NA,NA,NA,NA,NA,NA,NA,NA,NA
10,(1) Aide or assistant teacher,(2) Black or African American Only,"(6) Associate degree (AA, AS)",1986,7,33,Between 20 and 40,Less than $10
16.10000000001,"(2) Teacher, instructor, or lead teacher",(1) White Only,"(7) Bachelor's degree (BA, BS, AB)",1993,4,26,Between 20 and 40,Between $11 and $20
10,"(2) Teacher, instructor, or lead teacher",(2) Black or African American Only,"(6) Associate degree (AA, AS)",1985,3,34,Between 20 and 40,Less than $10
10,"(2) Teacher, instructor, or lead teacher",(2) Black or African American Only,(1) Less than High School,1962,4,57,More than 51,Less than $10
15.38,"(2) Teacher, instructor, or lead teacher",(2) Black or African American Only,(5) Some college credit but no degree,1972,1.166666666667,47,Between 41 and 50,Between $11 and $20
12.75,(1) Aide or assistant teacher,(1) White Only,(4) High school graduate,1995,1,24,Between 20 and 40,Between $11 and $20
14.78991596639,"(2) Teacher, instructor, or lead teacher",(1) White Only,(5) Some college credit but no degree,1991,9,28,Between 20 and 40,Between $11 and $20
20,"(2) Teacher, instructor, or lead teacher",(3) Asian Only,"(7) Bachelor's degree (BA, BS, AB)",1990,0,29,Between 20 and 40,Between $11 and $20
13.23529411765,"(2) Teacher, instructor, or lead teacher",(1) White Only,"(6) Associate degree (AA, AS)",1960,3,59,More than 51,Between $11 and $20
12.35294117648,"(2) Teacher, instructor, or lead teacher",(2) Black or African American Only,"(6) Associate degree (AA, AS)",1958,3,61,More than 51,Between $11 and $20
10,"(2) Teacher, instructor, or lead teacher",NA,(3) GED or high school equivalency,1978,0,41,Between 41 and 50,Less than $10
23.80952380953,"(2) Teacher, instructor, or lead teacher",(1) White Only,"(7) Bachelor's degree (BA, BS, AB)",1962,3,57,More than 51,Between $21 and $30
58.33333333334,"(2) Teacher, instructor, or lead teacher",(1) White Only,"(7) Bachelor's degree (BA, BS, AB)",1989,8,30,Between 20 and 40,More than $31
NA,NA,NA,NA,NA,NA,NA,NA,NA
11,"(2) Teacher, instructor, or lead teacher",(1) White Only,"(6) Associate degree (AA, AS)",1987,0,32,Between 20 and 40,Between $11 and $20
7.75,(1) Aide or assistant teacher,(8) Other,(1) Less than High School,1998,10,21,Between 20 and 40,Less than $10
29.47142857143,(1) Aide or assistant teacher,(8) Other,"(7) Bachelor's degree (BA, BS, AB)",1963,0,56,More than 51,Between $21 and $30
14.92,"(2) Teacher, instructor, or lead teacher",(1) White Only,(5) Some college credit but no degree,1958,1,61,More than 51,Between $11 and $20
19,"(2) Teacher, instructor, or lead teacher",(3) Asian Only,"(7) Bachelor's degree (BA, BS, AB)",1989,1,30,Between 20 and 40,Between $11 and $20
15.4,(1) Aide or assistant teacher,(1) White Only,(4) High school graduate,1980,3,39,Between 20 and 40,Between $11 and $20
13.5,"(2) Teacher, instructor, or lead teacher",(1) White Only,(4) High school graduate,1969,9,50,Between 41 and 50,Between $11 and $20
11,"(2) Teacher, instructor, or lead teacher",NA,(4) High school graduate,1998,1,21,Between 20 and 40,Between $11 and $20
13.54166666667,"(2) Teacher, instructor, or lead teacher",(1) White Only,(5) Some college credit but no degree,1973,0,46,Between 41 and 50,Between $11 and $20
10.41666666667,(1) Aide or assistant teacher,(1) White Only,"(7) Bachelor's degree (BA, BS, AB)",1969,0,50,Between 41 and 50,NA
13.28,"(2) Teacher, instructor, or lead teacher",(1) White Only,(4) High school graduate,1963,1,56,More than 51,Between $11 and $20
15.68,"(2) Teacher, instructor, or lead teacher",(2) Black or African American Only,"(6) Associate degree (AA, AS)",1978,3,41,Between 41 and 50,Between $11 and $20
15.68000000001,"(2) Teacher, instructor, or lead teacher",(2) Black or African American Only,"(7) Bachelor's degree (BA, BS, AB)",1994,5,25,Between 20 and 40,Between $11 and $20
4.375,(1) Aide or assistant teacher,(1) White Only,(5) Some college credit but no degree,1998,7,21,Between 20 and 40,Less than $10
15.53,(1) Aide or assistant teacher,NA,(5) Some college credit but no degree,NA,NA,NA,NA,Between $11 and $20
9,"(2) Teacher, instructor, or lead teacher",(2) Black or African American Only,(5) Some college credit but no degree,1974,0,45,Between 41 and 50,Less than $10
11.4,"(2) Teacher, instructor, or lead teacher",(1) White Only,(4) High school graduate,1990,1,29,Between 20 and 40,Between $11 and $20
11,(1) Aide or assistant teacher,(1) White Only,"(6) Associate degree (AA, AS)",NA,3,NA,NA,Between $11 and $20
6.2875,"(2) Teacher, instructor, or lead teacher",(2) Black or African American Only,(3) GED or high school equivalency,1960,0,59,More than 51,Less than $10
11.49,"(2) Teacher, instructor, or lead teacher",(1) White Only,"(7) Bachelor's degree (BA, BS, AB)",1966,2,53,More than 51,Between $11 and $20
18.53,"(2) Teacher, instructor, or lead teacher",(1) White Only,"(7) Bachelor's degree (BA, BS, AB)",1975,0,44,Between 41 and 50,Between $11 and $20
6.875,"(2) Teacher, instructor, or lead teacher",(2) Black or African American Only,(8) Graduate or professional degree,1968,0,51,More than 51,Less than $10
12,"(2) Teacher, instructor, or lead teacher",(1) White Only,(5) Some college credit but no degree,1996,0,23,Between 20 and 40,Between $11 and $20
18,"(2) Teacher, instructor, or lead teacher",(1) White Only,(5) Some college credit but no degree,1983,3,36,Between 20 and 40,Between $11 and $20
10,"(2) Teacher, instructor, or lead teacher",(2) Black or African American Only,"(6) Associate degree (AA, AS)",1989,1,30,Between 20 and 40,Less than $10
22,"(2) Teacher, instructor, or lead teacher",(3) Asian Only,"(7) Bachelor's degree (BA, BS, AB)",1996,8,23,Between 20 and 40,Between $21 and $30
11.86666666667,"(2) Teacher, instructor, or lead teacher",(2) Black or African American Only,"(7) Bachelor's degree (BA, BS, AB)",1977,0,42,Between 41 and 50,Between $11 and $20
15,"(2) Teacher, instructor, or lead teacher",(1) White Only,(5) Some college credit but no degree,1975,1,44,Between 41 and 50,Between $11 and $20
11,"(2) Teacher, instructor, or lead teacher",NA,"(6) Associate degree (AA, AS)",NA,0,NA,NA,Between $11 and $20
NA,NA,NA,NA,NA,NA,NA,NA,NA
35.80246913581,"(2) Teacher, instructor, or lead teacher",(8) Other,(8) Graduate or professional degree,1962,0,57,More than 51,More than $31
10,(1) Aide or assistant teacher,(2) Black or African American Only,(4) High school graduate,1996,0,23,Between 20 and 40,Less than $10
9.5,"(2) Teacher, instructor, or lead teacher",(1) White Only,(5) Some college credit but no degree,1994,0,25,Between 20 and 40,Less than $10
11,"(2) Teacher, instructor, or lead teacher",(2) Black or African American Only,(5) Some college credit but no degree,1990,13,29,Between 20 and 40,Between $11 and $20
19.47,"(2) Teacher, instructor, or lead teacher",(2) Black or African American Only,(5) Some college credit but no degree,1988,1,31,Between 20 and 40,Between $11 and $20
38.88888888889,"(2) Teacher, instructor, or lead teacher",(1) White Only,(8) Graduate or professional degree,1958,0,61,More than 51,More than $31
12,(1) Aide or assistant teacher,(2) Black or African American Only,(5) Some college credit but no degree,1981,0,38,Between 20 and 40,Between $11 and $20
22.61904761905,"(2) Teacher, instructor, or lead teacher",NA,"(6) Associate degree (AA, AS)",1984,3,35,Between 20 and 40,Between $21 and $30
10.25,"(2) Teacher, instructor, or lead teacher",(1) White Only,"(7) Bachelor's degree (BA, BS, AB)",1975,4,44,Between 41 and 50,NA
9.5,"(2) Teacher, instructor, or lead teacher",(2) Black or African American Only,(5) Some college credit but no degree,1979,5,40,Between 20 and 40,Less than $10
38.88888888889,"(2) Teacher, instructor, or lead teacher",(1) White Only,(8) Graduate or professional degree,1970,0,49,Between 41 and 50,More than $31
NA,NA,NA,NA,NA,NA,NA,NA,NA
12,"(2) Teacher, instructor, or lead teacher",(1) White Only,(4) High school graduate,1971,0,48,Between 41 and 50,Between $11 and $20
31.25,"(2) Teacher, instructor, or lead teacher",(1) White Only,"(7) Bachelor's degree (BA, BS, AB)",1985,2,34,Between 20 and 40,More than $31
NA,(1) Aide or assistant teacher,(1) White Only,(5) Some college credit but no degree,NA,0,NA,NA,NA
18,"(2) Teacher, instructor, or lead teacher",(1) White Only,"(6) Associate degree (AA, AS)",1973,0,46,Between 41 and 50,Between $11 and $20
NA,NA,NA,NA,NA,NA,NA,NA,NA
42.90350877193,"(2) Teacher, instructor, or lead teacher",(1) White Only,(8) Graduate or professional degree,1982,10,37,Between 20 and 40,More than $31
NA,NA,NA,NA,NA,NA,NA,NA,NA
15,"(2) Teacher, instructor, or lead teacher",(1) White Only,"(6) Associate degree (AA, AS)",1973,NA,46,Between 41 and 50,Between $11 and $20
21,"(2) Teacher, instructor, or lead teacher",(3) Asian Only,(8) Graduate or professional degree,1981,3,38,Between 20 and 40,Between $21 and $30
17.307692307699998,"(2) Teacher, instructor, or lead teacher",(1) White Only,"(6) Associate degree (AA, AS)",1982,0,37,Between 20 and 40,Between $11 and $20
51.42857142858,(1) Aide or assistant teacher,(1) White Only,(5) Some college credit but no degree,1966,7,53,More than 51,More than $31
NA,NA,NA,NA,NA,NA,NA,NA,NA
NA,"(2) Teacher, instructor, or lead teacher",(1) White Only,(1) Less than High School,1977,0,42,Between 41 and 50,NA
11,"(2) Teacher, instructor, or lead teacher",(1) White Only,(4) High school graduate,1966,0,53,More than 51,Between $11 and $20
21.25,"(2) Teacher, instructor, or lead teacher",(1) White Only,"(7) Bachelor's degree (BA, BS, AB)",1962,1,57,More than 51,Between $21 and $30
NA,"(2) Teacher, instructor, or lead teacher",(1) White Only,(5) Some college credit but no degree,1972,0,47,Between 41 and 50,NA
20.37037037038,(1) Aide or assistant teacher,(3) Asian Only,(5) Some college credit but no degree,1991,4,28,Between 20 and 40,NA
10,(1) Aide or assistant teacher,NA,"(6) Associate degree (AA, AS)",1983,6,36,Between 20 and 40,Less than $10
NA,NA,NA,NA,NA,NA,NA,NA,NA
NA,"(2) Teacher, instructor, or lead teacher",(1) White Only,"(7) Bachelor's degree (BA, BS, AB)",1981,3,38,Between 20 and 40,NA
10,(1) Aide or assistant teacher,(1) White Only,"(6) Associate degree (AA, AS)",1961,0,58,More than 51,Less than $10
16,"(2) Teacher, instructor, or lead teacher",(1) White Only,(5) Some college credit but no degree,1983,10,36,Between 20 and 40,Between $11 and $20
107.5,"(2) Teacher, instructor, or lead teacher",(1) White Only,(8) Graduate or professional degree,1961,2,58,More than 51,More than $31
14,(1) Aide or assistant teacher,(1) White Only,"(7) Bachelor's degree (BA, BS, AB)",1986,12,33,Between 20 and 40,Between $11 and $20
1.28571428571,"(2) Teacher, instructor, or lead teacher",(2) Black or African American Only,(4) High school graduate,1988,0,31,Between 20 and 40,Less than $10
8.125,"(2) Teacher, instructor, or lead teacher",(1) White Only,(5) Some college credit but no degree,1982,9,37,Between 20 and 40,Less than $10
10.825,"(2) Teacher, instructor, or lead teacher",(1) White Only,(3) GED or high school equivalency,1974,1,45,Between 41 and 50,NA
15.6,(1) Aide or assistant teacher,(1) White Only,"(7) Bachelor's degree (BA, BS, AB)",1970,0,49,Between 41 and 50,Between $11 and $20
NA,NA,NA,NA,NA,NA,NA,NA,NA
14,(1) Aide or assistant teacher,NA,"(7) Bachelor's degree (BA, BS, AB)",1964,3,55,More than 51,Between $11 and $20
13,(1) Aide or assistant teacher,NA,"(7) Bachelor's degree (BA, BS, AB)",1995,3,24,Between 20 and 40,Between $11 and $20
16.66666666667,(1) Aide or assistant teacher,NA,"(6) Associate degree (AA, AS)",1950,0,69,More than 51,Between $11 and $20
12.55,"(2) Teacher, instructor, or lead teacher",(8) Other,(1) Less than High School,1962,2,57,More than 51,Between $11 and $20
32.29,"(2) Teacher, instructor, or lead teacher",(1) White Only,"(6) Associate degree (AA, AS)",1972,2,47,Between 41 and 50,More than $31
10,"(2) Teacher, instructor, or lead teacher",(1) White Only,"(7) Bachelor's degree (BA, BS, AB)",1982,NA,37,Between 20 and 40,Less than $10
12.5,(1) Aide or assistant teacher,(1) White Only,(5) Some college credit but no degree,1998,7,21,Between 20 and 40,Between $11 and $20
9.1,"(2) Teacher, instructor, or lead teacher",NA,(5) Some college credit but no degree,1986,0,33,Between 20 and 40,Less than $10
NA,(1) Aide or assistant teacher,(2) Black or African American Only,(4) High school graduate,1998,1,21,Between 20 and 40,NA
NA,NA,NA,NA,NA,NA,NA,NA,NA
10,(1) Aide or assistant teacher,NA,(5) Some college credit but no degree,NA,NA,NA,NA,Less than $10
NA,NA,NA,NA,NA,NA,NA,NA,NA
NA,"(2) Teacher, instructor, or lead teacher",(1) White Only,(5) Some college credit but no degree,1981,5,38,Between 20 and 40,NA
NA,(1) Aide or assistant teacher,(1) White Only,"(7) Bachelor's degree (BA, BS, AB)",1950,0,69,More than 51,NA
NA,NA,NA,NA,NA,NA,NA,NA,NA
NA,NA,NA,NA,NA,NA,NA,NA,NA
9.5,(1) Aide or assistant teacher,(1) White Only,"(6) Associate degree (AA, AS)",1976,9,43,Between 41 and 50,Less than $10
20.91836734694,"(2) Teacher, instructor, or lead teacher",(1) White Only,"(7) Bachelor's degree (BA, BS, AB)",1968,7,51,More than 51,NA
NA,"(2) Teacher, instructor, or lead teacher",(2) Black or African American Only,(4) High school graduate,1970,0,49,Between 41 and 50,NA
9,"(2) Teacher, instructor, or lead teacher",(2) Black or African American Only,(4) High school graduate,1994,5,25,Between 20 and 40,Less than $10
3.475,(1) Aide or assistant teacher,(1) White Only,(4) High school graduate,1998,0,21,Between 20 and 40,Less than $10
16,(1) Aide or assistant teacher,NA,"(6) Associate degree (AA, AS)",1968,2,51,More than 51,Between $11 and $20
17.24,"(2) Teacher, instructor, or lead teacher",(2) Black or African American Only,"(7) Bachelor's degree (BA, BS, AB)",1975,2.333333333333,44,Between 41 and 50,Between $11 and $20
10,"(2) Teacher, instructor, or lead teacher",(1) White Only,(4) High school graduate,1973,8,46,Between 41 and 50,Less than $10
8,"(2) Teacher, instructor, or lead teacher",(1) White Only,"(7) Bachelor's degree (BA, BS, AB)",1979,0,40,Between 20 and 40,Less than $10
13,"(2) Teacher, instructor, or lead teacher",(1) White Only,(4) High school graduate,1967,0,52,More than 51,Between $11 and $20
NA,NA,NA,NA,NA,NA,NA,NA,NA
13.75,"(2) Teacher, instructor, or lead teacher",NA,"(6) Associate degree (AA, AS)",NA,NA,NA,NA,Between $11 and $20
11,(1) Aide or assistant teacher,(2) Black or African American Only,(5) Some college credit but no degree,1995,6,24,Between 20 and 40,Between $11 and $20
9.5,"(2) Teacher, instructor, or lead teacher",(1) White Only,(4) High school graduate,1967,2,52,More than 51,Less than $10
NA,"(2) Teacher, instructor, or lead teacher",(1) White Only,(1) Less than High School,1968,0,51,More than 51,NA
15,(1) Aide or assistant teacher,(8) Other,(5) Some college credit but no degree,1996,0,23,Between 20 and 40,Between $11 and $20
12.5,"(2) Teacher, instructor, or lead teacher",(1) White Only,(3) GED or high school equivalency,1985,0,34,Between 20 and 40,Between $11 and $20
9.5,"(2) Teacher, instructor, or lead teacher",(3) Asian Only,"(6) Associate degree (AA, AS)",1950,1,69,More than 51,Less than $10
37.1157948718,"(2) Teacher, instructor, or lead teacher",(1) White Only,(8) Graduate or professional degree,NA,NA,NA,NA,More than $31
14.21052631579,"(2) Teacher, instructor, or lead teacher",(1) White Only,(5) Some college credit but no degree,1974,0,45,Between 41 and 50,Between $11 and $20
NA,NA,NA,NA,NA,NA,NA,NA,NA
NA,"(2) Teacher, instructor, or lead teacher",(1) White Only,"(7) Bachelor's degree (BA, BS, AB)",1950,0,69,More than 51,NA
10,"(2) Teacher, instructor, or lead teacher",(1) White Only,(5) Some college credit but no degree,1979,0,40,Between 20 and 40,Less than $10
9,"(2) Teacher, instructor, or lead teacher",(1) White Only,(5) Some college credit but no degree,1998,3,21,Between 20 and 40,Less than $10
8.75,(1) Aide or assistant teacher,(2) Black or African American Only,(5) Some college credit but no degree,1958,0,61,More than 51,Less than $10
12,"(2) Teacher, instructor, or lead teacher",(1) White Only,"(6) Associate degree (AA, AS)",1990,5,29,Between 20 and 40,Between $11 and $20
10,(1) Aide or assistant teacher,NA,(5) Some college credit but no degree,1958,0,61,More than 51,Less than $10
14.61,"(2) Teacher, instructor, or lead teacher",(1) White Only,"(6) Associate degree (AA, AS)",1996,NA,23,Between 20 and 40,Between $11 and $20
11,"(2) Teacher, instructor, or lead teacher",(1) White Only,(4) High school graduate,1984,2.333333333333,35,Between 20 and 40,Between $11 and $20
12.3625,"(2) Teacher, instructor, or lead teacher",(1) White Only,(5) Some college credit but no degree,1962,0,57,More than 51,Between $11 and $20
NA,NA,NA,NA,NA,NA,NA,NA,NA
9,"(2) Teacher, instructor, or lead teacher",(1) White Only,(4) High school graduate,1998,7,21,Between 20 and 40,Less than $10
12,(1) Aide or assistant teacher,(1) White Only,(5) Some college credit but no degree,1998,7,21,Between 20 and 40,Between $11 and $20
30,"(2) Teacher, instructor, or lead teacher",(3) Asian Only,(8) Graduate or professional degree,1990,10,29,Between 20 and 40,Between $21 and $30
15.38461538462,(1) Aide or assistant teacher,(2) Black or African American Only,"(6) Associate degree (AA, AS)",1972,1,47,Between 41 and 50,Between $11 and $20
17.10000000001,"(2) Teacher, instructor, or lead teacher",(1) White Only,"(7) Bachelor's degree (BA, BS, AB)",1979,4,40,Between 20 and 40,Between $11 and $20
15.03,(1) Aide or assistant teacher,(2) Black or African American Only,(8) Graduate or professional degree,1982,1,37,Between 20 and 40,Between $11 and $20
51.42857142858,(1) Aide or assistant teacher,(1) White Only,(4) High school graduate,1987,1,32,Between 20 and 40,More than $31
23.5,(1) Aide or assistant teacher,(8) Other,(5) Some college credit but no degree,1984,4,35,Between 20 and 40,Between $21 and $30
13,(1) Aide or assistant teacher,(2) Black or African American Only,(5) Some college credit but no degree,1976,0,43,Between 41 and 50,Between $11 and $20
15,"(2) Teacher, instructor, or lead teacher",NA,"(6) Associate degree (AA, AS)",1985,2,34,Between 20 and 40,Between $11 and $20
10.68,(1) Aide or assistant teacher,(2) Black or African American Only,"(7) Bachelor's degree (BA, BS, AB)",1979,6,40,Between 20 and 40,NA
15.23,(1) Aide or assistant teacher,NA,(4) High school graduate,1992,2,27,Between 20 and 40,Between $11 and $20
15,(1) Aide or assistant teacher,(1) White Only,(8) Graduate or professional degree,1986,0,33,Between 20 and 40,Between $11 and $20
10,(1) Aide or assistant teacher,(1) White Only,(5) Some college credit but no degree,1995,11,24,Between 20 and 40,Less than $10
11.65,"(2) Teacher, instructor, or lead teacher",(1) White Only,"(7) Bachelor's degree (BA, BS, AB)",1996,2,23,Between 20 and 40,Between $11 and $20
NA,(1) Aide or assistant teacher,(3) Asian Only,"(7) Bachelor's degree (BA, BS, AB)",1968,5.833333333333,51,More than 51,NA
8,"(2) Teacher, instructor, or lead teacher",(1) White Only,(5) Some college credit but no degree,1998,5,21,Between 20 and 40,Less than $10
7.25,(1) Aide or assistant teacher,(1) White Only,(1) Less than High School,1998,0,21,Between 20 and 40,Less than $10
15.13071428572,(1) Aide or assistant teacher,(2) Black or African American Only,"(7) Bachelor's degree (BA, BS, AB)",1965,3,54,More than 51,Between $11 and $20
NA,NA,NA,NA,NA,NA,NA,NA,NA
NA,"(2) Teacher, instructor, or lead teacher",(1) White Only,"(6) Associate degree (AA, AS)",1988,0,31,Between 20 and 40,NA
13.25,"(2) Teacher, instructor, or lead teacher",(1) White Only,(8) Graduate or professional degree,1963,12,56,More than 51,Between $11 and $20
15,"(2) Teacher, instructor, or lead teacher",NA,"(7) Bachelor's degree (BA, BS, AB)",1989,0,30,Between 20 and 40,Between $11 and $20
18,(1) Aide or assistant teacher,(2) Black or African American Only,"(7) Bachelor's degree (BA, BS, AB)",1974,0,45,Between 41 and 50,Between $11 and $20
15,"(2) Teacher, instructor, or lead teacher",(1) White Only,(8) Graduate or professional degree,1958,0,61,More than 51,Between $11 and $20
13,"(2) Teacher, instructor, or lead teacher",(1) White Only,"(7) Bachelor's degree (BA, BS, AB)",1965,0,54,More than 51,Between $11 and $20
17,"(2) Teacher, instructor, or lead teacher",(1) White Only,"(7) Bachelor's degree (BA, BS, AB)",1960,1,59,More than 51,Between $11 and $20
NA,(1) Aide or assistant teacher,(1) White Only,"(6) Associate degree (AA, AS)",1968,NA,51,More than 51,NA
16,"(2) Teacher, instructor, or lead teacher",(1) White Only,"(7) Bachelor's degree (BA, BS, AB)",1991,0,28,Between 20 and 40,Between $11 and $20
12,(1) Aide or assistant teacher,(1) White Only,(5) Some college credit but no degree,1988,0,31,Between 20 and 40,Between $11 and $20
12,(1) Aide or assistant teacher,(1) White Only,(5) Some college credit but no degree,1991,4,28,Between 20 and 40,Between $11 and $20
10.15,"(2) Teacher, instructor, or lead teacher",(1) White Only,"(7) Bachelor's degree (BA, BS, AB)",1990,1,29,Between 20 and 40,NA
NA,NA,NA,NA,NA,NA,NA,NA,NA
11.53153153154,(1) Aide or assistant teacher,(1) White Only,(4) High school graduate,1984,2,35,Between 20 and 40,Between $11 and $20
NA,"(2) Teacher, instructor, or lead teacher",(2) Black or African American Only,(4) High school graduate,1975,0,44,Between 41 and 50,NA
10.5,(1) Aide or assistant teacher,(1) White Only,"(7) Bachelor's degree (BA, BS, AB)",1996,4,23,Between 20 and 40,NA
17,"(2) Teacher, instructor, or lead teacher",(1) White Only,"(7) Bachelor's degree (BA, BS, AB)",1963,2,56,More than 51,Between $11 and $20
11.19,(1) Aide or assistant teacher,(1) White Only,"(7) Bachelor's degree (BA, BS, AB)",1987,8,32,Between 20 and 40,Between $11 and $20
13,"(2) Teacher, instructor, or lead teacher",(1) White Only,"(7) Bachelor's degree (BA, BS, AB)",NA,NA,NA,NA,Between $11 and $20
24.03846153847,"(2) Teacher, instructor, or lead teacher",(2) Black or African American Only,"(7) Bachelor's degree (BA, BS, AB)",1973,4,46,Between 41 and 50,Between $21 and $30
10.55555555556,"(2) Teacher, instructor, or lead teacher",(2) Black or African American Only,"(6) Associate degree (AA, AS)",1994,2,25,Between 20 and 40,NA
12,(1) Aide or assistant teacher,(3) Asian Only,(4) High school graduate,1978,0,41,Between 41 and 50,Between $11 and $20
27.77777777778,(1) Aide or assistant teacher,(1) White Only,"(7) Bachelor's degree (BA, BS, AB)",1958,0,61,More than 51,Between $21 and $30
11.1,(1) Aide or assistant teacher,(2) Black or African American Only,"(6) Associate degree (AA, AS)",1985,13,34,Between 20 and 40,Between $11 and $20
NA,NA,NA,NA,NA,NA,NA,NA,NA
10.5,"(2) Teacher, instructor, or lead teacher",(1) White Only,(5) Some college credit but no degree,1988,6,31,Between 20 and 40,NA
20.37037037038,"(2) Teacher, instructor, or lead teacher",(1) White Only,"(7) Bachelor's degree (BA, BS, AB)",1964,2,55,More than 51,NA
NA,"(2) Teacher, instructor, or lead teacher",(2) Black or African American Only,(5) Some college credit but no degree,1993,1,26,Between 20 and 40,NA
12,"(2) Teacher, instructor, or lead teacher",(2) Black or African American Only,(5) Some college credit but no degree,1969,0,50,Between 41 and 50,Between $11 and $20
NA,NA,NA,NA,NA,NA,NA,NA,NA
28.33333333334,"(2) Teacher, instructor, or lead teacher",(1) White Only,(8) Graduate or professional degree,1958,6,61,More than 51,Between $21 and $30
16.26984126985,"(2) Teacher, instructor, or lead teacher",(1) White Only,"(6) Associate degree (AA, AS)",1969,0,50,Between 41 and 50,Between $11 and $20
10.5,(1) Aide or assistant teacher,(1) White Only,"(6) Associate degree (AA, AS)",1988,4,31,Between 20 and 40,NA
11.85,"(2) Teacher, instructor, or lead teacher",(1) White Only,"(6) Associate degree (AA, AS)",1969,2,50,Between 41 and 50,Between $11 and $20
12.47401247402,"(2) Teacher, instructor, or lead teacher",(1) White Only,(5) Some college credit but no degree,1958,4,61,More than 51,Between $11 and $20
15,(1) Aide or assistant teacher,NA,(4) High school graduate,1968,3,51,More than 51,Between $11 and $20
11.201923076929999,"(2) Teacher, instructor, or lead teacher",NA,(5) Some college credit but no degree,1995,3,24,Between 20 and 40,Between $11 and $20
17.25,"(2) Teacher, instructor, or lead teacher",(1) White Only,"(6) Associate degree (AA, AS)",1970,2,49,Between 41 and 50,Between $11 and $20
NA,"(2) Teacher, instructor, or lead teacher",(1) White Only,"(7) Bachelor's degree (BA, BS, AB)",1984,1,35,Between 20 and 40,NA
27.47,"(2) Teacher, instructor, or lead teacher",(2) Black or African American Only,(8) Graduate or professional degree,1958,3,61,More than 51,Between $21 and $30
NA,"(2) Teacher, instructor, or lead teacher",(1) White Only,"(6) Associate degree (AA, AS)",NA,0,NA,NA,NA
NA,NA,NA,NA,NA,NA,NA,NA,NA
12,"(2) Teacher, instructor, or lead teacher",(2) Black or African American Only,"(6) Associate degree (AA, AS)",1989,0,30,Between 20 and 40,Between $11 and $20
51.42857142858,(1) Aide or assistant teacher,(1) White Only,(4) High school graduate,1998,0,21,Between 20 and 40,More than $31
11,(1) Aide or assistant teacher,(1) White Only,(4) High school graduate,1967,0,52,More than 51,Between $11 and $20
12.5,"(2) Teacher, instructor, or lead teacher",(1) White Only,"(6) Associate degree (AA, AS)",1973,0,46,Between 41 and 50,Between $11 and $20
12.72727272728,"(2) Teacher, instructor, or lead teacher",(1) White Only,(5) Some college credit but no degree,1970,0,49,Between 41 and 50,Between $11 and $20
NA,NA,NA,NA,NA,NA,NA,NA,NA
20.83,"(2) Teacher, instructor, or lead teacher",(3) Asian Only,(8) Graduate or professional degree,1965,1,54,More than 51,NA
16.75,(1) Aide or assistant teacher,(1) White Only,(5) Some college credit but no degree,1958,0,61,More than 51,Between $11 and $20
15,"(2) Teacher, instructor, or lead teacher",(1) White Only,"(6) Associate degree (AA, AS)",1974,2,45,Between 41 and 50,Between $11 and $20
21.5,"(2) Teacher, instructor, or lead teacher",(1) White Only,(5) Some college credit but no degree,1972,2,47,Between 41 and 50,Between $21 and $30
7.5,(1) Aide or assistant teacher,(2) Black or African American Only,(5) Some college credit but no degree,1998,3,21,Between 20 and 40,Less than $10
11.25,"(2) Teacher, instructor, or lead teacher",(1) White Only,(4) High school graduate,1964,0,55,More than 51,Between $11 and $20
NA,"(2) Teacher, instructor, or lead teacher",(1) White Only,"(6) Associate degree (AA, AS)",1974,1,45,Between 41 and 50,NA
11.3,"(2) Teacher, instructor, or lead teacher",NA,"(7) Bachelor's degree (BA, BS, AB)",1958,0,61,More than 51,Between $11 and $20
13.15,(1) Aide or assistant teacher,(2) Black or African American Only,"(7) Bachelor's degree (BA, BS, AB)",1981,3,38,Between 20 and 40,Between $11 and $20
21,"(2) Teacher, instructor, or lead teacher",(2) Black or African American Only,"(7) Bachelor's degree (BA, BS, AB)",1988,3.5,31,Between 20 and 40,Between $21 and $30
13.91,(1) Aide or assistant teacher,(1) White Only,"(6) Associate degree (AA, AS)",1981,7,38,Between 20 and 40,Between $11 and $20
15.99,"(2) Teacher, instructor, or lead teacher",NA,(5) Some college credit but no degree,1950,0,69,More than 51,Between $11 and $20
NA,NA,NA,NA,NA,NA,NA,NA,NA
16.24060150376,(1) Aide or assistant teacher,(1) White Only,(5) Some college credit but no degree,1983,3,36,Between 20 and 40,Between $11 and $20
16.5,"(2) Teacher, instructor, or lead teacher",(1) White Only,(5) Some college credit but no degree,1991,6,28,Between 20 and 40,Between $11 and $20
8.5,"(2) Teacher, instructor, or lead teacher",(2) Black or African American Only,(4) High school graduate,1994,7,25,Between 20 and 40,Less than $10
23,"(2) Teacher, instructor, or lead teacher",(1) White Only,"(7) Bachelor's degree (BA, BS, AB)",1960,1,59,More than 51,Between $21 and $30
11,(1) Aide or assistant teacher,NA,(4) High school graduate,1978,2,41,Between 41 and 50,Between $11 and $20
10,"(2) Teacher, instructor, or lead teacher",(2) Black or African American Only,(5) Some college credit but no degree,1976,4,43,Between 41 and 50,Less than $10
15.85,"(2) Teacher, instructor, or lead teacher",(3) Asian Only,"(6) Associate degree (AA, AS)",1979,7,40,Between 20 and 40,Between $11 and $20
63.33333333334,"(2) Teacher, instructor, or lead teacher",(1) White Only,(8) Graduate or professional degree,1971,9,48,Between 41 and 50,More than $31
18.01801801802,(1) Aide or assistant teacher,(1) White Only,(5) Some college credit but no degree,1984,0,35,Between 20 and 40,Between $11 and $20
NA,(1) Aide or assistant teacher,(1) White Only,"(6) Associate degree (AA, AS)",1969,3,50,Between 41 and 50,NA
21.54882154883,"(2) Teacher, instructor, or lead teacher",(1) White Only,"(7) Bachelor's degree (BA, BS, AB)",1981,4,38,Between 20 and 40,Between $21 and $30
11.25,"(2) Teacher, instructor, or lead teacher",(2) Black or African American Only,(5) Some college credit but no degree,1986,3,33,Between 20 and 40,Between $11 and $20
13.13,"(2) Teacher, instructor, or lead teacher",(1) White Only,(3) GED or high school equivalency,1963,0,56,More than 51,Between $11 and $20
11.11111111112,(1) Aide or assistant teacher,(1) White Only,"(7) Bachelor's degree (BA, BS, AB)",1971,0,48,Between 41 and 50,Between $11 and $20
17.5,(1) Aide or assistant teacher,(1) White Only,"(7) Bachelor's degree (BA, BS, AB)",1987,1,32,Between 20 and 40,Between $11 and $20
10,(1) Aide or assistant teacher,(2) Black or African American Only,(4) High school graduate,1995,0,24,Between 20 and 40,Less than $10
12.5,"(2) Teacher, instructor, or lead teacher",NA,"(6) Associate degree (AA, AS)",1979,4,40,Between 20 and 40,Between $11 and $20
13,(1) Aide or assistant teacher,(2) Black or African American Only,"(6) Associate degree (AA, AS)",1989,2,30,Between 20 and 40,Between $11 and $20
11,"(2) Teacher, instructor, or lead teacher",(1) White Only,"(6) Associate degree (AA, AS)",1987,0,32,Between 20 and 40,Between $11 and $20
8.5,"(2) Teacher, instructor, or lead teacher",NA,(4) High school graduate,1972,0,47,Between 41 and 50,Less than $10
38.21428571429,(1) Aide or assistant teacher,(1) White Only,"(7) Bachelor's degree (BA, BS, AB)",1984,3,35,Between 20 and 40,More than $31
10,(1) Aide or assistant teacher,(1) White Only,"(6) Associate degree (AA, AS)",1992,3,27,Between 20 and 40,Less than $10
18,"(2) Teacher, instructor, or lead teacher",(3) Asian Only,"(6) Associate degree (AA, AS)",1975,5,44,Between 41 and 50,Between $11 and $20
NA,NA,NA,NA,NA,NA,NA,NA,NA
8,"(2) Teacher, instructor, or lead teacher",(1) White Only,(4) High school graduate,1992,4,27,Between 20 and 40,Less than $10
20,"(2) Teacher, instructor, or lead teacher",(1) White Only,"(7) Bachelor's degree (BA, BS, AB)",1968,3,51,More than 51,Between $11 and $20
31.25,"(2) Teacher, instructor, or lead teacher",(1) White Only,(8) Graduate or professional degree,1981,6,38,Between 20 and 40,More than $31
11,"(2) Teacher, instructor, or lead teacher",(1) White Only,(4) High school graduate,1993,3,26,Between 20 and 40,Between $11 and $20
16,"(2) Teacher, instructor, or lead teacher",(2) Black or African American Only,"(7) Bachelor's degree (BA, BS, AB)",1950,0,69,More than 51,Between $11 and $20
NA,NA,NA,NA,NA,NA,NA,NA,NA
21.53846153847,(1) Aide or assistant teacher,(1) White Only,(8) Graduate or professional degree,1962,0,57,More than 51,Between $21 and $30
13.84615384616,"(2) Teacher, instructor, or lead teacher",(1) White Only,"(6) Associate degree (AA, AS)",1958,3,61,More than 51,Between $11 and $20
8,"(2) Teacher, instructor, or lead teacher",(1) White Only,(4) High school graduate,1998,0,21,Between 20 and 40,Less than $10
14.80051480052,"(2) Teacher, instructor, or lead teacher",(1) White Only,(5) Some college credit but no degree,1971,4,48,Between 41 and 50,Between $11 and $20
12.73,(1) Aide or assistant teacher,(1) White Only,(8) Graduate or professional degree,1977,7,42,Between 41 and 50,Between $11 and $20
8.25,"(2) Teacher, instructor, or lead teacher",(1) White Only,(4) High school graduate,1989,3,30,Between 20 and 40,Less than $10
NA,(1) Aide or assistant teacher,NA,"(7) Bachelor's degree (BA, BS, AB)",NA,NA,NA,NA,NA
NA,NA,NA,NA,NA,NA,NA,NA,NA
11.25,"(2) Teacher, instructor, or lead teacher",(1) White Only,(5) Some college credit but no degree,1995,3,24,Between 20 and 40,Between $11 and $20
15.9,"(2) Teacher, instructor, or lead teacher",(1) White Only,"(7) Bachelor's degree (BA, BS, AB)",1958,0,61,More than 51,Between $11 and $20
NA,NA,NA,NA,NA,NA,NA,NA,NA
NA,NA,NA,NA,NA,NA,NA,NA,NA
15,"(2) Teacher, instructor, or lead teacher",(8) Other,"(6) Associate degree (AA, AS)",1996,4,23,Between 20 and 40,Between $11 and $20
8.5,"(2) Teacher, instructor, or lead teacher",(2) Black or African American Only,"(7) Bachelor's degree (BA, BS, AB)",1993,0,26,Between 20 and 40,Less than $10
14,(1) Aide or assistant teacher,(1) White Only,"(7) Bachelor's degree (BA, BS, AB)",1970,0,49,Between 41 and 50,Between $11 and $20
17,"(2) Teacher, instructor, or lead teacher",(8) Other,(5) Some college credit but no degree,1963,0,56,More than 51,Between $11 and $20
10.25,(1) Aide or assistant teacher,(1) White Only,(5) Some college credit but no degree,1995,2,24,Between 20 and 40,NA
12,"(2) Teacher, instructor, or lead teacher",(8) Other,(5) Some college credit but no degree,1977,3.5,42,Between 41 and 50,Between $11 and $20
NA,NA,NA,NA,NA,NA,NA,NA,NA
12.12121212122,(1) Aide or assistant teacher,(1) White Only,(5) Some college credit but no degree,1982,0,37,Between 20 and 40,Between $11 and $20
52.08333333334,"(2) Teacher, instructor, or lead teacher",(1) White Only,(8) Graduate or professional degree,1977,7,42,Between 41 and 50,More than $31
17,(1) Aide or assistant teacher,NA,"(7) Bachelor's degree (BA, BS, AB)",1969,0,50,Between 41 and 50,Between $11 and $20
10.83333333334,"(2) Teacher, instructor, or lead teacher",(2) Black or African American Only,"(7) Bachelor's degree (BA, BS, AB)",1958,3,61,More than 51,NA
29.16666666667,(1) Aide or assistant teacher,(1) White Only,(8) Graduate or professional degree,1963,4,56,More than 51,Between $21 and $30
10.75,(1) Aide or assistant teacher,(1) White Only,"(6) Associate degree (AA, AS)",1995,5,24,Between 20 and 40,NA
14,"(2) Teacher, instructor, or lead teacher",(3) Asian Only,(8) Graduate or professional degree,1977,0,42,Between 41 and 50,Between $11 and $20
6.25,"(2) Teacher, instructor, or lead teacher",(1) White Only,(1) Less than High School,1988,5,31,Between 20 and 40,Less than $10
11,"(2) Teacher, instructor, or lead teacher",NA,(4) High school graduate,NA,NA,NA,NA,Between $11 and $20
5.625,(1) Aide or assistant teacher,(2) Black or African American Only,(5) Some college credit but no degree,1983,5,36,Between 20 and 40,Less than $10
NA,NA,NA,NA,NA,NA,NA,NA,NA
54.9575,"(2) Teacher, instructor, or lead teacher",(3) Asian Only,"(7) Bachelor's degree (BA, BS, AB)",1963,3,56,More than 51,More than $31
NA,NA,NA,NA,NA,NA,NA,NA,NA
15,(1) Aide or assistant teacher,(2) Black or African American Only,(4) High school graduate,1984,0,35,Between 20 and 40,Between $11 and $20
14.35897435898,(1) Aide or assistant teacher,(1) White Only,"(7) Bachelor's degree (BA, BS, AB)",1969,0,50,Between 41 and 50,Between $11 and $20
19.23076923077,"(2) Teacher, instructor, or lead teacher",NA,(8) Graduate or professional degree,NA,2,NA,NA,Between $11 and $20
21.33333333334,"(2) Teacher, instructor, or lead teacher",NA,(3) GED or high school equivalency,1964,0,55,More than 51,Between $21 and $30
33.33333333334,"(2) Teacher, instructor, or lead teacher",(1) White Only,"(7) Bachelor's degree (BA, BS, AB)",1983,2,36,Between 20 and 40,More than $31
8.24,"(2) Teacher, instructor, or lead teacher",(1) White Only,(4) High school graduate,1981,2,38,Between 20 and 40,Less than $10
13.24324324325,"(2) Teacher, instructor, or lead teacher",NA,(5) Some college credit but no degree,1963,5,56,More than 51,Between $11 and $20
9,"(2) Teacher, instructor, or lead teacher",(2) Black or African American Only,"(6) Associate degree (AA, AS)",1982,0,37,Between 20 and 40,Less than $10
12.26666666667,"(2) Teacher, instructor, or lead teacher",(1) White Only,(3) GED or high school equivalency,1988,3,31,Between 20 and 40,Between $11 and $20
NA,NA,NA,NA,NA,NA,NA,NA,NA
NA,NA,NA,NA,NA,NA,NA,NA,NA
12,"(2) Teacher, instructor, or lead teacher",(1) White Only,"(6) Associate degree (AA, AS)",1993,0,26,Between 20 and 40,Between $11 and $20
16,"(2) Teacher, instructor, or lead teacher",(2) Black or African American Only,(5) Some college credit but no degree,1961,6,58,More than 51,Between $11 and $20
9,(1) Aide or assistant teacher,(2) Black or African American Only,(5) Some college credit but no degree,1950,2,69,More than 51,Less than $10
14.96,(1) Aide or assistant teacher,(1) White Only,"(7) Bachelor's degree (BA, BS, AB)",1972,0,47,Between 41 and 50,Between $11 and $20
13.32,(1) Aide or assistant teacher,NA,(5) Some college credit but no degree,1998,0,21,Between 20 and 40,Between $11 and $20
12,(1) Aide or assistant teacher,(1) White Only,"(7) Bachelor's degree (BA, BS, AB)",1981,0,38,Between 20 and 40,Between $11 and $20
13.5,"(2) Teacher, instructor, or lead teacher",(1) White Only,"(6) Associate degree (AA, AS)",1950,8,69,More than 51,Between $11 and $20
20,(1) Aide or assistant teacher,(8) Other,(5) Some college credit but no degree,NA,0,NA,NA,Between $11 and $20
10.76,"(2) Teacher, instructor, or lead teacher",(1) White Only,(4) High school graduate,1975,0,44,Between 41 and 50,NA
12.24,(1) Aide or assistant teacher,(1) White Only,(5) Some college credit but no degree,1961,3,58,More than 51,Between $11 and $20
11.375,(1) Aide or assistant teacher,(1) White Only,"(6) Associate degree (AA, AS)",1988,3,31,Between 20 and 40,Between $11 and $20
NA,(1) Aide or assistant teacher,(2) Black or African American Only,(1) Less than High School,1950,0,69,More than 51,NA
5.95178571429,"(2) Teacher, instructor, or lead teacher",(8) Other,(8) Graduate or professional degree,1950,2,69,More than 51,Less than $10
10.30000000001,"(2) Teacher, instructor, or lead teacher",(2) Black or African American Only,(4) High school graduate,1978,0,41,Between 41 and 50,NA
NA,NA,NA,NA,NA,NA,NA,NA,NA
8.95833333334,"(2) Teacher, instructor, or lead teacher",(1) White Only,"(7) Bachelor's degree (BA, BS, AB)",1958,3,61,More than 51,Less than $10
10,(1) Aide or assistant teacher,(2) Black or African American Only,(5) Some college credit but no degree,1988,4,31,Between 20 and 40,Less than $10
NA,NA,NA,NA,NA,NA,NA,NA,NA
NA,"(2) Teacher, instructor, or lead teacher",(1) White Only,"(6) Associate degree (AA, AS)",1980,NA,39,Between 20 and 40,NA
NA,NA,NA,NA,NA,NA,NA,NA,NA
15,(1) Aide or assistant teacher,NA,(4) High school graduate,1973,0,46,Between 41 and 50,Between $11 and $20
11.5,"(2) Teacher, instructor, or lead teacher",(8) Other,(5) Some college credit but no degree,1995,1,24,Between 20 and 40,Between $11 and $20
12,(1) Aide or assistant teacher,(1) White Only,(5) Some college credit but no degree,1966,2,53,More than 51,Between $11 and $20
24.01315789474,"(2) Teacher, instructor, or lead teacher",(1) White Only,"(7) Bachelor's degree (BA, BS, AB)",1995,2,24,Between 20 and 40,Between $21 and $30
17,"(2) Teacher, instructor, or lead teacher",(1) White Only,(5) Some college credit but no degree,NA,0,NA,NA,Between $11 and $20
12.75510204082,(1) Aide or assistant teacher,(1) White Only,"(6) Associate degree (AA, AS)",1998,4,21,Between 20 and 40,Between $11 and $20
9.79591836735,"(2) Teacher, instructor, or lead teacher",NA,"(7) Bachelor's degree (BA, BS, AB)",1964,3,55,More than 51,Less than $10
10.5,"(2) Teacher, instructor, or lead teacher",(1) White Only,(4) High school graduate,1991,0,28,Between 20 and 40,NA
17.2625,"(2) Teacher, instructor, or lead teacher",(1) White Only,"(6) Associate degree (AA, AS)",1993,0,26,Between 20 and 40,Between $11 and $20
NA,"(2) Teacher, instructor, or lead teacher",(1) White Only,(5) Some college credit but no degree,NA,0,NA,NA,NA
7.85714285715,"(2) Teacher, instructor, or lead teacher",(2) Black or African American Only,(3) GED or high school equivalency,1969,2,50,Between 41 and 50,Less than $10
NA,NA,NA,NA,NA,NA,NA,NA,NA
14,"(2) Teacher, instructor, or lead teacher",(1) White Only,"(7) Bachelor's degree (BA, BS, AB)",1977,2,42,Between 41 and 50,Between $11 and $20
7.25,"(2) Teacher, instructor, or lead teacher",(2) Black or African American Only,(1) Less than High School,1974,2,45,Between 41 and 50,Less than $10
17,(1) Aide or assistant teacher,(1) White Only,(5) Some college credit but no degree,1979,4,40,Between 20 and 40,Between $11 and $20
10,(1) Aide or assistant teacher,NA,(4) High school graduate,1969,0,50,Between 41 and 50,Less than $10
15,"(2) Teacher, instructor, or lead teacher",(1) White Only,"(7) Bachelor's degree (BA, BS, AB)",1973,1,46,Between 41 and 50,Between $11 and $20
12.42857142858,"(2) Teacher, instructor, or lead teacher",(8) Other,"(7) Bachelor's degree (BA, BS, AB)",1992,2,27,Between 20 and 40,Between $11 and $20
58.33333333334,"(2) Teacher, instructor, or lead teacher",(1) White Only,"(6) Associate degree (AA, AS)",1995,8,24,Between 20 and 40,More than $31
17.14285714286,"(2) Teacher, instructor, or lead teacher",(1) White Only,"(7) Bachelor's degree (BA, BS, AB)",1978,NA,41,Between 41 and 50,Between $11 and $20
10,"(2) Teacher, instructor, or lead teacher",(8) Other,(4) High school graduate,1994,0,25,Between 20 and 40,Less than $10
13.65,"(2) Teacher, instructor, or lead teacher",(1) White Only,(1) Less than High School,1950,0,69,More than 51,Between $11 and $20
NA,"(2) Teacher, instructor, or lead teacher",(2) Black or African American Only,(5) Some college credit but no degree,1980,0,39,Between 20 and 40,NA
7.75,"(2) Teacher, instructor, or lead teacher",(1) White Only,"(7) Bachelor's degree (BA, BS, AB)",1989,0,30,Between 20 and 40,Less than $10
18.5,(1) Aide or assistant teacher,(3) Asian Only,"(7) Bachelor's degree (BA, BS, AB)",1974,5,45,Between 41 and 50,Between $11 and $20
10.6,"(2) Teacher, instructor, or lead teacher",(1) White Only,(4) High school graduate,1973,6,46,Between 41 and 50,NA
8.75675675676,"(2) Teacher, instructor, or lead teacher",(1) White Only,"(7) Bachelor's degree (BA, BS, AB)",1978,1,41,Between 41 and 50,Less than $10
11.5,"(2) Teacher, instructor, or lead teacher",(2) Black or African American Only,"(6) Associate degree (AA, AS)",1976,3,43,Between 41 and 50,Between $11 and $20
12.625,"(2) Teacher, instructor, or lead teacher",(8) Other,(5) Some college credit but no degree,1992,0,27,Between 20 and 40,Between $11 and $20
NA,"(2) Teacher, instructor, or lead teacher",NA,(5) Some college credit but no degree,1950,5.833333333333,69,More than 51,NA
12,"(2) Teacher, instructor, or lead teacher",(2) Black or African American Only,"(6) Associate degree (AA, AS)",1974,5,45,Between 41 and 50,Between $11 and $20
8,(1) Aide or assistant teacher,(2) Black or African American Only,(5) Some college credit but no degree,1998,2,21,Between 20 and 40,Less than $10
14.5,"(2) Teacher, instructor, or lead teacher",(3) Asian Only,"(7) Bachelor's degree (BA, BS, AB)",1960,0,59,More than 51,Between $11 and $20
17.307692307699998,"(2) Teacher, instructor, or lead teacher",(1) White Only,"(6) Associate degree (AA, AS)",1987,0,32,Between 20 and 40,Between $11 and $20
9,"(2) Teacher, instructor, or lead teacher",NA,(3) GED or high school equivalency,1965,4,54,More than 51,Less than $10
9.1,"(2) Teacher, instructor, or lead teacher",(1) White Only,(4) High school graduate,1950,0,69,More than 51,Less than $10
9,"(2) Teacher, instructor, or lead teacher",(2) Black or African American Only,(5) Some college credit but no degree,1992,2,27,Between 20 and 40,Less than $10
27,"(2) Teacher, instructor, or lead teacher",(1) White Only,"(6) Associate degree (AA, AS)",1969,0,50,Between 41 and 50,Between $21 and $30
25,(1) Aide or assistant teacher,(8) Other,(5) Some college credit but no degree,1969,1,50,Between 41 and 50,Between $21 and $30
25,"(2) Teacher, instructor, or lead teacher",(1) White Only,(8) Graduate or professional degree,1958,0,61,More than 51,Between $21 and $30
12,"(2) Teacher, instructor, or lead teacher",(1) White Only,(5) Some college credit but no degree,1998,0,21,Between 20 and 40,Between $11 and $20
11,(1) Aide or assistant teacher,(1) White Only,(4) High school graduate,1962,0,57,More than 51,Between $11 and $20
13.5,(1) Aide or assistant teacher,(1) White Only,(5) Some college credit but no degree,1995,4,24,Between 20 and 40,Between $11 and $20
18,"(2) Teacher, instructor, or lead teacher",(1) White Only,(5) Some college credit but no degree,1986,1,33,Between 20 and 40,Between $11 and $20
10,(1) Aide or assistant teacher,(1) White Only,(1) Less than High School,1991,0,28,Between 20 and 40,Less than $10
26.14379084968,"(2) Teacher, instructor, or lead teacher",NA,"(6) Associate degree (AA, AS)",1972,0,47,Between 41 and 50,Between $21 and $30
11.875,"(2) Teacher, instructor, or lead teacher",(2) Black or African American Only,(5) Some college credit but no degree,1991,1,28,Between 20 and 40,Between $11 and $20
NA,NA,NA,NA,NA,NA,NA,NA,NA
14,(1) Aide or assistant teacher,(1) White Only,(5) Some college credit but no degree,1979,0,40,Between 20 and 40,Between $11 and $20
15,"(2) Teacher, instructor, or lead teacher",NA,"(7) Bachelor's degree (BA, BS, AB)",1971,0,48,Between 41 and 50,Between $11 and $20
2.10409745294,"(2) Teacher, instructor, or lead teacher",(1) White Only,(8) Graduate or professional degree,1958,0,61,More than 51,Less than $10
NA,"(2) Teacher, instructor, or lead teacher",(2) Black or African American Only,"(6) Associate degree (AA, AS)",1962,3,57,More than 51,NA
NA,NA,NA,NA,NA,NA,NA,NA,NA
12.25,(1) Aide or assistant teacher,(1) White Only,(5) Some college credit but no degree,1989,4,30,Between 20 and 40,Between $11 and $20
17.38,(1) Aide or assistant teacher,(3) Asian Only,"(7) Bachelor's degree (BA, BS, AB)",1991,1,28,Between 20 and 40,Between $11 and $20
NA,"(2) Teacher, instructor, or lead teacher",(2) Black or African American Only,(5) Some college credit but no degree,1981,0,38,Between 20 and 40,NA
12.5,"(2) Teacher, instructor, or lead teacher",(8) Other,(5) Some college credit but no degree,1998,0,21,Between 20 and 40,Between $11 and $20
7,(1) Aide or assistant teacher,NA,(5) Some college credit but no degree,1950,4.666666666667,69,More than 51,Less than $10
NA,"(2) Teacher, instructor, or lead teacher",(1) White Only,(8) Graduate or professional degree,NA,0,NA,NA,NA
26.54761904762,"(2) Teacher, instructor, or lead teacher",(1) White Only,"(7) Bachelor's degree (BA, BS, AB)",1958,0,61,More than 51,Between $21 and $30
16.9,"(2) Teacher, instructor, or lead teacher",(1) White Only,(8) Graduate or professional degree,1979,0,40,Between 20 and 40,Between $11 and $20
14.68085106383,(1) Aide or assistant teacher,(2) Black or African American Only,(5) Some college credit but no degree,1973,3,46,Between 41 and 50,Between $11 and $20
8.75,(1) Aide or assistant teacher,(1) White Only,(5) Some college credit but no degree,1971,4,48,Between 41 and 50,Less than $10
12,"(2) Teacher, instructor, or lead teacher",(8) Other,(5) Some college credit but no degree,1998,5,21,Between 20 and 40,Between $11 and $20
10,"(2) Teacher, instructor, or lead teacher",(2) Black or African American Only,(3) GED or high school equivalency,1950,7,69,More than 51,Less than $10
15,(1) Aide or assistant teacher,(1) White Only,(4) High school graduate,1978,0,41,Between 41 and 50,Between $11 and $20
NA,NA,NA,NA,NA,NA,NA,NA,NA
12.5,(1) Aide or assistant teacher,NA,(5) Some college credit but no degree,1976,0,43,Between 41 and 50,Between $11 and $20
30.0925925926,"(2) Teacher, instructor, or lead teacher",(1) White Only,(8) Graduate or professional degree,1967,0,52,More than 51,NA
NA,NA,NA,NA,NA,NA,NA,NA,NA
14.9,(1) Aide or assistant teacher,(1) White Only,"(6) Associate degree (AA, AS)",1998,0,21,Between 20 and 40,Between $11 and $20
9,(1) Aide or assistant teacher,(2) Black or African American Only,(5) Some college credit but no degree,1986,4,33,Between 20 and 40,Less than $10
28.37837837838,(1) Aide or assistant teacher,(1) White Only,"(7) Bachelor's degree (BA, BS, AB)",1971,0,48,Between 41 and 50,Between $21 and $30
NA,"(2) Teacher, instructor, or lead teacher",(1) White Only,(4) High school graduate,1965,0,54,More than 51,NA
9.9,"(2) Teacher, instructor, or lead teacher",(1) White Only,(3) GED or high school equivalency,1996,0,23,Between 20 and 40,Less than $10
15.91,(1) Aide or assistant teacher,(1) White Only,(4) High school graduate,1950,0,69,More than 51,Between $11 and $20
12,(1) Aide or assistant teacher,(1) White Only,(5) Some college credit but no degree,1979,2,40,Between 20 and 40,Between $11 and $20
15.34391534392,"(2) Teacher, instructor, or lead teacher",(1) White Only,(5) Some college credit but no degree,1964,0,55,More than 51,Between $11 and $20
12,"(2) Teacher, instructor, or lead teacher",(1) White Only,(4) High school graduate,1994,4,25,Between 20 and 40,Between $11 and $20
14,"(2) Teacher, instructor, or lead teacher",(2) Black or African American Only,(5) Some college credit but no degree,1981,0,38,Between 20 and 40,Between $11 and $20
11.5,"(2) Teacher, instructor, or lead teacher",(1) White Only,(4) High school graduate,1971,1,48,Between 41 and 50,Between $11 and $20
9.30000000001,"(2) Teacher, instructor, or lead teacher",(1) White Only,(4) High school graduate,1998,5,21,Between 20 and 40,Less than $10
13.25,(1) Aide or assistant teacher,(8) Other,(5) Some college credit but no degree,1993,10,26,Between 20 and 40,Between $11 and $20
10.5,"(2) Teacher, instructor, or lead teacher",(1) White Only,(4) High school graduate,1983,1,36,Between 20 and 40,NA
15,(1) Aide or assistant teacher,(2) Black or African American Only,(8) Graduate or professional degree,1988,0,31,Between 20 and 40,Between $11 and $20
17.5,"(2) Teacher, instructor, or lead teacher",(2) Black or African American Only,"(7) Bachelor's degree (BA, BS, AB)",1996,10,23,Between 20 and 40,Between $11 and $20
19,"(2) Teacher, instructor, or lead teacher",NA,"(7) Bachelor's degree (BA, BS, AB)",1987,2,32,Between 20 and 40,Between $11 and $20
13.5,"(2) Teacher, instructor, or lead teacher",(1) White Only,"(7) Bachelor's degree (BA, BS, AB)",1991,1,28,Between 20 and 40,Between $11 and $20
16.66666666667,(1) Aide or assistant teacher,(1) White Only,(5) Some college credit but no degree,1966,3,53,More than 51,Between $11 and $20
8.2,"(2) Teacher, instructor, or lead teacher",(1) White Only,(4) High school graduate,1991,0,28,Between 20 and 40,Less than $10
10.18518518519,(1) Aide or assistant teacher,(1) White Only,(5) Some college credit but no degree,1998,4,21,Between 20 and 40,NA
11.97,"(2) Teacher, instructor, or lead teacher",(1) White Only,"(6) Associate degree (AA, AS)",1950,0,69,More than 51,Between $11 and $20
10.625,(1) Aide or assistant teacher,(2) Black or African American Only,(5) Some college credit but no degree,1998,10,21,Between 20 and 40,NA
10.4,"(2) Teacher, instructor, or lead teacher",(1) White Only,(5) Some college credit but no degree,1996,0,23,Between 20 and 40,NA
NA,"(2) Teacher, instructor, or lead teacher",(1) White Only,"(7) Bachelor's degree (BA, BS, AB)",1984,0,35,Between 20 and 40,NA
NA,(1) Aide or assistant teacher,(1) White Only,"(7) Bachelor's degree (BA, BS, AB)",1950,0,69,More than 51,NA
18.33333333334,"(2) Teacher, instructor, or lead teacher",(1) White Only,"(7) Bachelor's degree (BA, BS, AB)",1958,0,61,More than 51,Between $11 and $20
11.29277777778,"(2) Teacher, instructor, or lead teacher",(1) White Only,(4) High school graduate,1987,3.5,32,Between 20 and 40,Between $11 and $20
7.55,"(2) Teacher, instructor, or lead teacher",(2) Black or African American Only,(5) Some college credit but no degree,1994,5,25,Between 20 and 40,Less than $10
11,(1) Aide or assistant teacher,(1) White Only,(5) Some college credit but no degree,1983,10,36,Between 20 and 40,Between $11 and $20
11.25,(1) Aide or assistant teacher,(8) Other,(4) High school graduate,1998,18,21,Between 20 and 40,Between $11 and $20
NA,"(2) Teacher, instructor, or lead teacher",(1) White Only,(8) Graduate or professional degree,1950,0,69,More than 51,NA
NA,NA,NA,NA,NA,NA,NA,NA,NA
11.25,"(2) Teacher, instructor, or lead teacher",(8) Other,"(6) Associate degree (AA, AS)",1958,4,61,More than 51,Between $11 and $20
14.48,"(2) Teacher, instructor, or lead teacher",(1) White Only,"(7) Bachelor's degree (BA, BS, AB)",1964,0,55,More than 51,Between $11 and $20
7.5,(1) Aide or assistant teacher,(8) Other,(3) GED or high school equivalency,1998,1,21,Between 20 and 40,Less than $10
8.75,"(2) Teacher, instructor, or lead teacher",(2) Black or African American Only,(3) GED or high school equivalency,1958,1,61,More than 51,Less than $10
2.08333333333,"(2) Teacher, instructor, or lead teacher",(1) White Only,(8) Graduate or professional degree,1950,5,69,More than 51,Less than $10
NA,NA,NA,NA,NA,NA,NA,NA,NA
9,(1) Aide or assistant teacher,(1) White Only,(5) Some college credit but no degree,1998,0,21,Between 20 and 40,Less than $10
13,"(2) Teacher, instructor, or lead teacher",(1) White Only,"(7) Bachelor's degree (BA, BS, AB)",1970,1,49,Between 41 and 50,Between $11 and $20
15,"(2) Teacher, instructor, or lead teacher",(1) White Only,"(6) Associate degree (AA, AS)",1993,0,26,Between 20 and 40,Between $11 and $20
11,"(2) Teacher, instructor, or lead teacher",(1) White Only,"(6) Associate degree (AA, AS)",1981,0,38,Between 20 and 40,Between $11 and $20
8.35,"(2) Teacher, instructor, or lead teacher",(2) Black or African American Only,"(6) Associate degree (AA, AS)",1963,0,56,More than 51,Less than $10
26.44230769231,"(2) Teacher, instructor, or lead teacher",(1) White Only,"(7) Bachelor's degree (BA, BS, AB)",1965,2,54,More than 51,Between $21 and $30
9,(1) Aide or assistant teacher,(2) Black or African American Only,(4) High school graduate,1963,2,56,More than 51,Less than $10
9,"(2) Teacher, instructor, or lead teacher",(8) Other,"(6) Associate degree (AA, AS)",1990,5,29,Between 20 and 40,Less than $10
14,"(2) Teacher, instructor, or lead teacher",(1) White Only,(5) Some college credit but no degree,1963,2,56,More than 51,Between $11 and $20
NA,"(2) Teacher, instructor, or lead teacher",(1) White Only,(5) Some college credit but no degree,1984,0,35,Between 20 and 40,NA
NA,NA,NA,NA,NA,NA,NA,NA,NA
18.82,"(2) Teacher, instructor, or lead teacher",(2) Black or African American Only,"(6) Associate degree (AA, AS)",1966,3,53,More than 51,Between $11 and $20
17.5,"(2) Teacher, instructor, or lead teacher",(2) Black or African American Only,"(6) Associate degree (AA, AS)",1979,0,40,Between 20 and 40,Between $11 and $20
5.61034615385,"(2) Teacher, instructor, or lead teacher",(1) White Only,(1) Less than High School,1985,3,34,Between 20 and 40,Less than $10
16,"(2) Teacher, instructor, or lead teacher",NA,(5) Some college credit but no degree,1993,0,26,Between 20 and 40,Between $11 and $20
11,"(2) Teacher, instructor, or lead teacher",(1) White Only,(4) High school graduate,1978,8,41,Between 41 and 50,Between $11 and $20
13.25,(1) Aide or assistant teacher,(1) White Only,(5) Some college credit but no degree,1992,10,27,Between 20 and 40,Between $11 and $20
NA,"(2) Teacher, instructor, or lead teacher",(2) Black or African American Only,"(7) Bachelor's degree (BA, BS, AB)",NA,0,NA,NA,NA
NA,NA,NA,NA,NA,NA,NA,NA,NA
13.33333333334,"(2) Teacher, instructor, or lead teacher",(1) White Only,(4) High school graduate,1998,5,21,Between 20 and 40,Between $11 and $20
NA,"(2) Teacher, instructor, or lead teacher",(1) White Only,"(7) Bachelor's degree (BA, BS, AB)",1969,0,50,Between 41 and 50,NA
NA,"(2) Teacher, instructor, or lead teacher",(1) White Only,(5) Some college credit but no degree,NA,3,NA,NA,NA
NA,"(2) Teacher, instructor, or lead teacher",NA,(5) Some college credit but no degree,NA,NA,NA,NA,NA
8.75,"(2) Teacher, instructor, or lead teacher",(2) Black or African American Only,(4) High school graduate,1998,3,21,Between 20 and 40,Less than $10
13,"(2) Teacher, instructor, or lead teacher",(1) White Only,"(7) Bachelor's degree (BA, BS, AB)",1985,2,34,Between 20 and 40,Between $11 and $20
33.57142857143,"(2) Teacher, instructor, or lead teacher",(2) Black or African American Only,(8) Graduate or professional degree,1980,2,39,Between 20 and 40,More than $31
18.51851851852,"(2) Teacher, instructor, or lead teacher",(1) White Only,"(7) Bachelor's degree (BA, BS, AB)",1975,2,44,Between 41 and 50,Between $11 and $20
12,(1) Aide or assistant teacher,NA,(5) Some college credit but no degree,1975,3,44,Between 41 and 50,Between $11 and $20
12,"(2) Teacher, instructor, or lead teacher",(2) Black or African American Only,(5) Some college credit but no degree,1965,NA,54,More than 51,Between $11 and $20
12,"(2) Teacher, instructor, or lead teacher",(8) Other,(4) High school graduate,1988,6,31,Between 20 and 40,Between $11 and $20
9,"(2) Teacher, instructor, or lead teacher",(2) Black or African American Only,(5) Some college credit but no degree,1998,3,21,Between 20 and 40,Less than $10
13.5,(1) Aide or assistant teacher,(2) Black or African American Only,"(7) Bachelor's degree (BA, BS, AB)",1990,0,29,Between 20 and 40,Between $11 and $20
31.25,"(2) Teacher, instructor, or lead teacher",(2) Black or African American Only,"(7) Bachelor's degree (BA, BS, AB)",1991,6,28,Between 20 and 40,More than $31
22.82857142858,(1) Aide or assistant teacher,(2) Black or African American Only,"(6) Associate degree (AA, AS)",1976,0,43,Between 41 and 50,Between $21 and $30
11,(1) Aide or assistant teacher,(1) White Only,(5) Some college credit but no degree,1991,13,28,Between 20 and 40,Between $11 and $20
NA,NA,NA,NA,NA,NA,NA,NA,NA
26.11111111112,"(2) Teacher, instructor, or lead teacher",(1) White Only,(8) Graduate or professional degree,1984,1,35,Between 20 and 40,Between $21 and $30
13.5,"(2) Teacher, instructor, or lead teacher",NA,(5) Some college credit but no degree,NA,NA,NA,NA,Between $11 and $20
18.02,"(2) Teacher, instructor, or lead teacher",(2) Black or African American Only,"(7) Bachelor's degree (BA, BS, AB)",1993,6,26,Between 20 and 40,Between $11 and $20
11.90476190477,"(2) Teacher, instructor, or lead teacher",(1) White Only,"(6) Associate degree (AA, AS)",1973,2,46,Between 41 and 50,Between $11 and $20
12.21,(1) Aide or assistant teacher,NA,(5) Some college credit but no degree,1987,3,32,Between 20 and 40,Between $11 and $20
7.17703349283,"(2) Teacher, instructor, or lead teacher",NA,(5) Some college credit but no degree,1983,NA,36,Between 20 and 40,Less than $10
10.8125,"(2) Teacher, instructor, or lead teacher",(1) White Only,"(6) Associate degree (AA, AS)",1993,6,26,Between 20 and 40,NA
18,"(2) Teacher, instructor, or lead teacher",(3) Asian Only,"(6) Associate degree (AA, AS)",1995,3,24,Between 20 and 40,Between $11 and $20
10,(1) Aide or assistant teacher,(1) White Only,(4) High school graduate,1968,0,51,More than 51,Less than $10
19.95,(1) Aide or assistant teacher,NA,(5) Some college credit but no degree,1979,3,40,Between 20 and 40,Between $11 and $20
13,"(2) Teacher, instructor, or lead teacher",(1) White Only,(4) High school graduate,1985,0,34,Between 20 and 40,Between $11 and $20
12.5,(1) Aide or assistant teacher,(1) White Only,(4) High school graduate,1985,0,34,Between 20 and 40,Between $11 and $20
9.1,(1) Aide or assistant teacher,(1) White Only,(4) High school graduate,1998,3,21,Between 20 and 40,Less than $10
NA,NA,NA,NA,NA,NA,NA,NA,NA
12,(1) Aide or assistant teacher,NA,"(6) Associate degree (AA, AS)",1995,0,24,Between 20 and 40,Between $11 and $20
NA,NA,NA,NA,NA,NA,NA,NA,NA
10.85714285715,"(2) Teacher, instructor, or lead teacher",(1) White Only,(4) High school graduate,1988,0,31,Between 20 and 40,NA
30.55555555556,"(2) Teacher, instructor, or lead teacher",(1) White Only,"(7) Bachelor's degree (BA, BS, AB)",1977,2,42,Between 41 and 50,NA
12,(1) Aide or assistant teacher,(1) White Only,(4) High school graduate,1987,2,32,Between 20 and 40,Between $11 and $20
10,"(2) Teacher, instructor, or lead teacher",(1) White Only,(5) Some college credit but no degree,1998,3,21,Between 20 and 40,Less than $10
7,(1) Aide or assistant teacher,(1) White Only,(5) Some college credit but no degree,1998,8,21,Between 20 and 40,Less than $10
14.39,(1) Aide or assistant teacher,(2) Black or African American Only,"(6) Associate degree (AA, AS)",1958,2,61,More than 51,Between $11 and $20
24.78048780488,"(2) Teacher, instructor, or lead teacher",(2) Black or African American Only,"(6) Associate degree (AA, AS)",1987,4,32,Between 20 and 40,Between $21 and $30
13,"(2) Teacher, instructor, or lead teacher",(1) White Only,(4) High school graduate,1967,0,52,More than 51,Between $11 and $20
33.15789473685,"(2) Teacher, instructor, or lead teacher",(3) Asian Only,"(7) Bachelor's degree (BA, BS, AB)",1982,3,37,Between 20 and 40,More than $31
NA,NA,NA,NA,NA,NA,NA,NA,NA
9,"(2) Teacher, instructor, or lead teacher",(2) Black or African American Only,"(6) Associate degree (AA, AS)",1990,2,29,Between 20 and 40,Less than $10
11.16666666667,(1) Aide or assistant teacher,(2) Black or African American Only,(5) Some college credit but no degree,1998,7,21,Between 20 and 40,Between $11 and $20
8,"(2) Teacher, instructor, or lead teacher",(1) White Only,(5) Some college credit but no degree,1968,3,51,More than 51,Less than $10
9,"(2) Teacher, instructor, or lead teacher",(2) Black or African American Only,"(7) Bachelor's degree (BA, BS, AB)",1996,5,23,Between 20 and 40,Less than $10
22.85714285715,"(2) Teacher, instructor, or lead teacher",(1) White Only,(8) Graduate or professional degree,1974,3,45,Between 41 and 50,Between $21 and $30
NA,NA,NA,NA,NA,NA,NA,NA,NA
11.975,(1) Aide or assistant teacher,(1) White Only,(4) High school graduate,1950,7,69,More than 51,Between $11 and $20
10,"(2) Teacher, instructor, or lead teacher",NA,(8) Graduate or professional degree,NA,NA,NA,NA,Less than $10
10.59983333334,(1) Aide or assistant teacher,(2) Black or African American Only,"(6) Associate degree (AA, AS)",1958,0,61,More than 51,NA
25.48076923077,"(2) Teacher, instructor, or lead teacher",(1) White Only,"(7) Bachelor's degree (BA, BS, AB)",1981,4,38,Between 20 and 40,Between $21 and $30
NA,"(2) Teacher, instructor, or lead teacher",NA,(5) Some college credit but no degree,NA,0,NA,NA,NA
9.45,(1) Aide or assistant teacher,(1) White Only,(5) Some college credit but no degree,1998,2,21,Between 20 and 40,Less than $10
7.25,"(2) Teacher, instructor, or lead teacher",(2) Black or African American Only,(5) Some college credit but no degree,1998,1,21,Between 20 and 40,Less than $10
NA,NA,NA,NA,NA,NA,NA,NA,NA
13,(1) Aide or assistant teacher,(1) White Only,"(6) Associate degree (AA, AS)",1993,0,26,Between 20 and 40,Between $11 and $20
NA,(1) Aide or assistant teacher,(1) White Only,"(6) Associate degree (AA, AS)",1998,0,21,Between 20 and 40,NA
10.26315789474,"(2) Teacher, instructor, or lead teacher",(1) White Only,"(7) Bachelor's degree (BA, BS, AB)",1980,0,39,Between 20 and 40,NA
38.88888888889,"(2) Teacher, instructor, or lead teacher",(1) White Only,"(7) Bachelor's degree (BA, BS, AB)",1993,5,26,Between 20 and 40,More than $31
9.5,"(2) Teacher, instructor, or lead teacher",(2) Black or African American Only,(3) GED or high school equivalency,1985,0,34,Between 20 and 40,Less than $10
16,"(2) Teacher, instructor, or lead teacher",(2) Black or African American Only,"(7) Bachelor's degree (BA, BS, AB)",1960,7,59,More than 51,Between $11 and $20
12.25,(1) Aide or assistant teacher,(1) White Only,(4) High school graduate,1996,5,23,Between 20 and 40,Between $11 and $20
14,"(2) Teacher, instructor, or lead teacher",(1) White Only,(5) Some college credit but no degree,1993,0,26,Between 20 and 40,Between $11 and $20
11.92,(1) Aide or assistant teacher,NA,(8) Graduate or professional degree,NA,NA,NA,NA,Between $11 and $20
10.25,(1) Aide or assistant teacher,(2) Black or African American Only,(5) Some college credit but no degree,1998,9,21,Between 20 and 40,NA
15.78,"(2) Teacher, instructor, or lead teacher",NA,(4) High school graduate,NA,NA,NA,NA,Between $11 and $20
13.98,(1) Aide or assistant teacher,(1) White Only,(8) Graduate or professional degree,1994,0,25,Between 20 and 40,Between $11 and $20
12,(1) Aide or assistant teacher,(1) White Only,"(7) Bachelor's degree (BA, BS, AB)",1991,1,28,Between 20 and 40,Between $11 and $20
16.66666666667,"(2) Teacher, instructor, or lead teacher",(1) White Only,"(7) Bachelor's degree (BA, BS, AB)",1961,1,58,More than 51,Between $11 and $20
11,(1) Aide or assistant teacher,NA,(4) High school graduate,NA,NA,NA,NA,Between $11 and $20
10,"(2) Teacher, instructor, or lead teacher",(2) Black or African American Only,(4) High school graduate,1983,2,36,Between 20 and 40,Less than $10
16.97648648649,"(2) Teacher, instructor, or lead teacher",(1) White Only,(5) Some college credit but no degree,1980,0,39,Between 20 and 40,Between $11 and $20
13.31081081082,"(2) Teacher, instructor, or lead teacher",NA,"(6) Associate degree (AA, AS)",1961,NA,58,More than 51,Between $11 and $20
18.25,(1) Aide or assistant teacher,NA,(5) Some college credit but no degree,NA,NA,NA,NA,Between $11 and $20
3.77358490566,"(2) Teacher, instructor, or lead teacher",(1) White Only,"(6) Associate degree (AA, AS)",1989,3,30,Between 20 and 40,Less than $10
NA,"(2) Teacher, instructor, or lead teacher",(2) Black or African American Only,(4) High school graduate,1962,3,57,More than 51,NA
NA,NA,NA,NA,NA,NA,NA,NA,NA
11,(1) Aide or assistant teacher,(1) White Only,(5) Some college credit but no degree,1950,3,69,More than 51,Between $11 and $20
12.959375,"(2) Teacher, instructor, or lead teacher",(1) White Only,"(6) Associate degree (AA, AS)",1994,0,25,Between 20 and 40,Between $11 and $20
7.31,(1) Aide or assistant teacher,(1) White Only,(4) High school graduate,1998,18,21,Between 20 and 40,Less than $10
9,"(2) Teacher, instructor, or lead teacher",(1) White Only,(5) Some college credit but no degree,1991,7,28,Between 20 and 40,Less than $10
9.86842105264,"(2) Teacher, instructor, or lead teacher",(1) White Only,(3) GED or high school equivalency,1971,9,48,Between 41 and 50,Less than $10
20,"(2) Teacher, instructor, or lead teacher",(1) White Only,"(7) Bachelor's degree (BA, BS, AB)",1971,3,48,Between 41 and 50,Between $11 and $20
10,(1) Aide or assistant teacher,(1) White Only,(5) Some college credit but no degree,1977,1.166666666667,42,Between 41 and 50,Less than $10
7.8125,"(2) Teacher, instructor, or lead teacher",(2) Black or African American Only,(5) Some college credit but no degree,1984,8,35,Between 20 and 40,Less than $10
22.6875,"(2) Teacher, instructor, or lead teacher",(2) Black or African American Only,(8) Graduate or professional degree,1980,1,39,Between 20 and 40,Between $21 and $30
7.03125,"(2) Teacher, instructor, or lead teacher",(1) White Only,(8) Graduate or professional degree,1987,0,32,Between 20 and 40,Less than $10
14.92,(1) Aide or assistant teacher,(1) White Only,"(6) Associate degree (AA, AS)",1969,0,50,Between 41 and 50,Between $11 and $20
13,(1) Aide or assistant teacher,(1) White Only,(5) Some college credit but no degree,1982,0,37,Between 20 and 40,Between $11 and $20
14.75,"(2) Teacher, instructor, or lead teacher",(1) White Only,(5) Some college credit but no degree,1958,0,61,More than 51,Between $11 and $20
14,(1) Aide or assistant teacher,(8) Other,"(6) Associate degree (AA, AS)",1996,0,23,Between 20 and 40,Between $11 and $20
13.2,"(2) Teacher, instructor, or lead teacher",NA,(5) Some college credit but no degree,1975,2,44,Between 41 and 50,Between $11 and $20
10,"(2) Teacher, instructor, or lead teacher",(1) White Only,(5) Some college credit but no degree,1998,0,21,Between 20 and 40,Less than $10
9.8375,"(2) Teacher, instructor, or lead teacher",(1) White Only,"(6) Associate degree (AA, AS)",1972,7,47,Between 41 and 50,Less than $10
16,(1) Aide or assistant teacher,(8) Other,(5) Some college credit but no degree,1990,0,29,Between 20 and 40,Between $11 and $20
12,(1) Aide or assistant teacher,(1) White Only,(4) High school graduate,1998,2,21,Between 20 and 40,Between $11 and $20
10.5,(1) Aide or assistant teacher,(2) Black or African American Only,(5) Some college credit but no degree,1961,8,58,More than 51,NA
8.66666666667,(1) Aide or assistant teacher,(1) White Only,"(6) Associate degree (AA, AS)",1977,4,42,Between 41 and 50,Less than $10
14.25,"(2) Teacher, instructor, or lead teacher",(8) Other,(5) Some college credit but no degree,1989,9,30,Between 20 and 40,Between $11 and $20
13.51428571429,(1) Aide or assistant teacher,(1) White Only,"(6) Associate degree (AA, AS)",1978,NA,41,Between 41 and 50,Between $11 and $20
13.29,"(2) Teacher, instructor, or lead teacher",(1) White Only,(5) Some college credit but no degree,1969,3,50,Between 41 and 50,Between $11 and $20
NA,NA,NA,NA,NA,NA,NA,NA,NA
15,"(2) Teacher, instructor, or lead teacher",NA,"(6) Associate degree (AA, AS)",1976,0,43,Between 41 and 50,Between $11 and $20
NA,NA,NA,NA,NA,NA,NA,NA,NA
12,"(2) Teacher, instructor, or lead teacher",(1) White Only,(5) Some college credit but no degree,1993,1,26,Between 20 and 40,Between $11 and $20
NA,"(2) Teacher, instructor, or lead teacher",NA,"(6) Associate degree (AA, AS)",NA,0,NA,NA,NA
17.81076066791,"(2) Teacher, instructor, or lead teacher",(1) White Only,"(7) Bachelor's degree (BA, BS, AB)",1963,4,56,More than 51,Between $11 and $20
17.14285714286,(1) Aide or assistant teacher,NA,(5) Some college credit but no degree,1968,0,51,More than 51,Between $11 and $20
32.33082706767,"(2) Teacher, instructor, or lead teacher",(1) White Only,(8) Graduate or professional degree,1958,0,61,More than 51,More than $31
15.59251559252,(1) Aide or assistant teacher,NA,"(6) Associate degree (AA, AS)",1996,10,23,Between 20 and 40,Between $11 and $20
NA,NA,NA,NA,NA,NA,NA,NA,NA
10,"(2) Teacher, instructor, or lead teacher",(2) Black or African American Only,(5) Some college credit but no degree,1971,0,48,Between 41 and 50,Less than $10
16.4,"(2) Teacher, instructor, or lead teacher",NA,"(7) Bachelor's degree (BA, BS, AB)",1969,0,50,Between 41 and 50,Between $11 and $20
11.5,"(2) Teacher, instructor, or lead teacher",(8) Other,"(6) Associate degree (AA, AS)",1950,0,69,More than 51,Between $11 and $20
12,(1) Aide or assistant teacher,(1) White Only,"(6) Associate degree (AA, AS)",1980,0,39,Between 20 and 40,Between $11 and $20
25,"(2) Teacher, instructor, or lead teacher",(3) Asian Only,"(7) Bachelor's degree (BA, BS, AB)",1986,0,33,Between 20 and 40,Between $21 and $30
17.9347826087,(1) Aide or assistant teacher,(1) White Only,"(7) Bachelor's degree (BA, BS, AB)",1984,0,35,Between 20 and 40,Between $11 and $20
23.25,"(2) Teacher, instructor, or lead teacher",(1) White Only,"(7) Bachelor's degree (BA, BS, AB)",1965,5,54,More than 51,Between $21 and $30
NA,(1) Aide or assistant teacher,(2) Black or African American Only,(4) High school graduate,1998,3,21,Between 20 and 40,NA
9.5,(1) Aide or assistant teacher,(2) Black or African American Only,(5) Some college credit but no degree,1958,9,61,More than 51,Less than $10
16.88,"(2) Teacher, instructor, or lead teacher",(2) Black or African American Only,"(7) Bachelor's degree (BA, BS, AB)",1989,9,30,Between 20 and 40,Between $11 and $20
9.86842105264,"(2) Teacher, instructor, or lead teacher",(1) White Only,"(7) Bachelor's degree (BA, BS, AB)",1991,5,28,Between 20 and 40,Less than $10
NA,NA,NA,NA,NA,NA,NA,NA,NA
25,"(2) Teacher, instructor, or lead teacher",NA,"(6) Associate degree (AA, AS)",1950,4,69,More than 51,Between $21 and $30
9,"(2) Teacher, instructor, or lead teacher",(1) White Only,(5) Some college credit but no degree,1998,0,21,Between 20 and 40,Less than $10
20.71428571429,"(2) Teacher, instructor, or lead teacher",(1) White Only,(5) Some college credit but no degree,1971,4,48,Between 41 and 50,NA
16.75,"(2) Teacher, instructor, or lead teacher",(1) White Only,"(6) Associate degree (AA, AS)",1977,14,42,Between 41 and 50,Between $11 and $20
14,"(2) Teacher, instructor, or lead teacher",(1) White Only,"(7) Bachelor's degree (BA, BS, AB)",1981,0,38,Between 20 and 40,Between $11 and $20
9,(1) Aide or assistant teacher,NA,(4) High school graduate,NA,0,NA,NA,Less than $10
NA,NA,NA,NA,NA,NA,NA,NA,NA
NA,NA,NA,NA,NA,NA,NA,NA,NA
9.4758,(1) Aide or assistant teacher,NA,(5) Some college credit but no degree,1993,0,26,Between 20 and 40,Less than $10
12,(1) Aide or assistant teacher,NA,(5) Some college credit but no degree,NA,NA,NA,NA,Between $11 and $20
NA,(1) Aide or assistant teacher,(8) Other,"(7) Bachelor's degree (BA, BS, AB)",1992,1,27,Between 20 and 40,NA
13.66,(1) Aide or assistant teacher,NA,(4) High school graduate,1975,0,44,Between 41 and 50,Between $11 and $20
8,"(2) Teacher, instructor, or lead teacher",(1) White Only,(3) GED or high school equivalency,1981,0,38,Between 20 and 40,Less than $10
12.75,(1) Aide or assistant teacher,(2) Black or African American Only,(5) Some college credit but no degree,1981,3,38,Between 20 and 40,Between $11 and $20
26.31578947369,"(2) Teacher, instructor, or lead teacher",(1) White Only,"(7) Bachelor's degree (BA, BS, AB)",1988,3,31,Between 20 and 40,Between $21 and $30
32,"(2) Teacher, instructor, or lead teacher",(1) White Only,"(7) Bachelor's degree (BA, BS, AB)",1950,0,69,More than 51,More than $31
12,"(2) Teacher, instructor, or lead teacher",(2) Black or African American Only,(4) High school graduate,1988,4,31,Between 20 and 40,Between $11 and $20
12,"(2) Teacher, instructor, or lead teacher",NA,(5) Some college credit but no degree,1995,0,24,Between 20 and 40,Between $11 and $20
28,(1) Aide or assistant teacher,(1) White Only,"(6) Associate degree (AA, AS)",1958,3,61,More than 51,Between $21 and $30
35.625,"(2) Teacher, instructor, or lead teacher",(1) White Only,(8) Graduate or professional degree,1978,5.6,41,Between 41 and 50,More than $31
8.5,(1) Aide or assistant teacher,(1) White Only,(4) High school graduate,1998,3,21,Between 20 and 40,Less than $10
12.5,(1) Aide or assistant teacher,(1) White Only,(5) Some college credit but no degree,1990,3,29,Between 20 and 40,Between $11 and $20
12,"(2) Teacher, instructor, or lead teacher",(3) Asian Only,"(7) Bachelor's degree (BA, BS, AB)",1968,0,51,More than 51,Between $11 and $20
14.4,(1) Aide or assistant teacher,(3) Asian Only,(5) Some college credit but no degree,1958,0,61,More than 51,Between $11 and $20
22.48677248678,"(2) Teacher, instructor, or lead teacher",(1) White Only,(8) Graduate or professional degree,1973,7,46,Between 41 and 50,Between $21 and $30
6.25882352942,(1) Aide or assistant teacher,(1) White Only,(5) Some college credit but no degree,1998,13,21,Between 20 and 40,Less than $10
NA,NA,NA,NA,NA,NA,NA,NA,NA
17.82,"(2) Teacher, instructor, or lead teacher",(3) Asian Only,"(6) Associate degree (AA, AS)",1984,11,35,Between 20 and 40,Between $11 and $20
11.5,(1) Aide or assistant teacher,(1) White Only,"(7) Bachelor's degree (BA, BS, AB)",1996,0,23,Between 20 and 40,Between $11 and $20
9.5,(1) Aide or assistant teacher,(1) White Only,(5) Some college credit but no degree,1996,5,23,Between 20 and 40,Less than $10
10,"(2) Teacher, instructor, or lead teacher",(1) White Only,(3) GED or high school equivalency,1969,0,50,Between 41 and 50,Less than $10
9.5,"(2) Teacher, instructor, or lead teacher",(2) Black or African American Only,"(7) Bachelor's degree (BA, BS, AB)",1983,2,36,Between 20 and 40,Less than $10
15,"(2) Teacher, instructor, or lead teacher",NA,"(7) Bachelor's degree (BA, BS, AB)",1984,1,35,Between 20 and 40,Between $11 and $20
22.28333333334,"(2) Teacher, instructor, or lead teacher",(1) White Only,"(7) Bachelor's degree (BA, BS, AB)",1972,0,47,Between 41 and 50,Between $21 and $30
11.62,(1) Aide or assistant teacher,(2) Black or African American Only,(4) High school graduate,1986,3,33,Between 20 and 40,Between $11 and $20
20,"(2) Teacher, instructor, or lead teacher",(1) White Only,"(7) Bachelor's degree (BA, BS, AB)",1982,2,37,Between 20 and 40,Between $11 and $20
NA,NA,NA,NA,NA,NA,NA,NA,NA
11,"(2) Teacher, instructor, or lead teacher",(1) White Only,"(7) Bachelor's degree (BA, BS, AB)",1977,0,42,Between 41 and 50,Between $11 and $20
10.5,(1) Aide or assistant teacher,(2) Black or African American Only,(5) Some college credit but no degree,1985,6,34,Between 20 and 40,NA
16.4,(1) Aide or assistant teacher,NA,"(6) Associate degree (AA, AS)",1977,2,42,Between 41 and 50,Between $11 and $20
21.41,"(2) Teacher, instructor, or lead teacher",(1) White Only,"(7) Bachelor's degree (BA, BS, AB)",1974,4,45,Between 41 and 50,Between $21 and $30
12,"(2) Teacher, instructor, or lead teacher",(1) White Only,"(6) Associate degree (AA, AS)",1974,3,45,Between 41 and 50,Between $11 and $20
11.16,(1) Aide or assistant teacher,(1) White Only,"(6) Associate degree (AA, AS)",1986,0,33,Between 20 and 40,Between $11 and $20
13.14814814815,"(2) Teacher, instructor, or lead teacher",(1) White Only,"(7) Bachelor's degree (BA, BS, AB)",1980,0,39,Between 20 and 40,Between $11 and $20
NA,(1) Aide or assistant teacher,(2) Black or African American Only,(5) Some college credit but no degree,NA,0,NA,NA,NA
NA,"(2) Teacher, instructor, or lead teacher",(1) White Only,(5) Some college credit but no degree,NA,0,NA,NA,NA
12.5,"(2) Teacher, instructor, or lead teacher",(1) White Only,(4) High school graduate,1998,8,21,Between 20 and 40,Between $11 and $20
14,"(2) Teacher, instructor, or lead teacher",(2) Black or African American Only,(3) GED or high school equivalency,1966,8,53,More than 51,Between $11 and $20
16.66666666667,(1) Aide or assistant teacher,NA,(5) Some college credit but no degree,1974,2,45,Between 41 and 50,Between $11 and $20
12.5,(1) Aide or assistant teacher,(3) Asian Only,"(7) Bachelor's degree (BA, BS, AB)",1989,2,30,Between 20 and 40,Between $11 and $20
12,(1) Aide or assistant teacher,(1) White Only,(5) Some college credit but no degree,1990,0,29,Between 20 and 40,Between $11 and $20
10.77813333334,"(2) Teacher, instructor, or lead teacher",(1) White Only,"(7) Bachelor's degree (BA, BS, AB)",1991,5,28,Between 20 and 40,NA
7.75,"(2) Teacher, instructor, or lead teacher",NA,(4) High school graduate,1973,3,46,Between 41 and 50,Less than $10
NA,(1) Aide or assistant teacher,(1) White Only,(5) Some college credit but no degree,1950,0,69,More than 51,NA
17.12,"(2) Teacher, instructor, or lead teacher",(1) White Only,"(7) Bachelor's degree (BA, BS, AB)",1967,0,52,More than 51,Between $11 and $20
17,(1) Aide or assistant teacher,NA,(5) Some college credit but no degree,1958,3,61,More than 51,Between $11 and $20
NA,NA,NA,NA,NA,NA,NA,NA,NA
NA,NA,NA,NA,NA,NA,NA,NA,NA
15,(1) Aide or assistant teacher,NA,(3) GED or high school equivalency,NA,NA,NA,NA,Between $11 and $20
14,"(2) Teacher, instructor, or lead teacher",(2) Black or African American Only,(4) High school graduate,1983,7,36,Between 20 and 40,Between $11 and $20
5.6,"(2) Teacher, instructor, or lead teacher",(1) White Only,(4) High school graduate,1984,2,35,Between 20 and 40,Less than $10
40.28571428572,"(2) Teacher, instructor, or lead teacher",(1) White Only,(8) Graduate or professional degree,1992,1,27,Between 20 and 40,More than $31
13.5,(1) Aide or assistant teacher,(1) White Only,"(7) Bachelor's degree (BA, BS, AB)",1985,5,34,Between 20 and 40,Between $11 and $20
15,(1) Aide or assistant teacher,(1) White Only,"(7) Bachelor's degree (BA, BS, AB)",1986,3.5,33,Between 20 and 40,Between $11 and $20
12.5,"(2) Teacher, instructor, or lead teacher",(1) White Only,"(6) Associate degree (AA, AS)",1976,3,43,Between 41 and 50,Between $11 and $20
10,"(2) Teacher, instructor, or lead teacher",(2) Black or African American Only,"(6) Associate degree (AA, AS)",NA,3,NA,NA,Less than $10
24,"(2) Teacher, instructor, or lead teacher",(1) White Only,"(7) Bachelor's degree (BA, BS, AB)",1995,7,24,Between 20 and 40,Between $21 and $30
12.49,"(2) Teacher, instructor, or lead teacher",(1) White Only,"(6) Associate degree (AA, AS)",1963,3,56,More than 51,Between $11 and $20
12.2,"(2) Teacher, instructor, or lead teacher",(2) Black or African American Only,(5) Some college credit but no degree,1984,3,35,Between 20 and 40,Between $11 and $20
NA,NA,NA,NA,NA,NA,NA,NA,NA
14,"(2) Teacher, instructor, or lead teacher",(1) White Only,(5) Some college credit but no degree,1984,3,35,Between 20 and 40,Between $11 and $20
12,"(2) Teacher, instructor, or lead teacher",(2) Black or African American Only,(5) Some college credit but no degree,1994,0,25,Between 20 and 40,Between $11 and $20
14.75,"(2) Teacher, instructor, or lead teacher",(1) White Only,"(7) Bachelor's degree (BA, BS, AB)",1990,2,29,Between 20 and 40,Between $11 and $20
16.82692307693,"(2) Teacher, instructor, or lead teacher",NA,"(7) Bachelor's degree (BA, BS, AB)",NA,NA,NA,NA,Between $11 and $20
13,"(2) Teacher, instructor, or lead teacher",(1) White Only,(4) High school graduate,1998,14,21,Between 20 and 40,Between $11 and $20
11.25,(1) Aide or assistant teacher,(1) White Only,(5) Some college credit but no degree,1998,10,21,Between 20 and 40,Between $11 and $20
22.95552367289,(1) Aide or assistant teacher,(1) White Only,(4) High school graduate,1958,0,61,More than 51,Between $21 and $30
NA,(3) Other/undetermined,(3) Asian Only,(8) Graduate or professional degree,NA,0,NA,NA,NA
8.55000000001,"(2) Teacher, instructor, or lead teacher",(1) White Only,(4) High school graduate,1995,21,24,Between 20 and 40,Less than $10
23.80952380953,"(2) Teacher, instructor, or lead teacher",(1) White Only,(4) High school graduate,1971,0,48,Between 41 and 50,Between $21 and $30
12,"(2) Teacher, instructor, or lead teacher",(1) White Only,(4) High school graduate,1981,2.333333333333,38,Between 20 and 40,Between $11 and $20
15.99,"(2) Teacher, instructor, or lead teacher",(1) White Only,"(7) Bachelor's degree (BA, BS, AB)",1994,9,25,Between 20 and 40,Between $11 and $20
15.03125,(1) Aide or assistant teacher,(1) White Only,"(7) Bachelor's degree (BA, BS, AB)",1985,1,34,Between 20 and 40,Between $11 and $20
16,(1) Aide or assistant teacher,(1) White Only,(5) Some college credit but no degree,1971,0,48,Between 41 and 50,Between $11 and $20
9.5,"(2) Teacher, instructor, or lead teacher",(2) Black or African American Only,(4) High school graduate,1950,0,69,More than 51,Less than $10
9,(1) Aide or assistant teacher,(2) Black or African American Only,(4) High school graduate,1964,2,55,More than 51,Less than $10
15,"(2) Teacher, instructor, or lead teacher",(1) White Only,"(7) Bachelor's degree (BA, BS, AB)",1987,0,32,Between 20 and 40,Between $11 and $20
45,"(2) Teacher, instructor, or lead teacher",(1) White Only,(8) Graduate or professional degree,1958,1,61,More than 51,More than $31
19.28,(1) Aide or assistant teacher,NA,"(6) Associate degree (AA, AS)",1966,1,53,More than 51,Between $11 and $20
27.65556253929,"(2) Teacher, instructor, or lead teacher",(1) White Only,(8) Graduate or professional degree,NA,2.333333333333,NA,NA,Between $21 and $30
14.5,(1) Aide or assistant teacher,(2) Black or African American Only,(3) GED or high school equivalency,1964,0,55,More than 51,Between $11 and $20
9.25,(1) Aide or assistant teacher,(1) White Only,"(7) Bachelor's degree (BA, BS, AB)",1971,2,48,Between 41 and 50,Less than $10
4.72334682861,"(2) Teacher, instructor, or lead teacher",(2) Black or African American Only,(4) High school graduate,1987,2,32,Between 20 and 40,Less than $10
10.25,(1) Aide or assistant teacher,(1) White Only,(4) High school graduate,1998,0,21,Between 20 and 40,NA
NA,NA,NA,NA,NA,NA,NA,NA,NA
11,(1) Aide or assistant teacher,(1) White Only,"(7) Bachelor's degree (BA, BS, AB)",1958,0,61,More than 51,Between $11 and $20
NA,(1) Aide or assistant teacher,(1) White Only,"(7) Bachelor's degree (BA, BS, AB)",1973,0,46,Between 41 and 50,NA
12.5,"(2) Teacher, instructor, or lead teacher",(1) White Only,(4) High school graduate,1998,8,21,Between 20 and 40,Between $11 and $20
9.14285714286,(1) Aide or assistant teacher,(8) Other,(5) Some college credit but no degree,1998,3,21,Between 20 and 40,Less than $10
NA,"(2) Teacher, instructor, or lead teacher",(1) White Only,"(6) Associate degree (AA, AS)",1950,0,69,More than 51,NA
15.5,"(2) Teacher, instructor, or lead teacher",(1) White Only,"(7) Bachelor's degree (BA, BS, AB)",1974,0,45,Between 41 and 50,Between $11 and $20
14.3,"(2) Teacher, instructor, or lead teacher",NA,(4) High school graduate,1971,1,48,Between 41 and 50,Between $11 and $20
17,"(2) Teacher, instructor, or lead teacher",(1) White Only,(5) Some college credit but no degree,NA,NA,NA,NA,Between $11 and $20
25,"(2) Teacher, instructor, or lead teacher",(8) Other,(4) High school graduate,1966,3,53,More than 51,Between $21 and $30
13.5,(1) Aide or assistant teacher,(1) White Only,(5) Some college credit but no degree,1996,3,23,Between 20 and 40,Between $11 and $20
10.5,(1) Aide or assistant teacher,(1) White Only,(4) High school graduate,1998,0,21,Between 20 and 40,NA
15.55555555556,"(2) Teacher, instructor, or lead teacher",(2) Black or African American Only,(4) High school graduate,1968,1,51,More than 51,Between $11 and $20
NA,"(2) Teacher, instructor, or lead teacher",NA,"(6) Associate degree (AA, AS)",NA,3,NA,NA,NA
18,(1) Aide or assistant teacher,(2) Black or African American Only,"(6) Associate degree (AA, AS)",1958,0,61,More than 51,Between $11 and $20
11.5,"(2) Teacher, instructor, or lead teacher",(1) White Only,(3) GED or high school equivalency,1974,1.166666666667,45,Between 41 and 50,Between $11 and $20
4.80769230769,"(2) Teacher, instructor, or lead teacher",(1) White Only,"(6) Associate degree (AA, AS)",1950,6,69,More than 51,Less than $10
11.62,"(2) Teacher, instructor, or lead teacher",(1) White Only,(5) Some college credit but no degree,1988,13,31,Between 20 and 40,Between $11 and $20
9,"(2) Teacher, instructor, or lead teacher",(1) White Only,"(6) Associate degree (AA, AS)",1989,11,30,Between 20 and 40,Less than $10
21,"(2) Teacher, instructor, or lead teacher",(1) White Only,"(7) Bachelor's degree (BA, BS, AB)",1991,0,28,Between 20 and 40,Between $21 and $30
20.27027027028,(1) Aide or assistant teacher,NA,(8) Graduate or professional degree,1986,2,33,Between 20 and 40,NA
10,"(2) Teacher, instructor, or lead teacher",(1) White Only,(5) Some college credit but no degree,1958,0,61,More than 51,Less than $10
25.71428571429,"(2) Teacher, instructor, or lead teacher",(1) White Only,"(7) Bachelor's degree (BA, BS, AB)",1960,3,59,More than 51,Between $21 and $30
9,(1) Aide or assistant teacher,(1) White Only,(3) GED or high school equivalency,1958,0,61,More than 51,Less than $10
8.6,(1) Aide or assistant teacher,(1) White Only,(5) Some college credit but no degree,1998,4,21,Between 20 and 40,Less than $10
19,"(2) Teacher, instructor, or lead teacher",NA,(5) Some college credit but no degree,1971,0,48,Between 41 and 50,Between $11 and $20
NA,"(2) Teacher, instructor, or lead teacher",NA,(5) Some college credit but no degree,NA,NA,NA,NA,NA
10,"(2) Teacher, instructor, or lead teacher",(2) Black or African American Only,(5) Some college credit but no degree,1995,1,24,Between 20 and 40,Less than $10
9,"(2) Teacher, instructor, or lead teacher",(2) Black or African American Only,(5) Some college credit but no degree,1998,0,21,Between 20 and 40,Less than $10
19.65498181819,"(2) Teacher, instructor, or lead teacher",(1) White Only,"(7) Bachelor's degree (BA, BS, AB)",1996,4,23,Between 20 and 40,Between $11 and $20
35,"(2) Teacher, instructor, or lead teacher",(1) White Only,"(7) Bachelor's degree (BA, BS, AB)",1978,4,41,Between 41 and 50,More than $31
13.6,(1) Aide or assistant teacher,(3) Asian Only,(3) GED or high school equivalency,1950,NA,69,More than 51,Between $11 and $20
58.33333333334,"(2) Teacher, instructor, or lead teacher",(1) White Only,"(7) Bachelor's degree (BA, BS, AB)",1978,2,41,Between 41 and 50,More than $31
11,"(2) Teacher, instructor, or lead teacher",NA,(5) Some college credit but no degree,1988,6,31,Between 20 and 40,Between $11 and $20
56.25,"(2) Teacher, instructor, or lead teacher",(2) Black or African American Only,(8) Graduate or professional degree,1962,0,57,More than 51,More than $31
11.71428571429,"(2) Teacher, instructor, or lead teacher",(1) White Only,(5) Some college credit but no degree,1987,0,32,Between 20 and 40,Between $11 and $20
9.5,"(2) Teacher, instructor, or lead teacher",(1) White Only,(4) High school graduate,1964,0,55,More than 51,Less than $10
8.125,(1) Aide or assistant teacher,NA,(5) Some college credit but no degree,1998,1.4,21,Between 20 and 40,Less than $10
10,"(2) Teacher, instructor, or lead teacher",(1) White Only,(5) Some college credit but no degree,1973,12,46,Between 41 and 50,Less than $10
16.23,"(2) Teacher, instructor, or lead teacher",(1) White Only,"(6) Associate degree (AA, AS)",1972,2,47,Between 41 and 50,Between $11 and $20
NA,NA,NA,NA,NA,NA,NA,NA,NA
12.75,"(2) Teacher, instructor, or lead teacher",(1) White Only,(5) Some college credit but no degree,1998,14,21,Between 20 and 40,Between $11 and $20
12,"(2) Teacher, instructor, or lead teacher",(1) White Only,(5) Some college credit but no degree,1994,2,25,Between 20 and 40,Between $11 and $20
15.75,"(2) Teacher, instructor, or lead teacher",(1) White Only,"(6) Associate degree (AA, AS)",1983,1,36,Between 20 and 40,Between $11 and $20
NA,"(2) Teacher, instructor, or lead teacher",(1) White Only,"(6) Associate degree (AA, AS)",1964,2,55,More than 51,NA
9,"(2) Teacher, instructor, or lead teacher",(2) Black or African American Only,(5) Some college credit but no degree,1974,1,45,Between 41 and 50,Less than $10
18.26923076924,"(2) Teacher, instructor, or lead teacher",(2) Black or African American Only,"(7) Bachelor's degree (BA, BS, AB)",1964,2,55,More than 51,Between $11 and $20
12,"(2) Teacher, instructor, or lead teacher",(1) White Only,(3) GED or high school equivalency,1975,0,44,Between 41 and 50,Between $11 and $20
107.32142857143,(1) Aide or assistant teacher,NA,"(6) Associate degree (AA, AS)",NA,3,NA,NA,More than $31
14,(1) Aide or assistant teacher,(1) White Only,(5) Some college credit but no degree,1996,0,23,Between 20 and 40,Between $11 and $20
10,(1) Aide or assistant teacher,(1) White Only,"(7) Bachelor's degree (BA, BS, AB)",1958,0,61,More than 51,Less than $10
10,(1) Aide or assistant teacher,(2) Black or African American Only,(3) GED or high school equivalency,1972,4,47,Between 41 and 50,Less than $10
8.25,"(2) Teacher, instructor, or lead teacher",(1) White Only,(5) Some college credit but no degree,1998,14,21,Between 20 and 40,Less than $10
NA,NA,NA,NA,NA,NA,NA,NA,NA
17.14285714286,"(2) Teacher, instructor, or lead teacher",(2) Black or African American Only,"(7) Bachelor's degree (BA, BS, AB)",1960,0,59,More than 51,Between $11 and $20
NA,NA,NA,NA,NA,NA,NA,NA,NA
NA,"(2) Teacher, instructor, or lead teacher",(1) White Only,(4) High school graduate,1977,13,42,Between 41 and 50,NA
18,"(2) Teacher, instructor, or lead teacher",(3) Asian Only,"(6) Associate degree (AA, AS)",1965,0,54,More than 51,Between $11 and $20
15.35,"(2) Teacher, instructor, or lead teacher",(1) White Only,"(6) Associate degree (AA, AS)",1965,0,54,More than 51,Between $11 and $20
13.51351351352,"(2) Teacher, instructor, or lead teacher",(1) White Only,"(7) Bachelor's degree (BA, BS, AB)",1950,0,69,More than 51,Between $11 and $20
7.5,"(2) Teacher, instructor, or lead teacher",(1) White Only,(4) High school graduate,1998,20,21,Between 20 and 40,Less than $10
20.23,"(2) Teacher, instructor, or lead teacher",(3) Asian Only,"(7) Bachelor's degree (BA, BS, AB)",1976,0,43,Between 41 and 50,NA
12,"(2) Teacher, instructor, or lead teacher",(1) White Only,"(7) Bachelor's degree (BA, BS, AB)",1989,4,30,Between 20 and 40,Between $11 and $20
15.37,"(2) Teacher, instructor, or lead teacher",(8) Other,"(6) Associate degree (AA, AS)",1988,6,31,Between 20 and 40,Between $11 and $20
17.85714285715,(1) Aide or assistant teacher,(1) White Only,"(7) Bachelor's degree (BA, BS, AB)",1961,0,58,More than 51,Between $11 and $20
14.375,"(2) Teacher, instructor, or lead teacher",(1) White Only,(5) Some college credit but no degree,1971,2,48,Between 41 and 50,Between $11 and $20
14.61,"(2) Teacher, instructor, or lead teacher",(8) Other,"(7) Bachelor's degree (BA, BS, AB)",1980,7,39,Between 20 and 40,Between $11 and $20
NA,NA,NA,NA,NA,NA,NA,NA,NA
12,(1) Aide or assistant teacher,NA,(5) Some college credit but no degree,1982,0,37,Between 20 and 40,Between $11 and $20
8.2625,"(2) Teacher, instructor, or lead teacher",(1) White Only,(1) Less than High School,1972,3,47,Between 41 and 50,Less than $10
NA,"(2) Teacher, instructor, or lead teacher",(1) White Only,(8) Graduate or professional degree,1961,17,58,More than 51,NA
11.6,"(2) Teacher, instructor, or lead teacher",(1) White Only,"(6) Associate degree (AA, AS)",1986,0,33,Between 20 and 40,Between $11 and $20
7.69230769231,"(2) Teacher, instructor, or lead teacher",(1) White Only,(8) Graduate or professional degree,1961,6,58,More than 51,Less than $10
27.53392857143,"(2) Teacher, instructor, or lead teacher",NA,"(6) Associate degree (AA, AS)",1968,3,51,More than 51,Between $21 and $30
NA,(1) Aide or assistant teacher,NA,(4) High school graduate,1990,3,29,Between 20 and 40,NA
9,"(2) Teacher, instructor, or lead teacher",(2) Black or African American Only,(4) High school graduate,1950,2,69,More than 51,Less than $10
15,(1) Aide or assistant teacher,(3) Asian Only,"(6) Associate degree (AA, AS)",1985,3,34,Between 20 and 40,Between $11 and $20
16,"(2) Teacher, instructor, or lead teacher",(2) Black or African American Only,"(6) Associate degree (AA, AS)",NA,3,NA,NA,Between $11 and $20
NA,NA,NA,NA,NA,NA,NA,NA,NA
12,"(2) Teacher, instructor, or lead teacher",NA,"(7) Bachelor's degree (BA, BS, AB)",NA,NA,NA,NA,Between $11 and $20
11,"(2) Teacher, instructor, or lead teacher",(1) White Only,"(7) Bachelor's degree (BA, BS, AB)",1979,0,40,Between 20 and 40,Between $11 and $20
8.25,"(2) Teacher, instructor, or lead teacher",(1) White Only,(5) Some college credit but no degree,1987,0,32,Between 20 and 40,Less than $10
NA,"(2) Teacher, instructor, or lead teacher",(1) White Only,(5) Some college credit but no degree,1995,6,24,Between 20 and 40,NA
15.75,"(2) Teacher, instructor, or lead teacher",(1) White Only,"(7) Bachelor's degree (BA, BS, AB)",NA,0,NA,NA,Between $11 and $20
11,"(2) Teacher, instructor, or lead teacher",(1) White Only,(1) Less than High School,1976,6,43,Between 41 and 50,Between $11 and $20
NA,NA,NA,NA,NA,NA,NA,NA,NA
7.3875,(1) Aide or assistant teacher,(1) White Only,(5) Some college credit but no degree,1982,3,37,Between 20 and 40,Less than $10
13.88888888889,(1) Aide or assistant teacher,(2) Black or African American Only,(5) Some college credit but no degree,1982,0,37,Between 20 and 40,Between $11 and $20
NA,NA,NA,NA,NA,NA,NA,NA,NA
NA,NA,NA,NA,NA,NA,NA,NA,NA
9,"(2) Teacher, instructor, or lead teacher",(2) Black or African American Only,(4) High school graduate,1993,4,26,Between 20 and 40,Less than $10
NA,"(2) Teacher, instructor, or lead teacher",(2) Black or African American Only,(8) Graduate or professional degree,1958,5,61,More than 51,NA
10.55000000001,(1) Aide or assistant teacher,(1) White Only,(4) High school graduate,1985,0,34,Between 20 and 40,NA
11.1,"(2) Teacher, instructor, or lead teacher",(2) Black or African American Only,(5) Some college credit but no degree,1987,6,32,Between 20 and 40,Between $11 and $20
17.43,"(2) Teacher, instructor, or lead teacher",(1) White Only,"(6) Associate degree (AA, AS)",1958,0,61,More than 51,Between $11 and $20
10.57175,(1) Aide or assistant teacher,(1) White Only,(5) Some college credit but no degree,1981,5,38,Between 20 and 40,NA
8,"(2) Teacher, instructor, or lead teacher",(1) White Only,"(6) Associate degree (AA, AS)",1962,0,57,More than 51,Less than $10
13,"(2) Teacher, instructor, or lead teacher",(1) White Only,"(7) Bachelor's degree (BA, BS, AB)",1972,12,47,Between 41 and 50,Between $11 and $20
13.5,"(2) Teacher, instructor, or lead teacher",(2) Black or African American Only,"(7) Bachelor's degree (BA, BS, AB)",1990,9,29,Between 20 and 40,Between $11 and $20
14.230769230769999,"(2) Teacher, instructor, or lead teacher",(1) White Only,"(7) Bachelor's degree (BA, BS, AB)",1967,0,52,More than 51,Between $11 and $20
14.903846153849999,(1) Aide or assistant teacher,(1) White Only,(4) High school graduate,1961,0,58,More than 51,Between $11 and $20
8.6538461538499991,"(2) Teacher, instructor, or lead teacher",(2) Black or African American Only,(5) Some college credit but no degree,1992,2,27,Between 20 and 40,Less than $10
50,"(2) Teacher, instructor, or lead teacher",(2) Black or African American Only,(8) Graduate or professional degree,1963,0,56,More than 51,More than $31
25.961538461539998,"(2) Teacher, instructor, or lead teacher",(1) White Only,"(7) Bachelor's degree (BA, BS, AB)",1960,1,59,More than 51,Between $21 and $30
11.25,(1) Aide or assistant teacher,(1) White Only,(5) Some college credit but no degree,1969,0,50,Between 41 and 50,Between $11 and $20
11,(1) Aide or assistant teacher,(1) White Only,(4) High school graduate,1998,0,21,Between 20 and 40,Between $11 and $20
10,(1) Aide or assistant teacher,(1) White Only,"(7) Bachelor's degree (BA, BS, AB)",1978,0,41,Between 41 and 50,Less than $10
20,"(2) Teacher, instructor, or lead teacher",(1) White Only,(8) Graduate or professional degree,1971,0,48,Between 41 and 50,Between $11 and $20
NA,(1) Aide or assistant teacher,(1) White Only,"(6) Associate degree (AA, AS)",1988,0,31,Between 20 and 40,NA
24.7235,"(2) Teacher, instructor, or lead teacher",(1) White Only,"(7) Bachelor's degree (BA, BS, AB)",1992,2,27,Between 20 and 40,Between $21 and $30
13.5,"(2) Teacher, instructor, or lead teacher",(1) White Only,(5) Some college credit but no degree,1980,3,39,Between 20 and 40,Between $11 and $20
15.59,(1) Aide or assistant teacher,(1) White Only,(5) Some college credit but no degree,1966,0,53,More than 51,Between $11 and $20
14.25,"(2) Teacher, instructor, or lead teacher",(1) White Only,"(7) Bachelor's degree (BA, BS, AB)",1981,NA,38,Between 20 and 40,Between $11 and $20
14.25,"(2) Teacher, instructor, or lead teacher",NA,"(7) Bachelor's degree (BA, BS, AB)",NA,NA,NA,NA,Between $11 and $20
8.5,"(2) Teacher, instructor, or lead teacher",(1) White Only,(5) Some college credit but no degree,1998,0,21,Between 20 and 40,Less than $10
8.30000000001,"(2) Teacher, instructor, or lead teacher",(1) White Only,(5) Some college credit but no degree,1996,7,23,Between 20 and 40,Less than $10
20,"(2) Teacher, instructor, or lead teacher",(1) White Only,"(7) Bachelor's degree (BA, BS, AB)",1965,5,54,More than 51,Between $11 and $20
10,"(2) Teacher, instructor, or lead teacher",(1) White Only,"(6) Associate degree (AA, AS)",1988,4,31,Between 20 and 40,Less than $10
11.538461538469999,"(2) Teacher, instructor, or lead teacher",(1) White Only,(5) Some college credit but no degree,1950,0,69,More than 51,Between $11 and $20
12.6,(3) Other/undetermined,(1) White Only,(5) Some college credit but no degree,1992,5,27,Between 20 and 40,Between $11 and $20
11.19583333334,(1) Aide or assistant teacher,(1) White Only,(4) High school graduate,1969,1,50,Between 41 and 50,Between $11 and $20
11.25,(1) Aide or assistant teacher,(1) White Only,(5) Some college credit but no degree,1987,3,32,Between 20 and 40,Between $11 and $20
13.72549019608,"(2) Teacher, instructor, or lead teacher",(1) White Only,(8) Graduate or professional degree,1974,0,45,Between 41 and 50,Between $11 and $20
11,"(2) Teacher, instructor, or lead teacher",(1) White Only,(4) High school graduate,1966,0,53,More than 51,Between $11 and $20
22.95918367347,(1) Aide or assistant teacher,NA,(8) Graduate or professional degree,1950,8.4,69,More than 51,Between $21 and $30
14,(1) Aide or assistant teacher,(1) White Only,"(7) Bachelor's degree (BA, BS, AB)",1980,4,39,Between 20 and 40,Between $11 and $20
9.35625,(1) Aide or assistant teacher,(1) White Only,(5) Some college credit but no degree,1989,9,30,Between 20 and 40,Less than $10
10.58,(1) Aide or assistant teacher,(1) White Only,(4) High school graduate,1998,2,21,Between 20 and 40,NA
19,"(2) Teacher, instructor, or lead teacher",(1) White Only,"(7) Bachelor's degree (BA, BS, AB)",1978,0,41,Between 41 and 50,Between $11 and $20
NA,"(2) Teacher, instructor, or lead teacher",NA,"(7) Bachelor's degree (BA, BS, AB)",1966,0,53,More than 51,NA
17,(1) Aide or assistant teacher,NA,"(6) Associate degree (AA, AS)",1973,1,46,Between 41 and 50,Between $11 and $20
17.25,"(2) Teacher, instructor, or lead teacher",(1) White Only,"(6) Associate degree (AA, AS)",1975,4,44,Between 41 and 50,Between $11 and $20
12.25,(1) Aide or assistant teacher,(1) White Only,(4) High school graduate,1995,1,24,Between 20 and 40,Between $11 and $20
7.29166666667,(1) Aide or assistant teacher,(1) White Only,(5) Some college credit but no degree,1998,1,21,Between 20 and 40,Less than $10
17,"(2) Teacher, instructor, or lead teacher",(1) White Only,"(7) Bachelor's degree (BA, BS, AB)",1958,0,61,More than 51,Between $11 and $20
8.64,"(2) Teacher, instructor, or lead teacher",(1) White Only,(4) High school graduate,1966,0,53,More than 51,Less than $10
NA,NA,NA,NA,NA,NA,NA,NA,NA
8.65,(1) Aide or assistant teacher,(1) White Only,"(6) Associate degree (AA, AS)",1994,7,25,Between 20 and 40,Less than $10
9.25,"(2) Teacher, instructor, or lead teacher",(1) White Only,(4) High school graduate,1992,7,27,Between 20 and 40,Less than $10
17.88,"(2) Teacher, instructor, or lead teacher",(1) White Only,"(7) Bachelor's degree (BA, BS, AB)",1992,2,27,Between 20 and 40,Between $11 and $20
15.03,"(2) Teacher, instructor, or lead teacher",(8) Other,"(6) Associate degree (AA, AS)",1981,4,38,Between 20 and 40,Between $11 and $20
NA,"(2) Teacher, instructor, or lead teacher",(1) White Only,"(6) Associate degree (AA, AS)",NA,0,NA,NA,NA
12.24489795919,"(2) Teacher, instructor, or lead teacher",(1) White Only,"(7) Bachelor's degree (BA, BS, AB)",1982,2.333333333333,37,Between 20 and 40,Between $11 and $20
24.48979591837,"(2) Teacher, instructor, or lead teacher",(2) Black or African American Only,"(7) Bachelor's degree (BA, BS, AB)",1981,10,38,Between 20 and 40,Between $21 and $30
15,"(2) Teacher, instructor, or lead teacher",(1) White Only,"(7) Bachelor's degree (BA, BS, AB)",1990,1,29,Between 20 and 40,Between $11 and $20
18.36734693878,"(2) Teacher, instructor, or lead teacher",(8) Other,"(7) Bachelor's degree (BA, BS, AB)",1994,18,25,Between 20 and 40,Between $11 and $20
7.5,(1) Aide or assistant teacher,(1) White Only,(4) High school graduate,1998,3,21,Between 20 and 40,Less than $10
7.5,(1) Aide or assistant teacher,(1) White Only,(4) High school graduate,1998,4,21,Between 20 and 40,Less than $10
16,"(2) Teacher, instructor, or lead teacher",(1) White Only,(5) Some college credit but no degree,1980,0,39,Between 20 and 40,Between $11 and $20
NA,(1) Aide or assistant teacher,NA,(5) Some college credit but no degree,NA,NA,NA,NA,NA
NA,NA,NA,NA,NA,NA,NA,NA,NA
7.14285714286,(1) Aide or assistant teacher,(2) Black or African American Only,(5) Some college credit but no degree,1998,1,21,Between 20 and 40,Less than $10
12,(1) Aide or assistant teacher,(1) White Only,(5) Some college credit but no degree,1986,5,33,Between 20 and 40,Between $11 and $20
9,"(2) Teacher, instructor, or lead teacher",(1) White Only,(5) Some college credit but no degree,1998,1,21,Between 20 and 40,Less than $10
11.4,"(2) Teacher, instructor, or lead teacher",(1) White Only,(5) Some college credit but no degree,1950,0,69,More than 51,Between $11 and $20
33,"(2) Teacher, instructor, or lead teacher",(1) White Only,"(7) Bachelor's degree (BA, BS, AB)",1981,4,38,Between 20 and 40,More than $31
10.80000000001,(1) Aide or assistant teacher,(1) White Only,"(6) Associate degree (AA, AS)",1993,2,26,Between 20 and 40,NA
10,(1) Aide or assistant teacher,(1) White Only,"(6) Associate degree (AA, AS)",1964,0,55,More than 51,Less than $10
17.52,(1) Aide or assistant teacher,(1) White Only,"(7) Bachelor's degree (BA, BS, AB)",1989,7,30,Between 20 and 40,Between $11 and $20
15.45,"(2) Teacher, instructor, or lead teacher",(2) Black or African American Only,(5) Some college credit but no degree,1990,4,29,Between 20 and 40,Between $11 and $20
7.25,"(2) Teacher, instructor, or lead teacher",(1) White Only,(4) High school graduate,1998,0,21,Between 20 and 40,Less than $10
11.5,"(2) Teacher, instructor, or lead teacher",(1) White Only,"(6) Associate degree (AA, AS)",1965,3,54,More than 51,Between $11 and $20
13.25,"(2) Teacher, instructor, or lead teacher",(8) Other,(3) GED or high school equivalency,1976,5,43,Between 41 and 50,Between $11 and $20
9.25,(1) Aide or assistant teacher,(1) White Only,(5) Some college credit but no degree,1967,0,52,More than 51,Less than $10
25,"(2) Teacher, instructor, or lead teacher",(8) Other,"(7) Bachelor's degree (BA, BS, AB)",1984,5,35,Between 20 and 40,Between $21 and $30
11.22,(1) Aide or assistant teacher,(1) White Only,(5) Some college credit but no degree,1990,5,29,Between 20 and 40,Between $11 and $20
17.34,(1) Aide or assistant teacher,(1) White Only,"(7) Bachelor's degree (BA, BS, AB)",1991,4,28,Between 20 and 40,Between $11 and $20
13,(1) Aide or assistant teacher,(3) Asian Only,"(7) Bachelor's degree (BA, BS, AB)",1979,2,40,Between 20 and 40,Between $11 and $20
13.75,(1) Aide or assistant teacher,(2) Black or African American Only,"(6) Associate degree (AA, AS)",1981,0,38,Between 20 and 40,Between $11 and $20
54.9575,"(2) Teacher, instructor, or lead teacher",(8) Other,"(6) Associate degree (AA, AS)",1994,2,25,Between 20 and 40,More than $31
NA,"(2) Teacher, instructor, or lead teacher",(2) Black or African American Only,(5) Some college credit but no degree,1986,0,33,Between 20 and 40,NA
10.5,"(2) Teacher, instructor, or lead teacher",(2) Black or African American Only,(5) Some college credit but no degree,1998,3,21,Between 20 and 40,NA
4.62962962963,(1) Aide or assistant teacher,(1) White Only,(4) High school graduate,1998,1,21,Between 20 and 40,Less than $10
10.51,"(2) Teacher, instructor, or lead teacher",(1) White Only,(4) High school graduate,1978,3,41,Between 41 and 50,NA
13.72222222223,(1) Aide or assistant teacher,(1) White Only,"(7) Bachelor's degree (BA, BS, AB)",1986,5,33,Between 20 and 40,Between $11 and $20
18,"(2) Teacher, instructor, or lead teacher",(1) White Only,"(7) Bachelor's degree (BA, BS, AB)",1964,0,55,More than 51,Between $11 and $20
9.375,(1) Aide or assistant teacher,(1) White Only,(4) High school graduate,1989,7,30,Between 20 and 40,Less than $10
10.4029658285,"(2) Teacher, instructor, or lead teacher",(2) Black or African American Only,(8) Graduate or professional degree,1961,3,58,More than 51,NA
11.5,(1) Aide or assistant teacher,(2) Black or African American Only,(4) High school graduate,1995,6,24,Between 20 and 40,Between $11 and $20
14.86,"(2) Teacher, instructor, or lead teacher",(1) White Only,"(6) Associate degree (AA, AS)",1986,7,33,Between 20 and 40,Between $11 and $20
14,"(2) Teacher, instructor, or lead teacher",NA,"(6) Associate degree (AA, AS)",NA,3,NA,NA,Between $11 and $20
13,"(2) Teacher, instructor, or lead teacher",NA,(5) Some college credit but no degree,NA,4,NA,NA,Between $11 and $20
8,(1) Aide or assistant teacher,(2) Black or African American Only,(5) Some college credit but no degree,1966,0,53,More than 51,Less than $10
19.04,"(2) Teacher, instructor, or lead teacher",(1) White Only,"(7) Bachelor's degree (BA, BS, AB)",1979,0,40,Between 20 and 40,Between $11 and $20
43.91891891892,"(2) Teacher, instructor, or lead teacher",(1) White Only,(8) Graduate or professional degree,1972,0,47,Between 41 and 50,More than $31
NA,"(2) Teacher, instructor, or lead teacher",(2) Black or African American Only,"(7) Bachelor's degree (BA, BS, AB)",1989,3,30,Between 20 and 40,NA
NA,"(2) Teacher, instructor, or lead teacher",(2) Black or African American Only,(8) Graduate or professional degree,1950,0,69,More than 51,NA
NA,"(2) Teacher, instructor, or lead teacher",(2) Black or African American Only,"(6) Associate degree (AA, AS)",1989,NA,30,Between 20 and 40,NA
9.75,"(2) Teacher, instructor, or lead teacher",(1) White Only,(5) Some college credit but no degree,1986,13,33,Between 20 and 40,Less than $10
NA,"(2) Teacher, instructor, or lead teacher",(3) Asian Only,(3) GED or high school equivalency,1983,0,36,Between 20 and 40,NA
12,"(2) Teacher, instructor, or lead teacher",(1) White Only,(5) Some college credit but no degree,1967,0,52,More than 51,Between $11 and $20
NA,NA,NA,NA,NA,NA,NA,NA,NA
14,"(2) Teacher, instructor, or lead teacher",(2) Black or African American Only,"(7) Bachelor's degree (BA, BS, AB)",1994,8,25,Between 20 and 40,Between $11 and $20
14.1,(1) Aide or assistant teacher,NA,"(7) Bachelor's degree (BA, BS, AB)",1991,0,28,Between 20 and 40,Between $11 and $20
14,"(2) Teacher, instructor, or lead teacher",(1) White Only,"(6) Associate degree (AA, AS)",1962,0,57,More than 51,Between $11 and $20
NA,"(2) Teacher, instructor, or lead teacher",NA,(4) High school graduate,1998,6,21,Between 20 and 40,NA
7.507,"(2) Teacher, instructor, or lead teacher",(2) Black or African American Only,(1) Less than High School,1970,4,49,Between 41 and 50,Less than $10
15,(1) Aide or assistant teacher,(2) Black or African American Only,"(7) Bachelor's degree (BA, BS, AB)",1991,4,28,Between 20 and 40,Between $11 and $20
13.5,"(2) Teacher, instructor, or lead teacher",(2) Black or African American Only,"(6) Associate degree (AA, AS)",1974,0,45,Between 41 and 50,Between $11 and $20
8,(1) Aide or assistant teacher,(1) White Only,"(6) Associate degree (AA, AS)",1963,0,56,More than 51,Less than $10
10,"(2) Teacher, instructor, or lead teacher",(1) White Only,(4) High school graduate,1995,4,24,Between 20 and 40,Less than $10
8.75,"(2) Teacher, instructor, or lead teacher",(1) White Only,(4) High school graduate,1981,1,38,Between 20 and 40,Less than $10
NA,"(2) Teacher, instructor, or lead teacher",NA,(4) High school graduate,1983,0,36,Between 20 and 40,NA
16.88194444445,(1) Aide or assistant teacher,(2) Black or African American Only,"(6) Associate degree (AA, AS)",1983,5,36,Between 20 and 40,Between $11 and $20
11.25,"(2) Teacher, instructor, or lead teacher",(8) Other,(4) High school graduate,1970,6,49,Between 41 and 50,Between $11 and $20
13,(1) Aide or assistant teacher,(1) White Only,"(7) Bachelor's degree (BA, BS, AB)",1958,0,61,More than 51,Between $11 and $20
19.4,(1) Aide or assistant teacher,(3) Asian Only,"(6) Associate degree (AA, AS)",1961,0,58,More than 51,Between $11 and $20
13.28125,"(2) Teacher, instructor, or lead teacher",(1) White Only,"(7) Bachelor's degree (BA, BS, AB)",1979,1,40,Between 20 and 40,Between $11 and $20
8.75,(1) Aide or assistant teacher,(1) White Only,(5) Some college credit but no degree,1998,5,21,Between 20 and 40,Less than $10
44.71153846154,"(2) Teacher, instructor, or lead teacher",(2) Black or African American Only,(8) Graduate or professional degree,1967,0,52,More than 51,More than $31
NA,"(2) Teacher, instructor, or lead teacher",(2) Black or African American Only,"(7) Bachelor's degree (BA, BS, AB)",1958,0,61,More than 51,NA
31.83183183184,"(2) Teacher, instructor, or lead teacher",(1) White Only,"(7) Bachelor's degree (BA, BS, AB)",1984,9,35,Between 20 and 40,More than $31
6.66666666667,(1) Aide or assistant teacher,(1) White Only,(4) High school graduate,1996,2,23,Between 20 and 40,Less than $10
9.84728571429,(1) Aide or assistant teacher,NA,(4) High school graduate,1998,10,21,Between 20 and 40,Less than $10
10,(1) Aide or assistant teacher,(1) White Only,(4) High school graduate,1962,3,57,More than 51,Less than $10
11.5,"(2) Teacher, instructor, or lead teacher",(2) Black or African American Only,"(6) Associate degree (AA, AS)",1998,8,21,Between 20 and 40,Between $11 and $20
NA,NA,NA,NA,NA,NA,NA,NA,NA
NA,"(2) Teacher, instructor, or lead teacher",(1) White Only,"(7) Bachelor's degree (BA, BS, AB)",1971,0,48,Between 41 and 50,NA
12,(1) Aide or assistant teacher,(1) White Only,"(7) Bachelor's degree (BA, BS, AB)",1975,8,44,Between 41 and 50,Between $11 and $20
NA,NA,NA,NA,NA,NA,NA,NA,NA
14.13461538462,"(2) Teacher, instructor, or lead teacher",(1) White Only,"(7) Bachelor's degree (BA, BS, AB)",1989,1,30,Between 20 and 40,Between $11 and $20
9.64285714286,"(2) Teacher, instructor, or lead teacher",(1) White Only,(4) High school graduate,1958,3.5,61,More than 51,Less than $10
NA,(1) Aide or assistant teacher,(2) Black or African American Only,(8) Graduate or professional degree,1976,0,43,Between 41 and 50,NA
10,(1) Aide or assistant teacher,(8) Other,(4) High school graduate,1998,0,21,Between 20 and 40,Less than $10
8.5,(1) Aide or assistant teacher,(1) White Only,(4) High school graduate,1950,1,69,More than 51,Less than $10
13.33333333334,"(2) Teacher, instructor, or lead teacher",(1) White Only,(3) GED or high school equivalency,1958,2,61,More than 51,Between $11 and $20
13,"(2) Teacher, instructor, or lead teacher",(1) White Only,"(7) Bachelor's degree (BA, BS, AB)",1992,4,27,Between 20 and 40,Between $11 and $20
13.425,"(2) Teacher, instructor, or lead teacher",(1) White Only,"(7) Bachelor's degree (BA, BS, AB)",1965,0,54,More than 51,Between $11 and $20
8.25,"(2) Teacher, instructor, or lead teacher",(2) Black or African American Only,(5) Some college credit but no degree,1968,0,51,More than 51,Less than $10
28.47222222223,"(2) Teacher, instructor, or lead teacher",(1) White Only,(8) Graduate or professional degree,1977,2,42,Between 41 and 50,Between $21 and $30
11.75,"(2) Teacher, instructor, or lead teacher",(1) White Only,(4) High school graduate,1998,NA,21,Between 20 and 40,Between $11 and $20
16,"(2) Teacher, instructor, or lead teacher",NA,"(6) Associate degree (AA, AS)",1975,2,44,Between 41 and 50,Between $11 and $20
41.77777777778,"(2) Teacher, instructor, or lead teacher",(1) White Only,(8) Graduate or professional degree,1988,9,31,Between 20 and 40,More than $31
15,"(2) Teacher, instructor, or lead teacher",(3) Asian Only,"(7) Bachelor's degree (BA, BS, AB)",1973,9,46,Between 41 and 50,Between $11 and $20
NA,"(2) Teacher, instructor, or lead teacher",(2) Black or African American Only,"(6) Associate degree (AA, AS)",1980,0,39,Between 20 and 40,NA
15.55555555556,(1) Aide or assistant teacher,(1) White Only,(4) High school graduate,1981,4,38,Between 20 and 40,Between $11 and $20
15,"(2) Teacher, instructor, or lead teacher",(1) White Only,(8) Graduate or professional degree,1967,6,52,More than 51,Between $11 and $20
9.75,"(2) Teacher, instructor, or lead teacher",(2) Black or African American Only,(5) Some college credit but no degree,1966,5,53,More than 51,Less than $10
NA,"(2) Teacher, instructor, or lead teacher",(3) Asian Only,"(7) Bachelor's degree (BA, BS, AB)",1950,0,69,More than 51,NA
10.625,(1) Aide or assistant teacher,(2) Black or African American Only,(4) High school graduate,1989,1,30,Between 20 and 40,NA
18.3,"(2) Teacher, instructor, or lead teacher",(3) Asian Only,"(6) Associate degree (AA, AS)",1970,3,49,Between 41 and 50,Between $11 and $20
9,"(2) Teacher, instructor, or lead teacher",(2) Black or African American Only,(5) Some college credit but no degree,1966,1,53,More than 51,Less than $10
NA,(1) Aide or assistant teacher,NA,(8) Graduate or professional degree,NA,0,NA,NA,NA
NA,NA,NA,NA,NA,NA,NA,NA,NA
10,"(2) Teacher, instructor, or lead teacher",(1) White Only,(4) High school graduate,1991,3,28,Between 20 and 40,Less than $10
14.25,"(2) Teacher, instructor, or lead teacher",(2) Black or African American Only,"(6) Associate degree (AA, AS)",1958,0,61,More than 51,Between $11 and $20
14.25,(1) Aide or assistant teacher,(2) Black or African American Only,"(6) Associate degree (AA, AS)",1958,0,61,More than 51,Between $11 and $20
15,"(2) Teacher, instructor, or lead teacher",(1) White Only,(8) Graduate or professional degree,1987,16,32,Between 20 and 40,Between $11 and $20
13,(1) Aide or assistant teacher,(1) White Only,(4) High school graduate,1988,4,31,Between 20 and 40,Between $11 and $20
107.5,"(2) Teacher, instructor, or lead teacher",(2) Black or African American Only,"(7) Bachelor's degree (BA, BS, AB)",1991,21,28,Between 20 and 40,More than $31
17,"(2) Teacher, instructor, or lead teacher",(1) White Only,(5) Some college credit but no degree,1969,7,50,Between 41 and 50,Between $11 and $20
20,"(2) Teacher, instructor, or lead teacher",(1) White Only,"(7) Bachelor's degree (BA, BS, AB)",1986,3,33,Between 20 and 40,Between $11 and $20
NA,NA,NA,NA,NA,NA,NA,NA,NA
10.5,"(2) Teacher, instructor, or lead teacher",(1) White Only,(5) Some college credit but no degree,1975,3,44,Between 41 and 50,NA
9,(1) Aide or assistant teacher,NA,(5) Some college credit but no degree,1990,3,29,Between 20 and 40,Less than $10
20,"(2) Teacher, instructor, or lead teacher",(1) White Only,"(6) Associate degree (AA, AS)",1970,0,49,Between 41 and 50,Between $11 and $20
12,"(2) Teacher, instructor, or lead teacher",NA,(5) Some college credit but no degree,1978,1,41,Between 41 and 50,Between $11 and $20
10,(1) Aide or assistant teacher,(1) White Only,(1) Less than High School,1998,10,21,Between 20 and 40,Less than $10
10,"(2) Teacher, instructor, or lead teacher",(1) White Only,(5) Some college credit but no degree,1970,5,49,Between 41 and 50,Less than $10
10.5,"(2) Teacher, instructor, or lead teacher",(1) White Only,"(6) Associate degree (AA, AS)",1998,3,21,Between 20 and 40,NA
NA,(1) Aide or assistant teacher,NA,(5) Some college credit but no degree,NA,NA,NA,NA,NA
20.29914529915,(1) Aide or assistant teacher,(2) Black or African American Only,(8) Graduate or professional degree,1982,6,37,Between 20 and 40,NA
12.85714285715,(1) Aide or assistant teacher,(3) Asian Only,"(7) Bachelor's degree (BA, BS, AB)",1990,6,29,Between 20 and 40,Between $11 and $20
13.75,(1) Aide or assistant teacher,(1) White Only,(5) Some college credit but no degree,NA,0,NA,NA,Between $11 and $20
11,(1) Aide or assistant teacher,(1) White Only,"(7) Bachelor's degree (BA, BS, AB)",1967,0,52,More than 51,Between $11 and $20
15.59563409564,(1) Aide or assistant teacher,(2) Black or African American Only,(5) Some college credit but no degree,NA,0,NA,NA,Between $11 and $20
14.9,"(2) Teacher, instructor, or lead teacher",(1) White Only,"(7) Bachelor's degree (BA, BS, AB)",1982,6,37,Between 20 and 40,Between $11 and $20
11.35,"(2) Teacher, instructor, or lead teacher",(1) White Only,"(7) Bachelor's degree (BA, BS, AB)",1994,11,25,Between 20 and 40,Between $11 and $20
10,(1) Aide or assistant teacher,(1) White Only,(4) High school graduate,1988,0,31,Between 20 and 40,Less than $10
14,"(2) Teacher, instructor, or lead teacher",(1) White Only,"(7) Bachelor's degree (BA, BS, AB)",1962,1,57,More than 51,Between $11 and $20
23.8,"(2) Teacher, instructor, or lead teacher",(8) Other,"(7) Bachelor's degree (BA, BS, AB)",1979,0,40,Between 20 and 40,Between $21 and $30
17.13076923077,(1) Aide or assistant teacher,NA,"(6) Associate degree (AA, AS)",1964,0,55,More than 51,Between $11 and $20
8.5,(1) Aide or assistant teacher,(1) White Only,"(7) Bachelor's degree (BA, BS, AB)",1991,1,28,Between 20 and 40,Less than $10
8.5,(1) Aide or assistant teacher,(1) White Only,"(7) Bachelor's degree (BA, BS, AB)",1994,9,25,Between 20 and 40,Less than $10
12.5,"(2) Teacher, instructor, or lead teacher",(2) Black or African American Only,(5) Some college credit but no degree,1950,0,69,More than 51,Between $11 and $20
15,"(2) Teacher, instructor, or lead teacher",(8) Other,(3) GED or high school equivalency,1982,2,37,Between 20 and 40,Between $11 and $20
11.538461538469999,"(2) Teacher, instructor, or lead teacher",(2) Black or African American Only,(5) Some college credit but no degree,1998,2,21,Between 20 and 40,Between $11 and $20
15,(1) Aide or assistant teacher,(1) White Only,(5) Some college credit but no degree,1998,15,21,Between 20 and 40,Between $11 and $20
8,"(2) Teacher, instructor, or lead teacher",(1) White Only,(5) Some college credit but no degree,1993,0,26,Between 20 and 40,Less than $10
11,(1) Aide or assistant teacher,(1) White Only,(4) High school graduate,1989,0,30,Between 20 and 40,Between $11 and $20
10.30000000001,"(2) Teacher, instructor, or lead teacher",(8) Other,(5) Some college credit but no degree,1979,0,40,Between 20 and 40,NA
50,"(2) Teacher, instructor, or lead teacher",(1) White Only,"(7) Bachelor's degree (BA, BS, AB)",1980,1,39,Between 20 and 40,More than $31
NA,(1) Aide or assistant teacher,(1) White Only,(5) Some college credit but no degree,1971,3,48,Between 41 and 50,NA
17.18,(1) Aide or assistant teacher,(3) Asian Only,"(6) Associate degree (AA, AS)",1950,0,69,More than 51,Between $11 and $20
20.83333333334,"(2) Teacher, instructor, or lead teacher",(2) Black or African American Only,(1) Less than High School,1978,0,41,Between 41 and 50,NA
11,"(2) Teacher, instructor, or lead teacher",(1) White Only,(8) Graduate or professional degree,1963,1,56,More than 51,Between $11 and $20
13.28671328672,"(2) Teacher, instructor, or lead teacher",(2) Black or African American Only,(5) Some college credit but no degree,1950,7,69,More than 51,Between $11 and $20
28.47222222223,"(2) Teacher, instructor, or lead teacher",(1) White Only,"(7) Bachelor's degree (BA, BS, AB)",1970,11,49,Between 41 and 50,Between $21 and $30
15.78040540541,"(2) Teacher, instructor, or lead teacher",(1) White Only,"(6) Associate degree (AA, AS)",1980,0,39,Between 20 and 40,Between $11 and $20
31.11111111112,"(2) Teacher, instructor, or lead teacher",(1) White Only,(8) Graduate or professional degree,1985,3,34,Between 20 and 40,More than $31
NA,"(2) Teacher, instructor, or lead teacher",(1) White Only,(8) Graduate or professional degree,1979,2,40,Between 20 and 40,NA
23,"(2) Teacher, instructor, or lead teacher",(1) White Only,(5) Some college credit but no degree,1950,0,69,More than 51,Between $21 and $30
10,"(2) Teacher, instructor, or lead teacher",(2) Black or African American Only,(4) High school graduate,1975,0,44,Between 41 and 50,Less than $10
13.24,"(2) Teacher, instructor, or lead teacher",(1) White Only,(5) Some college credit but no degree,1973,4,46,Between 41 and 50,Between $11 and $20
10,(1) Aide or assistant teacher,(1) White Only,"(7) Bachelor's degree (BA, BS, AB)",1978,0,41,Between 41 and 50,Less than $10
16.60000000001,(1) Aide or assistant teacher,(1) White Only,(5) Some college credit but no degree,1981,4,38,Between 20 and 40,Between $11 and $20
27.02702702703,(1) Aide or assistant teacher,NA,"(6) Associate degree (AA, AS)",1988,0,31,Between 20 and 40,Between $21 and $30
10.5,(1) Aide or assistant teacher,(2) Black or African American Only,"(7) Bachelor's degree (BA, BS, AB)",1958,1,61,More than 51,NA
20,"(2) Teacher, instructor, or lead teacher",(1) White Only,(8) Graduate or professional degree,1968,0,51,More than 51,Between $11 and $20
13.99,(1) Aide or assistant teacher,(2) Black or African American Only,(5) Some college credit but no degree,1960,0,59,More than 51,Between $11 and $20
13,(1) Aide or assistant teacher,(1) White Only,(4) High school graduate,1984,4,35,Between 20 and 40,Between $11 and $20
11,"(2) Teacher, instructor, or lead teacher",(2) Black or African American Only,"(6) Associate degree (AA, AS)",1982,1,37,Between 20 and 40,Between $11 and $20
11.08,(1) Aide or assistant teacher,(8) Other,"(7) Bachelor's degree (BA, BS, AB)",1958,0,61,More than 51,Between $11 and $20
12,"(2) Teacher, instructor, or lead teacher",(1) White Only,"(7) Bachelor's degree (BA, BS, AB)",1950,0,69,More than 51,Between $11 and $20
19,"(2) Teacher, instructor, or lead teacher",(2) Black or African American Only,(4) High school graduate,1978,0,41,Between 41 and 50,Between $11 and $20
10.51862673485,"(2) Teacher, instructor, or lead teacher",(1) White Only,(4) High school graduate,1970,0,49,Between 41 and 50,NA
8.74,"(2) Teacher, instructor, or lead teacher",(1) White Only,"(7) Bachelor's degree (BA, BS, AB)",1985,11,34,Between 20 and 40,Less than $10
9.57446808511,(1) Aide or assistant teacher,(1) White Only,"(7) Bachelor's degree (BA, BS, AB)",1977,2,42,Between 41 and 50,Less than $10
12,(1) Aide or assistant teacher,NA,"(7) Bachelor's degree (BA, BS, AB)",1991,7,28,Between 20 and 40,Between $11 and $20
24.18604651163,"(2) Teacher, instructor, or lead teacher",(8) Other,(8) Graduate or professional degree,1969,0,50,Between 41 and 50,Between $21 and $30
16,"(2) Teacher, instructor, or lead teacher",NA,"(6) Associate degree (AA, AS)",NA,11,NA,NA,Between $11 and $20
NA,NA,NA,NA,NA,NA,NA,NA,NA
15.625,(1) Aide or assistant teacher,(1) White Only,(5) Some college credit but no degree,1991,4,28,Between 20 and 40,Between $11 and $20
12,(1) Aide or assistant teacher,NA,(4) High school graduate,NA,NA,NA,NA,Between $11 and $20
NA,(1) Aide or assistant teacher,(1) White Only,(4) High school graduate,1991,4,28,Between 20 and 40,NA
NA,"(2) Teacher, instructor, or lead teacher",NA,(5) Some college credit but no degree,1983,7,36,Between 20 and 40,NA
NA,"(2) Teacher, instructor, or lead teacher",(8) Other,(5) Some college credit but no degree,1974,0,45,Between 41 and 50,NA
11.125,(1) Aide or assistant teacher,(1) White Only,"(7) Bachelor's degree (BA, BS, AB)",1983,0,36,Between 20 and 40,Between $11 and $20
15.45,"(2) Teacher, instructor, or lead teacher",(2) Black or African American Only,"(6) Associate degree (AA, AS)",1958,6,61,More than 51,Between $11 and $20
12,"(2) Teacher, instructor, or lead teacher",(1) White Only,(4) High school graduate,1990,0,29,Between 20 and 40,Between $11 and $20
12.24,(1) Aide or assistant teacher,(1) White Only,"(6) Associate degree (AA, AS)",1998,9,21,Between 20 and 40,Between $11 and $20
18.75,"(2) Teacher, instructor, or lead teacher",NA,"(7) Bachelor's degree (BA, BS, AB)",1964,1,55,More than 51,Between $11 and $20
13,(1) Aide or assistant teacher,(2) Black or African American Only,(5) Some college credit but no degree,1995,1,24,Between 20 and 40,Between $11 and $20
22.22222222223,"(2) Teacher, instructor, or lead teacher",(1) White Only,"(7) Bachelor's degree (BA, BS, AB)",1984,4,35,Between 20 and 40,Between $21 and $30
9,"(2) Teacher, instructor, or lead teacher",(1) White Only,(5) Some college credit but no degree,1996,4,23,Between 20 and 40,Less than $10
11,"(2) Teacher, instructor, or lead teacher",(2) Black or African American Only,"(6) Associate degree (AA, AS)",1990,3,29,Between 20 and 40,Between $11 and $20
10.04,"(2) Teacher, instructor, or lead teacher",(2) Black or African American Only,"(6) Associate degree (AA, AS)",1976,3,43,Between 41 and 50,NA
NA,NA,NA,NA,NA,NA,NA,NA,NA
NA,NA,NA,NA,NA,NA,NA,NA,NA
13.03,(1) Aide or assistant teacher,(1) White Only,"(7) Bachelor's degree (BA, BS, AB)",1963,1,56,More than 51,Between $11 and $20
NA,NA,NA,NA,NA,NA,NA,NA,NA
10,(1) Aide or assistant teacher,(2) Black or African American Only,(5) Some college credit but no degree,1958,8,61,More than 51,Less than $10
12,"(2) Teacher, instructor, or lead teacher",(1) White Only,"(7) Bachelor's degree (BA, BS, AB)",1996,4,23,Between 20 and 40,Between $11 and $20
10,(1) Aide or assistant teacher,(1) White Only,(5) Some college credit but no degree,1990,0,29,Between 20 and 40,Less than $10
17.5,(1) Aide or assistant teacher,NA,(5) Some college credit but no degree,1986,4,33,Between 20 and 40,Between $11 and $20
NA,"(2) Teacher, instructor, or lead teacher",(2) Black or African American Only,(1) Less than High School,1950,NA,69,More than 51,NA
NA,NA,NA,NA,NA,NA,NA,NA,NA
27.3625,"(2) Teacher, instructor, or lead teacher",(1) White Only,(8) Graduate or professional degree,1970,1,49,Between 41 and 50,Between $21 and $30
NA,NA,NA,NA,NA,NA,NA,NA,NA
NA,NA,NA,NA,NA,NA,NA,NA,NA
9,"(2) Teacher, instructor, or lead teacher",(1) White Only,(4) High school graduate,NA,3,NA,NA,Less than $10
11.66666666667,"(2) Teacher, instructor, or lead teacher",(1) White Only,(5) Some college credit but no degree,1962,7,57,More than 51,Between $11 and $20
11,(1) Aide or assistant teacher,(2) Black or African American Only,(4) High school graduate,1987,0,32,Between 20 and 40,Between $11 and $20
22.756,"(2) Teacher, instructor, or lead teacher",(1) White Only,(4) High school graduate,1986,1,33,Between 20 and 40,Between $21 and $30
20,"(2) Teacher, instructor, or lead teacher",(1) White Only,(8) Graduate or professional degree,1962,0,57,More than 51,Between $11 and $20
12,"(2) Teacher, instructor, or lead teacher",(2) Black or African American Only,(5) Some college credit but no degree,1960,10,59,More than 51,Between $11 and $20
NA,NA,NA,NA,NA,NA,NA,NA,NA
4.97025,(1) Aide or assistant teacher,(2) Black or African American Only,(4) High school graduate,1991,6,28,Between 20 and 40,Less than $10
14,"(2) Teacher, instructor, or lead teacher",(1) White Only,(4) High school graduate,1976,11,43,Between 41 and 50,Between $11 and $20
7.3,"(2) Teacher, instructor, or lead teacher",(1) White Only,"(6) Associate degree (AA, AS)",1986,0,33,Between 20 and 40,Less than $10
NA,(1) Aide or assistant teacher,(1) White Only,"(6) Associate degree (AA, AS)",1982,1,37,Between 20 and 40,NA
14,"(2) Teacher, instructor, or lead teacher",(1) White Only,(3) GED or high school equivalency,1993,6,26,Between 20 and 40,Between $11 and $20
20,(1) Aide or assistant teacher,(2) Black or African American Only,"(6) Associate degree (AA, AS)",1981,2,38,Between 20 and 40,Between $11 and $20
17.68,"(2) Teacher, instructor, or lead teacher",(1) White Only,"(6) Associate degree (AA, AS)",1985,0,34,Between 20 and 40,Between $11 and $20
NA,"(2) Teacher, instructor, or lead teacher",(2) Black or African American Only,(3) GED or high school equivalency,1976,NA,43,Between 41 and 50,NA
NA,NA,NA,NA,NA,NA,NA,NA,NA
8,"(2) Teacher, instructor, or lead teacher",(2) Black or African American Only,(4) High school graduate,1958,2,61,More than 51,Less than $10
8,"(2) Teacher, instructor, or lead teacher",(1) White Only,(1) Less than High School,1950,1,69,More than 51,Less than $10
8.25,"(2) Teacher, instructor, or lead teacher",(1) White Only,"(7) Bachelor's degree (BA, BS, AB)",1983,0,36,Between 20 and 40,Less than $10
16,(1) Aide or assistant teacher,(2) Black or African American Only,(4) High school graduate,1978,3,41,Between 41 and 50,Between $11 and $20
NA,"(2) Teacher, instructor, or lead teacher",(1) White Only,"(7) Bachelor's degree (BA, BS, AB)",1958,3,61,More than 51,NA
15,(1) Aide or assistant teacher,(1) White Only,(3) GED or high school equivalency,1971,1,48,Between 41 and 50,Between $11 and $20
16.25,"(2) Teacher, instructor, or lead teacher",(2) Black or African American Only,"(7) Bachelor's degree (BA, BS, AB)",1972,7,47,Between 41 and 50,Between $11 and $20
9.28571428572,(1) Aide or assistant teacher,(1) White Only,(4) High school graduate,1985,0,34,Between 20 and 40,Less than $10
11.25,(1) Aide or assistant teacher,(1) White Only,(4) High school graduate,1977,1.166666666667,42,Between 41 and 50,Between $11 and $20
10,(1) Aide or assistant teacher,(1) White Only,(4) High school graduate,1965,4,54,More than 51,Less than $10
19.44444444445,"(2) Teacher, instructor, or lead teacher",(2) Black or African American Only,"(7) Bachelor's degree (BA, BS, AB)",1950,8,69,More than 51,Between $11 and $20
NA,NA,NA,NA,NA,NA,NA,NA,NA
NA,"(2) Teacher, instructor, or lead teacher",NA,NA,NA,NA,NA,NA,NA
NA,"(2) Teacher, instructor, or lead teacher",(1) White Only,"(7) Bachelor's degree (BA, BS, AB)",1982,NA,37,Between 20 and 40,NA
18.25,"(2) Teacher, instructor, or lead teacher",(1) White Only,(8) Graduate or professional degree,1969,2,50,Between 41 and 50,Between $11 and $20
NA,NA,NA,NA,NA,NA,NA,NA,NA
15,(1) Aide or assistant teacher,(3) Asian Only,(5) Some college credit but no degree,1990,0,29,Between 20 and 40,Between $11 and $20
9.75,"(2) Teacher, instructor, or lead teacher",(2) Black or African American Only,(4) High school graduate,1989,2,30,Between 20 and 40,Less than $10
13,(1) Aide or assistant teacher,(1) White Only,"(7) Bachelor's degree (BA, BS, AB)",1994,0,25,Between 20 and 40,Between $11 and $20
10.78,(1) Aide or assistant teacher,(1) White Only,(4) High school graduate,1995,2,24,Between 20 and 40,NA
15.73333333334,"(2) Teacher, instructor, or lead teacher",(1) White Only,(5) Some college credit but no degree,1976,2,43,Between 41 and 50,Between $11 and $20
12,"(2) Teacher, instructor, or lead teacher",(1) White Only,(5) Some college credit but no degree,1985,3,34,Between 20 and 40,Between $11 and $20
10,"(2) Teacher, instructor, or lead teacher",(1) White Only,(4) High school graduate,1994,2,25,Between 20 and 40,Less than $10
10.75,(1) Aide or assistant teacher,(1) White Only,(4) High school graduate,1950,4,69,More than 51,NA
13.63636363637,"(2) Teacher, instructor, or lead teacher",(1) White Only,(5) Some college credit but no degree,1989,7,30,Between 20 and 40,Between $11 and $20
13.88892857143,"(2) Teacher, instructor, or lead teacher",(1) White Only,(4) High school graduate,1998,5,21,Between 20 and 40,Between $11 and $20
16,"(2) Teacher, instructor, or lead teacher",(1) White Only,"(6) Associate degree (AA, AS)",1975,0,44,Between 41 and 50,Between $11 and $20
NA,NA,NA,NA,NA,NA,NA,NA,NA
14,"(2) Teacher, instructor, or lead teacher",(1) White Only,(4) High school graduate,1975,5,44,Between 41 and 50,Between $11 and $20
13,"(2) Teacher, instructor, or lead teacher",(1) White Only,(4) High school graduate,1990,0,29,Between 20 and 40,Between $11 and $20
14,"(2) Teacher, instructor, or lead teacher",(2) Black or African American Only,NA,1969,4,50,Between 41 and 50,Between $11 and $20
18.47872340426,"(2) Teacher, instructor, or lead teacher",(2) Black or African American Only,"(7) Bachelor's degree (BA, BS, AB)",1982,4,37,Between 20 and 40,Between $11 and $20
10.625,"(2) Teacher, instructor, or lead teacher",(1) White Only,(5) Some college credit but no degree,NA,0,NA,NA,NA
10.73345259392,"(2) Teacher, instructor, or lead teacher",(1) White Only,(5) Some college credit but no degree,1998,0,21,Between 20 and 40,NA
NA,"(2) Teacher, instructor, or lead teacher",(3) Asian Only,(8) Graduate or professional degree,1982,0,37,Between 20 and 40,NA
11.25,"(2) Teacher, instructor, or lead teacher",(3) Asian Only,"(7) Bachelor's degree (BA, BS, AB)",1983,1,36,Between 20 and 40,Between $11 and $20
7.5,"(2) Teacher, instructor, or lead teacher",(1) White Only,(4) High school graduate,1990,NA,29,Between 20 and 40,Less than $10
NA,"(2) Teacher, instructor, or lead teacher",(2) Black or African American Only,"(6) Associate degree (AA, AS)",NA,0,NA,NA,NA
10,(1) Aide or assistant teacher,(1) White Only,(4) High school graduate,1987,3,32,Between 20 and 40,Less than $10
NA,NA,NA,NA,NA,NA,NA,NA,NA
10,(1) Aide or assistant teacher,(2) Black or African American Only,(4) High school graduate,1971,10,48,Between 41 and 50,Less than $10
14,(1) Aide or assistant teacher,(1) White Only,(3) GED or high school equivalency,1988,0,31,Between 20 and 40,Between $11 and $20
NA,NA,NA,NA,NA,NA,NA,NA,NA
9.47368421053,"(2) Teacher, instructor, or lead teacher",(1) White Only,(4) High school graduate,1971,3,48,Between 41 and 50,Less than $10
8.96000000001,(1) Aide or assistant teacher,(1) White Only,(5) Some college credit but no degree,1969,3,50,Between 41 and 50,Less than $10
10.56,(1) Aide or assistant teacher,(1) White Only,"(6) Associate degree (AA, AS)",1981,1,38,Between 20 and 40,NA
12.5,"(2) Teacher, instructor, or lead teacher",(2) Black or African American Only,"(7) Bachelor's degree (BA, BS, AB)",1982,0,37,Between 20 and 40,Between $11 and $20
14.25,"(2) Teacher, instructor, or lead teacher",(1) White Only,"(7) Bachelor's degree (BA, BS, AB)",1983,2,36,Between 20 and 40,Between $11 and $20
12.5,"(2) Teacher, instructor, or lead teacher",(1) White Only,(5) Some college credit but no degree,1996,0,23,Between 20 and 40,Between $11 and $20
29.8,"(2) Teacher, instructor, or lead teacher",(1) White Only,(8) Graduate or professional degree,1990,4,29,Between 20 and 40,Between $21 and $30
12.96296296297,(1) Aide or assistant teacher,(1) White Only,(4) High school graduate,1996,3,23,Between 20 and 40,Between $11 and $20
15.625,"(2) Teacher, instructor, or lead teacher",(2) Black or African American Only,(5) Some college credit but no degree,1964,2,55,More than 51,Between $11 and $20
20,"(2) Teacher, instructor, or lead teacher",(1) White Only,(8) Graduate or professional degree,1965,0,54,More than 51,Between $11 and $20
NA,"(2) Teacher, instructor, or lead teacher",(1) White Only,"(7) Bachelor's degree (BA, BS, AB)",1963,0,56,More than 51,NA
17.5,"(2) Teacher, instructor, or lead teacher",(1) White Only,"(6) Associate degree (AA, AS)",1964,0,55,More than 51,Between $11 and $20
15.25,"(2) Teacher, instructor, or lead teacher",(1) White Only,"(6) Associate degree (AA, AS)",1983,3,36,Between 20 and 40,Between $11 and $20
14,(1) Aide or assistant teacher,(3) Asian Only,"(7) Bachelor's degree (BA, BS, AB)",1962,4,57,More than 51,Between $11 and $20
10.5,(1) Aide or assistant teacher,(1) White Only,(4) High school graduate,1990,1,29,Between 20 and 40,NA
11,"(2) Teacher, instructor, or lead teacher",(2) Black or African American Only,(4) High school graduate,1984,1,35,Between 20 and 40,Between $11 and $20
8.15,"(2) Teacher, instructor, or lead teacher",(8) Other,(5) Some college credit but no degree,1974,4,45,Between 41 and 50,Less than $10
13.75,"(2) Teacher, instructor, or lead teacher",(8) Other,(4) High school graduate,1995,0,24,Between 20 and 40,Between $11 and $20
10,"(2) Teacher, instructor, or lead teacher",(2) Black or African American Only,"(6) Associate degree (AA, AS)",1958,0,61,More than 51,Less than $10
15.72,"(2) Teacher, instructor, or lead teacher",(1) White Only,"(7) Bachelor's degree (BA, BS, AB)",1966,3,53,More than 51,Between $11 and $20
NA,NA,NA,NA,NA,NA,NA,NA,NA
9.4,"(2) Teacher, instructor, or lead teacher",(1) White Only,(5) Some college credit but no degree,1986,9,33,Between 20 and 40,Less than $10
11.5,"(2) Teacher, instructor, or lead teacher",(1) White Only,(4) High school graduate,1989,1,30,Between 20 and 40,Between $11 and $20
20.67307692308,"(2) Teacher, instructor, or lead teacher",(1) White Only,"(7) Bachelor's degree (BA, BS, AB)",1958,1,61,More than 51,NA
13.5,(1) Aide or assistant teacher,(1) White Only,"(7) Bachelor's degree (BA, BS, AB)",1996,1,23,Between 20 and 40,Between $11 and $20
13.75,(1) Aide or assistant teacher,(2) Black or African American Only,"(6) Associate degree (AA, AS)",1970,0,49,Between 41 and 50,Between $11 and $20
15.39,(1) Aide or assistant teacher,NA,"(6) Associate degree (AA, AS)",1981,1,38,Between 20 and 40,Between $11 and $20
NA,(1) Aide or assistant teacher,NA,(5) Some college credit but no degree,NA,NA,NA,NA,NA
48.61111111112,"(2) Teacher, instructor, or lead teacher",(1) White Only,(8) Graduate or professional degree,1958,1,61,More than 51,More than $31
9.98,(1) Aide or assistant teacher,(1) White Only,(4) High school graduate,1998,5,21,Between 20 and 40,Less than $10
13.5,"(2) Teacher, instructor, or lead teacher",(1) White Only,(5) Some college credit but no degree,1998,2,21,Between 20 and 40,Between $11 and $20
20,(1) Aide or assistant teacher,(1) White Only,"(7) Bachelor's degree (BA, BS, AB)",1977,5,42,Between 41 and 50,Between $11 and $20
11.65,(1) Aide or assistant teacher,NA,(5) Some college credit but no degree,1998,0,21,Between 20 and 40,Between $11 and $20
9.25,"(2) Teacher, instructor, or lead teacher",(1) White Only,(5) Some college credit but no degree,1976,3,43,Between 41 and 50,Less than $10
NA,"(2) Teacher, instructor, or lead teacher",(1) White Only,"(7) Bachelor's degree (BA, BS, AB)",NA,2,NA,NA,NA
17.85714285715,"(2) Teacher, instructor, or lead teacher",(1) White Only,(8) Graduate or professional degree,1963,3,56,More than 51,Between $11 and $20
11.36363636364,(1) Aide or assistant teacher,(1) White Only,(5) Some college credit but no degree,1964,3.5,55,More than 51,Between $11 and $20
8.56,"(2) Teacher, instructor, or lead teacher",NA,"(6) Associate degree (AA, AS)",1983,3,36,Between 20 and 40,Less than $10
10,"(2) Teacher, instructor, or lead teacher",(2) Black or African American Only,(5) Some college credit but no degree,1995,0,24,Between 20 and 40,Less than $10
17.25,"(2) Teacher, instructor, or lead teacher",(1) White Only,"(6) Associate degree (AA, AS)",1981,0,38,Between 20 and 40,Between $11 and $20
10,"(2) Teacher, instructor, or lead teacher",(1) White Only,(5) Some college credit but no degree,1998,1,21,Between 20 and 40,Less than $10
10.25,(1) Aide or assistant teacher,(2) Black or African American Only,(5) Some college credit but no degree,1985,4,34,Between 20 and 40,NA
9.5,"(2) Teacher, instructor, or lead teacher",(2) Black or African American Only,"(6) Associate degree (AA, AS)",1980,1,39,Between 20 and 40,Less than $10
17.68,(1) Aide or assistant teacher,(1) White Only,"(6) Associate degree (AA, AS)",1990,0,29,Between 20 and 40,Between $11 and $20
2.84765068818,(1) Aide or assistant teacher,(1) White Only,(5) Some college credit but no degree,1978,0,41,Between 41 and 50,Less than $10
21.66666666667,(1) Aide or assistant teacher,(2) Black or African American Only,(4) High school graduate,1976,2,43,Between 41 and 50,Between $21 and $30
12,(1) Aide or assistant teacher,(3) Asian Only,(8) Graduate or professional degree,1981,0,38,Between 20 and 40,Between $11 and $20
27,"(2) Teacher, instructor, or lead teacher",NA,(5) Some college credit but no degree,NA,5,NA,NA,Between $21 and $30
13.5,"(2) Teacher, instructor, or lead teacher",NA,(5) Some college credit but no degree,1972,0,47,Between 41 and 50,Between $11 and $20
8.5,(1) Aide or assistant teacher,(1) White Only,(4) High school graduate,1994,1,25,Between 20 and 40,Less than $10
15,(1) Aide or assistant teacher,(2) Black or African American Only,"(6) Associate degree (AA, AS)",1967,2,52,More than 51,Between $11 and $20
13.25,"(2) Teacher, instructor, or lead teacher",(2) Black or African American Only,"(7) Bachelor's degree (BA, BS, AB)",1967,3,52,More than 51,Between $11 and $20
13.49,"(2) Teacher, instructor, or lead teacher",(1) White Only,"(7) Bachelor's degree (BA, BS, AB)",1996,6,23,Between 20 and 40,Between $11 and $20
14.25,"(2) Teacher, instructor, or lead teacher",(1) White Only,"(6) Associate degree (AA, AS)",1962,6,57,More than 51,Between $11 and $20
NA,NA,NA,NA,NA,NA,NA,NA,NA
15,(1) Aide or assistant teacher,(1) White Only,(4) High school graduate,1987,0,32,Between 20 and 40,Between $11 and $20
11,"(2) Teacher, instructor, or lead teacher",(1) White Only,(5) Some college credit but no degree,1994,0,25,Between 20 and 40,Between $11 and $20
8.97435897436,"(2) Teacher, instructor, or lead teacher",(2) Black or African American Only,(4) High school graduate,1979,1,40,Between 20 and 40,Less than $10
NA,"(2) Teacher, instructor, or lead teacher",NA,"(6) Associate degree (AA, AS)",NA,1,NA,NA,NA
25,"(2) Teacher, instructor, or lead teacher",(8) Other,"(7) Bachelor's degree (BA, BS, AB)",1988,1,31,Between 20 and 40,Between $21 and $30
13,(1) Aide or assistant teacher,(1) White Only,(4) High school graduate,1960,1,59,More than 51,Between $11 and $20
25.46296296297,"(2) Teacher, instructor, or lead teacher",(1) White Only,"(7) Bachelor's degree (BA, BS, AB)",1988,9,31,Between 20 and 40,Between $21 and $30
32.36111111112,(1) Aide or assistant teacher,NA,"(7) Bachelor's degree (BA, BS, AB)",1984,4,35,Between 20 and 40,More than $31
8.55000000001,"(2) Teacher, instructor, or lead teacher",(1) White Only,"(7) Bachelor's degree (BA, BS, AB)",1994,4,25,Between 20 and 40,Less than $10
7.8125,"(2) Teacher, instructor, or lead teacher",(2) Black or African American Only,(5) Some college credit but no degree,1983,0,36,Between 20 and 40,Less than $10
NA,NA,NA,NA,NA,NA,NA,NA,NA
14.375,"(2) Teacher, instructor, or lead teacher",NA,(5) Some college credit but no degree,1974,0,45,Between 41 and 50,Between $11 and $20
15,"(2) Teacher, instructor, or lead teacher",(1) White Only,"(7) Bachelor's degree (BA, BS, AB)",1992,6,27,Between 20 and 40,Between $11 and $20
16.66666666667,"(2) Teacher, instructor, or lead teacher",NA,"(7) Bachelor's degree (BA, BS, AB)",NA,7,NA,NA,Between $11 and $20
NA,NA,NA,NA,NA,NA,NA,NA,NA
13.43,(1) Aide or assistant teacher,NA,(5) Some college credit but no degree,1998,3,21,Between 20 and 40,Between $11 and $20
10.1,"(2) Teacher, instructor, or lead teacher",(1) White Only,"(6) Associate degree (AA, AS)",1996,0,23,Between 20 and 40,NA
22,"(2) Teacher, instructor, or lead teacher",(1) White Only,"(7) Bachelor's degree (BA, BS, AB)",1990,9,29,Between 20 and 40,Between $21 and $30
12,"(2) Teacher, instructor, or lead teacher",(2) Black or African American Only,(4) High school graduate,1950,3,69,More than 51,Between $11 and $20
NA,"(2) Teacher, instructor, or lead teacher",(1) White Only,"(7) Bachelor's degree (BA, BS, AB)",1964,4,55,More than 51,NA
15.5,"(2) Teacher, instructor, or lead teacher",(1) White Only,(5) Some college credit but no degree,1960,0,59,More than 51,Between $11 and $20
14,(1) Aide or assistant teacher,(1) White Only,(4) High school graduate,1995,7,24,Between 20 and 40,Between $11 and $20
NA,(1) Aide or assistant teacher,(1) White Only,"(6) Associate degree (AA, AS)",NA,NA,NA,NA,NA
NA,NA,NA,NA,NA,NA,NA,NA,NA
NA,"(2) Teacher, instructor, or lead teacher",(1) White Only,(5) Some college credit but no degree,1984,NA,35,Between 20 and 40,NA
10,(1) Aide or assistant teacher,(1) White Only,(4) High school graduate,1998,14,21,Between 20 and 40,Less than $10
11,"(2) Teacher, instructor, or lead teacher",(1) White Only,(4) High school graduate,1998,0,21,Between 20 and 40,Between $11 and $20
27.16049382717,"(2) Teacher, instructor, or lead teacher",(1) White Only,"(7) Bachelor's degree (BA, BS, AB)",1993,0,26,Between 20 and 40,Between $21 and $30
10,(1) Aide or assistant teacher,(1) White Only,"(6) Associate degree (AA, AS)",1966,3,53,More than 51,Less than $10
13.4,"(2) Teacher, instructor, or lead teacher",(1) White Only,(4) High school graduate,1968,7,51,More than 51,Between $11 and $20
18,"(2) Teacher, instructor, or lead teacher",(1) White Only,"(7) Bachelor's degree (BA, BS, AB)",1996,0,23,Between 20 and 40,Between $11 and $20
16.10000000001,"(2) Teacher, instructor, or lead teacher",NA,"(6) Associate degree (AA, AS)",1990,0,29,Between 20 and 40,Between $11 and $20
NA,"(2) Teacher, instructor, or lead teacher",(1) White Only,(4) High school graduate,1998,NA,21,Between 20 and 40,NA
15.3,"(2) Teacher, instructor, or lead teacher",(1) White Only,(5) Some college credit but no degree,1963,2,56,More than 51,Between $11 and $20
13,"(2) Teacher, instructor, or lead teacher",(2) Black or African American Only,(8) Graduate or professional degree,1984,8,35,Between 20 and 40,Between $11 and $20
12,"(2) Teacher, instructor, or lead teacher",(3) Asian Only,"(6) Associate degree (AA, AS)",1988,0,31,Between 20 and 40,Between $11 and $20
13.67521367522,"(2) Teacher, instructor, or lead teacher",(1) White Only,"(7) Bachelor's degree (BA, BS, AB)",1987,3,32,Between 20 and 40,Between $11 and $20
NA,"(2) Teacher, instructor, or lead teacher",(1) White Only,"(7) Bachelor's degree (BA, BS, AB)",1975,0,44,Between 41 and 50,NA
17.02127659575,"(2) Teacher, instructor, or lead teacher",NA,(5) Some college credit but no degree,1998,0,21,Between 20 and 40,Between $11 and $20
NA,NA,NA,NA,NA,NA,NA,NA,NA
8.25,(1) Aide or assistant teacher,(1) White Only,(3) GED or high school equivalency,1962,17,57,More than 51,Less than $10
NA,NA,NA,NA,NA,NA,NA,NA,NA
NA,NA,NA,NA,NA,NA,NA,NA,NA
11.82,"(2) Teacher, instructor, or lead teacher",(1) White Only,(4) High school graduate,1982,0,37,Between 20 and 40,Between $11 and $20
15,"(2) Teacher, instructor, or lead teacher",(3) Asian Only,"(7) Bachelor's degree (BA, BS, AB)",1994,1,25,Between 20 and 40,Between $11 and $20
NA,NA,NA,NA,NA,NA,NA,NA,NA
12,"(2) Teacher, instructor, or lead teacher",(1) White Only,"(7) Bachelor's degree (BA, BS, AB)",1976,0,43,Between 41 and 50,Between $11 and $20
16.10000000001,"(2) Teacher, instructor, or lead teacher",(1) White Only,"(7) Bachelor's degree (BA, BS, AB)",1992,6,27,Between 20 and 40,Between $11 and $20
15.76,"(2) Teacher, instructor, or lead teacher",NA,"(7) Bachelor's degree (BA, BS, AB)",1960,0,59,More than 51,Between $11 and $20
NA,NA,NA,NA,NA,NA,NA,NA,NA
NA,"(2) Teacher, instructor, or lead teacher",(3) Asian Only,"(7) Bachelor's degree (BA, BS, AB)",1963,0,56,More than 51,NA
15,"(2) Teacher, instructor, or lead teacher",(8) Other,(5) Some college credit but no degree,1967,4,52,More than 51,Between $11 and $20
18.79699248121,(1) Aide or assistant teacher,(2) Black or African American Only,"(6) Associate degree (AA, AS)",1978,3,41,Between 41 and 50,Between $11 and $20
17.14285714286,"(2) Teacher, instructor, or lead teacher",(1) White Only,(4) High school graduate,1958,1,61,More than 51,Between $11 and $20
8.9,"(2) Teacher, instructor, or lead teacher",(1) White Only,(5) Some college credit but no degree,1984,0,35,Between 20 and 40,Less than $10
15.44,"(2) Teacher, instructor, or lead teacher",(1) White Only,(8) Graduate or professional degree,1971,0,48,Between 41 and 50,Between $11 and $20
14.29,"(2) Teacher, instructor, or lead teacher",(1) White Only,"(7) Bachelor's degree (BA, BS, AB)",1962,1,57,More than 51,Between $11 and $20
9,(1) Aide or assistant teacher,(1) White Only,(5) Some college credit but no degree,1998,12,21,Between 20 and 40,Less than $10
8,"(2) Teacher, instructor, or lead teacher",(1) White Only,(5) Some college credit but no degree,1996,0,23,Between 20 and 40,Less than $10
9.5,"(2) Teacher, instructor, or lead teacher",(2) Black or African American Only,(5) Some college credit but no degree,1992,6,27,Between 20 and 40,Less than $10
15,(1) Aide or assistant teacher,(1) White Only,(4) High school graduate,1968,0,51,More than 51,Between $11 and $20
10.25,"(2) Teacher, instructor, or lead teacher",NA,"(6) Associate degree (AA, AS)",1995,0,24,Between 20 and 40,NA
9.25925925926,(1) Aide or assistant teacher,(1) White Only,(5) Some college credit but no degree,1971,9,48,Between 41 and 50,Less than $10
11,(1) Aide or assistant teacher,(2) Black or African American Only,(4) High school graduate,1985,0,34,Between 20 and 40,Between $11 and $20
NA,NA,NA,NA,NA,NA,NA,NA,NA
21.17647058824,"(2) Teacher, instructor, or lead teacher",(1) White Only,(8) Graduate or professional degree,1958,2,61,More than 51,Between $21 and $30
NA,NA,NA,NA,NA,NA,NA,NA,NA
9,"(2) Teacher, instructor, or lead teacher",(1) White Only,(5) Some college credit but no degree,1984,6,35,Between 20 and 40,Less than $10
9.5,(1) Aide or assistant teacher,(1) White Only,(3) GED or high school equivalency,1979,0,40,Between 20 and 40,Less than $10
7.25,(1) Aide or assistant teacher,(2) Black or African American Only,(4) High school graduate,1995,5,24,Between 20 and 40,Less than $10
20.55,"(2) Teacher, instructor, or lead teacher",(3) Asian Only,"(6) Associate degree (AA, AS)",1970,6,49,Between 41 and 50,NA
8.75,"(2) Teacher, instructor, or lead teacher",(2) Black or African American Only,(5) Some college credit but no degree,1950,0,69,More than 51,Less than $10
16.7004048583,"(2) Teacher, instructor, or lead teacher",(1) White Only,"(7) Bachelor's degree (BA, BS, AB)",1958,2,61,More than 51,Between $11 and $20
19.5,"(2) Teacher, instructor, or lead teacher",(1) White Only,(8) Graduate or professional degree,1964,1,55,More than 51,Between $11 and $20
17.5,"(2) Teacher, instructor, or lead teacher",(1) White Only,"(7) Bachelor's degree (BA, BS, AB)",1990,8,29,Between 20 and 40,Between $11 and $20
11,"(2) Teacher, instructor, or lead teacher",(1) White Only,"(7) Bachelor's degree (BA, BS, AB)",1969,0,50,Between 41 and 50,Between $11 and $20
12.35,"(2) Teacher, instructor, or lead teacher",(1) White Only,(4) High school graduate,1996,1,23,Between 20 and 40,Between $11 and $20
20.20202020203,"(2) Teacher, instructor, or lead teacher",(1) White Only,"(7) Bachelor's degree (BA, BS, AB)",1965,0,54,More than 51,NA
NA,"(2) Teacher, instructor, or lead teacher",(8) Other,(8) Graduate or professional degree,1965,0,54,More than 51,NA
13,(1) Aide or assistant teacher,(2) Black or African American Only,(5) Some college credit but no degree,1992,5,27,Between 20 and 40,Between $11 and $20
NA,NA,NA,NA,NA,NA,NA,NA,NA
9.6,"(2) Teacher, instructor, or lead teacher",(2) Black or African American Only,"(6) Associate degree (AA, AS)",1964,1,55,More than 51,Less than $10
9,"(2) Teacher, instructor, or lead teacher",(2) Black or African American Only,(4) High school graduate,1987,3,32,Between 20 and 40,Less than $10
8.25,"(2) Teacher, instructor, or lead teacher",(1) White Only,(3) GED or high school equivalency,1950,1,69,More than 51,Less than $10
11,"(2) Teacher, instructor, or lead teacher",(1) White Only,(4) High school graduate,1996,8,23,Between 20 and 40,Between $11 and $20
10,"(2) Teacher, instructor, or lead teacher",(1) White Only,"(7) Bachelor's degree (BA, BS, AB)",1980,0,39,Between 20 and 40,Less than $10
13,"(2) Teacher, instructor, or lead teacher",(1) White Only,"(6) Associate degree (AA, AS)",1962,0,57,More than 51,Between $11 and $20
15.69767441861,"(2) Teacher, instructor, or lead teacher",(1) White Only,"(7) Bachelor's degree (BA, BS, AB)",1985,0,34,Between 20 and 40,Between $11 and $20
12.67,"(2) Teacher, instructor, or lead teacher",(1) White Only,"(7) Bachelor's degree (BA, BS, AB)",1974,7,45,Between 41 and 50,Between $11 and $20
8,"(2) Teacher, instructor, or lead teacher",(1) White Only,(8) Graduate or professional degree,1972,0,47,Between 41 and 50,Less than $10
10.75,(1) Aide or assistant teacher,(1) White Only,(5) Some college credit but no degree,1993,5,26,Between 20 and 40,NA
14.8,"(2) Teacher, instructor, or lead teacher",(1) White Only,(5) Some college credit but no degree,1975,4,44,Between 41 and 50,Between $11 and $20
18.38235294118,"(2) Teacher, instructor, or lead teacher",(8) Other,"(6) Associate degree (AA, AS)",1985,13,34,Between 20 and 40,Between $11 and $20
9,(1) Aide or assistant teacher,(1) White Only,(5) Some college credit but no degree,1996,4,23,Between 20 and 40,Less than $10
NA,"(2) Teacher, instructor, or lead teacher",(1) White Only,(4) High school graduate,1963,0,56,More than 51,NA
14.28,"(2) Teacher, instructor, or lead teacher",(1) White Only,"(7) Bachelor's degree (BA, BS, AB)",1977,2,42,Between 41 and 50,Between $11 and $20
11,(1) Aide or assistant teacher,(3) Asian Only,"(7) Bachelor's degree (BA, BS, AB)",1950,0,69,More than 51,Between $11 and $20
9.375,"(2) Teacher, instructor, or lead teacher",(2) Black or African American Only,(8) Graduate or professional degree,1979,4,40,Between 20 and 40,Less than $10
12.6,(1) Aide or assistant teacher,(1) White Only,(5) Some college credit but no degree,1995,9,24,Between 20 and 40,Between $11 and $20
13,"(2) Teacher, instructor, or lead teacher",(1) White Only,"(6) Associate degree (AA, AS)",1998,3,21,Between 20 and 40,Between $11 and $20
14,(1) Aide or assistant teacher,(1) White Only,(4) High school graduate,1994,0,25,Between 20 and 40,Between $11 and $20
14,(1) Aide or assistant teacher,(1) White Only,(4) High school graduate,1992,2,27,Between 20 and 40,Between $11 and $20
NA,"(2) Teacher, instructor, or lead teacher",(1) White Only,"(7) Bachelor's degree (BA, BS, AB)",1980,0,39,Between 20 and 40,NA
24.30555555556,"(2) Teacher, instructor, or lead teacher",(3) Asian Only,"(7) Bachelor's degree (BA, BS, AB)",1980,1,39,Between 20 and 40,Between $21 and $30
NA,"(2) Teacher, instructor, or lead teacher",(1) White Only,"(7) Bachelor's degree (BA, BS, AB)",1958,3,61,More than 51,NA
9,(1) Aide or assistant teacher,(1) White Only,(1) Less than High School,1998,0,21,Between 20 and 40,Less than $10
14,"(2) Teacher, instructor, or lead teacher",NA,"(6) Associate degree (AA, AS)",1995,7,24,Between 20 and 40,Between $11 and $20
10,(1) Aide or assistant teacher,(2) Black or African American Only,"(7) Bachelor's degree (BA, BS, AB)",1950,3,69,More than 51,Less than $10
1.5625,"(2) Teacher, instructor, or lead teacher",(2) Black or African American Only,(5) Some college credit but no degree,1950,0,69,More than 51,Less than $10
NA,NA,NA,NA,NA,NA,NA,NA,NA
8,(1) Aide or assistant teacher,(2) Black or African American Only,(5) Some college credit but no degree,1998,2,21,Between 20 and 40,Less than $10
10,"(2) Teacher, instructor, or lead teacher",(2) Black or African American Only,(4) High school graduate,1998,0,21,Between 20 and 40,Less than $10
17,"(2) Teacher, instructor, or lead teacher",(1) White Only,"(7) Bachelor's degree (BA, BS, AB)",1991,7,28,Between 20 and 40,Between $11 and $20
35.88516746412,"(2) Teacher, instructor, or lead teacher",(1) White Only,(8) Graduate or professional degree,1969,3,50,Between 41 and 50,More than $31
NA,NA,NA,NA,NA,NA,NA,NA,NA
11,"(2) Teacher, instructor, or lead teacher",NA,(3) GED or high school equivalency,1969,0,50,Between 41 and 50,Between $11 and $20
8,"(2) Teacher, instructor, or lead teacher",(1) White Only,(4) High school graduate,1996,2,23,Between 20 and 40,Less than $10
13.5,(1) Aide or assistant teacher,(2) Black or African American Only,(5) Some college credit but no degree,1990,8,29,Between 20 and 40,Between $11 and $20
13.5,"(2) Teacher, instructor, or lead teacher",(1) White Only,(8) Graduate or professional degree,1983,1,36,Between 20 and 40,Between $11 and $20
30.40935672515,"(2) Teacher, instructor, or lead teacher",(2) Black or African American Only,(8) Graduate or professional degree,NA,NA,NA,NA,NA
9,"(2) Teacher, instructor, or lead teacher",(2) Black or African American Only,(5) Some college credit but no degree,1979,0,40,Between 20 and 40,Less than $10
11,"(2) Teacher, instructor, or lead teacher",NA,"(7) Bachelor's degree (BA, BS, AB)",1958,4,61,More than 51,Between $11 and $20
15,"(2) Teacher, instructor, or lead teacher",(1) White Only,(8) Graduate or professional degree,1974,1,45,Between 41 and 50,Between $11 and $20
NA,(1) Aide or assistant teacher,(2) Black or African American Only,(5) Some college credit but no degree,1958,0,61,More than 51,NA
16.28571428572,(1) Aide or assistant teacher,(3) Asian Only,NA,1966,0,53,More than 51,Between $11 and $20
9.30000000001,"(2) Teacher, instructor, or lead teacher",(1) White Only,"(7) Bachelor's degree (BA, BS, AB)",1987,1,32,Between 20 and 40,Less than $10
12.5,"(2) Teacher, instructor, or lead teacher",NA,(5) Some college credit but no degree,1991,1,28,Between 20 and 40,Between $11 and $20
25.73099415205,"(2) Teacher, instructor, or lead teacher",(1) White Only,"(7) Bachelor's degree (BA, BS, AB)",1970,1,49,Between 41 and 50,Between $21 and $30
15.03759398497,(1) Aide or assistant teacher,(1) White Only,"(6) Associate degree (AA, AS)",1966,0,53,More than 51,Between $11 and $20
9,"(2) Teacher, instructor, or lead teacher",NA,(5) Some college credit but no degree,1988,0,31,Between 20 and 40,Less than $10
11,(1) Aide or assistant teacher,(1) White Only,"(6) Associate degree (AA, AS)",1994,0,25,Between 20 and 40,Between $11 and $20
15,"(2) Teacher, instructor, or lead teacher",(1) White Only,"(7) Bachelor's degree (BA, BS, AB)",1994,0,25,Between 20 and 40,Between $11 and $20
17,"(2) Teacher, instructor, or lead teacher",(2) Black or African American Only,"(6) Associate degree (AA, AS)",1967,0,52,More than 51,Between $11 and $20
17.61,"(2) Teacher, instructor, or lead teacher",(1) White Only,"(6) Associate degree (AA, AS)",1990,2,29,Between 20 and 40,Between $11 and $20
NA,(1) Aide or assistant teacher,(1) White Only,(4) High school graduate,1950,1,69,More than 51,NA
16.57,"(2) Teacher, instructor, or lead teacher",(1) White Only,"(6) Associate degree (AA, AS)",1975,0,44,Between 41 and 50,Between $11 and $20
15.58441558442,(1) Aide or assistant teacher,(1) White Only,(4) High school graduate,1958,0,61,More than 51,Between $11 and $20
19,"(2) Teacher, instructor, or lead teacher",NA,"(6) Associate degree (AA, AS)",1980,1,39,Between 20 and 40,Between $11 and $20
12.5,"(2) Teacher, instructor, or lead teacher",(1) White Only,(5) Some college credit but no degree,1990,2,29,Between 20 and 40,Between $11 and $20
NA,(1) Aide or assistant teacher,(1) White Only,"(7) Bachelor's degree (BA, BS, AB)",NA,0,NA,NA,NA
10,(1) Aide or assistant teacher,(2) Black or African American Only,(5) Some college credit but no degree,1996,0,23,Between 20 and 40,Less than $10
9,(1) Aide or assistant teacher,(1) White Only,"(7) Bachelor's degree (BA, BS, AB)",1985,0,34,Between 20 and 40,Less than $10
9.5,"(2) Teacher, instructor, or lead teacher",(1) White Only,(3) GED or high school equivalency,1990,0,29,Between 20 and 40,Less than $10
17,"(2) Teacher, instructor, or lead teacher",(1) White Only,(4) High school graduate,1983,0,36,Between 20 and 40,Between $11 and $20
24.03846153847,"(2) Teacher, instructor, or lead teacher",(3) Asian Only,(8) Graduate or professional degree,1969,5,50,Between 41 and 50,Between $21 and $30
NA,"(2) Teacher, instructor, or lead teacher",(1) White Only,"(7) Bachelor's degree (BA, BS, AB)",NA,0,NA,NA,NA
NA,"(2) Teacher, instructor, or lead teacher",(3) Asian Only,"(7) Bachelor's degree (BA, BS, AB)",1971,0,48,Between 41 and 50,NA
12.25,"(2) Teacher, instructor, or lead teacher",(2) Black or African American Only,(5) Some college credit but no degree,1968,0,51,More than 51,Between $11 and $20
NA,"(2) Teacher, instructor, or lead teacher",(1) White Only,"(6) Associate degree (AA, AS)",1977,0,42,Between 41 and 50,NA
9.5,(1) Aide or assistant teacher,(1) White Only,"(6) Associate degree (AA, AS)",1998,0,21,Between 20 and 40,Less than $10
9,"(2) Teacher, instructor, or lead teacher",(1) White Only,(5) Some college credit but no degree,1993,3,26,Between 20 and 40,Less than $10
12,(1) Aide or assistant teacher,(1) White Only,"(6) Associate degree (AA, AS)",1965,1,54,More than 51,Between $11 and $20
10,"(2) Teacher, instructor, or lead teacher",(1) White Only,"(7) Bachelor's degree (BA, BS, AB)",1988,1,31,Between 20 and 40,Less than $10
7.4,(1) Aide or assistant teacher,(1) White Only,(5) Some college credit but no degree,1989,3,30,Between 20 and 40,Less than $10
17.39926739927,"(2) Teacher, instructor, or lead teacher",(1) White Only,(8) Graduate or professional degree,1977,1,42,Between 41 and 50,Between $11 and $20
17.5,"(2) Teacher, instructor, or lead teacher",(2) Black or African American Only,"(7) Bachelor's degree (BA, BS, AB)",1975,1,44,Between 41 and 50,Between $11 and $20
8,"(2) Teacher, instructor, or lead teacher",(1) White Only,"(7) Bachelor's degree (BA, BS, AB)",1993,0,26,Between 20 and 40,Less than $10
25.74424242425,"(2) Teacher, instructor, or lead teacher",(3) Asian Only,"(7) Bachelor's degree (BA, BS, AB)",NA,6,NA,NA,Between $21 and $30
14.66666666667,"(2) Teacher, instructor, or lead teacher",(8) Other,"(7) Bachelor's degree (BA, BS, AB)",1975,0,44,Between 41 and 50,Between $11 and $20
14.75,(1) Aide or assistant teacher,(1) White Only,"(7) Bachelor's degree (BA, BS, AB)",1996,0,23,Between 20 and 40,Between $11 and $20
14,(1) Aide or assistant teacher,NA,"(6) Associate degree (AA, AS)",1988,0,31,Between 20 and 40,Between $11 and $20
15,"(2) Teacher, instructor, or lead teacher",(1) White Only,(5) Some college credit but no degree,1987,2,32,Between 20 and 40,Between $11 and $20
12.80303030304,"(2) Teacher, instructor, or lead teacher",(1) White Only,(4) High school graduate,1998,0,21,Between 20 and 40,Between $11 and $20
NA,"(2) Teacher, instructor, or lead teacher",(1) White Only,(5) Some college credit but no degree,1976,NA,43,Between 41 and 50,NA
22,"(2) Teacher, instructor, or lead teacher",(1) White Only,(5) Some college credit but no degree,1958,0,61,More than 51,Between $21 and $30
10,(1) Aide or assistant teacher,(1) White Only,"(6) Associate degree (AA, AS)",1963,0,56,More than 51,Less than $10
NA,NA,NA,NA,NA,NA,NA,NA,NA
NA,"(2) Teacher, instructor, or lead teacher",(1) White Only,(5) Some college credit but no degree,1981,3,38,Between 20 and 40,NA
10,"(2) Teacher, instructor, or lead teacher",(2) Black or African American Only,(1) Less than High School,1974,0,45,Between 41 and 50,Less than $10
13.04347826087,(1) Aide or assistant teacher,(1) White Only,"(7) Bachelor's degree (BA, BS, AB)",1983,0,36,Between 20 and 40,Between $11 and $20
NA,NA,NA,NA,NA,NA,NA,NA,NA
11.35,"(2) Teacher, instructor, or lead teacher",(1) White Only,"(6) Associate degree (AA, AS)",1966,0,53,More than 51,Between $11 and $20
NA,NA,NA,NA,NA,NA,NA,NA,NA
10.8695652174,(1) Aide or assistant teacher,(1) White Only,(5) Some college credit but no degree,1995,6,24,Between 20 and 40,NA
11.1,(1) Aide or assistant teacher,(2) Black or African American Only,(5) Some college credit but no degree,1980,0,39,Between 20 and 40,Between $11 and $20
20,"(2) Teacher, instructor, or lead teacher",(1) White Only,(8) Graduate or professional degree,1978,6,41,Between 41 and 50,Between $11 and $20
26.31578947369,(1) Aide or assistant teacher,(1) White Only,(5) Some college credit but no degree,1950,1,69,More than 51,Between $21 and $30
20.24291497976,"(2) Teacher, instructor, or lead teacher",(1) White Only,(8) Graduate or professional degree,1986,0,33,Between 20 and 40,NA
6.25,"(2) Teacher, instructor, or lead teacher",(8) Other,"(6) Associate degree (AA, AS)",1989,2,30,Between 20 and 40,Less than $10
12,(1) Aide or assistant teacher,(1) White Only,"(6) Associate degree (AA, AS)",1988,0,31,Between 20 and 40,Between $11 and $20
26.66666666667,"(2) Teacher, instructor, or lead teacher",(1) White Only,(8) Graduate or professional degree,1984,0,35,Between 20 and 40,Between $21 and $30
16.65,"(2) Teacher, instructor, or lead teacher",(1) White Only,"(6) Associate degree (AA, AS)",1983,1,36,Between 20 and 40,Between $11 and $20
18.8475,"(2) Teacher, instructor, or lead teacher",NA,"(6) Associate degree (AA, AS)",1983,4,36,Between 20 and 40,Between $11 and $20
16.25,"(2) Teacher, instructor, or lead teacher",(3) Asian Only,"(7) Bachelor's degree (BA, BS, AB)",1985,6,34,Between 20 and 40,Between $11 and $20
13.83,"(2) Teacher, instructor, or lead teacher",(8) Other,(5) Some college credit but no degree,1986,2,33,Between 20 and 40,Between $11 and $20
8.75,"(2) Teacher, instructor, or lead teacher",NA,(4) High school graduate,1998,3,21,Between 20 and 40,Less than $10
8.1,(1) Aide or assistant teacher,(1) White Only,(5) Some college credit but no degree,1998,3,21,Between 20 and 40,Less than $10
6.66666666667,(1) Aide or assistant teacher,(2) Black or African American Only,"(6) Associate degree (AA, AS)",1964,1,55,More than 51,Less than $10
8.6,"(2) Teacher, instructor, or lead teacher",(2) Black or African American Only,(4) High school graduate,1998,10,21,Between 20 and 40,Less than $10
9,"(2) Teacher, instructor, or lead teacher",(2) Black or African American Only,(5) Some college credit but no degree,1994,3,25,Between 20 and 40,Less than $10
33.33333333334,"(2) Teacher, instructor, or lead teacher",(1) White Only,"(6) Associate degree (AA, AS)",1962,3,57,More than 51,More than $31
10,"(2) Teacher, instructor, or lead teacher",(1) White Only,(5) Some college credit but no degree,1967,0,52,More than 51,Less than $10
9.75,(1) Aide or assistant teacher,(2) Black or African American Only,(5) Some college credit but no degree,1950,0,69,More than 51,Less than $10
25.51020408164,"(2) Teacher, instructor, or lead teacher",(3) Asian Only,"(6) Associate degree (AA, AS)",1960,1,59,More than 51,Between $21 and $30
13.5,(1) Aide or assistant teacher,NA,"(7) Bachelor's degree (BA, BS, AB)",1986,4,33,Between 20 and 40,Between $11 and $20
51.42857142858,(1) Aide or assistant teacher,(1) White Only,(4) High school graduate,1991,4,28,Between 20 and 40,More than $31
13.85,"(2) Teacher, instructor, or lead teacher",(1) White Only,"(6) Associate degree (AA, AS)",1963,3,56,More than 51,Between $11 and $20
15.7,"(2) Teacher, instructor, or lead teacher",(1) White Only,"(7) Bachelor's degree (BA, BS, AB)",1961,1,58,More than 51,Between $11 and $20
34,"(2) Teacher, instructor, or lead teacher",(1) White Only,"(7) Bachelor's degree (BA, BS, AB)",1980,2,39,Between 20 and 40,More than $31
107.5,"(2) Teacher, instructor, or lead teacher",(1) White Only,"(7) Bachelor's degree (BA, BS, AB)",1984,0,35,Between 20 and 40,More than $31
18,"(2) Teacher, instructor, or lead teacher",(1) White Only,(5) Some college credit but no degree,1991,0,28,Between 20 and 40,Between $11 and $20
15.25,"(2) Teacher, instructor, or lead teacher",(1) White Only,(5) Some college credit but no degree,1979,0,40,Between 20 and 40,Between $11 and $20
12,"(2) Teacher, instructor, or lead teacher",(1) White Only,"(6) Associate degree (AA, AS)",1975,2,44,Between 41 and 50,Between $11 and $20
7.25,"(2) Teacher, instructor, or lead teacher",(1) White Only,(4) High school graduate,1961,2,58,More than 51,Less than $10
10.01538461539,"(2) Teacher, instructor, or lead teacher",(3) Asian Only,(3) GED or high school equivalency,1960,0,59,More than 51,NA
11.70731707318,(1) Aide or assistant teacher,(1) White Only,"(6) Associate degree (AA, AS)",1972,3,47,Between 41 and 50,Between $11 and $20
NA,NA,NA,NA,NA,NA,NA,NA,NA
10,"(2) Teacher, instructor, or lead teacher",(1) White Only,(1) Less than High School,1964,0,55,More than 51,Less than $10
11,"(2) Teacher, instructor, or lead teacher",NA,"(6) Associate degree (AA, AS)",1985,0,34,Between 20 and 40,Between $11 and $20
12.5,(1) Aide or assistant teacher,(1) White Only,"(6) Associate degree (AA, AS)",1976,5,43,Between 41 and 50,Between $11 and $20
NA,NA,NA,NA,NA,NA,NA,NA,NA
15,"(2) Teacher, instructor, or lead teacher",(2) Black or African American Only,(5) Some college credit but no degree,1984,9,35,Between 20 and 40,Between $11 and $20
13.25,"(2) Teacher, instructor, or lead teacher",(1) White Only,"(6) Associate degree (AA, AS)",1989,12,30,Between 20 and 40,Between $11 and $20
12,(1) Aide or assistant teacher,(2) Black or African American Only,"(6) Associate degree (AA, AS)",1982,4,37,Between 20 and 40,Between $11 and $20
14,(1) Aide or assistant teacher,(1) White Only,"(6) Associate degree (AA, AS)",1981,12,38,Between 20 and 40,Between $11 and $20
8,"(2) Teacher, instructor, or lead teacher",(1) White Only,(5) Some college credit but no degree,1969,6,50,Between 41 and 50,Less than $10
NA,(1) Aide or assistant teacher,(3) Asian Only,"(7) Bachelor's degree (BA, BS, AB)",1975,NA,44,Between 41 and 50,NA
10,"(2) Teacher, instructor, or lead teacher",(1) White Only,(5) Some college credit but no degree,1996,2,23,Between 20 and 40,Less than $10
9.79591836735,"(2) Teacher, instructor, or lead teacher",(2) Black or African American Only,NA,1950,0,69,More than 51,Less than $10
12.74509803922,"(2) Teacher, instructor, or lead teacher",(1) White Only,"(7) Bachelor's degree (BA, BS, AB)",1976,1,43,Between 41 and 50,Between $11 and $20
15,"(2) Teacher, instructor, or lead teacher",(2) Black or African American Only,"(6) Associate degree (AA, AS)",1991,3,28,Between 20 and 40,Between $11 and $20
10.4,"(2) Teacher, instructor, or lead teacher",(1) White Only,(5) Some college credit but no degree,1985,5.6,34,Between 20 and 40,NA
NA,"(2) Teacher, instructor, or lead teacher",(1) White Only,"(6) Associate degree (AA, AS)",1994,0,25,Between 20 and 40,NA
27.47252747253,"(2) Teacher, instructor, or lead teacher",(2) Black or African American Only,(8) Graduate or professional degree,1968,0,51,More than 51,Between $21 and $30
11.111,(1) Aide or assistant teacher,(8) Other,(5) Some college credit but no degree,1996,1,23,Between 20 and 40,Between $11 and $20
25,"(2) Teacher, instructor, or lead teacher",(1) White Only,"(7) Bachelor's degree (BA, BS, AB)",1968,0,51,More than 51,Between $21 and $30
NA,"(2) Teacher, instructor, or lead teacher",(1) White Only,(5) Some college credit but no degree,1980,5,39,Between 20 and 40,NA
NA,"(2) Teacher, instructor, or lead teacher",(2) Black or African American Only,(5) Some college credit but no degree,1998,0,21,Between 20 and 40,NA
13,"(2) Teacher, instructor, or lead teacher",(2) Black or African American Only,"(6) Associate degree (AA, AS)",1966,0,53,More than 51,Between $11 and $20
12,(1) Aide or assistant teacher,(1) White Only,(5) Some college credit but no degree,1998,1,21,Between 20 and 40,Between $11 and $20
12.5,"(2) Teacher, instructor, or lead teacher",(1) White Only,"(6) Associate degree (AA, AS)",1995,7,24,Between 20 and 40,Between $11 and $20
NA,(1) Aide or assistant teacher,(1) White Only,"(6) Associate degree (AA, AS)",1960,0,59,More than 51,NA
2.5,(1) Aide or assistant teacher,(1) White Only,"(7) Bachelor's degree (BA, BS, AB)",1991,8,28,Between 20 and 40,Less than $10
7.5,"(2) Teacher, instructor, or lead teacher",(2) Black or African American Only,(5) Some college credit but no degree,1992,2,27,Between 20 and 40,Less than $10
8.22000000001,(1) Aide or assistant teacher,(2) Black or African American Only,(4) High school graduate,1950,0,69,More than 51,Less than $10
13,"(2) Teacher, instructor, or lead teacher",(1) White Only,(5) Some college credit but no degree,1992,0,27,Between 20 and 40,Between $11 and $20
13.5,"(2) Teacher, instructor, or lead teacher",(2) Black or African American Only,(4) High school graduate,1983,0,36,Between 20 and 40,Between $11 and $20
12,(1) Aide or assistant teacher,(2) Black or African American Only,"(6) Associate degree (AA, AS)",1950,0,69,More than 51,Between $11 and $20
NA,NA,NA,NA,NA,NA,NA,NA,NA
15.4,"(2) Teacher, instructor, or lead teacher",(1) White Only,(8) Graduate or professional degree,1987,1,32,Between 20 and 40,Between $11 and $20
10,"(2) Teacher, instructor, or lead teacher",(1) White Only,(5) Some college credit but no degree,NA,0,NA,NA,Less than $10
17.60000000001,(1) Aide or assistant teacher,(1) White Only,"(6) Associate degree (AA, AS)",1983,15,36,Between 20 and 40,Between $11 and $20
13.6,"(2) Teacher, instructor, or lead teacher",(1) White Only,(5) Some college credit but no degree,1995,2,24,Between 20 and 40,Between $11 and $20
NA,NA,NA,NA,NA,NA,NA,NA,NA
11.5,(1) Aide or assistant teacher,(1) White Only,(4) High school graduate,1988,0,31,Between 20 and 40,Between $11 and $20
NA,"(2) Teacher, instructor, or lead teacher",(1) White Only,"(7) Bachelor's degree (BA, BS, AB)",1981,1,38,Between 20 and 40,NA
21.42857142858,"(2) Teacher, instructor, or lead teacher",(2) Black or African American Only,(8) Graduate or professional degree,1972,3,47,Between 41 and 50,Between $21 and $30
14,(1) Aide or assistant teacher,(1) White Only,(5) Some college credit but no degree,1988,3,31,Between 20 and 40,Between $11 and $20
12,(1) Aide or assistant teacher,(1) White Only,"(7) Bachelor's degree (BA, BS, AB)",1996,5,23,Between 20 and 40,Between $11 and $20
4.2,"(2) Teacher, instructor, or lead teacher",(1) White Only,"(7) Bachelor's degree (BA, BS, AB)",1992,1,27,Between 20 and 40,Less than $10
NA,NA,NA,NA,NA,NA,NA,NA,NA
11,(1) Aide or assistant teacher,(1) White Only,(4) High school graduate,1994,0,25,Between 20 and 40,Between $11 and $20
13.75,"(2) Teacher, instructor, or lead teacher",(8) Other,(5) Some college credit but no degree,1998,1,21,Between 20 and 40,Between $11 and $20
26.66666666667,"(2) Teacher, instructor, or lead teacher",(2) Black or African American Only,(8) Graduate or professional degree,1982,0,37,Between 20 and 40,Between $21 and $30
35,(1) Aide or assistant teacher,(3) Asian Only,(8) Graduate or professional degree,1960,2,59,More than 51,More than $31
NA,NA,NA,NA,NA,NA,NA,NA,NA
11.7,"(2) Teacher, instructor, or lead teacher",(1) White Only,(5) Some college credit but no degree,1990,5,29,Between 20 and 40,Between $11 and $20
NA,"(2) Teacher, instructor, or lead teacher",(2) Black or African American Only,"(6) Associate degree (AA, AS)",1977,0,42,Between 41 and 50,NA
15,"(2) Teacher, instructor, or lead teacher",(1) White Only,"(6) Associate degree (AA, AS)",1973,5,46,Between 41 and 50,Between $11 and $20
NA,(1) Aide or assistant teacher,(1) White Only,NA,1978,2,41,Between 41 and 50,NA
10.75,"(2) Teacher, instructor, or lead teacher",(2) Black or African American Only,"(6) Associate degree (AA, AS)",1993,7,26,Between 20 and 40,NA
NA,"(2) Teacher, instructor, or lead teacher",(1) White Only,(4) High school graduate,1968,0,51,More than 51,NA
15.01,"(2) Teacher, instructor, or lead teacher",(1) White Only,(5) Some college credit but no degree,1983,9,36,Between 20 and 40,Between $11 and $20
13,"(2) Teacher, instructor, or lead teacher",(1) White Only,(4) High school graduate,1977,1,42,Between 41 and 50,Between $11 and $20
15,(1) Aide or assistant teacher,NA,"(6) Associate degree (AA, AS)",1995,2,24,Between 20 and 40,Between $11 and $20
11.875,"(2) Teacher, instructor, or lead teacher",NA,(5) Some college credit but no degree,1982,NA,37,Between 20 and 40,Between $11 and $20
10,(1) Aide or assistant teacher,(2) Black or African American Only,(5) Some college credit but no degree,1993,2,26,Between 20 and 40,Less than $10
11.5,"(2) Teacher, instructor, or lead teacher",(1) White Only,(5) Some college credit but no degree,1991,0,28,Between 20 and 40,Between $11 and $20
NA,NA,NA,NA,NA,NA,NA,NA,NA
12,"(2) Teacher, instructor, or lead teacher",(1) White Only,"(6) Associate degree (AA, AS)",1972,9.333333333333,47,Between 41 and 50,Between $11 and $20
NA,"(2) Teacher, instructor, or lead teacher",(2) Black or African American Only,(5) Some college credit but no degree,1986,6,33,Between 20 and 40,NA
16,"(2) Teacher, instructor, or lead teacher",NA,(4) High school graduate,1964,NA,55,More than 51,Between $11 and $20
NA,"(2) Teacher, instructor, or lead teacher",(1) White Only,"(7) Bachelor's degree (BA, BS, AB)",1987,NA,32,Between 20 and 40,NA
13,(1) Aide or assistant teacher,(1) White Only,"(7) Bachelor's degree (BA, BS, AB)",1993,8,26,Between 20 and 40,Between $11 and $20
NA,(1) Aide or assistant teacher,(1) White Only,(5) Some college credit but no degree,1950,0,69,More than 51,NA
9.75,"(2) Teacher, instructor, or lead teacher",(2) Black or African American Only,(5) Some college credit but no degree,1992,0,27,Between 20 and 40,Less than $10
13,"(2) Teacher, instructor, or lead teacher",(1) White Only,(4) High school graduate,1995,3,24,Between 20 and 40,Between $11 and $20
NA,"(2) Teacher, instructor, or lead teacher",(1) White Only,"(6) Associate degree (AA, AS)",1963,4,56,More than 51,NA
14.5,"(2) Teacher, instructor, or lead teacher",(1) White Only,"(6) Associate degree (AA, AS)",1992,2,27,Between 20 and 40,Between $11 and $20
NA,NA,NA,NA,NA,NA,NA,NA,NA
8.09563409564,"(2) Teacher, instructor, or lead teacher",(1) White Only,(5) Some college credit but no degree,1974,3,45,Between 41 and 50,Less than $10
20.32,"(2) Teacher, instructor, or lead teacher",(1) White Only,(8) Graduate or professional degree,1982,5,37,Between 20 and 40,NA
14,(1) Aide or assistant teacher,(1) White Only,(5) Some college credit but no degree,1984,0,35,Between 20 and 40,Between $11 and $20
NA,NA,NA,NA,NA,NA,NA,NA,NA
10,"(2) Teacher, instructor, or lead teacher",(1) White Only,"(7) Bachelor's degree (BA, BS, AB)",1968,0,51,More than 51,Less than $10
11.42857142858,(1) Aide or assistant teacher,NA,(5) Some college credit but no degree,1978,1,41,Between 41 and 50,Between $11 and $20
15,"(2) Teacher, instructor, or lead teacher",(3) Asian Only,"(7) Bachelor's degree (BA, BS, AB)",1966,7,53,More than 51,Between $11 and $20
9.375,"(2) Teacher, instructor, or lead teacher",(2) Black or African American Only,(4) High school graduate,1975,7,44,Between 41 and 50,Less than $10
9,(1) Aide or assistant teacher,(1) White Only,(4) High school graduate,1990,6,29,Between 20 and 40,Less than $10
NA,(1) Aide or assistant teacher,(3) Asian Only,(8) Graduate or professional degree,1965,1,54,More than 51,NA
10,"(2) Teacher, instructor, or lead teacher",(2) Black or African American Only,(5) Some college credit but no degree,1950,2,69,More than 51,Less than $10
11.05,(1) Aide or assistant teacher,(1) White Only,"(7) Bachelor's degree (BA, BS, AB)",1962,0,57,More than 51,Between $11 and $20
12.25,"(2) Teacher, instructor, or lead teacher",(2) Black or African American Only,(4) High school graduate,1970,NA,49,Between 41 and 50,Between $11 and $20
12,(1) Aide or assistant teacher,(1) White Only,(4) High school graduate,1958,0,61,More than 51,Between $11 and $20
17,"(2) Teacher, instructor, or lead teacher",NA,(8) Graduate or professional degree,1979,0,40,Between 20 and 40,Between $11 and $20
18,"(2) Teacher, instructor, or lead teacher",(1) White Only,"(7) Bachelor's degree (BA, BS, AB)",1975,0,44,Between 41 and 50,Between $11 and $20
22.5,"(2) Teacher, instructor, or lead teacher",(1) White Only,"(7) Bachelor's degree (BA, BS, AB)",1965,0,54,More than 51,Between $21 and $30
18.75,(1) Aide or assistant teacher,(1) White Only,"(7) Bachelor's degree (BA, BS, AB)",1972,0,47,Between 41 and 50,Between $11 and $20
NA,"(2) Teacher, instructor, or lead teacher",(2) Black or African American Only,(8) Graduate or professional degree,1984,0,35,Between 20 and 40,NA
NA,NA,NA,NA,NA,NA,NA,NA,NA
11,"(2) Teacher, instructor, or lead teacher",(2) Black or African American Only,(4) High school graduate,1950,0,69,More than 51,Between $11 and $20
8,(1) Aide or assistant teacher,(1) White Only,(5) Some college credit but no degree,1998,8,21,Between 20 and 40,Less than $10
28.84615384616,(1) Aide or assistant teacher,(2) Black or African American Only,"(6) Associate degree (AA, AS)",1980,0,39,Between 20 and 40,Between $21 and $30
15,"(2) Teacher, instructor, or lead teacher",(3) Asian Only,"(7) Bachelor's degree (BA, BS, AB)",1992,0,27,Between 20 and 40,Between $11 and $20
13.5,"(2) Teacher, instructor, or lead teacher",(1) White Only,(4) High school graduate,1973,3,46,Between 41 and 50,Between $11 and $20
NA,NA,NA,NA,NA,NA,NA,NA,NA
16,"(2) Teacher, instructor, or lead teacher",(1) White Only,"(6) Associate degree (AA, AS)",1965,1,54,More than 51,Between $11 and $20
23.95833333334,"(2) Teacher, instructor, or lead teacher",(1) White Only,(8) Graduate or professional degree,1958,1,61,More than 51,Between $21 and $30
10.70175438597,(1) Aide or assistant teacher,(1) White Only,(5) Some college credit but no degree,1963,0,56,More than 51,NA
21.27,"(2) Teacher, instructor, or lead teacher",(1) White Only,(3) GED or high school equivalency,1958,2,61,More than 51,Between $21 and $30
12.5,"(2) Teacher, instructor, or lead teacher",(2) Black or African American Only,(4) High school graduate,1983,4,36,Between 20 and 40,Between $11 and $20
13,"(2) Teacher, instructor, or lead teacher",(1) White Only,(5) Some college credit but no degree,1972,0,47,Between 41 and 50,Between $11 and $20
20.25,(1) Aide or assistant teacher,(3) Asian Only,"(7) Bachelor's degree (BA, BS, AB)",1963,0,56,More than 51,NA
16.66666666667,"(2) Teacher, instructor, or lead teacher",(1) White Only,"(7) Bachelor's degree (BA, BS, AB)",1974,0,45,Between 41 and 50,Between $11 and $20
9.25454545455,"(2) Teacher, instructor, or lead teacher",(1) White Only,"(6) Associate degree (AA, AS)",1962,1,57,More than 51,Less than $10
20.19230769231,(1) Aide or assistant teacher,(1) White Only,"(7) Bachelor's degree (BA, BS, AB)",1975,1,44,Between 41 and 50,NA
10.75,"(2) Teacher, instructor, or lead teacher",(1) White Only,(3) GED or high school equivalency,1964,0,55,More than 51,NA
16.33986928105,(1) Aide or assistant teacher,(1) White Only,"(7) Bachelor's degree (BA, BS, AB)",1970,0,49,Between 41 and 50,Between $11 and $20
35.68108108109,"(2) Teacher, instructor, or lead teacher",(3) Asian Only,"(7) Bachelor's degree (BA, BS, AB)",1985,21,34,Between 20 and 40,More than $31
9.30000000001,"(2) Teacher, instructor, or lead teacher",(1) White Only,(4) High school graduate,1977,3.5,42,Between 41 and 50,Less than $10
12.025,"(2) Teacher, instructor, or lead teacher",(2) Black or African American Only,(5) Some college credit but no degree,1975,14,44,Between 41 and 50,Between $11 and $20
18,"(2) Teacher, instructor, or lead teacher",(1) White Only,"(7) Bachelor's degree (BA, BS, AB)",1989,0,30,Between 20 and 40,Between $11 and $20
8,"(2) Teacher, instructor, or lead teacher",(1) White Only,(4) High school graduate,1995,5,24,Between 20 and 40,Less than $10
13,(1) Aide or assistant teacher,(1) White Only,"(7) Bachelor's degree (BA, BS, AB)",1995,4,24,Between 20 and 40,Between $11 and $20
10.1,(3) Other/undetermined,(1) White Only,(1) Less than High School,1998,4,21,Between 20 and 40,NA
NA,NA,NA,NA,NA,NA,NA,NA,NA
6.6875,(1) Aide or assistant teacher,(2) Black or African American Only,(4) High school graduate,1988,1,31,Between 20 and 40,Less than $10
14,"(2) Teacher, instructor, or lead teacher",(2) Black or African American Only,"(7) Bachelor's degree (BA, BS, AB)",1965,2,54,More than 51,Between $11 and $20
NA,(1) Aide or assistant teacher,(2) Black or African American Only,(4) High school graduate,1950,0,69,More than 51,NA
13.25,"(2) Teacher, instructor, or lead teacher",(1) White Only,"(7) Bachelor's degree (BA, BS, AB)",1996,2,23,Between 20 and 40,Between $11 and $20
10,"(2) Teacher, instructor, or lead teacher",(1) White Only,(5) Some college credit but no degree,1988,8,31,Between 20 and 40,Less than $10
14.58333333334,"(2) Teacher, instructor, or lead teacher",(1) White Only,(5) Some college credit but no degree,1965,1,54,More than 51,Between $11 and $20
10.75,"(2) Teacher, instructor, or lead teacher",(1) White Only,(3) GED or high school equivalency,1984,9,35,Between 20 and 40,NA
8.5,"(2) Teacher, instructor, or lead teacher",(2) Black or African American Only,(4) High school graduate,1970,4,49,Between 41 and 50,Less than $10
13.75,(1) Aide or assistant teacher,(1) White Only,"(6) Associate degree (AA, AS)",NA,3,NA,NA,Between $11 and $20
51.42857142858,(1) Aide or assistant teacher,(1) White Only,(4) High school graduate,1988,0,31,Between 20 and 40,More than $31
8,"(2) Teacher, instructor, or lead teacher",(1) White Only,(5) Some college credit but no degree,1998,7,21,Between 20 and 40,Less than $10
9,(1) Aide or assistant teacher,(1) White Only,(4) High school graduate,1950,0,69,More than 51,Less than $10
12,"(2) Teacher, instructor, or lead teacher",(1) White Only,(5) Some college credit but no degree,1994,0,25,Between 20 and 40,Between $11 and $20
12.5,(1) Aide or assistant teacher,(3) Asian Only,(1) Less than High School,1998,7,21,Between 20 and 40,Between $11 and $20
17,"(2) Teacher, instructor, or lead teacher",(1) White Only,(5) Some college credit but no degree,1990,7,29,Between 20 and 40,Between $11 and $20
15.69444444445,"(2) Teacher, instructor, or lead teacher",(3) Asian Only,"(7) Bachelor's degree (BA, BS, AB)",1964,0,55,More than 51,Between $11 and $20
10,(1) Aide or assistant teacher,(1) White Only,(3) GED or high school equivalency,1986,NA,33,Between 20 and 40,Less than $10
15,"(2) Teacher, instructor, or lead teacher",(1) White Only,"(6) Associate degree (AA, AS)",1974,0,45,Between 41 and 50,Between $11 and $20
21,"(2) Teacher, instructor, or lead teacher",(3) Asian Only,(8) Graduate or professional degree,1980,0,39,Between 20 and 40,Between $21 and $30
8.30000000001,(1) Aide or assistant teacher,(1) White Only,(4) High school graduate,1993,1,26,Between 20 and 40,Less than $10
9.2307692307699991,"(2) Teacher, instructor, or lead teacher",(1) White Only,(4) High school graduate,1984,3,35,Between 20 and 40,Less than $10
22.79411764706,(1) Aide or assistant teacher,(1) White Only,"(7) Bachelor's degree (BA, BS, AB)",1979,5,40,Between 20 and 40,Between $21 and $30
10,(1) Aide or assistant teacher,(2) Black or African American Only,(5) Some college credit but no degree,1996,7,23,Between 20 and 40,Less than $10
14,(1) Aide or assistant teacher,NA,(5) Some college credit but no degree,1984,3,35,Between 20 and 40,Between $11 and $20
17.10000000001,"(2) Teacher, instructor, or lead teacher",(2) Black or African American Only,"(6) Associate degree (AA, AS)",1966,0,53,More than 51,Between $11 and $20
11,"(2) Teacher, instructor, or lead teacher",(1) White Only,NA,1966,1,53,More than 51,Between $11 and $20
NA,NA,NA,NA,NA,NA,NA,NA,NA
8.91575,"(2) Teacher, instructor, or lead teacher",(2) Black or African American Only,"(6) Associate degree (AA, AS)",1991,9,28,Between 20 and 40,Less than $10
8.75,"(2) Teacher, instructor, or lead teacher",(2) Black or African American Only,(4) High school graduate,1995,0,24,Between 20 and 40,Less than $10
21,"(2) Teacher, instructor, or lead teacher",(3) Asian Only,"(6) Associate degree (AA, AS)",1966,1,53,More than 51,Between $21 and $30
8.28,(1) Aide or assistant teacher,(2) Black or African American Only,(5) Some college credit but no degree,1973,3,46,Between 41 and 50,Less than $10
15,(1) Aide or assistant teacher,(3) Asian Only,"(7) Bachelor's degree (BA, BS, AB)",1965,0,54,More than 51,Between $11 and $20
7.25,"(2) Teacher, instructor, or lead teacher",(1) White Only,(5) Some college credit but no degree,1979,0,40,Between 20 and 40,Less than $10
13.25,"(2) Teacher, instructor, or lead teacher",(1) White Only,"(7) Bachelor's degree (BA, BS, AB)",1988,3,31,Between 20 and 40,Between $11 and $20
20,"(2) Teacher, instructor, or lead teacher",(8) Other,"(6) Associate degree (AA, AS)",1987,7,32,Between 20 and 40,Between $11 and $20
10.41666666667,"(2) Teacher, instructor, or lead teacher",(1) White Only,"(7) Bachelor's degree (BA, BS, AB)",1985,0,34,Between 20 and 40,NA
12,(1) Aide or assistant teacher,NA,"(7) Bachelor's degree (BA, BS, AB)",NA,NA,NA,NA,Between $11 and $20
11.5,(1) Aide or assistant teacher,(1) White Only,"(7) Bachelor's degree (BA, BS, AB)",1958,0,61,More than 51,Between $11 and $20
9.6153846153899991,"(2) Teacher, instructor, or lead teacher",(2) Black or African American Only,(5) Some college credit but no degree,1987,3,32,Between 20 and 40,Less than $10
15,(1) Aide or assistant teacher,(1) White Only,"(7) Bachelor's degree (BA, BS, AB)",1992,0,27,Between 20 and 40,Between $11 and $20
15,"(2) Teacher, instructor, or lead teacher",(2) Black or African American Only,"(6) Associate degree (AA, AS)",1958,1,61,More than 51,Between $11 and $20
10,"(2) Teacher, instructor, or lead teacher",(1) White Only,"(6) Associate degree (AA, AS)",1996,0,23,Between 20 and 40,Less than $10
11,"(2) Teacher, instructor, or lead teacher",(1) White Only,(4) High school graduate,1995,0,24,Between 20 and 40,Between $11 and $20
13,(1) Aide or assistant teacher,(1) White Only,(5) Some college credit but no degree,1987,1,32,Between 20 and 40,Between $11 and $20
22,"(2) Teacher, instructor, or lead teacher",(8) Other,"(7) Bachelor's degree (BA, BS, AB)",1971,0,48,Between 41 and 50,Between $21 and $30
8.75,(1) Aide or assistant teacher,(1) White Only,(5) Some college credit but no degree,1963,0,56,More than 51,Less than $10
52.08333333334,(1) Aide or assistant teacher,(2) Black or African American Only,"(6) Associate degree (AA, AS)",1979,0,40,Between 20 and 40,More than $31
30.55555555556,"(2) Teacher, instructor, or lead teacher",(1) White Only,"(7) Bachelor's degree (BA, BS, AB)",1966,6,53,More than 51,NA
8.5,"(2) Teacher, instructor, or lead teacher",(1) White Only,(4) High school graduate,1962,3,57,More than 51,Less than $10
24.85,"(2) Teacher, instructor, or lead teacher",(1) White Only,"(6) Associate degree (AA, AS)",1950,4,69,More than 51,Between $21 and $30
16,(1) Aide or assistant teacher,NA,"(6) Associate degree (AA, AS)",1995,1,24,Between 20 and 40,Between $11 and $20
30,"(2) Teacher, instructor, or lead teacher",(2) Black or African American Only,(8) Graduate or professional degree,1985,6,34,Between 20 and 40,Between $21 and $30
17.31,(1) Aide or assistant teacher,(1) White Only,"(6) Associate degree (AA, AS)",1980,0,39,Between 20 and 40,Between $11 and $20
33.75,(1) Aide or assistant teacher,(1) White Only,(8) Graduate or professional degree,1982,4,37,Between 20 and 40,More than $31
8.25,"(2) Teacher, instructor, or lead teacher",(2) Black or African American Only,(3) GED or high school equivalency,1981,2,38,Between 20 and 40,Less than $10
7.45,(1) Aide or assistant teacher,(1) White Only,(4) High school graduate,1972,0,47,Between 41 and 50,Less than $10
17,"(2) Teacher, instructor, or lead teacher",(1) White Only,"(7) Bachelor's degree (BA, BS, AB)",1961,0,58,More than 51,Between $11 and $20
NA,NA,NA,NA,NA,NA,NA,NA,NA
54.9575,"(2) Teacher, instructor, or lead teacher",(1) White Only,"(7) Bachelor's degree (BA, BS, AB)",1971,1,48,Between 41 and 50,More than $31
12.5,"(2) Teacher, instructor, or lead teacher",(1) White Only,(5) Some college credit but no degree,1992,3,27,Between 20 and 40,Between $11 and $20
10,(1) Aide or assistant teacher,(8) Other,(5) Some college credit but no degree,1998,2,21,Between 20 and 40,Less than $10
14.58333333334,(1) Aide or assistant teacher,NA,(4) High school graduate,1991,4,28,Between 20 and 40,Between $11 and $20
26.08695652174,"(2) Teacher, instructor, or lead teacher",(1) White Only,"(6) Associate degree (AA, AS)",1965,0,54,More than 51,Between $21 and $30
17.61363636364,(1) Aide or assistant teacher,(1) White Only,"(7) Bachelor's degree (BA, BS, AB)",1981,1,38,Between 20 and 40,Between $11 and $20
9.7,(1) Aide or assistant teacher,(1) White Only,(5) Some college credit but no degree,1996,0,23,Between 20 and 40,Less than $10
NA,"(2) Teacher, instructor, or lead teacher",(2) Black or African American Only,"(6) Associate degree (AA, AS)",1996,1,23,Between 20 and 40,NA
20,"(2) Teacher, instructor, or lead teacher",NA,"(6) Associate degree (AA, AS)",1983,0,36,Between 20 and 40,Between $11 and $20
15,"(2) Teacher, instructor, or lead teacher",(2) Black or African American Only,"(7) Bachelor's degree (BA, BS, AB)",1958,2,61,More than 51,Between $11 and $20
13.65,"(2) Teacher, instructor, or lead teacher",(1) White Only,(5) Some college credit but no degree,1962,0,57,More than 51,Between $11 and $20
27.48611111112,"(2) Teacher, instructor, or lead teacher",(1) White Only,"(7) Bachelor's degree (BA, BS, AB)",1961,6,58,More than 51,Between $21 and $30
11,"(2) Teacher, instructor, or lead teacher",(1) White Only,(5) Some college credit but no degree,1992,4,27,Between 20 and 40,Between $11 and $20
10,"(2) Teacher, instructor, or lead teacher",(1) White Only,(4) High school graduate,1994,4,25,Between 20 and 40,Less than $10
13.75,"(2) Teacher, instructor, or lead teacher",(1) White Only,(5) Some college credit but no degree,1982,3,37,Between 20 and 40,Between $11 and $20
9.45945945946,"(2) Teacher, instructor, or lead teacher",NA,(5) Some college credit but no degree,1950,9,69,More than 51,Less than $10
12,(1) Aide or assistant teacher,(1) White Only,(5) Some college credit but no degree,1985,0,34,Between 20 and 40,Between $11 and $20
30.71428571429,"(2) Teacher, instructor, or lead teacher",(1) White Only,(8) Graduate or professional degree,1980,0,39,Between 20 and 40,NA
16.34,"(2) Teacher, instructor, or lead teacher",(2) Black or African American Only,"(7) Bachelor's degree (BA, BS, AB)",1972,0,47,Between 41 and 50,Between $11 and $20
NA,NA,NA,NA,NA,NA,NA,NA,NA
7.80000000001,"(2) Teacher, instructor, or lead teacher",(1) White Only,"(7) Bachelor's degree (BA, BS, AB)",1975,0,44,Between 41 and 50,Less than $10
37.03703703704,"(2) Teacher, instructor, or lead teacher",(1) White Only,(8) Graduate or professional degree,1961,0,58,More than 51,More than $31
12.32,(1) Aide or assistant teacher,(1) White Only,(5) Some college credit but no degree,1983,10,36,Between 20 and 40,Between $11 and $20
12,(1) Aide or assistant teacher,(1) White Only,(5) Some college credit but no degree,1996,1,23,Between 20 and 40,Between $11 and $20
30,"(2) Teacher, instructor, or lead teacher",(1) White Only,"(7) Bachelor's degree (BA, BS, AB)",1988,2,31,Between 20 and 40,Between $21 and $30
NA,"(2) Teacher, instructor, or lead teacher",(1) White Only,"(7) Bachelor's degree (BA, BS, AB)",1994,0,25,Between 20 and 40,NA
15,"(2) Teacher, instructor, or lead teacher",(1) White Only,"(6) Associate degree (AA, AS)",1990,1,29,Between 20 and 40,Between $11 and $20
12,"(2) Teacher, instructor, or lead teacher",(2) Black or African American Only,(5) Some college credit but no degree,1998,0,21,Between 20 and 40,Between $11 and $20
11.11111111112,(1) Aide or assistant teacher,(3) Asian Only,(4) High school graduate,1992,4,27,Between 20 and 40,Between $11 and $20
11.84210526316,"(2) Teacher, instructor, or lead teacher",(2) Black or African American Only,(8) Graduate or professional degree,1977,6,42,Between 41 and 50,Between $11 and $20
NA,"(2) Teacher, instructor, or lead teacher",NA,"(7) Bachelor's degree (BA, BS, AB)",NA,0,NA,NA,NA
7.4,(1) Aide or assistant teacher,(1) White Only,(4) High school graduate,1973,1,46,Between 41 and 50,Less than $10
15.25,"(2) Teacher, instructor, or lead teacher",(1) White Only,(5) Some college credit but no degree,1995,0,24,Between 20 and 40,Between $11 and $20
19.87281399047,"(2) Teacher, instructor, or lead teacher",(1) White Only,(8) Graduate or professional degree,1966,0,53,More than 51,Between $11 and $20
10.25,(1) Aide or assistant teacher,(1) White Only,"(6) Associate degree (AA, AS)",1978,1,41,Between 41 and 50,NA
12.47297297298,(1) Aide or assistant teacher,(2) Black or African American Only,(8) Graduate or professional degree,1958,0,61,More than 51,Between $11 and $20
11,"(2) Teacher, instructor, or lead teacher",(1) White Only,(5) Some college credit but no degree,1998,19,21,Between 20 and 40,Between $11 and $20
NA,(1) Aide or assistant teacher,NA,"(6) Associate degree (AA, AS)",1975,0,44,Between 41 and 50,NA
13.25,"(2) Teacher, instructor, or lead teacher",(1) White Only,(5) Some college credit but no degree,1998,5,21,Between 20 and 40,Between $11 and $20
16,"(2) Teacher, instructor, or lead teacher",(2) Black or African American Only,"(6) Associate degree (AA, AS)",1969,0,50,Between 41 and 50,Between $11 and $20
10,(1) Aide or assistant teacher,(1) White Only,(4) High school graduate,1988,0,31,Between 20 and 40,Less than $10
10.15,"(2) Teacher, instructor, or lead teacher",(1) White Only,"(6) Associate degree (AA, AS)",1992,5,27,Between 20 and 40,NA
9.55000000001,(1) Aide or assistant teacher,(1) White Only,(5) Some college credit but no degree,1984,6,35,Between 20 and 40,Less than $10
24.6913580247,"(2) Teacher, instructor, or lead teacher",(1) White Only,"(7) Bachelor's degree (BA, BS, AB)",1966,5,53,More than 51,Between $21 and $30
NA,(1) Aide or assistant teacher,(1) White Only,(8) Graduate or professional degree,1969,NA,50,Between 41 and 50,NA
NA,NA,NA,NA,NA,NA,NA,NA,NA
16.75,"(2) Teacher, instructor, or lead teacher",(2) Black or African American Only,(5) Some college credit but no degree,1988,9,31,Between 20 and 40,Between $11 and $20
9.75,"(2) Teacher, instructor, or lead teacher",(2) Black or African American Only,(3) GED or high school equivalency,1996,5,23,Between 20 and 40,Less than $10
12,"(2) Teacher, instructor, or lead teacher",(8) Other,"(6) Associate degree (AA, AS)",1988,7,31,Between 20 and 40,Between $11 and $20
NA,NA,NA,NA,NA,NA,NA,NA,NA
NA,"(2) Teacher, instructor, or lead teacher",(2) Black or African American Only,(4) High school graduate,NA,5,NA,NA,NA
11.25,(1) Aide or assistant teacher,(1) White Only,(3) GED or high school equivalency,1961,9,58,More than 51,Between $11 and $20
NA,"(2) Teacher, instructor, or lead teacher",(1) White Only,(5) Some college credit but no degree,1971,3,48,Between 41 and 50,NA
11.25,"(2) Teacher, instructor, or lead teacher",(1) White Only,(3) GED or high school equivalency,1991,13,28,Between 20 and 40,Between $11 and $20
21,"(2) Teacher, instructor, or lead teacher",NA,(4) High school graduate,1965,3,54,More than 51,Between $21 and $30
18.306,(1) Aide or assistant teacher,(1) White Only,(4) High school graduate,1971,2,48,Between 41 and 50,Between $11 and $20
NA,"(2) Teacher, instructor, or lead teacher",(2) Black or African American Only,(5) Some college credit but no degree,1970,0,49,Between 41 and 50,NA
20,"(2) Teacher, instructor, or lead teacher",(1) White Only,(3) GED or high school equivalency,1979,2,40,Between 20 and 40,Between $11 and $20
8,"(2) Teacher, instructor, or lead teacher",(2) Black or African American Only,(3) GED or high school equivalency,1998,5,21,Between 20 and 40,Less than $10
11.42857142858,(1) Aide or assistant teacher,(1) White Only,(1) Less than High School,1986,0,33,Between 20 and 40,Between $11 and $20
107.5,"(2) Teacher, instructor, or lead teacher",NA,"(7) Bachelor's degree (BA, BS, AB)",NA,1,NA,NA,More than $31
9.5,"(2) Teacher, instructor, or lead teacher",NA,(4) High school graduate,1993,3,26,Between 20 and 40,Less than $10
14.65,(1) Aide or assistant teacher,(1) White Only,"(7) Bachelor's degree (BA, BS, AB)",1981,9,38,Between 20 and 40,Between $11 and $20
20,"(2) Teacher, instructor, or lead teacher",(1) White Only,"(7) Bachelor's degree (BA, BS, AB)",1968,0,51,More than 51,Between $11 and $20
9.25,"(2) Teacher, instructor, or lead teacher",(1) White Only,(4) High school graduate,1991,3,28,Between 20 and 40,Less than $10
NA,NA,NA,NA,NA,NA,NA,NA,NA
17,"(2) Teacher, instructor, or lead teacher",(1) White Only,(8) Graduate or professional degree,1958,2,61,More than 51,Between $11 and $20
8.75,(1) Aide or assistant teacher,(1) White Only,(4) High school graduate,NA,1,NA,NA,Less than $10
NA,"(2) Teacher, instructor, or lead teacher",(3) Asian Only,"(7) Bachelor's degree (BA, BS, AB)",1962,0,57,More than 51,NA
14.66666666667,"(2) Teacher, instructor, or lead teacher",NA,(4) High school graduate,1978,0,41,Between 41 and 50,Between $11 and $20
15.87301587302,"(2) Teacher, instructor, or lead teacher",(1) White Only,(8) Graduate or professional degree,1963,0,56,More than 51,Between $11 and $20
14,"(2) Teacher, instructor, or lead teacher",(1) White Only,(8) Graduate or professional degree,1963,0,56,More than 51,Between $11 and $20
17.83297297298,"(2) Teacher, instructor, or lead teacher",(1) White Only,"(7) Bachelor's degree (BA, BS, AB)",1985,7,34,Between 20 and 40,Between $11 and $20
11.538461538469999,"(2) Teacher, instructor, or lead teacher",(3) Asian Only,"(7) Bachelor's degree (BA, BS, AB)",1973,2,46,Between 41 and 50,Between $11 and $20
2.5,"(2) Teacher, instructor, or lead teacher",(1) White Only,(5) Some college credit but no degree,1998,3,21,Between 20 and 40,Less than $10
NA,"(2) Teacher, instructor, or lead teacher",(1) White Only,(8) Graduate or professional degree,1974,0,45,Between 41 and 50,NA
9.5,"(2) Teacher, instructor, or lead teacher",(1) White Only,(5) Some college credit but no degree,1988,1,31,Between 20 and 40,Less than $10
18,(1) Aide or assistant teacher,(2) Black or African American Only,"(7) Bachelor's degree (BA, BS, AB)",1976,3,43,Between 41 and 50,Between $11 and $20
24.5,"(2) Teacher, instructor, or lead teacher",(3) Asian Only,"(6) Associate degree (AA, AS)",1962,3.5,57,More than 51,Between $21 and $30
20.54,(1) Aide or assistant teacher,(1) White Only,(5) Some college credit but no degree,1975,0,44,Between 41 and 50,NA
26.84210526316,"(2) Teacher, instructor, or lead teacher",(1) White Only,(8) Graduate or professional degree,1994,2,25,Between 20 and 40,Between $21 and $30
11,(1) Aide or assistant teacher,(2) Black or African American Only,(3) GED or high school equivalency,1989,2,30,Between 20 and 40,Between $11 and $20
33.95061728396,"(2) Teacher, instructor, or lead teacher",(1) White Only,(8) Graduate or professional degree,1982,2,37,Between 20 and 40,More than $31
30,"(2) Teacher, instructor, or lead teacher",(1) White Only,"(7) Bachelor's degree (BA, BS, AB)",1990,5,29,Between 20 and 40,Between $21 and $30
11.75,(1) Aide or assistant teacher,(1) White Only,(5) Some college credit but no degree,1995,4,24,Between 20 and 40,Between $11 and $20
13,"(2) Teacher, instructor, or lead teacher",(1) White Only,"(6) Associate degree (AA, AS)",1987,3,32,Between 20 and 40,Between $11 and $20
18.5,(1) Aide or assistant teacher,(1) White Only,(5) Some college credit but no degree,1991,4,28,Between 20 and 40,Between $11 and $20
13,"(2) Teacher, instructor, or lead teacher",(1) White Only,"(6) Associate degree (AA, AS)",1980,5,39,Between 20 and 40,Between $11 and $20
11,"(2) Teacher, instructor, or lead teacher",(8) Other,(5) Some college credit but no degree,1987,0,32,Between 20 and 40,Between $11 and $20
12.75,(1) Aide or assistant teacher,(1) White Only,"(7) Bachelor's degree (BA, BS, AB)",1961,4,58,More than 51,Between $11 and $20
NA,NA,NA,NA,NA,NA,NA,NA,NA
16,"(2) Teacher, instructor, or lead teacher",(1) White Only,(5) Some college credit but no degree,1958,0,61,More than 51,Between $11 and $20
NA,NA,NA,NA,NA,NA,NA,NA,NA
13.5,"(2) Teacher, instructor, or lead teacher",(8) Other,(5) Some college credit but no degree,1998,0,21,Between 20 and 40,Between $11 and $20
8.24,"(2) Teacher, instructor, or lead teacher",(1) White Only,(8) Graduate or professional degree,1991,2,28,Between 20 and 40,Less than $10
12.25,(1) Aide or assistant teacher,(1) White Only,"(6) Associate degree (AA, AS)",1975,0,44,Between 41 and 50,Between $11 and $20
NA,NA,NA,NA,NA,NA,NA,NA,NA
6.66666666667,(1) Aide or assistant teacher,(1) White Only,(3) GED or high school equivalency,1998,9,21,Between 20 and 40,Less than $10
12,"(2) Teacher, instructor, or lead teacher",(1) White Only,"(7) Bachelor's degree (BA, BS, AB)",1995,3,24,Between 20 and 40,Between $11 and $20
12,"(2) Teacher, instructor, or lead teacher",(1) White Only,"(7) Bachelor's degree (BA, BS, AB)",1991,0,28,Between 20 and 40,Between $11 and $20
17.5,"(2) Teacher, instructor, or lead teacher",(1) White Only,(5) Some college credit but no degree,1977,7,42,Between 41 and 50,Between $11 and $20
11.5,(1) Aide or assistant teacher,(1) White Only,(5) Some college credit but no degree,1963,0,56,More than 51,Between $11 and $20
9.2307692307699991,(1) Aide or assistant teacher,(1) White Only,(4) High school graduate,1987,3,32,Between 20 and 40,Less than $10
13,(1) Aide or assistant teacher,(1) White Only,(4) High school graduate,1983,0,36,Between 20 and 40,Between $11 and $20
NA,"(2) Teacher, instructor, or lead teacher",(1) White Only,"(7) Bachelor's degree (BA, BS, AB)",1977,11,42,Between 41 and 50,NA
16,"(2) Teacher, instructor, or lead teacher",(1) White Only,"(7) Bachelor's degree (BA, BS, AB)",1993,7,26,Between 20 and 40,Between $11 and $20
NA,"(2) Teacher, instructor, or lead teacher",(2) Black or African American Only,(5) Some college credit but no degree,1974,3,45,Between 41 and 50,NA
5.625,(1) Aide or assistant teacher,(1) White Only,(1) Less than High School,1975,0,44,Between 41 and 50,Less than $10
NA,"(2) Teacher, instructor, or lead teacher",(2) Black or African American Only,(4) High school graduate,1996,6,23,Between 20 and 40,NA
NA,NA,NA,NA,NA,NA,NA,NA,NA
13.33333333334,(1) Aide or assistant teacher,(1) White Only,(5) Some college credit but no degree,1998,0,21,Between 20 and 40,Between $11 and $20
11.25,"(2) Teacher, instructor, or lead teacher",(1) White Only,(4) High school graduate,1969,0,50,Between 41 and 50,Between $11 and $20
11.25,"(2) Teacher, instructor, or lead teacher",NA,(3) GED or high school equivalency,1990,0,29,Between 20 and 40,Between $11 and $20
10,"(2) Teacher, instructor, or lead teacher",(1) White Only,(4) High school graduate,1998,4,21,Between 20 and 40,Less than $10
14,"(2) Teacher, instructor, or lead teacher",(1) White Only,(4) High school graduate,1989,0,30,Between 20 and 40,Between $11 and $20
49.96666666667,"(2) Teacher, instructor, or lead teacher",(1) White Only,"(7) Bachelor's degree (BA, BS, AB)",1979,13,40,Between 20 and 40,More than $31
22.170375,"(2) Teacher, instructor, or lead teacher",(2) Black or African American Only,"(7) Bachelor's degree (BA, BS, AB)",1968,0,51,More than 51,Between $21 and $30
NA,NA,NA,NA,NA,NA,NA,NA,NA
10,"(2) Teacher, instructor, or lead teacher",(2) Black or African American Only,(5) Some college credit but no degree,1988,2,31,Between 20 and 40,Less than $10
14.5,"(2) Teacher, instructor, or lead teacher",(1) White Only,(5) Some college credit but no degree,1970,0,49,Between 41 and 50,Between $11 and $20
12.85,(1) Aide or assistant teacher,(1) White Only,(5) Some college credit but no degree,1958,0,61,More than 51,Between $11 and $20
NA,NA,NA,NA,NA,NA,NA,NA,NA
14,(1) Aide or assistant teacher,(1) White Only,(8) Graduate or professional degree,1958,1,61,More than 51,Between $11 and $20
11,(1) Aide or assistant teacher,(1) White Only,"(6) Associate degree (AA, AS)",1998,0,21,Between 20 and 40,Between $11 and $20
16.25,(1) Aide or assistant teacher,(1) White Only,"(6) Associate degree (AA, AS)",1962,0,57,More than 51,Between $11 and $20
17.4,"(2) Teacher, instructor, or lead teacher",(1) White Only,(5) Some college credit but no degree,1978,1,41,Between 41 and 50,Between $11 and $20
12,(1) Aide or assistant teacher,(1) White Only,(5) Some college credit but no degree,1995,1,24,Between 20 and 40,Between $11 and $20
NA,NA,NA,NA,NA,NA,NA,NA,NA
NA,"(2) Teacher, instructor, or lead teacher",(1) White Only,"(7) Bachelor's degree (BA, BS, AB)",1966,8,53,More than 51,NA
13.87,"(2) Teacher, instructor, or lead teacher",(1) White Only,"(7) Bachelor's degree (BA, BS, AB)",1992,3,27,Between 20 and 40,Between $11 and $20
11.5,(1) Aide or assistant teacher,(2) Black or African American Only,(3) GED or high school equivalency,1986,0,33,Between 20 and 40,Between $11 and $20
8,(1) Aide or assistant teacher,(2) Black or African American Only,(4) High school graduate,1998,4,21,Between 20 and 40,Less than $10
12,"(2) Teacher, instructor, or lead teacher",(1) White Only,(4) High school graduate,1998,5,21,Between 20 and 40,Between $11 and $20
9,"(2) Teacher, instructor, or lead teacher",(1) White Only,(8) Graduate or professional degree,1988,0,31,Between 20 and 40,Less than $10
14,(1) Aide or assistant teacher,(3) Asian Only,"(7) Bachelor's degree (BA, BS, AB)",1985,0,34,Between 20 and 40,Between $11 and $20
24.67,"(2) Teacher, instructor, or lead teacher",(8) Other,"(7) Bachelor's degree (BA, BS, AB)",1950,0,69,More than 51,Between $21 and $30
16,"(2) Teacher, instructor, or lead teacher",(2) Black or African American Only,"(6) Associate degree (AA, AS)",1987,4,32,Between 20 and 40,Between $11 and $20
6.92307692308,"(2) Teacher, instructor, or lead teacher",(1) White Only,(4) High school graduate,1989,1,30,Between 20 and 40,Less than $10
8.5,"(2) Teacher, instructor, or lead teacher",(1) White Only,(3) GED or high school equivalency,1998,1,21,Between 20 and 40,Less than $10
10.5,"(2) Teacher, instructor, or lead teacher",(1) White Only,(4) High school graduate,1993,3,26,Between 20 and 40,NA
13,(1) Aide or assistant teacher,(1) White Only,(5) Some college credit but no degree,1975,0,44,Between 41 and 50,Between $11 and $20
8.12,"(2) Teacher, instructor, or lead teacher",(1) White Only,"(7) Bachelor's degree (BA, BS, AB)",1981,5,38,Between 20 and 40,Less than $10
12.5,"(2) Teacher, instructor, or lead teacher",(1) White Only,"(7) Bachelor's degree (BA, BS, AB)",1993,8,26,Between 20 and 40,Between $11 and $20
12.15,(1) Aide or assistant teacher,(1) White Only,"(7) Bachelor's degree (BA, BS, AB)",1996,3,23,Between 20 and 40,Between $11 and $20
NA,(1) Aide or assistant teacher,(1) White Only,(5) Some college credit but no degree,1950,0,69,More than 51,NA
15,(1) Aide or assistant teacher,(1) White Only,(4) High school graduate,1989,0,30,Between 20 and 40,Between $11 and $20
20,"(2) Teacher, instructor, or lead teacher",(1) White Only,"(7) Bachelor's degree (BA, BS, AB)",1979,0,40,Between 20 and 40,Between $11 and $20
12,"(2) Teacher, instructor, or lead teacher",(1) White Only,(5) Some college credit but no degree,1968,0,51,More than 51,Between $11 and $20
7.33333333334,"(2) Teacher, instructor, or lead teacher",(2) Black or African American Only,(4) High school graduate,1981,3,38,Between 20 and 40,Less than $10
22.35763636364,"(2) Teacher, instructor, or lead teacher",(3) Asian Only,"(6) Associate degree (AA, AS)",1972,2,47,Between 41 and 50,Between $21 and $30
8,"(2) Teacher, instructor, or lead teacher",NA,(1) Less than High School,1976,3,43,Between 41 and 50,Less than $10
17,"(2) Teacher, instructor, or lead teacher",(1) White Only,"(7) Bachelor's degree (BA, BS, AB)",1968,5,51,More than 51,Between $11 and $20
14.0125,(1) Aide or assistant teacher,(3) Asian Only,(5) Some college credit but no degree,1984,2,35,Between 20 and 40,Between $11 and $20
7.5,"(2) Teacher, instructor, or lead teacher",(8) Other,(5) Some college credit but no degree,1984,5.833333333333,35,Between 20 and 40,Less than $10
12.5,"(2) Teacher, instructor, or lead teacher",(2) Black or African American Only,(8) Graduate or professional degree,1994,0,25,Between 20 and 40,Between $11 and $20
12,"(2) Teacher, instructor, or lead teacher",(2) Black or African American Only,(8) Graduate or professional degree,1960,1,59,More than 51,Between $11 and $20
9.5,(1) Aide or assistant teacher,(1) White Only,(5) Some college credit but no degree,1987,17.5,32,Between 20 and 40,Less than $10
14.79591836735,(1) Aide or assistant teacher,(2) Black or African American Only,(4) High school graduate,1960,7,59,More than 51,Between $11 and $20
15,"(2) Teacher, instructor, or lead teacher",(1) White Only,"(7) Bachelor's degree (BA, BS, AB)",1979,0,40,Between 20 and 40,Between $11 and $20
NA,NA,NA,NA,NA,NA,NA,NA,NA
14,(1) Aide or assistant teacher,(1) White Only,(5) Some college credit but no degree,1995,7,24,Between 20 and 40,Between $11 and $20
8.16129032259,(1) Aide or assistant teacher,(2) Black or African American Only,"(6) Associate degree (AA, AS)",1995,7,24,Between 20 and 40,Less than $10
27.5,(1) Aide or assistant teacher,NA,"(6) Associate degree (AA, AS)",1964,3,55,More than 51,Between $21 and $30
12.04602941177,(1) Aide or assistant teacher,NA,"(7) Bachelor's degree (BA, BS, AB)",1976,0,43,Between 41 and 50,Between $11 and $20
8.75,"(2) Teacher, instructor, or lead teacher",(2) Black or African American Only,(5) Some college credit but no degree,1984,2,35,Between 20 and 40,Less than $10
7.25,"(2) Teacher, instructor, or lead teacher",(2) Black or African American Only,(3) GED or high school equivalency,1963,3,56,More than 51,Less than $10
20.55,"(2) Teacher, instructor, or lead teacher",(3) Asian Only,"(6) Associate degree (AA, AS)",1971,7,48,Between 41 and 50,NA
13.83333333334,"(2) Teacher, instructor, or lead teacher",(1) White Only,"(7) Bachelor's degree (BA, BS, AB)",1977,1,42,Between 41 and 50,Between $11 and $20
28,(1) Aide or assistant teacher,(1) White Only,(5) Some college credit but no degree,1960,0,59,More than 51,Between $21 and $30
8,"(2) Teacher, instructor, or lead teacher",(1) White Only,"(6) Associate degree (AA, AS)",1958,0,61,More than 51,Less than $10
15,(1) Aide or assistant teacher,(1) White Only,"(7) Bachelor's degree (BA, BS, AB)",1982,0,37,Between 20 and 40,Between $11 and $20
6.25,"(2) Teacher, instructor, or lead teacher",(1) White Only,"(7) Bachelor's degree (BA, BS, AB)",1982,0,37,Between 20 and 40,Less than $10
18.26086956522,"(2) Teacher, instructor, or lead teacher",(1) White Only,"(6) Associate degree (AA, AS)",1971,1,48,Between 41 and 50,Between $11 and $20
26.26190476191,"(2) Teacher, instructor, or lead teacher",(2) Black or African American Only,"(6) Associate degree (AA, AS)",1980,0,39,Between 20 and 40,Between $21 and $30
12,(1) Aide or assistant teacher,(1) White Only,"(7) Bachelor's degree (BA, BS, AB)",1967,0,52,More than 51,Between $11 and $20
NA,"(2) Teacher, instructor, or lead teacher",(3) Asian Only,(8) Graduate or professional degree,1975,0,44,Between 41 and 50,NA
14,"(2) Teacher, instructor, or lead teacher",(1) White Only,(5) Some college credit but no degree,1981,5,38,Between 20 and 40,Between $11 and $20
38.88888888889,"(2) Teacher, instructor, or lead teacher",(1) White Only,(8) Graduate or professional degree,1967,0,52,More than 51,More than $31
NA,NA,NA,NA,NA,NA,NA,NA,NA
15,"(2) Teacher, instructor, or lead teacher",(1) White Only,(5) Some college credit but no degree,1989,0,30,Between 20 and 40,Between $11 and $20
NA,NA,NA,NA,NA,NA,NA,NA,NA
14.31,"(2) Teacher, instructor, or lead teacher",(8) Other,(5) Some college credit but no degree,1998,8,21,Between 20 and 40,Between $11 and $20
9,"(2) Teacher, instructor, or lead teacher",(1) White Only,(5) Some college credit but no degree,1993,14,26,Between 20 and 40,Less than $10
24,(3) Other/undetermined,(1) White Only,"(7) Bachelor's degree (BA, BS, AB)",1990,5,29,Between 20 and 40,Between $21 and $30
27,"(2) Teacher, instructor, or lead teacher",(8) Other,(8) Graduate or professional degree,1965,3,54,More than 51,Between $21 and $30
11.65,"(2) Teacher, instructor, or lead teacher",(1) White Only,(3) GED or high school equivalency,1968,4,51,More than 51,Between $11 and $20
NA,(1) Aide or assistant teacher,(1) White Only,"(6) Associate degree (AA, AS)",1975,4,44,Between 41 and 50,NA
14,"(2) Teacher, instructor, or lead teacher",(1) White Only,(8) Graduate or professional degree,1968,11,51,More than 51,Between $11 and $20
9,"(2) Teacher, instructor, or lead teacher",(8) Other,(4) High school graduate,1998,3,21,Between 20 and 40,Less than $10
8,(1) Aide or assistant teacher,(1) White Only,(4) High school graduate,1998,1,21,Between 20 and 40,Less than $10
8.5,"(2) Teacher, instructor, or lead teacher",(1) White Only,(5) Some college credit but no degree,1983,NA,36,Between 20 and 40,Less than $10
10.15,"(2) Teacher, instructor, or lead teacher",(1) White Only,(5) Some college credit but no degree,1998,0,21,Between 20 and 40,NA
11.91666666667,"(2) Teacher, instructor, or lead teacher",(2) Black or African American Only,"(7) Bachelor's degree (BA, BS, AB)",1950,0,69,More than 51,Between $11 and $20
19.375,"(2) Teacher, instructor, or lead teacher",(1) White Only,"(7) Bachelor's degree (BA, BS, AB)",1984,3,35,Between 20 and 40,Between $11 and $20
NA,(1) Aide or assistant teacher,(1) White Only,"(7) Bachelor's degree (BA, BS, AB)",1988,0,31,Between 20 and 40,NA
14,"(2) Teacher, instructor, or lead teacher",(1) White Only,(8) Graduate or professional degree,1995,7,24,Between 20 and 40,Between $11 and $20
12.5,"(2) Teacher, instructor, or lead teacher",(1) White Only,(5) Some college credit but no degree,1965,0,54,More than 51,Between $11 and $20
13,"(2) Teacher, instructor, or lead teacher",(2) Black or African American Only,(5) Some college credit but no degree,1977,5,42,Between 41 and 50,Between $11 and $20
22,"(2) Teacher, instructor, or lead teacher",NA,(5) Some college credit but no degree,NA,NA,NA,NA,Between $21 and $30
10,(1) Aide or assistant teacher,(1) White Only,"(7) Bachelor's degree (BA, BS, AB)",NA,NA,NA,NA,Less than $10
NA,"(2) Teacher, instructor, or lead teacher",(2) Black or African American Only,"(7) Bachelor's degree (BA, BS, AB)",1981,3,38,Between 20 and 40,NA
16,(1) Aide or assistant teacher,(1) White Only,(8) Graduate or professional degree,1992,6,27,Between 20 and 40,Between $11 and $20
10.25641025642,"(2) Teacher, instructor, or lead teacher",(2) Black or African American Only,(4) High school graduate,1966,5,53,More than 51,NA
NA,NA,NA,NA,NA,NA,NA,NA,NA
7.5,"(2) Teacher, instructor, or lead teacher",(1) White Only,(5) Some college credit but no degree,1989,0,30,Between 20 and 40,Less than $10
10,"(2) Teacher, instructor, or lead teacher",(2) Black or African American Only,"(7) Bachelor's degree (BA, BS, AB)",1995,3,24,Between 20 and 40,Less than $10
NA,(1) Aide or assistant teacher,(3) Asian Only,(1) Less than High School,1950,3,69,More than 51,NA
19.31,(1) Aide or assistant teacher,(1) White Only,(5) Some college credit but no degree,1967,0,52,More than 51,Between $11 and $20
14,(1) Aide or assistant teacher,(2) Black or African American Only,(5) Some college credit but no degree,1980,3,39,Between 20 and 40,Between $11 and $20
22,(3) Other/undetermined,NA,"(7) Bachelor's degree (BA, BS, AB)",1977,6,42,Between 41 and 50,Between $21 and $30
NA,(1) Aide or assistant teacher,(1) White Only,"(6) Associate degree (AA, AS)",1986,0,33,Between 20 and 40,NA
8.88000000001,"(2) Teacher, instructor, or lead teacher",NA,(4) High school graduate,NA,NA,NA,NA,Less than $10
8.25,"(2) Teacher, instructor, or lead teacher",(1) White Only,"(6) Associate degree (AA, AS)",1998,4,21,Between 20 and 40,Less than $10
8.5,"(2) Teacher, instructor, or lead teacher",(1) White Only,(4) High school graduate,1979,4,40,Between 20 and 40,Less than $10
11,(1) Aide or assistant teacher,(2) Black or African American Only,(5) Some college credit but no degree,1995,0,24,Between 20 and 40,Between $11 and $20
15,(1) Aide or assistant teacher,NA,(5) Some college credit but no degree,1996,0,23,Between 20 and 40,Between $11 and $20
35.71428571429,"(2) Teacher, instructor, or lead teacher",(1) White Only,"(7) Bachelor's degree (BA, BS, AB)",1974,5,45,Between 41 and 50,More than $31
11.61,(1) Aide or assistant teacher,(2) Black or African American Only,"(7) Bachelor's degree (BA, BS, AB)",1989,3,30,Between 20 and 40,Between $11 and $20
17.99,(1) Aide or assistant teacher,(3) Asian Only,"(7) Bachelor's degree (BA, BS, AB)",1988,8,31,Between 20 and 40,Between $11 and $20
17,"(2) Teacher, instructor, or lead teacher",(1) White Only,"(7) Bachelor's degree (BA, BS, AB)",1984,3,35,Between 20 and 40,Between $11 and $20
NA,NA,NA,NA,NA,NA,NA,NA,NA
12.5,(1) Aide or assistant teacher,(1) White Only,(8) Graduate or professional degree,1984,1,35,Between 20 and 40,Between $11 and $20
12,"(2) Teacher, instructor, or lead teacher",(2) Black or African American Only,(5) Some college credit but no degree,1993,5,26,Between 20 and 40,Between $11 and $20
12,(1) Aide or assistant teacher,NA,(4) High school graduate,1987,0,32,Between 20 and 40,Between $11 and $20
13.13,"(2) Teacher, instructor, or lead teacher",NA,(5) Some college credit but no degree,1977,7,42,Between 41 and 50,Between $11 and $20
13.62,(1) Aide or assistant teacher,(2) Black or African American Only,"(7) Bachelor's degree (BA, BS, AB)",1982,5,37,Between 20 and 40,Between $11 and $20
32.60869565218,"(2) Teacher, instructor, or lead teacher",(1) White Only,"(7) Bachelor's degree (BA, BS, AB)",1972,3,47,Between 41 and 50,More than $31
32.82,"(2) Teacher, instructor, or lead teacher",(2) Black or African American Only,"(7) Bachelor's degree (BA, BS, AB)",1978,0,41,Between 41 and 50,More than $31
19.23076923077,"(2) Teacher, instructor, or lead teacher",(2) Black or African American Only,"(7) Bachelor's degree (BA, BS, AB)",1958,0,61,More than 51,Between $11 and $20
NA,"(2) Teacher, instructor, or lead teacher",(2) Black or African American Only,"(7) Bachelor's degree (BA, BS, AB)",1958,3,61,More than 51,NA
8.6,"(2) Teacher, instructor, or lead teacher",NA,"(6) Associate degree (AA, AS)",NA,NA,NA,NA,Less than $10
8.5,"(2) Teacher, instructor, or lead teacher",(1) White Only,(4) High school graduate,1989,3,30,Between 20 and 40,Less than $10
NA,NA,NA,NA,NA,NA,NA,NA,NA
12,(1) Aide or assistant teacher,(3) Asian Only,"(7) Bachelor's degree (BA, BS, AB)",1966,6,53,More than 51,Between $11 and $20
13.1,(1) Aide or assistant teacher,(1) White Only,(5) Some college credit but no degree,1998,0,21,Between 20 and 40,Between $11 and $20
12,"(2) Teacher, instructor, or lead teacher",(2) Black or African American Only,(8) Graduate or professional degree,1975,0,44,Between 41 and 50,Between $11 and $20
10.71428571429,"(2) Teacher, instructor, or lead teacher",(1) White Only,(5) Some college credit but no degree,1998,0,21,Between 20 and 40,NA
10,"(2) Teacher, instructor, or lead teacher",(1) White Only,(5) Some college credit but no degree,1985,1,34,Between 20 and 40,Less than $10
11,"(2) Teacher, instructor, or lead teacher",(1) White Only,(4) High school graduate,1984,1,35,Between 20 and 40,Between $11 and $20
NA,"(2) Teacher, instructor, or lead teacher",(3) Asian Only,"(6) Associate degree (AA, AS)",1987,0,32,Between 20 and 40,NA
NA,"(2) Teacher, instructor, or lead teacher",(1) White Only,"(6) Associate degree (AA, AS)",1958,0,61,More than 51,NA
12,"(2) Teacher, instructor, or lead teacher",(1) White Only,"(6) Associate degree (AA, AS)",1978,1,41,Between 41 and 50,Between $11 and $20
11.5,(1) Aide or assistant teacher,(3) Asian Only,(1) Less than High School,1995,3,24,Between 20 and 40,Between $11 and $20
NA,"(2) Teacher, instructor, or lead teacher",NA,"(6) Associate degree (AA, AS)",NA,0,NA,NA,NA
8.75,(1) Aide or assistant teacher,(2) Black or African American Only,(5) Some college credit but no degree,1998,2,21,Between 20 and 40,Less than $10
9,(1) Aide or assistant teacher,(2) Black or African American Only,(4) High school graduate,1989,0,30,Between 20 and 40,Less than $10
25,"(2) Teacher, instructor, or lead teacher",(1) White Only,(8) Graduate or professional degree,1976,0,43,Between 41 and 50,Between $21 and $30
14,"(2) Teacher, instructor, or lead teacher",(1) White Only,"(7) Bachelor's degree (BA, BS, AB)",1973,3,46,Between 41 and 50,Between $11 and $20
10.13000000001,(1) Aide or assistant teacher,(1) White Only,(4) High school graduate,1976,0,43,Between 41 and 50,NA
11.42857142858,"(2) Teacher, instructor, or lead teacher",(2) Black or African American Only,"(7) Bachelor's degree (BA, BS, AB)",1950,NA,69,More than 51,Between $11 and $20
14,"(2) Teacher, instructor, or lead teacher",(1) White Only,(8) Graduate or professional degree,1965,1.166666666667,54,More than 51,Between $11 and $20
NA,NA,NA,NA,NA,NA,NA,NA,NA
19,"(2) Teacher, instructor, or lead teacher",(1) White Only,"(6) Associate degree (AA, AS)",1989,1,30,Between 20 and 40,Between $11 and $20
NA,NA,NA,NA,NA,NA,NA,NA,NA
21.95670731708,"(2) Teacher, instructor, or lead teacher",(1) White Only,(8) Graduate or professional degree,1974,1,45,Between 41 and 50,Between $21 and $30
13.75,"(2) Teacher, instructor, or lead teacher",(1) White Only,(5) Some college credit but no degree,1992,0,27,Between 20 and 40,Between $11 and $20
NA,"(2) Teacher, instructor, or lead teacher",(2) Black or African American Only,(3) GED or high school equivalency,1958,NA,61,More than 51,NA
13,(1) Aide or assistant teacher,(2) Black or African American Only,"(7) Bachelor's degree (BA, BS, AB)",1990,5,29,Between 20 and 40,Between $11 and $20
NA,(1) Aide or assistant teacher,(1) White Only,"(6) Associate degree (AA, AS)",1973,8,46,Between 41 and 50,NA
16,"(2) Teacher, instructor, or lead teacher",(1) White Only,(5) Some college credit but no degree,1970,2.333333333333,49,Between 41 and 50,Between $11 and $20
25.08710801394,"(2) Teacher, instructor, or lead teacher",(1) White Only,"(6) Associate degree (AA, AS)",1965,0,54,More than 51,Between $21 and $30
14.82,"(2) Teacher, instructor, or lead teacher",(1) White Only,(5) Some college credit but no degree,1977,7,42,Between 41 and 50,Between $11 and $20
14.89,"(2) Teacher, instructor, or lead teacher",(1) White Only,(5) Some college credit but no degree,1996,14,23,Between 20 and 40,Between $11 and $20
11,"(2) Teacher, instructor, or lead teacher",(1) White Only,"(7) Bachelor's degree (BA, BS, AB)",1987,7,32,Between 20 and 40,Between $11 and $20
20,"(2) Teacher, instructor, or lead teacher",(2) Black or African American Only,"(6) Associate degree (AA, AS)",NA,1,NA,NA,Between $11 and $20
17,"(2) Teacher, instructor, or lead teacher",(3) Asian Only,"(7) Bachelor's degree (BA, BS, AB)",1969,0,50,Between 41 and 50,Between $11 and $20
63.33333333334,"(2) Teacher, instructor, or lead teacher",(1) White Only,(8) Graduate or professional degree,1988,0,31,Between 20 and 40,More than $31
51.42857142858,(1) Aide or assistant teacher,NA,(5) Some college credit but no degree,1971,10,48,Between 41 and 50,More than $31
15.55,"(2) Teacher, instructor, or lead teacher",(1) White Only,"(7) Bachelor's degree (BA, BS, AB)",1958,2,61,More than 51,Between $11 and $20
10.5,"(2) Teacher, instructor, or lead teacher",(1) White Only,(4) High school graduate,1991,9,28,Between 20 and 40,NA
11,"(2) Teacher, instructor, or lead teacher",(1) White Only,(5) Some college credit but no degree,1994,5,25,Between 20 and 40,Between $11 and $20
27.14285714286,"(2) Teacher, instructor, or lead teacher",(2) Black or African American Only,(8) Graduate or professional degree,1968,0,51,More than 51,Between $21 and $30
NA,"(2) Teacher, instructor, or lead teacher",(1) White Only,"(7) Bachelor's degree (BA, BS, AB)",1987,0,32,Between 20 and 40,NA
NA,NA,NA,NA,NA,NA,NA,NA,NA
14.375,(1) Aide or assistant teacher,(1) White Only,(5) Some college credit but no degree,1985,0,34,Between 20 and 40,Between $11 and $20
10.625,"(2) Teacher, instructor, or lead teacher",(1) White Only,"(6) Associate degree (AA, AS)",1979,3,40,Between 20 and 40,NA
40.98333333334,"(2) Teacher, instructor, or lead teacher",(8) Other,"(7) Bachelor's degree (BA, BS, AB)",1980,3,39,Between 20 and 40,More than $31
15.75,"(2) Teacher, instructor, or lead teacher",(1) White Only,(8) Graduate or professional degree,1975,1,44,Between 41 and 50,Between $11 and $20
10.5,(1) Aide or assistant teacher,(1) White Only,(8) Graduate or professional degree,1973,1,46,Between 41 and 50,NA
13.625,"(2) Teacher, instructor, or lead teacher",NA,(5) Some college credit but no degree,NA,NA,NA,NA,Between $11 and $20
10,(1) Aide or assistant teacher,(2) Black or African American Only,(4) High school graduate,1983,1,36,Between 20 and 40,Less than $10
107.32142857143,(1) Aide or assistant teacher,(8) Other,"(6) Associate degree (AA, AS)",1950,0,69,More than 51,More than $31
12,(1) Aide or assistant teacher,(2) Black or African American Only,"(7) Bachelor's degree (BA, BS, AB)",1994,3,25,Between 20 and 40,Between $11 and $20
9,"(2) Teacher, instructor, or lead teacher",(2) Black or African American Only,"(7) Bachelor's degree (BA, BS, AB)",1976,0,43,Between 41 and 50,Less than $10
9,"(2) Teacher, instructor, or lead teacher",(1) White Only,"(7) Bachelor's degree (BA, BS, AB)",1960,0,59,More than 51,Less than $10
13.5,"(2) Teacher, instructor, or lead teacher",(1) White Only,"(6) Associate degree (AA, AS)",1993,2,26,Between 20 and 40,Between $11 and $20
NA,NA,NA,NA,NA,NA,NA,NA,NA
13,"(2) Teacher, instructor, or lead teacher",(1) White Only,(5) Some college credit but no degree,1998,9,21,Between 20 and 40,Between $11 and $20
13.25,"(2) Teacher, instructor, or lead teacher",(1) White Only,(4) High school graduate,1996,1,23,Between 20 and 40,Between $11 and $20
14,"(2) Teacher, instructor, or lead teacher",(1) White Only,(3) GED or high school equivalency,1992,0,27,Between 20 and 40,Between $11 and $20
8.80000000001,"(2) Teacher, instructor, or lead teacher",(2) Black or African American Only,"(6) Associate degree (AA, AS)",1993,0,26,Between 20 and 40,Less than $10
7.5,"(2) Teacher, instructor, or lead teacher",(1) White Only,(5) Some college credit but no degree,1998,9,21,Between 20 and 40,Less than $10
9.5,"(2) Teacher, instructor, or lead teacher",(2) Black or African American Only,"(6) Associate degree (AA, AS)",1982,4,37,Between 20 and 40,Less than $10
12.5,(1) Aide or assistant teacher,(1) White Only,"(6) Associate degree (AA, AS)",1965,0,54,More than 51,Between $11 and $20
11.75,"(2) Teacher, instructor, or lead teacher",(1) White Only,(5) Some college credit but no degree,1998,2,21,Between 20 and 40,Between $11 and $20
9.5,"(2) Teacher, instructor, or lead teacher",(1) White Only,"(7) Bachelor's degree (BA, BS, AB)",1971,0,48,Between 41 and 50,Less than $10
20,"(2) Teacher, instructor, or lead teacher",(1) White Only,(5) Some college credit but no degree,1969,0,50,Between 41 and 50,Between $11 and $20
22.22222222223,(1) Aide or assistant teacher,(1) White Only,"(7) Bachelor's degree (BA, BS, AB)",1996,1,23,Between 20 and 40,Between $21 and $30
15.5,"(2) Teacher, instructor, or lead teacher",NA,(3) GED or high school equivalency,1977,0,42,Between 41 and 50,Between $11 and $20
25.55555555556,"(2) Teacher, instructor, or lead teacher",(1) White Only,(8) Graduate or professional degree,1950,2,69,More than 51,Between $21 and $30
3,"(2) Teacher, instructor, or lead teacher",(2) Black or African American Only,"(7) Bachelor's degree (BA, BS, AB)",1964,0,55,More than 51,Less than $10
17,(1) Aide or assistant teacher,NA,(3) GED or high school equivalency,1967,NA,52,More than 51,Between $11 and $20
NA,(1) Aide or assistant teacher,NA,(3) GED or high school equivalency,1969,1,50,Between 41 and 50,NA
9.85,"(2) Teacher, instructor, or lead teacher",(1) White Only,(4) High school graduate,1998,1,21,Between 20 and 40,Less than $10
NA,NA,NA,NA,NA,NA,NA,NA,NA
10.75,"(2) Teacher, instructor, or lead teacher",(2) Black or African American Only,"(7) Bachelor's degree (BA, BS, AB)",1987,3,32,Between 20 and 40,NA
9,"(2) Teacher, instructor, or lead teacher",(2) Black or African American Only,"(6) Associate degree (AA, AS)",1996,0,23,Between 20 and 40,Less than $10
8,"(2) Teacher, instructor, or lead teacher",(3) Asian Only,"(7) Bachelor's degree (BA, BS, AB)",NA,0,NA,NA,Less than $10
10,"(2) Teacher, instructor, or lead teacher",(1) White Only,"(7) Bachelor's degree (BA, BS, AB)",1986,2,33,Between 20 and 40,Less than $10
12,(1) Aide or assistant teacher,(1) White Only,(5) Some college credit but no degree,1996,0,23,Between 20 and 40,Between $11 and $20
9.25,"(2) Teacher, instructor, or lead teacher",(1) White Only,"(7) Bachelor's degree (BA, BS, AB)",1977,0,42,Between 41 and 50,Less than $10
17,"(2) Teacher, instructor, or lead teacher",(1) White Only,"(6) Associate degree (AA, AS)",1990,0,29,Between 20 and 40,Between $11 and $20
21,"(2) Teacher, instructor, or lead teacher",(1) White Only,"(6) Associate degree (AA, AS)",1958,2,61,More than 51,Between $21 and $30
12.43243243244,"(2) Teacher, instructor, or lead teacher",(1) White Only,(5) Some college credit but no degree,1963,2,56,More than 51,Between $11 and $20
22.22222222223,"(2) Teacher, instructor, or lead teacher",(1) White Only,(8) Graduate or professional degree,1986,7,33,Between 20 and 40,Between $21 and $30
NA,"(2) Teacher, instructor, or lead teacher",(1) White Only,(8) Graduate or professional degree,1950,3,69,More than 51,NA
8.5,(1) Aide or assistant teacher,(2) Black or African American Only,"(6) Associate degree (AA, AS)",1996,4,23,Between 20 and 40,Less than $10
11,(1) Aide or assistant teacher,(1) White Only,(5) Some college credit but no degree,1986,1,33,Between 20 and 40,Between $11 and $20
11.56,"(2) Teacher, instructor, or lead teacher",NA,"(6) Associate degree (AA, AS)",1993,2,26,Between 20 and 40,Between $11 and $20
21.71052631579,"(2) Teacher, instructor, or lead teacher",(1) White Only,(8) Graduate or professional degree,1985,3,34,Between 20 and 40,Between $21 and $30
12,(1) Aide or assistant teacher,(1) White Only,(5) Some college credit but no degree,1996,14,23,Between 20 and 40,Between $11 and $20
13,"(2) Teacher, instructor, or lead teacher",(1) White Only,"(6) Associate degree (AA, AS)",1972,1.166666666667,47,Between 41 and 50,Between $11 and $20
12.5,(1) Aide or assistant teacher,(1) White Only,"(7) Bachelor's degree (BA, BS, AB)",1983,2,36,Between 20 and 40,Between $11 and $20
14.75,(1) Aide or assistant teacher,(2) Black or African American Only,(5) Some college credit but no degree,1990,0,29,Between 20 and 40,Between $11 and $20
15.3,(1) Aide or assistant teacher,NA,"(6) Associate degree (AA, AS)",1984,3,35,Between 20 and 40,Between $11 and $20
33.68421052632,"(2) Teacher, instructor, or lead teacher",(1) White Only,"(7) Bachelor's degree (BA, BS, AB)",1980,1,39,Between 20 and 40,More than $31
12.5,(1) Aide or assistant teacher,NA,(5) Some college credit but no degree,1962,0,57,More than 51,Between $11 and $20
10,(1) Aide or assistant teacher,(3) Asian Only,"(7) Bachelor's degree (BA, BS, AB)",1984,5,35,Between 20 and 40,Less than $10
12.55,"(2) Teacher, instructor, or lead teacher",NA,(1) Less than High School,1986,9,33,Between 20 and 40,Between $11 and $20
NA,"(2) Teacher, instructor, or lead teacher",(1) White Only,"(7) Bachelor's degree (BA, BS, AB)",1991,4,28,Between 20 and 40,NA
10.35,(1) Aide or assistant teacher,(2) Black or African American Only,(4) High school graduate,1995,0,24,Between 20 and 40,NA
13,"(2) Teacher, instructor, or lead teacher",(2) Black or African American Only,(5) Some college credit but no degree,1989,3,30,Between 20 and 40,Between $11 and $20
10.5,"(2) Teacher, instructor, or lead teacher",(1) White Only,(5) Some college credit but no degree,1964,0,55,More than 51,NA
19,(1) Aide or assistant teacher,(1) White Only,(8) Graduate or professional degree,1966,0,53,More than 51,Between $11 and $20
18.5,"(2) Teacher, instructor, or lead teacher",(1) White Only,(4) High school graduate,1991,1,28,Between 20 and 40,Between $11 and $20
13.62,(1) Aide or assistant teacher,(1) White Only,"(6) Associate degree (AA, AS)",1965,0,54,More than 51,Between $11 and $20
13.3918918919,(1) Aide or assistant teacher,(2) Black or African American Only,(5) Some college credit but no degree,1987,4,32,Between 20 and 40,Between $11 and $20
13,(1) Aide or assistant teacher,(2) Black or African American Only,"(6) Associate degree (AA, AS)",1982,3,37,Between 20 and 40,Between $11 and $20
16.66666666667,"(2) Teacher, instructor, or lead teacher",(1) White Only,(8) Graduate or professional degree,1950,0,69,More than 51,Between $11 and $20
11,(1) Aide or assistant teacher,NA,(5) Some college credit but no degree,1986,0,33,Between 20 and 40,Between $11 and $20
12.31,(1) Aide or assistant teacher,NA,(4) High school graduate,1994,5,25,Between 20 and 40,Between $11 and $20
18,"(2) Teacher, instructor, or lead teacher",(3) Asian Only,(4) High school graduate,1973,0,46,Between 41 and 50,Between $11 and $20
6.06060606061,(1) Aide or assistant teacher,(1) White Only,(5) Some college credit but no degree,1988,5,31,Between 20 and 40,Less than $10
13.66396761134,"(2) Teacher, instructor, or lead teacher",(1) White Only,(4) High school graduate,1996,14,23,Between 20 and 40,Between $11 and $20
8.64,"(2) Teacher, instructor, or lead teacher",(1) White Only,(4) High school graduate,1988,0,31,Between 20 and 40,Less than $10
12,(1) Aide or assistant teacher,NA,(5) Some college credit but no degree,1972,2,47,Between 41 and 50,Between $11 and $20
9.45945945946,"(2) Teacher, instructor, or lead teacher",(8) Other,(8) Graduate or professional degree,1991,8,28,Between 20 and 40,Less than $10
10,"(2) Teacher, instructor, or lead teacher",(1) White Only,(3) GED or high school equivalency,1980,0,39,Between 20 and 40,Less than $10
11.25,"(2) Teacher, instructor, or lead teacher",(1) White Only,(5) Some college credit but no degree,1993,1,26,Between 20 and 40,Between $11 and $20
26.73,"(2) Teacher, instructor, or lead teacher",(1) White Only,"(7) Bachelor's degree (BA, BS, AB)",1958,6,61,More than 51,Between $21 and $30
12.38095238096,"(2) Teacher, instructor, or lead teacher",(1) White Only,(8) Graduate or professional degree,1970,0,49,Between 41 and 50,Between $11 and $20
10.5,(1) Aide or assistant teacher,(1) White Only,"(6) Associate degree (AA, AS)",1983,0,36,Between 20 and 40,NA
10.41666666667,"(2) Teacher, instructor, or lead teacher",(1) White Only,"(6) Associate degree (AA, AS)",1960,4,59,More than 51,NA
11.11111111112,"(2) Teacher, instructor, or lead teacher",(1) White Only,(5) Some college credit but no degree,1978,3,41,Between 41 and 50,Between $11 and $20
14,"(2) Teacher, instructor, or lead teacher",(1) White Only,"(7) Bachelor's degree (BA, BS, AB)",1972,0,47,Between 41 and 50,Between $11 and $20
NA,NA,NA,NA,NA,NA,NA,NA,NA
11.5,(1) Aide or assistant teacher,(1) White Only,"(6) Associate degree (AA, AS)",1981,10,38,Between 20 and 40,Between $11 and $20
11,(1) Aide or assistant teacher,(1) White Only,(4) High school graduate,1993,0,26,Between 20 and 40,Between $11 and $20
NA,(1) Aide or assistant teacher,(1) White Only,"(7) Bachelor's degree (BA, BS, AB)",1964,0,55,More than 51,NA
24,"(2) Teacher, instructor, or lead teacher",(1) White Only,(4) High school graduate,1983,0,36,Between 20 and 40,Between $21 and $30
10,"(2) Teacher, instructor, or lead teacher",(2) Black or African American Only,(5) Some college credit but no degree,1984,1,35,Between 20 and 40,Less than $10
11,(1) Aide or assistant teacher,(1) White Only,"(7) Bachelor's degree (BA, BS, AB)",1993,12,26,Between 20 and 40,Between $11 and $20
NA,NA,NA,NA,NA,NA,NA,NA,NA
15.1,"(2) Teacher, instructor, or lead teacher",(3) Asian Only,"(7) Bachelor's degree (BA, BS, AB)",1994,0,25,Between 20 and 40,Between $11 and $20
10.75,"(2) Teacher, instructor, or lead teacher",(1) White Only,"(6) Associate degree (AA, AS)",1962,4,57,More than 51,NA
NA,(1) Aide or assistant teacher,(1) White Only,(5) Some college credit but no degree,1970,3,49,Between 41 and 50,NA
8.25,"(2) Teacher, instructor, or lead teacher",(1) White Only,(4) High school graduate,1994,0,25,Between 20 and 40,Less than $10
NA,NA,NA,NA,NA,NA,NA,NA,NA
21,"(2) Teacher, instructor, or lead teacher",(1) White Only,"(6) Associate degree (AA, AS)",1984,0,35,Between 20 and 40,Between $21 and $30
27.77777777778,"(2) Teacher, instructor, or lead teacher",(1) White Only,"(6) Associate degree (AA, AS)",1967,1,52,More than 51,Between $21 and $30
7.5,(1) Aide or assistant teacher,NA,(5) Some college credit but no degree,1998,0,21,Between 20 and 40,Less than $10
NA,NA,NA,NA,NA,NA,NA,NA,NA
NA,NA,NA,NA,NA,NA,NA,NA,NA
8.5,"(2) Teacher, instructor, or lead teacher",(1) White Only,(5) Some college credit but no degree,1988,3,31,Between 20 and 40,Less than $10
12.8,"(2) Teacher, instructor, or lead teacher",(1) White Only,(5) Some college credit but no degree,1975,5,44,Between 41 and 50,Between $11 and $20
15.36,(1) Aide or assistant teacher,(1) White Only,"(7) Bachelor's degree (BA, BS, AB)",1961,5,58,More than 51,Between $11 and $20
13.47,(1) Aide or assistant teacher,(1) White Only,(5) Some college credit but no degree,1958,2,61,More than 51,Between $11 and $20
12,"(2) Teacher, instructor, or lead teacher",(2) Black or African American Only,"(7) Bachelor's degree (BA, BS, AB)",1975,0,44,Between 41 and 50,Between $11 and $20
11,"(2) Teacher, instructor, or lead teacher",(1) White Only,(5) Some college credit but no degree,1998,NA,21,Between 20 and 40,Between $11 and $20
11.90166666667,(1) Aide or assistant teacher,(2) Black or African American Only,(5) Some college credit but no degree,1998,2,21,Between 20 and 40,Between $11 and $20
NA,NA,NA,NA,NA,NA,NA,NA,NA
18.66666666667,"(2) Teacher, instructor, or lead teacher",(1) White Only,"(6) Associate degree (AA, AS)",1982,0,37,Between 20 and 40,Between $11 and $20
14,(1) Aide or assistant teacher,(1) White Only,"(6) Associate degree (AA, AS)",1991,4,28,Between 20 and 40,Between $11 and $20
32.77777777778,"(2) Teacher, instructor, or lead teacher",(1) White Only,"(7) Bachelor's degree (BA, BS, AB)",1978,2,41,Between 41 and 50,More than $31
13,"(2) Teacher, instructor, or lead teacher",(1) White Only,(5) Some college credit but no degree,1969,11,50,Between 41 and 50,Between $11 and $20
8.15857142858,(1) Aide or assistant teacher,(2) Black or African American Only,(5) Some college credit but no degree,1993,4,26,Between 20 and 40,Less than $10
16,"(2) Teacher, instructor, or lead teacher",(1) White Only,(5) Some college credit but no degree,1990,5,29,Between 20 and 40,Between $11 and $20
7.125,"(2) Teacher, instructor, or lead teacher",(1) White Only,"(6) Associate degree (AA, AS)",1971,1,48,Between 41 and 50,Less than $10
11.40350877193,(1) Aide or assistant teacher,NA,"(7) Bachelor's degree (BA, BS, AB)",1995,11,24,Between 20 and 40,Between $11 and $20
9,"(2) Teacher, instructor, or lead teacher",(1) White Only,(5) Some college credit but no degree,1984,0,35,Between 20 and 40,Less than $10
NA,"(2) Teacher, instructor, or lead teacher",NA,(5) Some college credit but no degree,1958,4,61,More than 51,NA
8.15,(1) Aide or assistant teacher,(2) Black or African American Only,(5) Some college credit but no degree,1998,7,21,Between 20 and 40,Less than $10
NA,(1) Aide or assistant teacher,(1) White Only,"(7) Bachelor's degree (BA, BS, AB)",1980,1,39,Between 20 and 40,NA
18.75,"(2) Teacher, instructor, or lead teacher",(1) White Only,(5) Some college credit but no degree,1974,0,45,Between 41 and 50,Between $11 and $20
28.57142857143,(1) Aide or assistant teacher,(1) White Only,"(7) Bachelor's degree (BA, BS, AB)",1985,1,34,Between 20 and 40,Between $21 and $30
10.89,"(2) Teacher, instructor, or lead teacher",(1) White Only,"(7) Bachelor's degree (BA, BS, AB)",1950,1,69,More than 51,NA
14.5,"(2) Teacher, instructor, or lead teacher",NA,(3) GED or high school equivalency,1989,0,30,Between 20 and 40,Between $11 and $20
10,(1) Aide or assistant teacher,(1) White Only,"(7) Bachelor's degree (BA, BS, AB)",1983,0,36,Between 20 and 40,Less than $10
11.1,(1) Aide or assistant teacher,(2) Black or African American Only,(4) High school graduate,1974,10,45,Between 41 and 50,Between $11 and $20
14,"(2) Teacher, instructor, or lead teacher",(1) White Only,(8) Graduate or professional degree,1981,10,38,Between 20 and 40,Between $11 and $20
NA,NA,NA,NA,NA,NA,NA,NA,NA
9,(1) Aide or assistant teacher,(1) White Only,"(6) Associate degree (AA, AS)",1992,0,27,Between 20 and 40,Less than $10
21.33333333334,(1) Aide or assistant teacher,(1) White Only,(1) Less than High School,1996,0,23,Between 20 and 40,Between $21 and $30
NA,NA,NA,NA,NA,NA,NA,NA,NA
21.42857142858,"(2) Teacher, instructor, or lead teacher",(1) White Only,(8) Graduate or professional degree,1971,0,48,Between 41 and 50,Between $21 and $30
9,"(2) Teacher, instructor, or lead teacher",(1) White Only,"(6) Associate degree (AA, AS)",1990,0,29,Between 20 and 40,Less than $10
29.16666666667,"(2) Teacher, instructor, or lead teacher",(1) White Only,"(7) Bachelor's degree (BA, BS, AB)",1977,2,42,Between 41 and 50,Between $21 and $30
NA,NA,NA,NA,NA,NA,NA,NA,NA
8.6,(1) Aide or assistant teacher,(1) White Only,(4) High school graduate,1998,2,21,Between 20 and 40,Less than $10
11.3,(1) Aide or assistant teacher,(1) White Only,(5) Some college credit but no degree,1998,13,21,Between 20 and 40,Between $11 and $20
12.07,(1) Aide or assistant teacher,(1) White Only,"(7) Bachelor's degree (BA, BS, AB)",1969,3,50,Between 41 and 50,Between $11 and $20
10.66666666667,"(2) Teacher, instructor, or lead teacher",(1) White Only,"(7) Bachelor's degree (BA, BS, AB)",1958,0,61,More than 51,NA
13,"(2) Teacher, instructor, or lead teacher",(2) Black or African American Only,"(6) Associate degree (AA, AS)",1992,0,27,Between 20 and 40,Between $11 and $20
11.538461538469999,"(2) Teacher, instructor, or lead teacher",(2) Black or African American Only,"(6) Associate degree (AA, AS)",1967,6,52,More than 51,Between $11 and $20
15,"(2) Teacher, instructor, or lead teacher",(2) Black or African American Only,"(7) Bachelor's degree (BA, BS, AB)",1968,1,51,More than 51,Between $11 and $20
24.59749552773,"(2) Teacher, instructor, or lead teacher",(1) White Only,"(6) Associate degree (AA, AS)",1971,5,48,Between 41 and 50,Between $21 and $30
7.55,"(2) Teacher, instructor, or lead teacher",NA,(4) High school graduate,1991,0,28,Between 20 and 40,Less than $10
7.5,"(2) Teacher, instructor, or lead teacher",(1) White Only,(4) High school graduate,1993,3,26,Between 20 and 40,Less than $10
12,(1) Aide or assistant teacher,(1) White Only,"(6) Associate degree (AA, AS)",1993,1,26,Between 20 and 40,Between $11 and $20
17.56,(1) Aide or assistant teacher,(3) Asian Only,"(7) Bachelor's degree (BA, BS, AB)",1993,5,26,Between 20 and 40,Between $11 and $20
12.5,(1) Aide or assistant teacher,(1) White Only,(8) Graduate or professional degree,1960,2,59,More than 51,Between $11 and $20
9.5,"(2) Teacher, instructor, or lead teacher",(2) Black or African American Only,(5) Some college credit but no degree,1986,3.5,33,Between 20 and 40,Less than $10
13,"(2) Teacher, instructor, or lead teacher",(1) White Only,"(7) Bachelor's degree (BA, BS, AB)",1991,5,28,Between 20 and 40,Between $11 and $20
15,(1) Aide or assistant teacher,(2) Black or African American Only,"(6) Associate degree (AA, AS)",1985,2.333333333333,34,Between 20 and 40,Between $11 and $20
10,(1) Aide or assistant teacher,(1) White Only,(8) Graduate or professional degree,1969,8.166666666667,50,Between 41 and 50,Less than $10
23.8,(1) Aide or assistant teacher,NA,"(7) Bachelor's degree (BA, BS, AB)",NA,NA,NA,NA,Between $21 and $30
21.546,"(2) Teacher, instructor, or lead teacher",(2) Black or African American Only,"(7) Bachelor's degree (BA, BS, AB)",1972,2,47,Between 41 and 50,Between $21 and $30
17,"(2) Teacher, instructor, or lead teacher",(8) Other,(8) Graduate or professional degree,1990,0,29,Between 20 and 40,Between $11 and $20
13.5,"(2) Teacher, instructor, or lead teacher",(1) White Only,(5) Some college credit but no degree,1986,8,33,Between 20 and 40,Between $11 and $20
12.16216216217,"(2) Teacher, instructor, or lead teacher",(1) White Only,(5) Some college credit but no degree,1962,0,57,More than 51,Between $11 and $20
9.44444444445,"(2) Teacher, instructor, or lead teacher",(1) White Only,"(7) Bachelor's degree (BA, BS, AB)",1973,0,46,Between 41 and 50,Less than $10
10,"(2) Teacher, instructor, or lead teacher",(1) White Only,"(7) Bachelor's degree (BA, BS, AB)",1978,2,41,Between 41 and 50,Less than $10
21.36752136753,"(2) Teacher, instructor, or lead teacher",(2) Black or African American Only,(8) Graduate or professional degree,1965,1,54,More than 51,Between $21 and $30
11.5,"(2) Teacher, instructor, or lead teacher",(2) Black or African American Only,(4) High school graduate,1991,3,28,Between 20 and 40,Between $11 and $20
33.33333333334,"(2) Teacher, instructor, or lead teacher",(1) White Only,"(7) Bachelor's degree (BA, BS, AB)",1981,1.166666666667,38,Between 20 and 40,More than $31
11.51,"(2) Teacher, instructor, or lead teacher",(1) White Only,(8) Graduate or professional degree,1981,3,38,Between 20 and 40,Between $11 and $20
27.48538011696,"(2) Teacher, instructor, or lead teacher",(1) White Only,"(7) Bachelor's degree (BA, BS, AB)",1972,2,47,Between 41 and 50,Between $21 and $30
NA,(1) Aide or assistant teacher,(1) White Only,"(6) Associate degree (AA, AS)",1950,1,69,More than 51,NA
9,"(2) Teacher, instructor, or lead teacher",(1) White Only,"(6) Associate degree (AA, AS)",1975,5,44,Between 41 and 50,Less than $10
16.5,"(2) Teacher, instructor, or lead teacher",(1) White Only,"(7) Bachelor's degree (BA, BS, AB)",1978,1,41,Between 41 and 50,Between $11 and $20
25.86538461539,"(2) Teacher, instructor, or lead teacher",(1) White Only,(8) Graduate or professional degree,1963,2,56,More than 51,Between $21 and $30
NA,(1) Aide or assistant teacher,(2) Black or African American Only,(4) High school graduate,1950,1,69,More than 51,NA
12,(1) Aide or assistant teacher,(1) White Only,(4) High school graduate,1980,10,39,Between 20 and 40,Between $11 and $20
32,"(2) Teacher, instructor, or lead teacher",(1) White Only,"(7) Bachelor's degree (BA, BS, AB)",1971,7,48,Between 41 and 50,More than $31
NA,NA,NA,NA,NA,NA,NA,NA,NA
NA,"(2) Teacher, instructor, or lead teacher",(8) Other,(4) High school graduate,1998,1,21,Between 20 and 40,NA
15.25,(1) Aide or assistant teacher,(1) White Only,(5) Some college credit but no degree,1968,0,51,More than 51,Between $11 and $20
16.67289473685,(1) Aide or assistant teacher,(3) Asian Only,"(7) Bachelor's degree (BA, BS, AB)",1980,5,39,Between 20 and 40,Between $11 and $20
17,"(2) Teacher, instructor, or lead teacher",(3) Asian Only,"(7) Bachelor's degree (BA, BS, AB)",1968,0,51,More than 51,Between $11 and $20
13,"(2) Teacher, instructor, or lead teacher",(1) White Only,"(6) Associate degree (AA, AS)",1972,0,47,Between 41 and 50,Between $11 and $20
13.75,(1) Aide or assistant teacher,NA,(5) Some college credit but no degree,NA,NA,NA,NA,Between $11 and $20
25,"(2) Teacher, instructor, or lead teacher",(1) White Only,"(7) Bachelor's degree (BA, BS, AB)",1968,1,51,More than 51,Between $21 and $30
14,"(2) Teacher, instructor, or lead teacher",(3) Asian Only,"(6) Associate degree (AA, AS)",1986,1,33,Between 20 and 40,Between $11 and $20
11.77,(1) Aide or assistant teacher,NA,"(6) Associate degree (AA, AS)",1996,1,23,Between 20 and 40,Between $11 and $20
21.9,"(2) Teacher, instructor, or lead teacher",(2) Black or African American Only,(8) Graduate or professional degree,1958,0,61,More than 51,Between $21 and $30
NA,NA,NA,NA,NA,NA,NA,NA,NA
12.5,(1) Aide or assistant teacher,(1) White Only,(5) Some college credit but no degree,1995,1,24,Between 20 and 40,Between $11 and $20
12,"(2) Teacher, instructor, or lead teacher",(1) White Only,(5) Some college credit but no degree,1980,0,39,Between 20 and 40,Between $11 and $20
22,(1) Aide or assistant teacher,(1) White Only,(5) Some college credit but no degree,1980,1,39,Between 20 and 40,Between $21 and $30
17.5,"(2) Teacher, instructor, or lead teacher",(3) Asian Only,"(7) Bachelor's degree (BA, BS, AB)",1993,15,26,Between 20 and 40,Between $11 and $20
15.5,"(2) Teacher, instructor, or lead teacher",(1) White Only,"(6) Associate degree (AA, AS)",1970,0,49,Between 41 and 50,Between $11 and $20
17.56756756757,"(2) Teacher, instructor, or lead teacher",(2) Black or African American Only,"(7) Bachelor's degree (BA, BS, AB)",1975,4,44,Between 41 and 50,Between $11 and $20
NA,"(2) Teacher, instructor, or lead teacher",(1) White Only,(5) Some college credit but no degree,1986,1,33,Between 20 and 40,NA
13,"(2) Teacher, instructor, or lead teacher",(1) White Only,"(7) Bachelor's degree (BA, BS, AB)",1958,3,61,More than 51,Between $11 and $20
NA,NA,NA,NA,NA,NA,NA,NA,NA
12.775,"(2) Teacher, instructor, or lead teacher",(1) White Only,"(7) Bachelor's degree (BA, BS, AB)",1991,0,28,Between 20 and 40,Between $11 and $20
15.75,"(2) Teacher, instructor, or lead teacher",(1) White Only,(5) Some college credit but no degree,1979,1,40,Between 20 and 40,Between $11 and $20
16.99,"(2) Teacher, instructor, or lead teacher",(1) White Only,"(7) Bachelor's degree (BA, BS, AB)",1971,3,48,Between 41 and 50,Between $11 and $20
20.5,"(2) Teacher, instructor, or lead teacher",NA,(5) Some college credit but no degree,1982,3,37,Between 20 and 40,NA
20,"(2) Teacher, instructor, or lead teacher",(1) White Only,"(7) Bachelor's degree (BA, BS, AB)",1983,1,36,Between 20 and 40,Between $11 and $20
NA,(1) Aide or assistant teacher,(2) Black or African American Only,(5) Some college credit but no degree,1973,0,46,Between 41 and 50,NA
8.5,(1) Aide or assistant teacher,(1) White Only,"(6) Associate degree (AA, AS)",1998,0,21,Between 20 and 40,Less than $10
NA,NA,NA,NA,NA,NA,NA,NA,NA
10.25,(1) Aide or assistant teacher,(3) Asian Only,(5) Some college credit but no degree,1990,0,29,Between 20 and 40,NA
10.35,(1) Aide or assistant teacher,NA,(4) High school graduate,1950,1,69,More than 51,NA
13.75,(1) Aide or assistant teacher,(1) White Only,"(6) Associate degree (AA, AS)",1980,3,39,Between 20 and 40,Between $11 and $20
NA,NA,NA,NA,NA,NA,NA,NA,NA
10,"(2) Teacher, instructor, or lead teacher",(2) Black or African American Only,(5) Some college credit but no degree,1994,0,25,Between 20 and 40,Less than $10
10,(1) Aide or assistant teacher,(2) Black or African American Only,(4) High school graduate,1992,1,27,Between 20 and 40,Less than $10
10.75,"(2) Teacher, instructor, or lead teacher",(1) White Only,(8) Graduate or professional degree,1993,0,26,Between 20 and 40,NA
20.95,"(2) Teacher, instructor, or lead teacher",NA,"(6) Associate degree (AA, AS)",1958,0,61,More than 51,NA
9.14285714286,"(2) Teacher, instructor, or lead teacher",(2) Black or African American Only,(1) Less than High School,1971,0,48,Between 41 and 50,Less than $10
13.5,"(2) Teacher, instructor, or lead teacher",NA,"(6) Associate degree (AA, AS)",1990,0,29,Between 20 and 40,Between $11 and $20
NA,NA,NA,NA,NA,NA,NA,NA,NA
11,"(2) Teacher, instructor, or lead teacher",(1) White Only,"(6) Associate degree (AA, AS)",1994,0,25,Between 20 and 40,Between $11 and $20
NA,NA,NA,NA,NA,NA,NA,NA,NA
17.31,"(2) Teacher, instructor, or lead teacher",NA,(5) Some college credit but no degree,1964,1,55,More than 51,Between $11 and $20
19.11,(1) Aide or assistant teacher,(1) White Only,"(7) Bachelor's degree (BA, BS, AB)",1978,3,41,Between 41 and 50,Between $11 and $20
58.33333333334,(1) Aide or assistant teacher,(2) Black or African American Only,"(6) Associate degree (AA, AS)",1958,6,61,More than 51,More than $31
12,"(2) Teacher, instructor, or lead teacher",(1) White Only,(4) High school graduate,1968,1,51,More than 51,Between $11 and $20
12.6,"(2) Teacher, instructor, or lead teacher",(8) Other,(5) Some college credit but no degree,1969,3,50,Between 41 and 50,Between $11 and $20
7.25,(1) Aide or assistant teacher,(1) White Only,(4) High school graduate,1993,1,26,Between 20 and 40,Less than $10
11.5,"(2) Teacher, instructor, or lead teacher",(1) White Only,(5) Some college credit but no degree,1998,2,21,Between 20 and 40,Between $11 and $20
8.75,(1) Aide or assistant teacher,(2) Black or African American Only,(5) Some college credit but no degree,1950,0,69,More than 51,Less than $10
12.5,"(2) Teacher, instructor, or lead teacher",(1) White Only,"(6) Associate degree (AA, AS)",1995,0,24,Between 20 and 40,Between $11 and $20
10,"(2) Teacher, instructor, or lead teacher",(1) White Only,(3) GED or high school equivalency,1986,0,33,Between 20 and 40,Less than $10
11,"(2) Teacher, instructor, or lead teacher",(2) Black or African American Only,(4) High school graduate,1981,0,38,Between 20 and 40,Between $11 and $20
NA,NA,NA,NA,NA,NA,NA,NA,NA
15.85,"(2) Teacher, instructor, or lead teacher",(1) White Only,"(7) Bachelor's degree (BA, BS, AB)",1971,0,48,Between 41 and 50,Between $11 and $20
NA,NA,NA,NA,NA,NA,NA,NA,NA
12.5,"(2) Teacher, instructor, or lead teacher",(8) Other,"(7) Bachelor's degree (BA, BS, AB)",1985,7,34,Between 20 and 40,Between $11 and $20
15,"(2) Teacher, instructor, or lead teacher",(2) Black or African American Only,(5) Some college credit but no degree,1983,6,36,Between 20 and 40,Between $11 and $20
9.09090909091,"(2) Teacher, instructor, or lead teacher",(2) Black or African American Only,"(6) Associate degree (AA, AS)",1984,0,35,Between 20 and 40,Less than $10
9,"(2) Teacher, instructor, or lead teacher",(1) White Only,(5) Some college credit but no degree,NA,NA,NA,NA,Less than $10
18,"(2) Teacher, instructor, or lead teacher",(1) White Only,"(7) Bachelor's degree (BA, BS, AB)",1982,2.333333333333,37,Between 20 and 40,Between $11 and $20
NA,NA,NA,NA,NA,NA,NA,NA,NA
10,"(2) Teacher, instructor, or lead teacher",(2) Black or African American Only,(8) Graduate or professional degree,1988,3,31,Between 20 and 40,Less than $10
10.75,"(2) Teacher, instructor, or lead teacher",(1) White Only,(5) Some college credit but no degree,1996,0,23,Between 20 and 40,NA
16.66666666667,"(2) Teacher, instructor, or lead teacher",(2) Black or African American Only,(5) Some college credit but no degree,1958,6,61,More than 51,Between $11 and $20
11,(1) Aide or assistant teacher,(1) White Only,"(6) Associate degree (AA, AS)",1979,2,40,Between 20 and 40,Between $11 and $20
22.375,(1) Aide or assistant teacher,(8) Other,"(6) Associate degree (AA, AS)",1988,0,31,Between 20 and 40,Between $21 and $30
NA,NA,NA,NA,NA,NA,NA,NA,NA
10.83333333334,(1) Aide or assistant teacher,(2) Black or African American Only,"(6) Associate degree (AA, AS)",1961,0,58,More than 51,NA
NA,"(2) Teacher, instructor, or lead teacher",(1) White Only,"(7) Bachelor's degree (BA, BS, AB)",1950,0,69,More than 51,NA
11,"(2) Teacher, instructor, or lead teacher",(1) White Only,"(7) Bachelor's degree (BA, BS, AB)",1965,3,54,More than 51,Between $11 and $20
12.7,"(2) Teacher, instructor, or lead teacher",(1) White Only,(5) Some college credit but no degree,1995,5,24,Between 20 and 40,Between $11 and $20
16,(1) Aide or assistant teacher,NA,(8) Graduate or professional degree,NA,0,NA,NA,Between $11 and $20
25,"(2) Teacher, instructor, or lead teacher",(1) White Only,(8) Graduate or professional degree,1975,9,44,Between 41 and 50,Between $21 and $30
15.71428571429,"(2) Teacher, instructor, or lead teacher",(1) White Only,"(7) Bachelor's degree (BA, BS, AB)",1993,8,26,Between 20 and 40,Between $11 and $20
13.1,"(2) Teacher, instructor, or lead teacher",(8) Other,"(6) Associate degree (AA, AS)",1977,4,42,Between 41 and 50,Between $11 and $20
12,(1) Aide or assistant teacher,(1) White Only,"(7) Bachelor's degree (BA, BS, AB)",1979,0,40,Between 20 and 40,Between $11 and $20
9,"(2) Teacher, instructor, or lead teacher",(2) Black or African American Only,"(7) Bachelor's degree (BA, BS, AB)",1969,7,50,Between 41 and 50,Less than $10
14,(1) Aide or assistant teacher,NA,(5) Some college credit but no degree,1989,9,30,Between 20 and 40,Between $11 and $20
7,"(2) Teacher, instructor, or lead teacher",(1) White Only,(5) Some college credit but no degree,1989,3,30,Between 20 and 40,Less than $10
9.3125,"(2) Teacher, instructor, or lead teacher",(2) Black or African American Only,"(7) Bachelor's degree (BA, BS, AB)",1993,8,26,Between 20 and 40,Less than $10
10.25,"(2) Teacher, instructor, or lead teacher",(1) White Only,(8) Graduate or professional degree,1963,0,56,More than 51,NA
12.5,"(2) Teacher, instructor, or lead teacher",(8) Other,(5) Some college credit but no degree,1986,0,33,Between 20 and 40,Between $11 and $20
9,"(2) Teacher, instructor, or lead teacher",(2) Black or African American Only,(5) Some college credit but no degree,1998,2,21,Between 20 and 40,Less than $10
20,"(2) Teacher, instructor, or lead teacher",(2) Black or African American Only,"(7) Bachelor's degree (BA, BS, AB)",1961,3,58,More than 51,Between $11 and $20
NA,(1) Aide or assistant teacher,(2) Black or African American Only,(1) Less than High School,1950,0,69,More than 51,NA
NA,"(2) Teacher, instructor, or lead teacher",(2) Black or African American Only,(8) Graduate or professional degree,1950,2,69,More than 51,NA
11.1,(1) Aide or assistant teacher,(1) White Only,"(6) Associate degree (AA, AS)",1977,0,42,Between 41 and 50,Between $11 and $20
NA,NA,NA,NA,NA,NA,NA,NA,NA
56.66666666667,"(2) Teacher, instructor, or lead teacher",(1) White Only,(8) Graduate or professional degree,1970,2,49,Between 41 and 50,More than $31
NA,NA,NA,NA,NA,NA,NA,NA,NA
15.78947368422,(1) Aide or assistant teacher,(1) White Only,"(7) Bachelor's degree (BA, BS, AB)",1994,6,25,Between 20 and 40,Between $11 and $20
NA,NA,NA,NA,NA,NA,NA,NA,NA
14,"(2) Teacher, instructor, or lead teacher",NA,"(6) Associate degree (AA, AS)",NA,NA,NA,NA,Between $11 and $20
13.76,(1) Aide or assistant teacher,(1) White Only,"(6) Associate degree (AA, AS)",1980,0,39,Between 20 and 40,Between $11 and $20
NA,NA,NA,NA,NA,NA,NA,NA,NA
11,"(2) Teacher, instructor, or lead teacher",(1) White Only,(4) High school graduate,1994,1,25,Between 20 and 40,Between $11 and $20
9,(1) Aide or assistant teacher,(1) White Only,(8) Graduate or professional degree,1992,0,27,Between 20 and 40,Less than $10
11.25,"(2) Teacher, instructor, or lead teacher",(2) Black or African American Only,"(7) Bachelor's degree (BA, BS, AB)",1995,4,24,Between 20 and 40,Between $11 and $20
10.25,"(2) Teacher, instructor, or lead teacher",(2) Black or African American Only,"(7) Bachelor's degree (BA, BS, AB)",1986,0,33,Between 20 and 40,NA
NA,NA,NA,NA,NA,NA,NA,NA,NA
17.18075,"(2) Teacher, instructor, or lead teacher",(1) White Only,"(6) Associate degree (AA, AS)",1969,8,50,Between 41 and 50,Between $11 and $20
NA,"(2) Teacher, instructor, or lead teacher",(1) White Only,"(7) Bachelor's degree (BA, BS, AB)",1977,0,42,Between 41 and 50,NA
107.5,"(2) Teacher, instructor, or lead teacher",(1) White Only,(8) Graduate or professional degree,1958,1,61,More than 51,More than $31
NA,NA,NA,NA,NA,NA,NA,NA,NA
9.25,"(2) Teacher, instructor, or lead teacher",(1) White Only,(4) High school graduate,1985,0,34,Between 20 and 40,Less than $10
7.5,"(2) Teacher, instructor, or lead teacher",(1) White Only,(4) High school graduate,1990,0,29,Between 20 and 40,Less than $10
10.5,"(2) Teacher, instructor, or lead teacher",(1) White Only,(4) High school graduate,1967,2,52,More than 51,NA
15,"(2) Teacher, instructor, or lead teacher",(1) White Only,"(7) Bachelor's degree (BA, BS, AB)",1991,0,28,Between 20 and 40,Between $11 and $20
28.84615384616,"(2) Teacher, instructor, or lead teacher",NA,"(7) Bachelor's degree (BA, BS, AB)",1950,0,69,More than 51,Between $21 and $30
11.84,(1) Aide or assistant teacher,(1) White Only,"(7) Bachelor's degree (BA, BS, AB)",1968,0,51,More than 51,Between $11 and $20
NA,(1) Aide or assistant teacher,(3) Asian Only,(4) High school graduate,1972,NA,47,Between 41 and 50,NA
NA,(1) Aide or assistant teacher,(1) White Only,"(7) Bachelor's degree (BA, BS, AB)",1987,16,32,Between 20 and 40,NA
15,(1) Aide or assistant teacher,(1) White Only,"(6) Associate degree (AA, AS)",1958,1,61,More than 51,Between $11 and $20
7.2,"(2) Teacher, instructor, or lead teacher",(2) Black or African American Only,(4) High school graduate,1994,7,25,Between 20 and 40,Less than $10
10.89,(1) Aide or assistant teacher,(2) Black or African American Only,"(7) Bachelor's degree (BA, BS, AB)",1985,4,34,Between 20 and 40,NA
12,"(2) Teacher, instructor, or lead teacher",(1) White Only,(4) High school graduate,1994,0,25,Between 20 and 40,Between $11 and $20
NA,"(2) Teacher, instructor, or lead teacher",NA,(4) High school graduate,NA,NA,NA,NA,NA
9.30000000001,"(2) Teacher, instructor, or lead teacher",(1) White Only,"(6) Associate degree (AA, AS)",1990,5,29,Between 20 and 40,Less than $10
16.05,"(2) Teacher, instructor, or lead teacher",(2) Black or African American Only,"(6) Associate degree (AA, AS)",1983,0,36,Between 20 and 40,Between $11 and $20
21.75,"(2) Teacher, instructor, or lead teacher",(1) White Only,"(7) Bachelor's degree (BA, BS, AB)",1995,0,24,Between 20 and 40,Between $21 and $30
20,(1) Aide or assistant teacher,(1) White Only,(5) Some college credit but no degree,1985,0,34,Between 20 and 40,Between $11 and $20
32,"(2) Teacher, instructor, or lead teacher",(1) White Only,"(7) Bachelor's degree (BA, BS, AB)",1977,1.166666666667,42,Between 41 and 50,More than $31
32.96527777778,"(2) Teacher, instructor, or lead teacher",(2) Black or African American Only,"(7) Bachelor's degree (BA, BS, AB)",1981,7,38,Between 20 and 40,More than $31
15,(1) Aide or assistant teacher,NA,"(7) Bachelor's degree (BA, BS, AB)",1988,0,31,Between 20 and 40,Between $11 and $20
8.5,"(2) Teacher, instructor, or lead teacher",(2) Black or African American Only,(5) Some college credit but no degree,1978,1,41,Between 41 and 50,Less than $10
11,(1) Aide or assistant teacher,(1) White Only,(1) Less than High School,1984,0,35,Between 20 and 40,Between $11 and $20
9,(1) Aide or assistant teacher,(1) White Only,(5) Some college credit but no degree,1982,0,37,Between 20 and 40,Less than $10
15,"(2) Teacher, instructor, or lead teacher",(1) White Only,"(6) Associate degree (AA, AS)",1992,0,27,Between 20 and 40,Between $11 and $20
NA,"(2) Teacher, instructor, or lead teacher",(1) White Only,"(7) Bachelor's degree (BA, BS, AB)",1982,3,37,Between 20 and 40,NA
25,"(2) Teacher, instructor, or lead teacher",(1) White Only,(8) Graduate or professional degree,1969,0,50,Between 41 and 50,Between $21 and $30
NA,NA,NA,NA,NA,NA,NA,NA,NA
13.5,"(2) Teacher, instructor, or lead teacher",(1) White Only,"(6) Associate degree (AA, AS)",1964,0,55,More than 51,Between $11 and $20
15,"(2) Teacher, instructor, or lead teacher",(1) White Only,(4) High school graduate,1973,0,46,Between 41 and 50,Between $11 and $20
32.12907692308,"(2) Teacher, instructor, or lead teacher",NA,"(7) Bachelor's degree (BA, BS, AB)",1958,0,61,More than 51,More than $31
19.77352941177,"(2) Teacher, instructor, or lead teacher",(1) White Only,(4) High school graduate,1991,1,28,Between 20 and 40,Between $11 and $20
25,"(2) Teacher, instructor, or lead teacher",(1) White Only,"(7) Bachelor's degree (BA, BS, AB)",1972,0,47,Between 41 and 50,Between $21 and $30
12.18,(1) Aide or assistant teacher,(1) White Only,(5) Some college credit but no degree,1967,0,52,More than 51,Between $11 and $20
16.5,"(2) Teacher, instructor, or lead teacher",(1) White Only,(5) Some college credit but no degree,1979,0,40,Between 20 and 40,Between $11 and $20
14,(1) Aide or assistant teacher,(1) White Only,(5) Some college credit but no degree,1958,4,61,More than 51,Between $11 and $20
10,(1) Aide or assistant teacher,NA,(4) High school graduate,1994,NA,25,Between 20 and 40,Less than $10
22,"(2) Teacher, instructor, or lead teacher",(1) White Only,(5) Some college credit but no degree,1976,6,43,Between 41 and 50,Between $21 and $30
21.5,"(2) Teacher, instructor, or lead teacher",(1) White Only,"(7) Bachelor's degree (BA, BS, AB)",1991,0,28,Between 20 and 40,Between $21 and $30
NA,"(2) Teacher, instructor, or lead teacher",(1) White Only,"(6) Associate degree (AA, AS)",1978,0,41,Between 41 and 50,NA
15,(1) Aide or assistant teacher,(3) Asian Only,(4) High school graduate,1982,0,37,Between 20 and 40,Between $11 and $20
28.64583333334,"(2) Teacher, instructor, or lead teacher",(3) Asian Only,(8) Graduate or professional degree,1958,3.5,61,More than 51,Between $21 and $30
22,(1) Aide or assistant teacher,NA,(5) Some college credit but no degree,1969,1,50,Between 41 and 50,Between $21 and $30
NA,NA,NA,NA,NA,NA,NA,NA,NA
9.55000000001,"(2) Teacher, instructor, or lead teacher",(1) White Only,(5) Some college credit but no degree,1998,0,21,Between 20 and 40,Less than $10
15.25,"(2) Teacher, instructor, or lead teacher",(1) White Only,(5) Some college credit but no degree,1986,0,33,Between 20 and 40,Between $11 and $20
11,"(2) Teacher, instructor, or lead teacher",(1) White Only,(4) High school graduate,1981,2,38,Between 20 and 40,Between $11 and $20
13.5,"(2) Teacher, instructor, or lead teacher",NA,(5) Some college credit but no degree,1993,15,26,Between 20 and 40,Between $11 and $20
11.42857142858,(1) Aide or assistant teacher,NA,(5) Some college credit but no degree,1976,3,43,Between 41 and 50,Between $11 and $20
8,(1) Aide or assistant teacher,(1) White Only,(5) Some college credit but no degree,1996,5,23,Between 20 and 40,Less than $10
13,"(2) Teacher, instructor, or lead teacher",(8) Other,"(7) Bachelor's degree (BA, BS, AB)",1995,12,24,Between 20 and 40,Between $11 and $20
13.25,(1) Aide or assistant teacher,(1) White Only,"(7) Bachelor's degree (BA, BS, AB)",1988,7,31,Between 20 and 40,Between $11 and $20
14.5,(1) Aide or assistant teacher,(8) Other,"(7) Bachelor's degree (BA, BS, AB)",1969,4,50,Between 41 and 50,Between $11 and $20
NA,NA,NA,NA,NA,NA,NA,NA,NA
8,"(2) Teacher, instructor, or lead teacher",(1) White Only,"(6) Associate degree (AA, AS)",1975,6,44,Between 41 and 50,Less than $10
33.15789473685,"(2) Teacher, instructor, or lead teacher",(1) White Only,"(7) Bachelor's degree (BA, BS, AB)",1993,0,26,Between 20 and 40,More than $31
12,"(2) Teacher, instructor, or lead teacher",(2) Black or African American Only,"(6) Associate degree (AA, AS)",1962,2,57,More than 51,Between $11 and $20
NA,(1) Aide or assistant teacher,(2) Black or African American Only,(5) Some college credit but no degree,NA,NA,NA,NA,NA
9,"(2) Teacher, instructor, or lead teacher",(1) White Only,(4) High school graduate,1996,2,23,Between 20 and 40,Less than $10
NA,"(2) Teacher, instructor, or lead teacher",(1) White Only,"(6) Associate degree (AA, AS)",1974,0,45,Between 41 and 50,NA
40.30395136779,"(2) Teacher, instructor, or lead teacher",(1) White Only,(8) Graduate or professional degree,1976,1,43,Between 41 and 50,More than $31
14,"(2) Teacher, instructor, or lead teacher",NA,"(7) Bachelor's degree (BA, BS, AB)",NA,NA,NA,NA,Between $11 and $20
11.8,(1) Aide or assistant teacher,NA,"(7) Bachelor's degree (BA, BS, AB)",1979,0,40,Between 20 and 40,Between $11 and $20
NA,"(2) Teacher, instructor, or lead teacher",(1) White Only,(8) Graduate or professional degree,1969,0,50,Between 41 and 50,NA
30,"(2) Teacher, instructor, or lead teacher",(1) White Only,"(7) Bachelor's degree (BA, BS, AB)",1977,0,42,Between 41 and 50,Between $21 and $30
12,"(2) Teacher, instructor, or lead teacher",(1) White Only,"(7) Bachelor's degree (BA, BS, AB)",1987,0,32,Between 20 and 40,Between $11 and $20
14.3,"(2) Teacher, instructor, or lead teacher",(2) Black or African American Only,"(6) Associate degree (AA, AS)",1980,12,39,Between 20 and 40,Between $11 and $20
12.39375,(1) Aide or assistant teacher,(1) White Only,(8) Graduate or professional degree,1963,1,56,More than 51,Between $11 and $20
14.66666666667,"(2) Teacher, instructor, or lead teacher",(1) White Only,"(7) Bachelor's degree (BA, BS, AB)",1963,0,56,More than 51,Between $11 and $20
11,"(2) Teacher, instructor, or lead teacher",(1) White Only,"(6) Associate degree (AA, AS)",1950,0,69,More than 51,Between $11 and $20
NA,"(2) Teacher, instructor, or lead teacher",(2) Black or African American Only,(5) Some college credit but no degree,NA,2,NA,NA,NA
NA,(1) Aide or assistant teacher,(1) White Only,(4) High school graduate,1980,0,39,Between 20 and 40,NA
7.5,"(2) Teacher, instructor, or lead teacher",(1) White Only,(4) High school graduate,1994,0,25,Between 20 and 40,Less than $10
10,"(2) Teacher, instructor, or lead teacher",(2) Black or African American Only,(4) High school graduate,1970,3,49,Between 41 and 50,Less than $10
15,(1) Aide or assistant teacher,(1) White Only,"(6) Associate degree (AA, AS)",1971,0,48,Between 41 and 50,Between $11 and $20
13.125,"(2) Teacher, instructor, or lead teacher",(2) Black or African American Only,(5) Some college credit but no degree,1982,4,37,Between 20 and 40,Between $11 and $20
NA,NA,NA,NA,NA,NA,NA,NA,NA
8.75,"(2) Teacher, instructor, or lead teacher",(2) Black or African American Only,(4) High school graduate,1988,3,31,Between 20 and 40,Less than $10
13,(1) Aide or assistant teacher,(1) White Only,(5) Some college credit but no degree,NA,1,NA,NA,Between $11 and $20
41.11111111112,"(2) Teacher, instructor, or lead teacher",(1) White Only,(8) Graduate or professional degree,1977,2,42,Between 41 and 50,More than $31
25,"(2) Teacher, instructor, or lead teacher",(1) White Only,(5) Some college credit but no degree,1977,0,42,Between 41 and 50,Between $21 and $30
21.5,"(2) Teacher, instructor, or lead teacher",(1) White Only,"(7) Bachelor's degree (BA, BS, AB)",1990,0,29,Between 20 and 40,Between $21 and $30
NA,"(2) Teacher, instructor, or lead teacher",(1) White Only,(5) Some college credit but no degree,NA,0,NA,NA,NA
8.5,(1) Aide or assistant teacher,(2) Black or African American Only,(4) High school graduate,1998,0,21,Between 20 and 40,Less than $10
12,"(2) Teacher, instructor, or lead teacher",(1) White Only,(5) Some college credit but no degree,1988,0,31,Between 20 and 40,Between $11 and $20
NA,NA,NA,NA,NA,NA,NA,NA,NA
7.26495726496,"(2) Teacher, instructor, or lead teacher",(1) White Only,(4) High school graduate,1982,0,37,Between 20 and 40,Less than $10
12,"(2) Teacher, instructor, or lead teacher",NA,(5) Some college credit but no degree,1974,0,45,Between 41 and 50,Between $11 and $20
12,"(2) Teacher, instructor, or lead teacher",(1) White Only,(5) Some college credit but no degree,1979,2,40,Between 20 and 40,Between $11 and $20
8.5,"(2) Teacher, instructor, or lead teacher",(1) White Only,(5) Some college credit but no degree,1990,2,29,Between 20 and 40,Less than $10
11.75,"(2) Teacher, instructor, or lead teacher",(1) White Only,(5) Some college credit but no degree,1975,3,44,Between 41 and 50,Between $11 and $20
10.75,"(2) Teacher, instructor, or lead teacher",(8) Other,(4) High school graduate,1998,9,21,Between 20 and 40,NA
21.21212121213,"(2) Teacher, instructor, or lead teacher",(1) White Only,"(7) Bachelor's degree (BA, BS, AB)",1965,0,54,More than 51,Between $21 and $30
15,(1) Aide or assistant teacher,(1) White Only,"(7) Bachelor's degree (BA, BS, AB)",1962,7,57,More than 51,Between $11 and $20
10.5,"(2) Teacher, instructor, or lead teacher",(1) White Only,(5) Some college credit but no degree,1983,8,36,Between 20 and 40,NA
13.45,"(2) Teacher, instructor, or lead teacher",(1) White Only,"(6) Associate degree (AA, AS)",1975,3,44,Between 41 and 50,Between $11 and $20
NA,NA,NA,NA,NA,NA,NA,NA,NA
36.88733333334,"(2) Teacher, instructor, or lead teacher",(8) Other,"(7) Bachelor's degree (BA, BS, AB)",1987,0,32,Between 20 and 40,More than $31
14.4,(1) Aide or assistant teacher,(2) Black or African American Only,(5) Some college credit but no degree,1993,8,26,Between 20 and 40,Between $11 and $20
NA,(1) Aide or assistant teacher,(2) Black or African American Only,(5) Some college credit but no degree,1958,NA,61,More than 51,NA
13.1,"(2) Teacher, instructor, or lead teacher",(2) Black or African American Only,"(6) Associate degree (AA, AS)",1992,0,27,Between 20 and 40,Between $11 and $20
11.13172541744,"(2) Teacher, instructor, or lead teacher",(1) White Only,(5) Some college credit but no degree,1965,2,54,More than 51,Between $11 and $20
13.87,(1) Aide or assistant teacher,(2) Black or African American Only,(4) High school graduate,1979,4,40,Between 20 and 40,Between $11 and $20
11.25,(1) Aide or assistant teacher,(8) Other,(5) Some college credit but no degree,1998,8.166666666667,21,Between 20 and 40,Between $11 and $20
8.15,(1) Aide or assistant teacher,(1) White Only,(5) Some college credit but no degree,1958,1,61,More than 51,Less than $10
10.25,"(2) Teacher, instructor, or lead teacher",(2) Black or African American Only,(5) Some college credit but no degree,1995,4,24,Between 20 and 40,NA
NA,NA,NA,NA,NA,NA,NA,NA,NA
NA,NA,NA,NA,NA,NA,NA,NA,NA
8.25,(1) Aide or assistant teacher,(8) Other,(5) Some college credit but no degree,1998,4,21,Between 20 and 40,Less than $10
10.80000000001,(1) Aide or assistant teacher,(2) Black or African American Only,"(6) Associate degree (AA, AS)",1962,0,57,More than 51,NA
NA,NA,NA,NA,NA,NA,NA,NA,NA
20,"(2) Teacher, instructor, or lead teacher",(1) White Only,"(7) Bachelor's degree (BA, BS, AB)",1991,1,28,Between 20 and 40,Between $11 and $20
NA,"(2) Teacher, instructor, or lead teacher",(2) Black or African American Only,"(7) Bachelor's degree (BA, BS, AB)",1964,0,55,More than 51,NA
8,"(2) Teacher, instructor, or lead teacher",(1) White Only,(4) High school graduate,1958,0,61,More than 51,Less than $10
16,(1) Aide or assistant teacher,(1) White Only,(5) Some college credit but no degree,1993,4,26,Between 20 and 40,Between $11 and $20
19,"(2) Teacher, instructor, or lead teacher",(1) White Only,(8) Graduate or professional degree,1966,13,53,More than 51,Between $11 and $20
14.78,(1) Aide or assistant teacher,(1) White Only,(5) Some college credit but no degree,1958,0,61,More than 51,Between $11 and $20
9,"(2) Teacher, instructor, or lead teacher",(1) White Only,(5) Some college credit but no degree,1998,1,21,Between 20 and 40,Less than $10
15,"(2) Teacher, instructor, or lead teacher",(1) White Only,(5) Some college credit but no degree,1992,3,27,Between 20 and 40,Between $11 and $20
107.5,"(2) Teacher, instructor, or lead teacher",(2) Black or African American Only,(8) Graduate or professional degree,1969,5,50,Between 41 and 50,More than $31
10,"(2) Teacher, instructor, or lead teacher",(2) Black or African American Only,(5) Some college credit but no degree,1994,0,25,Between 20 and 40,Less than $10
19.14893617022,"(2) Teacher, instructor, or lead teacher",(1) White Only,(8) Graduate or professional degree,1987,0,32,Between 20 and 40,Between $11 and $20
13,"(2) Teacher, instructor, or lead teacher",(1) White Only,"(7) Bachelor's degree (BA, BS, AB)",1950,0,69,More than 51,Between $11 and $20
13.25,(1) Aide or assistant teacher,(2) Black or African American Only,(4) High school graduate,1998,0,21,Between 20 and 40,Between $11 and $20
17,"(2) Teacher, instructor, or lead teacher",(1) White Only,(5) Some college credit but no degree,1981,10,38,Between 20 and 40,Between $11 and $20
14.35,(1) Aide or assistant teacher,(1) White Only,"(6) Associate degree (AA, AS)",1992,1,27,Between 20 and 40,Between $11 and $20
11.625,(1) Aide or assistant teacher,(1) White Only,(5) Some college credit but no degree,1978,0,41,Between 41 and 50,Between $11 and $20
21.5,"(2) Teacher, instructor, or lead teacher",(1) White Only,(4) High school graduate,1950,0,69,More than 51,Between $21 and $30
10.15,"(2) Teacher, instructor, or lead teacher",(1) White Only,(1) Less than High School,1991,2,28,Between 20 and 40,NA
NA,NA,NA,NA,NA,NA,NA,NA,NA
18.32,"(2) Teacher, instructor, or lead teacher",(1) White Only,"(7) Bachelor's degree (BA, BS, AB)",1992,4,27,Between 20 and 40,Between $11 and $20
14,"(2) Teacher, instructor, or lead teacher",(2) Black or African American Only,(3) GED or high school equivalency,1977,2,42,Between 41 and 50,Between $11 and $20
11,"(2) Teacher, instructor, or lead teacher",(1) White Only,(5) Some college credit but no degree,1958,1,61,More than 51,Between $11 and $20
14,(1) Aide or assistant teacher,(1) White Only,"(6) Associate degree (AA, AS)",1983,2,36,Between 20 and 40,Between $11 and $20
NA,"(2) Teacher, instructor, or lead teacher",(1) White Only,"(7) Bachelor's degree (BA, BS, AB)",1994,3,25,Between 20 and 40,NA
12.5,"(2) Teacher, instructor, or lead teacher",(2) Black or African American Only,"(6) Associate degree (AA, AS)",1960,0,59,More than 51,Between $11 and $20
15,"(2) Teacher, instructor, or lead teacher",(8) Other,(5) Some college credit but no degree,1987,3,32,Between 20 and 40,Between $11 and $20
NA,NA,NA,NA,NA,NA,NA,NA,NA
9.25,(1) Aide or assistant teacher,(1) White Only,(4) High school graduate,1994,1,25,Between 20 and 40,Less than $10
8.5,"(2) Teacher, instructor, or lead teacher",(1) White Only,(5) Some college credit but no degree,1989,14,30,Between 20 and 40,Less than $10
8.75,(1) Aide or assistant teacher,(1) White Only,(4) High school graduate,1995,7,24,Between 20 and 40,Less than $10
8.5,"(2) Teacher, instructor, or lead teacher",(1) White Only,(5) Some college credit but no degree,1995,3,24,Between 20 and 40,Less than $10
17.5,"(2) Teacher, instructor, or lead teacher",(1) White Only,"(7) Bachelor's degree (BA, BS, AB)",1983,0,36,Between 20 and 40,Between $11 and $20
8.6,"(2) Teacher, instructor, or lead teacher",(2) Black or African American Only,(5) Some college credit but no degree,1972,6,47,Between 41 and 50,Less than $10
NA,(1) Aide or assistant teacher,(1) White Only,"(7) Bachelor's degree (BA, BS, AB)",NA,0,NA,NA,NA
15,"(2) Teacher, instructor, or lead teacher",(1) White Only,"(6) Associate degree (AA, AS)",1960,4,59,More than 51,Between $11 and $20
16.15384615385,"(2) Teacher, instructor, or lead teacher",(1) White Only,(5) Some college credit but no degree,1992,0,27,Between 20 and 40,Between $11 and $20
14.175,"(2) Teacher, instructor, or lead teacher",NA,"(6) Associate degree (AA, AS)",1990,1,29,Between 20 and 40,Between $11 and $20
17.85714285715,"(2) Teacher, instructor, or lead teacher",(1) White Only,"(7) Bachelor's degree (BA, BS, AB)",1973,10,46,Between 41 and 50,Between $11 and $20
13.28,"(2) Teacher, instructor, or lead teacher",(1) White Only,"(6) Associate degree (AA, AS)",1992,3,27,Between 20 and 40,Between $11 and $20
13,"(2) Teacher, instructor, or lead teacher",(1) White Only,(5) Some college credit but no degree,1976,11,43,Between 41 and 50,Between $11 and $20
35,(1) Aide or assistant teacher,(2) Black or African American Only,(8) Graduate or professional degree,1950,0,69,More than 51,More than $31
19.5,(1) Aide or assistant teacher,(1) White Only,(4) High school graduate,1990,6,29,Between 20 and 40,Between $11 and $20
18.75,"(2) Teacher, instructor, or lead teacher",(3) Asian Only,"(6) Associate degree (AA, AS)",1995,1,24,Between 20 and 40,Between $11 and $20
NA,"(2) Teacher, instructor, or lead teacher",(2) Black or African American Only,"(7) Bachelor's degree (BA, BS, AB)",1984,0,35,Between 20 and 40,NA
NA,NA,NA,NA,NA,NA,NA,NA,NA
NA,(1) Aide or assistant teacher,(3) Asian Only,(8) Graduate or professional degree,1973,0,46,Between 41 and 50,NA
12.6,(1) Aide or assistant teacher,(1) White Only,(8) Graduate or professional degree,1993,2,26,Between 20 and 40,Between $11 and $20
51.42857142858,(1) Aide or assistant teacher,(1) White Only,(4) High school graduate,1967,3,52,More than 51,More than $31
29.16666666667,"(2) Teacher, instructor, or lead teacher",(1) White Only,"(7) Bachelor's degree (BA, BS, AB)",1970,0,49,Between 41 and 50,Between $21 and $30
17,"(2) Teacher, instructor, or lead teacher",(1) White Only,(5) Some college credit but no degree,1979,1,40,Between 20 and 40,Between $11 and $20
14.75,(1) Aide or assistant teacher,(8) Other,"(7) Bachelor's degree (BA, BS, AB)",1976,5,43,Between 41 and 50,Between $11 and $20
11,(1) Aide or assistant teacher,(8) Other,"(7) Bachelor's degree (BA, BS, AB)",1990,3,29,Between 20 and 40,Between $11 and $20
NA,"(2) Teacher, instructor, or lead teacher",(1) White Only,"(7) Bachelor's degree (BA, BS, AB)",1950,0,69,More than 51,NA
NA,(1) Aide or assistant teacher,(1) White Only,(1) Less than High School,1993,0,26,Between 20 and 40,NA
NA,"(2) Teacher, instructor, or lead teacher",(8) Other,"(7) Bachelor's degree (BA, BS, AB)",1973,2,46,Between 41 and 50,NA
9,"(2) Teacher, instructor, or lead teacher",(2) Black or African American Only,(1) Less than High School,1979,9,40,Between 20 and 40,Less than $10
10,"(2) Teacher, instructor, or lead teacher",(2) Black or African American Only,(4) High school graduate,1998,4,21,Between 20 and 40,Less than $10
15,"(2) Teacher, instructor, or lead teacher",(1) White Only,"(7) Bachelor's degree (BA, BS, AB)",1982,3,37,Between 20 and 40,Between $11 and $20
15,"(2) Teacher, instructor, or lead teacher",(2) Black or African American Only,(8) Graduate or professional degree,1984,1,35,Between 20 and 40,Between $11 and $20
NA,NA,NA,NA,NA,NA,NA,NA,NA
13,"(2) Teacher, instructor, or lead teacher",(8) Other,(5) Some college credit but no degree,1981,1,38,Between 20 and 40,Between $11 and $20
14.5,(3) Other/undetermined,(8) Other,(5) Some college credit but no degree,1992,1,27,Between 20 and 40,Between $11 and $20
21.5,"(2) Teacher, instructor, or lead teacher",(3) Asian Only,"(7) Bachelor's degree (BA, BS, AB)",1971,0,48,Between 41 and 50,Between $21 and $30
18.6274509804,"(2) Teacher, instructor, or lead teacher",(1) White Only,(8) Graduate or professional degree,1978,1,41,Between 41 and 50,Between $11 and $20
18,"(2) Teacher, instructor, or lead teacher",(1) White Only,(8) Graduate or professional degree,1978,1.166666666667,41,Between 41 and 50,Between $11 and $20
13.5,(1) Aide or assistant teacher,(1) White Only,"(6) Associate degree (AA, AS)",1979,2,40,Between 20 and 40,Between $11 and $20
13,"(2) Teacher, instructor, or lead teacher",(8) Other,"(6) Associate degree (AA, AS)",1995,1,24,Between 20 and 40,Between $11 and $20
9,"(2) Teacher, instructor, or lead teacher",(2) Black or African American Only,(5) Some college credit but no degree,1989,3,30,Between 20 and 40,Less than $10
19.2,"(2) Teacher, instructor, or lead teacher",(3) Asian Only,"(7) Bachelor's degree (BA, BS, AB)",1963,0,56,More than 51,Between $11 and $20
15,(1) Aide or assistant teacher,(1) White Only,(5) Some college credit but no degree,1989,0,30,Between 20 and 40,Between $11 and $20
11.5,(1) Aide or assistant teacher,(1) White Only,(5) Some college credit but no degree,1985,3,34,Between 20 and 40,Between $11 and $20
13,(1) Aide or assistant teacher,(1) White Only,(8) Graduate or professional degree,1979,0,40,Between 20 and 40,Between $11 and $20
NA,NA,NA,NA,NA,NA,NA,NA,NA
12.2,(1) Aide or assistant teacher,(8) Other,(5) Some college credit but no degree,1982,2,37,Between 20 and 40,Between $11 and $20
NA,"(2) Teacher, instructor, or lead teacher",(1) White Only,"(7) Bachelor's degree (BA, BS, AB)",1950,0,69,More than 51,NA
11.25,(1) Aide or assistant teacher,(1) White Only,(5) Some college credit but no degree,1965,7,54,More than 51,Between $11 and $20
16.08187134503,"(2) Teacher, instructor, or lead teacher",(8) Other,"(6) Associate degree (AA, AS)",1958,2,61,More than 51,Between $11 and $20
10.25,(1) Aide or assistant teacher,(1) White Only,(4) High school graduate,1998,0,21,Between 20 and 40,NA
10.5,(1) Aide or assistant teacher,(1) White Only,"(7) Bachelor's degree (BA, BS, AB)",1978,5,41,Between 41 and 50,NA
10.5,(1) Aide or assistant teacher,(1) White Only,(4) High school graduate,1998,4,21,Between 20 and 40,NA
16,"(2) Teacher, instructor, or lead teacher",(2) Black or African American Only,"(7) Bachelor's degree (BA, BS, AB)",1988,10,31,Between 20 and 40,Between $11 and $20
9,"(2) Teacher, instructor, or lead teacher",(2) Black or African American Only,(5) Some college credit but no degree,1995,0,24,Between 20 and 40,Less than $10
10.45,"(2) Teacher, instructor, or lead teacher",(2) Black or African American Only,(3) GED or high school equivalency,1958,0,61,More than 51,NA
20,"(2) Teacher, instructor, or lead teacher",(3) Asian Only,"(6) Associate degree (AA, AS)",1964,0,55,More than 51,Between $11 and $20
10.25,"(2) Teacher, instructor, or lead teacher",(1) White Only,"(7) Bachelor's degree (BA, BS, AB)",1973,4,46,Between 41 and 50,NA
12.5,"(2) Teacher, instructor, or lead teacher",(1) White Only,(5) Some college credit but no degree,1989,2,30,Between 20 and 40,Between $11 and $20
NA,"(2) Teacher, instructor, or lead teacher",(3) Asian Only,"(7) Bachelor's degree (BA, BS, AB)",NA,NA,NA,NA,NA
21.17647058824,(1) Aide or assistant teacher,(1) White Only,"(7) Bachelor's degree (BA, BS, AB)",1984,3,35,Between 20 and 40,Between $21 and $30
12,"(2) Teacher, instructor, or lead teacher",(1) White Only,(5) Some college credit but no degree,1961,0,58,More than 51,Between $11 and $20
NA,(1) Aide or assistant teacher,(2) Black or African American Only,(4) High school graduate,1996,3,23,Between 20 and 40,NA
17.5,"(2) Teacher, instructor, or lead teacher",(2) Black or African American Only,(5) Some college credit but no degree,1973,0,46,Between 41 and 50,Between $11 and $20
15,(1) Aide or assistant teacher,(1) White Only,(8) Graduate or professional degree,1990,0,29,Between 20 and 40,Between $11 and $20
22.55639097745,(1) Aide or assistant teacher,(1) White Only,"(7) Bachelor's degree (BA, BS, AB)",1971,0,48,Between 41 and 50,Between $21 and $30
20.37037037038,"(2) Teacher, instructor, or lead teacher",(1) White Only,"(7) Bachelor's degree (BA, BS, AB)",1950,0,69,More than 51,NA
NA,NA,NA,NA,NA,NA,NA,NA,NA
23.07692307693,"(2) Teacher, instructor, or lead teacher",(1) White Only,"(7) Bachelor's degree (BA, BS, AB)",1958,3,61,More than 51,Between $21 and $30
15,(1) Aide or assistant teacher,(1) White Only,"(7) Bachelor's degree (BA, BS, AB)",1984,0,35,Between 20 and 40,Between $11 and $20
NA,NA,NA,NA,NA,NA,NA,NA,NA
12.3076923077,(3) Other/undetermined,NA,(5) Some college credit but no degree,1969,7,50,Between 41 and 50,Between $11 and $20
32.14285714286,"(2) Teacher, instructor, or lead teacher",(1) White Only,(8) Graduate or professional degree,1986,1,33,Between 20 and 40,More than $31
NA,(1) Aide or assistant teacher,(2) Black or African American Only,"(7) Bachelor's degree (BA, BS, AB)",1985,0,34,Between 20 and 40,NA
14.18,(1) Aide or assistant teacher,(1) White Only,"(6) Associate degree (AA, AS)",1950,7,69,More than 51,Between $11 and $20
26.62037037038,"(2) Teacher, instructor, or lead teacher",(1) White Only,(8) Graduate or professional degree,1981,0,38,Between 20 and 40,Between $21 and $30
13.75,(1) Aide or assistant teacher,(1) White Only,"(6) Associate degree (AA, AS)",1966,1,53,More than 51,Between $11 and $20
9,(1) Aide or assistant teacher,(2) Black or African American Only,(4) High school graduate,1979,1.166666666667,40,Between 20 and 40,Less than $10
NA,"(2) Teacher, instructor, or lead teacher",(1) White Only,(8) Graduate or professional degree,1977,0,42,Between 41 and 50,NA
12.76,"(2) Teacher, instructor, or lead teacher",(2) Black or African American Only,(4) High school graduate,1960,2,59,More than 51,Between $11 and $20
11.5,"(2) Teacher, instructor, or lead teacher",(2) Black or African American Only,(4) High school graduate,1958,1,61,More than 51,Between $11 and $20
13,"(2) Teacher, instructor, or lead teacher",(8) Other,(5) Some college credit but no degree,1992,2,27,Between 20 and 40,Between $11 and $20
16,"(2) Teacher, instructor, or lead teacher",NA,"(6) Associate degree (AA, AS)",1964,0,55,More than 51,Between $11 and $20
13.5,(1) Aide or assistant teacher,(8) Other,(4) High school graduate,1987,1,32,Between 20 and 40,Between $11 and $20
16.21621621622,"(2) Teacher, instructor, or lead teacher",(8) Other,(5) Some college credit but no degree,1985,1,34,Between 20 and 40,Between $11 and $20
21.12,"(2) Teacher, instructor, or lead teacher",(2) Black or African American Only,"(7) Bachelor's degree (BA, BS, AB)",1987,0,32,Between 20 and 40,Between $21 and $30
12.63,"(2) Teacher, instructor, or lead teacher",(1) White Only,"(7) Bachelor's degree (BA, BS, AB)",1979,2,40,Between 20 and 40,Between $11 and $20
16.5,"(2) Teacher, instructor, or lead teacher",(1) White Only,"(7) Bachelor's degree (BA, BS, AB)",1982,0,37,Between 20 and 40,Between $11 and $20
9.5,(1) Aide or assistant teacher,(2) Black or African American Only,(4) High school graduate,1984,2,35,Between 20 and 40,Less than $10
23.84615384616,"(2) Teacher, instructor, or lead teacher",(8) Other,(5) Some college credit but no degree,1962,2,57,More than 51,Between $21 and $30
21,"(2) Teacher, instructor, or lead teacher",(2) Black or African American Only,"(6) Associate degree (AA, AS)",1989,3,30,Between 20 and 40,Between $21 and $30
10,(1) Aide or assistant teacher,(2) Black or African American Only,(4) High school graduate,1998,1,21,Between 20 and 40,Less than $10
26,"(2) Teacher, instructor, or lead teacher",(1) White Only,"(7) Bachelor's degree (BA, BS, AB)",1958,1,61,More than 51,Between $21 and $30
8.375,"(2) Teacher, instructor, or lead teacher",(2) Black or African American Only,(5) Some college credit but no degree,1965,0,54,More than 51,Less than $10
10.25,"(2) Teacher, instructor, or lead teacher",(2) Black or African American Only,(5) Some college credit but no degree,1993,2,26,Between 20 and 40,NA
NA,"(2) Teacher, instructor, or lead teacher",NA,NA,NA,1,NA,NA,NA
11.25,"(2) Teacher, instructor, or lead teacher",(1) White Only,(4) High school graduate,1980,3,39,Between 20 and 40,Between $11 and $20
9,(1) Aide or assistant teacher,(1) White Only,(5) Some college credit but no degree,1975,11,44,Between 41 and 50,Less than $10
30.85106382979,(3) Other/undetermined,(1) White Only,"(7) Bachelor's degree (BA, BS, AB)",1976,0,43,Between 41 and 50,NA
31.11111111112,"(2) Teacher, instructor, or lead teacher",(1) White Only,(8) Graduate or professional degree,1981,0,38,Between 20 and 40,More than $31
11,(1) Aide or assistant teacher,(2) Black or African American Only,(5) Some college credit but no degree,1998,2,21,Between 20 and 40,Between $11 and $20
NA,"(2) Teacher, instructor, or lead teacher",(2) Black or African American Only,(5) Some college credit but no degree,1991,0,28,Between 20 and 40,NA
21,"(2) Teacher, instructor, or lead teacher",(1) White Only,"(7) Bachelor's degree (BA, BS, AB)",1987,0,32,Between 20 and 40,Between $21 and $30
15,"(2) Teacher, instructor, or lead teacher",(1) White Only,(8) Graduate or professional degree,1967,0,52,More than 51,Between $11 and $20
NA,"(2) Teacher, instructor, or lead teacher",NA,NA,NA,NA,NA,NA,NA
54.9575,"(2) Teacher, instructor, or lead teacher",(1) White Only,"(7) Bachelor's degree (BA, BS, AB)",1983,1,36,Between 20 and 40,More than $31
NA,NA,NA,NA,NA,NA,NA,NA,NA
107.32142857143,"(2) Teacher, instructor, or lead teacher",NA,"(6) Associate degree (AA, AS)",1986,0,33,Between 20 and 40,More than $31
14,"(2) Teacher, instructor, or lead teacher",(1) White Only,"(6) Associate degree (AA, AS)",1971,1,48,Between 41 and 50,Between $11 and $20
NA,NA,NA,NA,NA,NA,NA,NA,NA
20,"(2) Teacher, instructor, or lead teacher",(1) White Only,"(7) Bachelor's degree (BA, BS, AB)",1967,7,52,More than 51,Between $11 and $20
NA,NA,NA,NA,NA,NA,NA,NA,NA
17.94871794872,(1) Aide or assistant teacher,NA,"(7) Bachelor's degree (BA, BS, AB)",1984,0,35,Between 20 and 40,Between $11 and $20
12.5,(1) Aide or assistant teacher,(1) White Only,"(7) Bachelor's degree (BA, BS, AB)",1991,2,28,Between 20 and 40,Between $11 and $20
13.5,(1) Aide or assistant teacher,(1) White Only,"(7) Bachelor's degree (BA, BS, AB)",1992,4,27,Between 20 and 40,Between $11 and $20
12,(1) Aide or assistant teacher,(1) White Only,(4) High school graduate,1963,0,56,More than 51,Between $11 and $20
NA,"(2) Teacher, instructor, or lead teacher",(2) Black or African American Only,"(6) Associate degree (AA, AS)",1987,2,32,Between 20 and 40,NA
14.5,"(2) Teacher, instructor, or lead teacher",NA,"(6) Associate degree (AA, AS)",1990,7,29,Between 20 and 40,Between $11 and $20
9.5,(1) Aide or assistant teacher,(1) White Only,"(6) Associate degree (AA, AS)",1998,0,21,Between 20 and 40,Less than $10
10,(1) Aide or assistant teacher,(8) Other,(5) Some college credit but no degree,1998,0,21,Between 20 and 40,Less than $10
13.93671875,"(2) Teacher, instructor, or lead teacher",(1) White Only,"(7) Bachelor's degree (BA, BS, AB)",1988,7,31,Between 20 and 40,Between $11 and $20
13.1,"(2) Teacher, instructor, or lead teacher",(1) White Only,"(6) Associate degree (AA, AS)",1984,1,35,Between 20 and 40,Between $11 and $20
12.77,"(2) Teacher, instructor, or lead teacher",(1) White Only,"(7) Bachelor's degree (BA, BS, AB)",1992,3,27,Between 20 and 40,Between $11 and $20
17.63,(1) Aide or assistant teacher,(3) Asian Only,"(6) Associate degree (AA, AS)",1973,2,46,Between 41 and 50,Between $11 and $20
7.5,"(2) Teacher, instructor, or lead teacher",(2) Black or African American Only,(4) High school graduate,1966,0,53,More than 51,Less than $10
24,"(2) Teacher, instructor, or lead teacher",(1) White Only,"(6) Associate degree (AA, AS)",1965,3,54,More than 51,Between $21 and $30
10.71000000001,"(2) Teacher, instructor, or lead teacher",(1) White Only,"(6) Associate degree (AA, AS)",1987,9,32,Between 20 and 40,NA
7.25,(1) Aide or assistant teacher,(1) White Only,(5) Some college credit but no degree,1992,2,27,Between 20 and 40,Less than $10
11,(1) Aide or assistant teacher,(1) White Only,(1) Less than High School,1969,21,50,Between 41 and 50,Between $11 and $20
15.25,"(2) Teacher, instructor, or lead teacher",(2) Black or African American Only,"(7) Bachelor's degree (BA, BS, AB)",1987,8,32,Between 20 and 40,Between $11 and $20
NA,(1) Aide or assistant teacher,(2) Black or African American Only,"(6) Associate degree (AA, AS)",1987,0,32,Between 20 and 40,NA
7.8125,"(2) Teacher, instructor, or lead teacher",(2) Black or African American Only,(5) Some college credit but no degree,1986,0,33,Between 20 and 40,Less than $10
13,"(2) Teacher, instructor, or lead teacher",(2) Black or African American Only,(5) Some college credit but no degree,1981,0,38,Between 20 and 40,Between $11 and $20
11.4875,(1) Aide or assistant teacher,(2) Black or African American Only,"(6) Associate degree (AA, AS)",1986,2,33,Between 20 and 40,Between $11 and $20
8.75,"(2) Teacher, instructor, or lead teacher",(8) Other,(5) Some college credit but no degree,1964,0,55,More than 51,Less than $10
11.87,"(2) Teacher, instructor, or lead teacher",(1) White Only,(5) Some college credit but no degree,1958,2,61,More than 51,Between $11 and $20
11.25,(1) Aide or assistant teacher,(1) White Only,(4) High school graduate,1967,9,52,More than 51,Between $11 and $20
18.22916666667,"(2) Teacher, instructor, or lead teacher",(2) Black or African American Only,(8) Graduate or professional degree,1958,0,61,More than 51,Between $11 and $20
10.86,(1) Aide or assistant teacher,(1) White Only,(4) High school graduate,1986,7,33,Between 20 and 40,NA
9.7,(1) Aide or assistant teacher,(1) White Only,(3) GED or high school equivalency,1975,0,44,Between 41 and 50,Less than $10
9.09090909091,"(2) Teacher, instructor, or lead teacher",(1) White Only,(4) High school graduate,1979,0,40,Between 20 and 40,Less than $10
13.4,(1) Aide or assistant teacher,(1) White Only,"(7) Bachelor's degree (BA, BS, AB)",1994,0,25,Between 20 and 40,Between $11 and $20
15.52,"(2) Teacher, instructor, or lead teacher",(2) Black or African American Only,"(7) Bachelor's degree (BA, BS, AB)",1989,0,30,Between 20 and 40,Between $11 and $20
NA,NA,NA,NA,NA,NA,NA,NA,NA
9.555,(1) Aide or assistant teacher,(1) White Only,"(7) Bachelor's degree (BA, BS, AB)",1963,6,56,More than 51,Less than $10
10.7,"(2) Teacher, instructor, or lead teacher",(1) White Only,(4) High school graduate,1998,4,21,Between 20 and 40,NA
17,"(2) Teacher, instructor, or lead teacher",(1) White Only,(5) Some college credit but no degree,1980,3,39,Between 20 and 40,Between $11 and $20
8.75,(1) Aide or assistant teacher,(1) White Only,(5) Some college credit but no degree,1991,0,28,Between 20 and 40,Less than $10
27.22222222223,"(2) Teacher, instructor, or lead teacher",(1) White Only,(8) Graduate or professional degree,1981,2,38,Between 20 and 40,Between $21 and $30
11,"(2) Teacher, instructor, or lead teacher",(1) White Only,"(7) Bachelor's degree (BA, BS, AB)",1989,0,30,Between 20 and 40,Between $11 and $20
NA,NA,NA,NA,NA,NA,NA,NA,NA
NA,"(2) Teacher, instructor, or lead teacher",NA,(5) Some college credit but no degree,1998,0,21,Between 20 and 40,NA
NA,"(2) Teacher, instructor, or lead teacher",(1) White Only,(8) Graduate or professional degree,1982,0,37,Between 20 and 40,NA
NA,"(2) Teacher, instructor, or lead teacher",(1) White Only,"(7) Bachelor's degree (BA, BS, AB)",1973,0,46,Between 41 and 50,NA
14,(1) Aide or assistant teacher,(1) White Only,(5) Some college credit but no degree,1994,6,25,Between 20 and 40,Between $11 and $20
9.25925925926,(1) Aide or assistant teacher,(2) Black or African American Only,(5) Some college credit but no degree,1992,9,27,Between 20 and 40,Less than $10
13.5,"(2) Teacher, instructor, or lead teacher",(8) Other,"(6) Associate degree (AA, AS)",1961,3,58,More than 51,Between $11 and $20
8.97674418605,(1) Aide or assistant teacher,(1) White Only,(5) Some college credit but no degree,1961,0,58,More than 51,Less than $10
22.22222222223,"(2) Teacher, instructor, or lead teacher",(1) White Only,(8) Graduate or professional degree,1965,3,54,More than 51,Between $21 and $30
NA,NA,NA,NA,NA,NA,NA,NA,NA
8.75,"(2) Teacher, instructor, or lead teacher",(1) White Only,"(6) Associate degree (AA, AS)",1958,0,61,More than 51,Less than $10
9,"(2) Teacher, instructor, or lead teacher",(1) White Only,(5) Some college credit but no degree,1998,9,21,Between 20 and 40,Less than $10
15,"(2) Teacher, instructor, or lead teacher",(1) White Only,(8) Graduate or professional degree,1958,16,61,More than 51,Between $11 and $20
20.76923076924,"(2) Teacher, instructor, or lead teacher",(1) White Only,"(7) Bachelor's degree (BA, BS, AB)",1986,1,33,Between 20 and 40,NA
14.5,"(2) Teacher, instructor, or lead teacher",(1) White Only,(8) Graduate or professional degree,1969,1,50,Between 41 and 50,Between $11 and $20
14.42307692308,"(2) Teacher, instructor, or lead teacher",(1) White Only,"(7) Bachelor's degree (BA, BS, AB)",1994,14,25,Between 20 and 40,Between $11 and $20
25.55147058824,"(2) Teacher, instructor, or lead teacher",(1) White Only,"(7) Bachelor's degree (BA, BS, AB)",1968,2,51,More than 51,Between $21 and $30
18.05148648649,"(2) Teacher, instructor, or lead teacher",(1) White Only,"(7) Bachelor's degree (BA, BS, AB)",1993,4,26,Between 20 and 40,Between $11 and $20
7.25,(1) Aide or assistant teacher,(1) White Only,(1) Less than High School,1998,2,21,Between 20 and 40,Less than $10
9.99,(1) Aide or assistant teacher,(1) White Only,(4) High school graduate,1976,2,43,Between 41 and 50,Less than $10
8,"(2) Teacher, instructor, or lead teacher",(2) Black or African American Only,(5) Some college credit but no degree,1998,0,21,Between 20 and 40,Less than $10
8,"(2) Teacher, instructor, or lead teacher",(2) Black or African American Only,(5) Some college credit but no degree,NA,0,NA,NA,Less than $10
13.15789473685,(1) Aide or assistant teacher,(1) White Only,"(7) Bachelor's degree (BA, BS, AB)",1950,0,69,More than 51,Between $11 and $20
NA,NA,NA,NA,NA,NA,NA,NA,NA
NA,"(2) Teacher, instructor, or lead teacher",NA,(4) High school graduate,NA,NA,NA,NA,NA
31.25,"(2) Teacher, instructor, or lead teacher",(1) White Only,"(7) Bachelor's degree (BA, BS, AB)",1994,1,25,Between 20 and 40,More than $31
10,(1) Aide or assistant teacher,(1) White Only,"(7) Bachelor's degree (BA, BS, AB)",1988,0,31,Between 20 and 40,Less than $10
11.5,"(2) Teacher, instructor, or lead teacher",(1) White Only,(5) Some college credit but no degree,1993,5,26,Between 20 and 40,Between $11 and $20
41.66666666667,"(2) Teacher, instructor, or lead teacher",(1) White Only,"(7) Bachelor's degree (BA, BS, AB)",1970,3,49,Between 41 and 50,More than $31
19.15088571429,"(2) Teacher, instructor, or lead teacher",NA,"(7) Bachelor's degree (BA, BS, AB)",1996,2,23,Between 20 and 40,Between $11 and $20
8.75,(1) Aide or assistant teacher,(1) White Only,(4) High school graduate,1982,0,37,Between 20 and 40,Less than $10
29.06976744187,"(2) Teacher, instructor, or lead teacher",(1) White Only,"(7) Bachelor's degree (BA, BS, AB)",1985,1,34,Between 20 and 40,Between $21 and $30
NA,"(2) Teacher, instructor, or lead teacher",(1) White Only,(5) Some college credit but no degree,1958,0,61,More than 51,NA
8,"(2) Teacher, instructor, or lead teacher",(1) White Only,(5) Some college credit but no degree,1998,0,21,Between 20 and 40,Less than $10
8,"(2) Teacher, instructor, or lead teacher",(1) White Only,(4) High school graduate,1993,3,26,Between 20 and 40,Less than $10
9.5,(1) Aide or assistant teacher,(2) Black or African American Only,(4) High school graduate,1971,0,48,Between 41 and 50,Less than $10
NA,NA,NA,NA,NA,NA,NA,NA,NA
12.34,(1) Aide or assistant teacher,(2) Black or African American Only,(8) Graduate or professional degree,1950,1,69,More than 51,Between $11 and $20
15,"(2) Teacher, instructor, or lead teacher",(1) White Only,(8) Graduate or professional degree,1983,6,36,Between 20 and 40,Between $11 and $20
17.62,"(2) Teacher, instructor, or lead teacher",(1) White Only,"(6) Associate degree (AA, AS)",1983,8,36,Between 20 and 40,Between $11 and $20
NA,NA,NA,NA,NA,NA,NA,NA,NA
12,(1) Aide or assistant teacher,(8) Other,(5) Some college credit but no degree,1960,2,59,More than 51,Between $11 and $20
10,"(2) Teacher, instructor, or lead teacher",(2) Black or African American Only,(5) Some college credit but no degree,1990,3,29,Between 20 and 40,Less than $10
10.1,"(2) Teacher, instructor, or lead teacher",(8) Other,(4) High school graduate,1998,13,21,Between 20 and 40,NA
NA,NA,NA,NA,NA,NA,NA,NA,NA
9.5,(1) Aide or assistant teacher,(1) White Only,(5) Some college credit but no degree,1994,11,25,Between 20 and 40,Less than $10
NA,"(2) Teacher, instructor, or lead teacher",(1) White Only,(4) High school graduate,1958,6,61,More than 51,NA
NA,"(2) Teacher, instructor, or lead teacher",(1) White Only,"(7) Bachelor's degree (BA, BS, AB)",NA,5,NA,NA,NA
7.875,"(2) Teacher, instructor, or lead teacher",(2) Black or African American Only,(4) High school graduate,1995,1,24,Between 20 and 40,Less than $10
16,"(2) Teacher, instructor, or lead teacher",(1) White Only,"(7) Bachelor's degree (BA, BS, AB)",1989,4.666666666667,30,Between 20 and 40,Between $11 and $20
10.5,"(2) Teacher, instructor, or lead teacher",(1) White Only,"(7) Bachelor's degree (BA, BS, AB)",1977,2,42,Between 41 and 50,NA
14.65,"(2) Teacher, instructor, or lead teacher",(1) White Only,(8) Graduate or professional degree,1958,0,61,More than 51,Between $11 and $20
9.25,(1) Aide or assistant teacher,(2) Black or African American Only,(5) Some college credit but no degree,1998,1,21,Between 20 and 40,Less than $10
13.5,"(2) Teacher, instructor, or lead teacher",NA,(5) Some college credit but no degree,1992,3,27,Between 20 and 40,Between $11 and $20
NA,NA,NA,NA,NA,NA,NA,NA,NA
15,(1) Aide or assistant teacher,(1) White Only,(4) High school graduate,1950,0,69,More than 51,Between $11 and $20
12.47,"(2) Teacher, instructor, or lead teacher",(1) White Only,(5) Some college credit but no degree,1998,0,21,Between 20 and 40,Between $11 and $20
NA,"(2) Teacher, instructor, or lead teacher",(1) White Only,NA,NA,NA,NA,NA,NA
NA,NA,NA,NA,NA,NA,NA,NA,NA
32.23684210527,"(2) Teacher, instructor, or lead teacher",(1) White Only,"(7) Bachelor's degree (BA, BS, AB)",1992,0,27,Between 20 and 40,More than $31
NA,"(2) Teacher, instructor, or lead teacher",(1) White Only,(4) High school graduate,NA,0,NA,NA,NA
13,(1) Aide or assistant teacher,(1) White Only,(5) Some college credit but no degree,1986,2,33,Between 20 and 40,Between $11 and $20
9,(1) Aide or assistant teacher,(2) Black or African American Only,(5) Some college credit but no degree,1958,1,61,More than 51,Less than $10
NA,NA,NA,NA,NA,NA,NA,NA,NA
NA,NA,NA,NA,NA,NA,NA,NA,NA
18.75,"(2) Teacher, instructor, or lead teacher",(8) Other,"(7) Bachelor's degree (BA, BS, AB)",1969,1,50,Between 41 and 50,Between $11 and $20
23.14285714286,(1) Aide or assistant teacher,NA,"(6) Associate degree (AA, AS)",1981,0,38,Between 20 and 40,Between $21 and $30
NA,(1) Aide or assistant teacher,(1) White Only,"(7) Bachelor's degree (BA, BS, AB)",1968,1,51,More than 51,NA
28.63,"(2) Teacher, instructor, or lead teacher",(1) White Only,"(6) Associate degree (AA, AS)",1950,4,69,More than 51,Between $21 and $30
12,(1) Aide or assistant teacher,(3) Asian Only,(8) Graduate or professional degree,1977,0,42,Between 41 and 50,Between $11 and $20
11.42,(1) Aide or assistant teacher,(2) Black or African American Only,(5) Some college credit but no degree,1996,4,23,Between 20 and 40,Between $11 and $20
7.5,(1) Aide or assistant teacher,(1) White Only,"(7) Bachelor's degree (BA, BS, AB)",1969,0,50,Between 41 and 50,Less than $10
10,"(2) Teacher, instructor, or lead teacher",(1) White Only,(4) High school graduate,1982,1,37,Between 20 and 40,Less than $10
18.17000000001,"(2) Teacher, instructor, or lead teacher",(1) White Only,"(6) Associate degree (AA, AS)",1958,1,61,More than 51,Between $11 and $20
NA,"(2) Teacher, instructor, or lead teacher",NA,(5) Some college credit but no degree,NA,3,NA,NA,NA
NA,"(2) Teacher, instructor, or lead teacher",NA,(5) Some college credit but no degree,NA,1,NA,NA,NA
13.5,(1) Aide or assistant teacher,(1) White Only,"(7) Bachelor's degree (BA, BS, AB)",1985,4,34,Between 20 and 40,Between $11 and $20
NA,NA,NA,NA,NA,NA,NA,NA,NA
NA,NA,NA,NA,NA,NA,NA,NA,NA
9.25,(1) Aide or assistant teacher,(1) White Only,(4) High school graduate,1998,7,21,Between 20 and 40,Less than $10
10.4,"(2) Teacher, instructor, or lead teacher",(1) White Only,(5) Some college credit but no degree,1990,5,29,Between 20 and 40,NA
NA,NA,NA,NA,NA,NA,NA,NA,NA
12.5,"(2) Teacher, instructor, or lead teacher",(1) White Only,(5) Some college credit but no degree,1998,0,21,Between 20 and 40,Between $11 and $20
20.1754385965,"(2) Teacher, instructor, or lead teacher",(1) White Only,(5) Some college credit but no degree,1958,1,61,More than 51,NA
17,"(2) Teacher, instructor, or lead teacher",(1) White Only,(4) High school graduate,1958,1,61,More than 51,Between $11 and $20
13.75,(1) Aide or assistant teacher,(2) Black or African American Only,"(6) Associate degree (AA, AS)",1992,12,27,Between 20 and 40,Between $11 and $20
13,"(2) Teacher, instructor, or lead teacher",NA,(5) Some college credit but no degree,1994,7,25,Between 20 and 40,Between $11 and $20
38.19444444445,(1) Aide or assistant teacher,(1) White Only,"(7) Bachelor's degree (BA, BS, AB)",1974,2,45,Between 41 and 50,More than $31
38.19444444445,"(2) Teacher, instructor, or lead teacher",(1) White Only,"(7) Bachelor's degree (BA, BS, AB)",1974,2,45,Between 41 and 50,More than $31
12,(1) Aide or assistant teacher,(1) White Only,(5) Some college credit but no degree,1992,7,27,Between 20 and 40,Between $11 and $20
107.5,"(2) Teacher, instructor, or lead teacher",(1) White Only,"(7) Bachelor's degree (BA, BS, AB)",1964,0,55,More than 51,More than $31
16,"(2) Teacher, instructor, or lead teacher",(1) White Only,(5) Some college credit but no degree,1970,5,49,Between 41 and 50,Between $11 and $20
13.22115384616,"(2) Teacher, instructor, or lead teacher",(1) White Only,"(7) Bachelor's degree (BA, BS, AB)",1973,1,46,Between 41 and 50,Between $11 and $20
4.65,(1) Aide or assistant teacher,(2) Black or African American Only,(4) High school graduate,1978,0,41,Between 41 and 50,Less than $10
19.68,"(2) Teacher, instructor, or lead teacher",(2) Black or African American Only,"(6) Associate degree (AA, AS)",1971,2,48,Between 41 and 50,Between $11 and $20
NA,NA,NA,NA,NA,NA,NA,NA,NA
NA,NA,NA,NA,NA,NA,NA,NA,NA
NA,(1) Aide or assistant teacher,(1) White Only,"(7) Bachelor's degree (BA, BS, AB)",1982,0,37,Between 20 and 40,NA
NA,NA,NA,NA,NA,NA,NA,NA,NA
16,"(2) Teacher, instructor, or lead teacher",(2) Black or African American Only,(8) Graduate or professional degree,1958,7,61,More than 51,Between $11 and $20
13,"(2) Teacher, instructor, or lead teacher",(8) Other,(5) Some college credit but no degree,1970,6,49,Between 41 and 50,Between $11 and $20
15.3125,(1) Aide or assistant teacher,(2) Black or African American Only,"(7) Bachelor's degree (BA, BS, AB)",1974,0,45,Between 41 and 50,Between $11 and $20
12.5,"(2) Teacher, instructor, or lead teacher",(2) Black or African American Only,(4) High school graduate,1985,0,34,Between 20 and 40,Between $11 and $20
21.25,"(2) Teacher, instructor, or lead teacher",(1) White Only,"(7) Bachelor's degree (BA, BS, AB)",1980,6,39,Between 20 and 40,Between $21 and $30
NA,"(2) Teacher, instructor, or lead teacher",(3) Asian Only,"(6) Associate degree (AA, AS)",1960,0,59,More than 51,NA
10.75,"(2) Teacher, instructor, or lead teacher",(1) White Only,(4) High school graduate,1996,0,23,Between 20 and 40,NA
13.75,(1) Aide or assistant teacher,(2) Black or African American Only,"(7) Bachelor's degree (BA, BS, AB)",1993,19,26,Between 20 and 40,Between $11 and $20
NA,NA,NA,NA,NA,NA,NA,NA,NA
22,(1) Aide or assistant teacher,(1) White Only,"(6) Associate degree (AA, AS)",1950,1,69,More than 51,Between $21 and $30
8,(1) Aide or assistant teacher,(2) Black or African American Only,(5) Some college credit but no degree,1998,2,21,Between 20 and 40,Less than $10
NA,NA,NA,NA,NA,NA,NA,NA,NA
NA,"(2) Teacher, instructor, or lead teacher",(1) White Only,(5) Some college credit but no degree,1967,0,52,More than 51,NA
12.1,(1) Aide or assistant teacher,(1) White Only,"(6) Associate degree (AA, AS)",1987,0,32,Between 20 and 40,Between $11 and $20
8.5,"(2) Teacher, instructor, or lead teacher",(1) White Only,(5) Some college credit but no degree,1994,0,25,Between 20 and 40,Less than $10
22,"(2) Teacher, instructor, or lead teacher",(1) White Only,(8) Graduate or professional degree,1975,2,44,Between 41 and 50,Between $21 and $30
16.87,(1) Aide or assistant teacher,(1) White Only,(5) Some college credit but no degree,1967,3,52,More than 51,Between $11 and $20
10,"(2) Teacher, instructor, or lead teacher",(2) Black or African American Only,(4) High school graduate,1990,6,29,Between 20 and 40,Less than $10
12,"(2) Teacher, instructor, or lead teacher",(2) Black or African American Only,(5) Some college credit but no degree,1990,6,29,Between 20 and 40,Between $11 and $20
11.26,(1) Aide or assistant teacher,(1) White Only,(4) High school graduate,1998,4,21,Between 20 and 40,Between $11 and $20
NA,"(2) Teacher, instructor, or lead teacher",NA,(5) Some college credit but no degree,NA,7,NA,NA,NA
15.09,"(2) Teacher, instructor, or lead teacher",(1) White Only,"(7) Bachelor's degree (BA, BS, AB)",1980,2,39,Between 20 and 40,Between $11 and $20
NA,NA,NA,NA,NA,NA,NA,NA,NA
18,"(2) Teacher, instructor, or lead teacher",(1) White Only,(5) Some college credit but no degree,1958,0,61,More than 51,Between $11 and $20
18,"(2) Teacher, instructor, or lead teacher",(1) White Only,(4) High school graduate,1987,3,32,Between 20 and 40,Between $11 and $20
NA,NA,NA,NA,NA,NA,NA,NA,NA
9.52380952381,"(2) Teacher, instructor, or lead teacher",(1) White Only,(5) Some college credit but no degree,1973,6,46,Between 41 and 50,Less than $10
12,"(2) Teacher, instructor, or lead teacher",(2) Black or African American Only,(5) Some college credit but no degree,1985,4,34,Between 20 and 40,Between $11 and $20
12,"(2) Teacher, instructor, or lead teacher",(1) White Only,(5) Some college credit but no degree,1996,5,23,Between 20 and 40,Between $11 and $20
8,"(2) Teacher, instructor, or lead teacher",(2) Black or African American Only,"(7) Bachelor's degree (BA, BS, AB)",1982,3,37,Between 20 and 40,Less than $10
17.29,(1) Aide or assistant teacher,(1) White Only,"(6) Associate degree (AA, AS)",1950,0,69,More than 51,Between $11 and $20
107.5,(1) Aide or assistant teacher,(1) White Only,"(7) Bachelor's degree (BA, BS, AB)",1964,1,55,More than 51,More than $31
12.5,"(2) Teacher, instructor, or lead teacher",NA,"(7) Bachelor's degree (BA, BS, AB)",1958,3,61,More than 51,Between $11 and $20
10,(1) Aide or assistant teacher,(1) White Only,(5) Some college credit but no degree,1995,2,24,Between 20 and 40,Less than $10
11.5,"(2) Teacher, instructor, or lead teacher",(2) Black or African American Only,(4) High school graduate,1998,1,21,Between 20 and 40,Between $11 and $20
12.5,(1) Aide or assistant teacher,(2) Black or African American Only,(8) Graduate or professional degree,1950,0,69,More than 51,Between $11 and $20
NA,NA,NA,NA,NA,NA,NA,NA,NA
14.35,"(2) Teacher, instructor, or lead teacher",(1) White Only,"(7) Bachelor's degree (BA, BS, AB)",NA,0,NA,NA,Between $11 and $20
12.5,(1) Aide or assistant teacher,(1) White Only,(5) Some college credit but no degree,1971,0,48,Between 41 and 50,Between $11 and $20
23.07692307693,"(2) Teacher, instructor, or lead teacher",(1) White Only,"(7) Bachelor's degree (BA, BS, AB)",1961,0,58,More than 51,Between $21 and $30
22.85714285715,"(2) Teacher, instructor, or lead teacher",(2) Black or African American Only,(8) Graduate or professional degree,1967,0,52,More than 51,Between $21 and $30
NA,NA,NA,NA,NA,NA,NA,NA,NA
NA,NA,NA,NA,NA,NA,NA,NA,NA
9.375,(1) Aide or assistant teacher,(1) White Only,(3) GED or high school equivalency,1972,4,47,Between 41 and 50,Less than $10
10.25,(1) Aide or assistant teacher,(1) White Only,(5) Some college credit but no degree,1970,10.5,49,Between 41 and 50,NA
NA,"(2) Teacher, instructor, or lead teacher",(1) White Only,(4) High school graduate,1979,0,40,Between 20 and 40,NA
12,"(2) Teacher, instructor, or lead teacher",(1) White Only,(5) Some college credit but no degree,1983,0,36,Between 20 and 40,Between $11 and $20
17,"(2) Teacher, instructor, or lead teacher",(1) White Only,"(7) Bachelor's degree (BA, BS, AB)",1976,4,43,Between 41 and 50,Between $11 and $20
12.5,(1) Aide or assistant teacher,(1) White Only,(5) Some college credit but no degree,1975,0,44,Between 41 and 50,Between $11 and $20
9.375,"(2) Teacher, instructor, or lead teacher",(2) Black or African American Only,"(6) Associate degree (AA, AS)",1991,2,28,Between 20 and 40,Less than $10
14.12,"(2) Teacher, instructor, or lead teacher",(1) White Only,"(6) Associate degree (AA, AS)",1960,2,59,More than 51,Between $11 and $20
14,"(2) Teacher, instructor, or lead teacher",(3) Asian Only,"(7) Bachelor's degree (BA, BS, AB)",1958,0,61,More than 51,Between $11 and $20
9.5,"(2) Teacher, instructor, or lead teacher",(2) Black or African American Only,(3) GED or high school equivalency,1975,4,44,Between 41 and 50,Less than $10
NA,"(2) Teacher, instructor, or lead teacher",NA,(5) Some college credit but no degree,1963,0,56,More than 51,NA
8.75,"(2) Teacher, instructor, or lead teacher",(1) White Only,(8) Graduate or professional degree,1984,0,35,Between 20 and 40,Less than $10
12.25,"(2) Teacher, instructor, or lead teacher",(2) Black or African American Only,"(6) Associate degree (AA, AS)",1950,1,69,More than 51,Between $11 and $20
12.79,(1) Aide or assistant teacher,(1) White Only,"(7) Bachelor's degree (BA, BS, AB)",1970,0,49,Between 41 and 50,Between $11 and $20
51.42857142858,(1) Aide or assistant teacher,(1) White Only,(4) High school graduate,1958,1,61,More than 51,More than $31
NA,(1) Aide or assistant teacher,NA,"(6) Associate degree (AA, AS)",NA,NA,NA,NA,NA
9,(1) Aide or assistant teacher,(1) White Only,(4) High school graduate,1996,5,23,Between 20 and 40,Less than $10
10.75,"(2) Teacher, instructor, or lead teacher",(1) White Only,(5) Some college credit but no degree,1973,2,46,Between 41 and 50,NA
12,"(2) Teacher, instructor, or lead teacher",(1) White Only,(5) Some college credit but no degree,1987,6,32,Between 20 and 40,Between $11 and $20
9,(1) Aide or assistant teacher,(2) Black or African American Only,(4) High school graduate,1969,4,50,Between 41 and 50,Less than $10
18.75,"(2) Teacher, instructor, or lead teacher",(1) White Only,"(7) Bachelor's degree (BA, BS, AB)",1986,4,33,Between 20 and 40,Between $11 and $20
13.1,(1) Aide or assistant teacher,NA,"(6) Associate degree (AA, AS)",1972,1.166666666667,47,Between 41 and 50,Between $11 and $20
13,"(2) Teacher, instructor, or lead teacher",(1) White Only,"(6) Associate degree (AA, AS)",1990,4,29,Between 20 and 40,Between $11 and $20
8.5,(1) Aide or assistant teacher,(2) Black or African American Only,(5) Some college credit but no degree,1982,3,37,Between 20 and 40,Less than $10
NA,"(2) Teacher, instructor, or lead teacher",(2) Black or African American Only,(4) High school graduate,1989,7,30,Between 20 and 40,NA
NA,"(2) Teacher, instructor, or lead teacher",NA,(8) Graduate or professional degree,NA,1,NA,NA,NA
11,(1) Aide or assistant teacher,(1) White Only,(5) Some college credit but no degree,1998,0,21,Between 20 and 40,Between $11 and $20
30.84573571429,"(2) Teacher, instructor, or lead teacher",(1) White Only,"(7) Bachelor's degree (BA, BS, AB)",1972,1,47,Between 41 and 50,NA
9.25,"(2) Teacher, instructor, or lead teacher",(1) White Only,(4) High school graduate,1996,3,23,Between 20 and 40,Less than $10
15.05965909091,"(2) Teacher, instructor, or lead teacher",(1) White Only,(5) Some college credit but no degree,1977,14,42,Between 41 and 50,Between $11 and $20
12,"(2) Teacher, instructor, or lead teacher",NA,(5) Some college credit but no degree,1990,6,29,Between 20 and 40,Between $11 and $20
10.1,(1) Aide or assistant teacher,(1) White Only,"(6) Associate degree (AA, AS)",1958,1,61,More than 51,NA
8,"(2) Teacher, instructor, or lead teacher",(1) White Only,(8) Graduate or professional degree,1984,8,35,Between 20 and 40,Less than $10
10,"(2) Teacher, instructor, or lead teacher",(1) White Only,(4) High school graduate,1998,5,21,Between 20 and 40,Less than $10
10,"(2) Teacher, instructor, or lead teacher",(1) White Only,(5) Some college credit but no degree,1974,0,45,Between 41 and 50,Less than $10
23.07692307693,"(2) Teacher, instructor, or lead teacher",(1) White Only,(8) Graduate or professional degree,1950,0,69,More than 51,Between $21 and $30
10.38461538462,"(2) Teacher, instructor, or lead teacher",(2) Black or African American Only,(5) Some college credit but no degree,1950,0,69,More than 51,NA
11.37,(1) Aide or assistant teacher,NA,(5) Some college credit but no degree,1998,3,21,Between 20 and 40,Between $11 and $20
NA,"(2) Teacher, instructor, or lead teacher",(3) Asian Only,(8) Graduate or professional degree,1969,1.166666666667,50,Between 41 and 50,NA
10,(1) Aide or assistant teacher,(1) White Only,(5) Some college credit but no degree,1980,3,39,Between 20 and 40,Less than $10
15,(1) Aide or assistant teacher,(1) White Only,(5) Some college credit but no degree,1990,1,29,Between 20 and 40,Between $11 and $20
NA,NA,NA,NA,NA,NA,NA,NA,NA
16,"(2) Teacher, instructor, or lead teacher",(1) White Only,(8) Graduate or professional degree,1990,3.5,29,Between 20 and 40,Between $11 and $20
10,(1) Aide or assistant teacher,(1) White Only,(5) Some college credit but no degree,1984,14,35,Between 20 and 40,Less than $10
10,(1) Aide or assistant teacher,(1) White Only,(5) Some college credit but no degree,1993,1,26,Between 20 and 40,Less than $10
13.7,(1) Aide or assistant teacher,(1) White Only,"(6) Associate degree (AA, AS)",1958,0,61,More than 51,Between $11 and $20
13,"(2) Teacher, instructor, or lead teacher",(1) White Only,"(6) Associate degree (AA, AS)",1986,0,33,Between 20 and 40,Between $11 and $20
NA,NA,NA,NA,NA,NA,NA,NA,NA
16.29,(1) Aide or assistant teacher,(1) White Only,"(7) Bachelor's degree (BA, BS, AB)",1960,0,59,More than 51,Between $11 and $20
15,(1) Aide or assistant teacher,(1) White Only,"(7) Bachelor's degree (BA, BS, AB)",1992,4,27,Between 20 and 40,Between $11 and $20
8,(1) Aide or assistant teacher,(2) Black or African American Only,(4) High school graduate,1950,1,69,More than 51,Less than $10
12,(1) Aide or assistant teacher,(2) Black or African American Only,(5) Some college credit but no degree,1995,0,24,Between 20 and 40,Between $11 and $20
9.25,"(2) Teacher, instructor, or lead teacher",(1) White Only,(5) Some college credit but no degree,1993,11,26,Between 20 and 40,Less than $10
NA,NA,NA,NA,NA,NA,NA,NA,NA
16.86,"(2) Teacher, instructor, or lead teacher",(1) White Only,"(6) Associate degree (AA, AS)",1981,0,38,Between 20 and 40,Between $11 and $20
18.01428571429,(1) Aide or assistant teacher,(2) Black or African American Only,"(6) Associate degree (AA, AS)",1987,4,32,Between 20 and 40,Between $11 and $20
23.53,"(2) Teacher, instructor, or lead teacher",(3) Asian Only,"(7) Bachelor's degree (BA, BS, AB)",1970,3,49,Between 41 and 50,Between $21 and $30
26,"(2) Teacher, instructor, or lead teacher",(1) White Only,"(7) Bachelor's degree (BA, BS, AB)",1989,0,30,Between 20 and 40,Between $21 and $30
18.5,"(2) Teacher, instructor, or lead teacher",(1) White Only,(5) Some college credit but no degree,1966,1,53,More than 51,Between $11 and $20
13.5,"(2) Teacher, instructor, or lead teacher",(1) White Only,"(7) Bachelor's degree (BA, BS, AB)",1995,5,24,Between 20 and 40,Between $11 and $20
16,"(2) Teacher, instructor, or lead teacher",(1) White Only,"(7) Bachelor's degree (BA, BS, AB)",NA,0,NA,NA,Between $11 and $20
NA,NA,NA,NA,NA,NA,NA,NA,NA
21,"(2) Teacher, instructor, or lead teacher",(2) Black or African American Only,"(7) Bachelor's degree (BA, BS, AB)",1969,2,50,Between 41 and 50,Between $21 and $30
9,(1) Aide or assistant teacher,NA,(3) GED or high school equivalency,1970,0,49,Between 41 and 50,Less than $10
17,"(2) Teacher, instructor, or lead teacher",(2) Black or African American Only,"(7) Bachelor's degree (BA, BS, AB)",1968,3.5,51,More than 51,Between $11 and $20
10,"(2) Teacher, instructor, or lead teacher",NA,(4) High school graduate,NA,NA,NA,NA,Less than $10
12,"(2) Teacher, instructor, or lead teacher",NA,(5) Some college credit but no degree,1964,1,55,More than 51,Between $11 and $20
12,(1) Aide or assistant teacher,(1) White Only,(5) Some college credit but no degree,1994,0,25,Between 20 and 40,Between $11 and $20
8.56481481482,"(2) Teacher, instructor, or lead teacher",(2) Black or African American Only,(4) High school graduate,1950,1,69,More than 51,Less than $10
15,"(2) Teacher, instructor, or lead teacher",(1) White Only,"(7) Bachelor's degree (BA, BS, AB)",1996,14,23,Between 20 and 40,Between $11 and $20
18,"(2) Teacher, instructor, or lead teacher",(2) Black or African American Only,(5) Some college credit but no degree,1986,0,33,Between 20 and 40,Between $11 and $20
17,"(2) Teacher, instructor, or lead teacher",(1) White Only,(5) Some college credit but no degree,1979,0,40,Between 20 and 40,Between $11 and $20
17.08235294118,"(2) Teacher, instructor, or lead teacher",(1) White Only,"(7) Bachelor's degree (BA, BS, AB)",1961,2,58,More than 51,Between $11 and $20
18.52941176471,"(2) Teacher, instructor, or lead teacher",(1) White Only,"(7) Bachelor's degree (BA, BS, AB)",1970,0,49,Between 41 and 50,Between $11 and $20
8.5,(1) Aide or assistant teacher,(1) White Only,(5) Some college credit but no degree,1979,0,40,Between 20 and 40,Less than $10
12.31,"(2) Teacher, instructor, or lead teacher",(1) White Only,(5) Some college credit but no degree,1980,2,39,Between 20 and 40,Between $11 and $20
9.5,(1) Aide or assistant teacher,(1) White Only,(5) Some college credit but no degree,1979,3,40,Between 20 and 40,Less than $10
11,"(2) Teacher, instructor, or lead teacher",(1) White Only,"(6) Associate degree (AA, AS)",1985,0,34,Between 20 and 40,Between $11 and $20
9.25,"(2) Teacher, instructor, or lead teacher",(2) Black or African American Only,(5) Some college credit but no degree,1992,2,27,Between 20 and 40,Less than $10
11.538461538469999,"(2) Teacher, instructor, or lead teacher",(1) White Only,(3) GED or high school equivalency,1965,0,54,More than 51,Between $11 and $20
11.95,"(2) Teacher, instructor, or lead teacher",(2) Black or African American Only,"(7) Bachelor's degree (BA, BS, AB)",1968,7,51,More than 51,Between $11 and $20
12,(1) Aide or assistant teacher,(1) White Only,"(6) Associate degree (AA, AS)",1973,0,46,Between 41 and 50,Between $11 and $20
10,"(2) Teacher, instructor, or lead teacher",(1) White Only,(5) Some college credit but no degree,1994,3,25,Between 20 and 40,Less than $10
21.41203703704,"(2) Teacher, instructor, or lead teacher",(1) White Only,"(7) Bachelor's degree (BA, BS, AB)",1964,1,55,More than 51,Between $21 and $30
NA,(1) Aide or assistant teacher,(1) White Only,"(7) Bachelor's degree (BA, BS, AB)",1967,5,52,More than 51,NA
9,"(2) Teacher, instructor, or lead teacher",(2) Black or African American Only,(5) Some college credit but no degree,1958,0,61,More than 51,Less than $10
8,(1) Aide or assistant teacher,(2) Black or African American Only,(5) Some college credit but no degree,1990,3,29,Between 20 and 40,Less than $10
11.5,(1) Aide or assistant teacher,(1) White Only,(4) High school graduate,1962,0,57,More than 51,Between $11 and $20
12.9375,"(2) Teacher, instructor, or lead teacher",(1) White Only,"(6) Associate degree (AA, AS)",1958,1,61,More than 51,Between $11 and $20
11,"(2) Teacher, instructor, or lead teacher",(1) White Only,(5) Some college credit but no degree,1998,21,21,Between 20 and 40,Between $11 and $20
11.75,"(2) Teacher, instructor, or lead teacher",(3) Asian Only,(4) High school graduate,1958,0,61,More than 51,Between $11 and $20
NA,NA,NA,NA,NA,NA,NA,NA,NA
20,(1) Aide or assistant teacher,(1) White Only,(8) Graduate or professional degree,1980,0,39,Between 20 and 40,Between $11 and $20
16,"(2) Teacher, instructor, or lead teacher",(1) White Only,"(6) Associate degree (AA, AS)",1968,1,51,More than 51,Between $11 and $20
30,"(2) Teacher, instructor, or lead teacher",(1) White Only,"(7) Bachelor's degree (BA, BS, AB)",1960,5,59,More than 51,Between $21 and $30
23,"(2) Teacher, instructor, or lead teacher",(1) White Only,(5) Some college credit but no degree,1963,2,56,More than 51,Between $21 and $30
24,"(2) Teacher, instructor, or lead teacher",(1) White Only,"(7) Bachelor's degree (BA, BS, AB)",1990,0,29,Between 20 and 40,Between $21 and $30
NA,NA,NA,NA,NA,NA,NA,NA,NA
NA,NA,NA,NA,NA,NA,NA,NA,NA
11,"(2) Teacher, instructor, or lead teacher",(1) White Only,(5) Some college credit but no degree,1985,5,34,Between 20 and 40,Between $11 and $20
12.5,"(2) Teacher, instructor, or lead teacher",(1) White Only,"(7) Bachelor's degree (BA, BS, AB)",1961,0,58,More than 51,Between $11 and $20
6.92307692308,"(2) Teacher, instructor, or lead teacher",(2) Black or African American Only,(5) Some college credit but no degree,1969,7,50,Between 41 and 50,Less than $10
9.5,"(2) Teacher, instructor, or lead teacher",(1) White Only,(5) Some college credit but no degree,1990,15,29,Between 20 and 40,Less than $10
14.10256410257,"(2) Teacher, instructor, or lead teacher",(2) Black or African American Only,(5) Some college credit but no degree,1989,6,30,Between 20 and 40,Between $11 and $20
10,"(2) Teacher, instructor, or lead teacher",(1) White Only,"(6) Associate degree (AA, AS)",1981,1,38,Between 20 and 40,Less than $10
15,"(2) Teacher, instructor, or lead teacher",(2) Black or African American Only,"(6) Associate degree (AA, AS)",1974,2,45,Between 41 and 50,Between $11 and $20
51.42857142858,(1) Aide or assistant teacher,(2) Black or African American Only,(5) Some college credit but no degree,1989,7,30,Between 20 and 40,More than $31
21.02102102103,"(2) Teacher, instructor, or lead teacher",(1) White Only,"(6) Associate degree (AA, AS)",1967,1,52,More than 51,Between $21 and $30
12.68,"(2) Teacher, instructor, or lead teacher",(1) White Only,(5) Some college credit but no degree,1998,16,21,Between 20 and 40,Between $11 and $20
NA,"(2) Teacher, instructor, or lead teacher",(2) Black or African American Only,"(7) Bachelor's degree (BA, BS, AB)",1958,0,61,More than 51,NA
24,"(2) Teacher, instructor, or lead teacher",(1) White Only,"(7) Bachelor's degree (BA, BS, AB)",1980,0,39,Between 20 and 40,Between $21 and $30
10,(1) Aide or assistant teacher,(1) White Only,(1) Less than High School,1962,0,57,More than 51,Less than $10
NA,"(2) Teacher, instructor, or lead teacher",(1) White Only,"(6) Associate degree (AA, AS)",1958,4,61,More than 51,NA
14,"(2) Teacher, instructor, or lead teacher",NA,"(7) Bachelor's degree (BA, BS, AB)",1989,0,30,Between 20 and 40,Between $11 and $20
12,(1) Aide or assistant teacher,(1) White Only,(5) Some college credit but no degree,1998,2,21,Between 20 and 40,Between $11 and $20
10,"(2) Teacher, instructor, or lead teacher",(2) Black or African American Only,"(7) Bachelor's degree (BA, BS, AB)",1995,1,24,Between 20 and 40,Less than $10
14,"(2) Teacher, instructor, or lead teacher",NA,(5) Some college credit but no degree,1990,0,29,Between 20 and 40,Between $11 and $20
12,(1) Aide or assistant teacher,(2) Black or African American Only,(4) High school graduate,1971,0,48,Between 41 and 50,Between $11 and $20
16.25,"(2) Teacher, instructor, or lead teacher",(8) Other,"(7) Bachelor's degree (BA, BS, AB)",1986,4,33,Between 20 and 40,Between $11 and $20
16.5,"(2) Teacher, instructor, or lead teacher",NA,"(6) Associate degree (AA, AS)",1990,3,29,Between 20 and 40,Between $11 and $20
19,"(2) Teacher, instructor, or lead teacher",NA,"(7) Bachelor's degree (BA, BS, AB)",1992,3.5,27,Between 20 and 40,Between $11 and $20
14.4,(1) Aide or assistant teacher,(8) Other,"(7) Bachelor's degree (BA, BS, AB)",1991,0,28,Between 20 and 40,Between $11 and $20
1.5,(1) Aide or assistant teacher,(1) White Only,"(6) Associate degree (AA, AS)",1972,3,47,Between 41 and 50,Less than $10
11,"(2) Teacher, instructor, or lead teacher",(1) White Only,(1) Less than High School,1958,0,61,More than 51,Between $11 and $20
9,(1) Aide or assistant teacher,(2) Black or African American Only,(4) High school graduate,1998,0,21,Between 20 and 40,Less than $10
NA,NA,NA,NA,NA,NA,NA,NA,NA
13,(1) Aide or assistant teacher,(1) White Only,"(7) Bachelor's degree (BA, BS, AB)",1979,1,40,Between 20 and 40,Between $11 and $20
12.5,"(2) Teacher, instructor, or lead teacher",(1) White Only,(5) Some college credit but no degree,1965,NA,54,More than 51,Between $11 and $20
NA,NA,NA,NA,NA,NA,NA,NA,NA
NA,"(2) Teacher, instructor, or lead teacher",NA,(5) Some college credit but no degree,1981,0,38,Between 20 and 40,NA
13,"(2) Teacher, instructor, or lead teacher",(2) Black or African American Only,"(6) Associate degree (AA, AS)",1994,4,25,Between 20 and 40,Between $11 and $20
12.55,"(2) Teacher, instructor, or lead teacher",(1) White Only,"(7) Bachelor's degree (BA, BS, AB)",1986,3,33,Between 20 and 40,Between $11 and $20
13.5,"(2) Teacher, instructor, or lead teacher",(1) White Only,(5) Some college credit but no degree,1993,5,26,Between 20 and 40,Between $11 and $20
51.42857142858,"(2) Teacher, instructor, or lead teacher",(2) Black or African American Only,(5) Some college credit but no degree,1977,1,42,Between 41 and 50,More than $31
10.25,"(2) Teacher, instructor, or lead teacher",(1) White Only,"(6) Associate degree (AA, AS)",1998,11,21,Between 20 and 40,NA
13.75,"(2) Teacher, instructor, or lead teacher",(1) White Only,(5) Some college credit but no degree,1987,2,32,Between 20 and 40,Between $11 and $20
NA,(1) Aide or assistant teacher,(8) Other,(5) Some college credit but no degree,1950,3,69,More than 51,NA
53.57142857143,"(2) Teacher, instructor, or lead teacher",NA,(8) Graduate or professional degree,1986,1,33,Between 20 and 40,More than $31
29.62962962963,"(2) Teacher, instructor, or lead teacher",(1) White Only,"(7) Bachelor's degree (BA, BS, AB)",1978,4,41,Between 41 and 50,Between $21 and $30
8.63333333334,"(2) Teacher, instructor, or lead teacher",(2) Black or African American Only,(4) High school graduate,1994,7,25,Between 20 and 40,Less than $10
11,(1) Aide or assistant teacher,(1) White Only,(5) Some college credit but no degree,1996,3,23,Between 20 and 40,Between $11 and $20
11.25,"(2) Teacher, instructor, or lead teacher",(2) Black or African American Only,(4) High school graduate,1975,4,44,Between 41 and 50,Between $11 and $20
NA,NA,NA,NA,NA,NA,NA,NA,NA
14.34,"(2) Teacher, instructor, or lead teacher",NA,(5) Some college credit but no degree,1958,4,61,More than 51,Between $11 and $20
10,"(2) Teacher, instructor, or lead teacher",(2) Black or African American Only,"(7) Bachelor's degree (BA, BS, AB)",1986,5,33,Between 20 and 40,Less than $10
NA,NA,NA,NA,NA,NA,NA,NA,NA
NA,"(2) Teacher, instructor, or lead teacher",(1) White Only,"(6) Associate degree (AA, AS)",1950,4.2,69,More than 51,NA
15,(1) Aide or assistant teacher,NA,(5) Some college credit but no degree,1977,3,42,Between 41 and 50,Between $11 and $20
NA,NA,NA,NA,NA,NA,NA,NA,NA
8.25396825397,(1) Aide or assistant teacher,(1) White Only,(1) Less than High School,1988,0,31,Between 20 and 40,Less than $10
12.5,(1) Aide or assistant teacher,(1) White Only,"(7) Bachelor's degree (BA, BS, AB)",NA,1.166666666667,NA,NA,Between $11 and $20
14,"(2) Teacher, instructor, or lead teacher",(2) Black or African American Only,"(6) Associate degree (AA, AS)",1990,0,29,Between 20 and 40,Between $11 and $20
8.5,"(2) Teacher, instructor, or lead teacher",(1) White Only,(4) High school graduate,1968,4,51,More than 51,Less than $10
13,(1) Aide or assistant teacher,(1) White Only,"(7) Bachelor's degree (BA, BS, AB)",1977,0,42,Between 41 and 50,Between $11 and $20
14.69,"(2) Teacher, instructor, or lead teacher",NA,"(7) Bachelor's degree (BA, BS, AB)",1981,0,38,Between 20 and 40,Between $11 and $20
NA,NA,NA,NA,NA,NA,NA,NA,NA
13,"(2) Teacher, instructor, or lead teacher",(2) Black or African American Only,(5) Some college credit but no degree,1962,5,57,More than 51,Between $11 and $20
12,"(2) Teacher, instructor, or lead teacher",(2) Black or African American Only,"(6) Associate degree (AA, AS)",1986,6,33,Between 20 and 40,Between $11 and $20
NA,"(2) Teacher, instructor, or lead teacher",(1) White Only,(5) Some college credit but no degree,1972,1.166666666667,47,Between 41 and 50,NA
25.961538461539998,"(2) Teacher, instructor, or lead teacher",(1) White Only,"(7) Bachelor's degree (BA, BS, AB)",1987,6,32,Between 20 and 40,Between $21 and $30
11,(1) Aide or assistant teacher,(2) Black or African American Only,(4) High school graduate,1977,0,42,Between 41 and 50,Between $11 and $20
NA,NA,NA,NA,NA,NA,NA,NA,NA
NA,"(2) Teacher, instructor, or lead teacher",(1) White Only,"(7) Bachelor's degree (BA, BS, AB)",1985,0,34,Between 20 and 40,NA
15.77,"(2) Teacher, instructor, or lead teacher",(1) White Only,"(7) Bachelor's degree (BA, BS, AB)",1965,0,54,More than 51,Between $11 and $20
5.91724137932,(1) Aide or assistant teacher,(1) White Only,(5) Some college credit but no degree,1998,4,21,Between 20 and 40,Less than $10
17.5,"(2) Teacher, instructor, or lead teacher",(1) White Only,(5) Some college credit but no degree,1974,0,45,Between 41 and 50,Between $11 and $20
NA,NA,NA,NA,NA,NA,NA,NA,NA
8.33333333334,(1) Aide or assistant teacher,(8) Other,"(7) Bachelor's degree (BA, BS, AB)",1998,1,21,Between 20 and 40,Less than $10
8.6,(1) Aide or assistant teacher,(1) White Only,(1) Less than High School,1998,0,21,Between 20 and 40,Less than $10
20.83333333334,"(2) Teacher, instructor, or lead teacher",(1) White Only,(8) Graduate or professional degree,1974,0,45,Between 41 and 50,NA
7.25,"(2) Teacher, instructor, or lead teacher",(8) Other,(4) High school graduate,1998,2,21,Between 20 and 40,Less than $10
2.30769230769,"(2) Teacher, instructor, or lead teacher",(1) White Only,"(6) Associate degree (AA, AS)",1992,0,27,Between 20 and 40,Less than $10
13.45,(1) Aide or assistant teacher,NA,"(6) Associate degree (AA, AS)",1978,NA,41,Between 41 and 50,Between $11 and $20
9,"(2) Teacher, instructor, or lead teacher",(2) Black or African American Only,(4) High school graduate,1950,3,69,More than 51,Less than $10
12,"(2) Teacher, instructor, or lead teacher",(1) White Only,"(7) Bachelor's degree (BA, BS, AB)",1989,0,30,Between 20 and 40,Between $11 and $20
8.75,"(2) Teacher, instructor, or lead teacher",(2) Black or African American Only,(5) Some college credit but no degree,1989,0,30,Between 20 and 40,Less than $10
17,"(2) Teacher, instructor, or lead teacher",(1) White Only,"(6) Associate degree (AA, AS)",1989,3,30,Between 20 and 40,Between $11 and $20
14.75,"(2) Teacher, instructor, or lead teacher",(1) White Only,(5) Some college credit but no degree,1991,0,28,Between 20 and 40,Between $11 and $20
9.25,"(2) Teacher, instructor, or lead teacher",(2) Black or African American Only,(5) Some college credit but no degree,1982,1,37,Between 20 and 40,Less than $10
13.45,(1) Aide or assistant teacher,(1) White Only,"(6) Associate degree (AA, AS)",1980,0,39,Between 20 and 40,Between $11 and $20
24.28571428572,(1) Aide or assistant teacher,(1) White Only,(5) Some college credit but no degree,1958,0,61,More than 51,Between $21 and $30
17,"(2) Teacher, instructor, or lead teacher",(8) Other,(4) High school graduate,1992,NA,27,Between 20 and 40,Between $11 and $20
7.91666666667,(1) Aide or assistant teacher,(1) White Only,"(7) Bachelor's degree (BA, BS, AB)",1975,1.166666666667,44,Between 41 and 50,Less than $10
NA,NA,NA,NA,NA,NA,NA,NA,NA
NA,NA,NA,NA,NA,NA,NA,NA,NA
NA,NA,NA,NA,NA,NA,NA,NA,NA
24,"(2) Teacher, instructor, or lead teacher",(2) Black or African American Only,"(7) Bachelor's degree (BA, BS, AB)",1992,9,27,Between 20 and 40,Between $21 and $30
11.38,"(2) Teacher, instructor, or lead teacher",(8) Other,(5) Some college credit but no degree,1994,4,25,Between 20 and 40,Between $11 and $20
8.4,"(2) Teacher, instructor, or lead teacher",(1) White Only,(4) High school graduate,1985,4,34,Between 20 and 40,Less than $10
7.55,"(2) Teacher, instructor, or lead teacher",(1) White Only,(4) High school graduate,1984,4,35,Between 20 and 40,Less than $10
8,(1) Aide or assistant teacher,(1) White Only,"(6) Associate degree (AA, AS)",1965,1,54,More than 51,Less than $10
25,"(2) Teacher, instructor, or lead teacher",(2) Black or African American Only,(8) Graduate or professional degree,1961,0,58,More than 51,Between $21 and $30
18,(1) Aide or assistant teacher,(1) White Only,(5) Some college credit but no degree,1977,0,42,Between 41 and 50,Between $11 and $20
15.6,"(2) Teacher, instructor, or lead teacher",(1) White Only,(5) Some college credit but no degree,1971,0,48,Between 41 and 50,Between $11 and $20
22,"(2) Teacher, instructor, or lead teacher",(2) Black or African American Only,"(6) Associate degree (AA, AS)",1958,5,61,More than 51,Between $21 and $30
10,(1) Aide or assistant teacher,(1) White Only,(4) High school graduate,1998,4,21,Between 20 and 40,Less than $10
11.33,(1) Aide or assistant teacher,(1) White Only,"(7) Bachelor's degree (BA, BS, AB)",1993,8,26,Between 20 and 40,Between $11 and $20
15,(1) Aide or assistant teacher,(1) White Only,"(7) Bachelor's degree (BA, BS, AB)",1996,1,23,Between 20 and 40,Between $11 and $20
21,"(2) Teacher, instructor, or lead teacher",(3) Asian Only,"(6) Associate degree (AA, AS)",1968,1,51,More than 51,Between $21 and $30
16.78321678322,"(2) Teacher, instructor, or lead teacher",(3) Asian Only,"(6) Associate degree (AA, AS)",1976,1,43,Between 41 and 50,Between $11 and $20
27.85714285715,"(2) Teacher, instructor, or lead teacher",(1) White Only,"(7) Bachelor's degree (BA, BS, AB)",1981,0,38,Between 20 and 40,Between $21 and $30
9,"(2) Teacher, instructor, or lead teacher",(2) Black or African American Only,"(6) Associate degree (AA, AS)",1989,5,30,Between 20 and 40,Less than $10
11.11111111112,"(2) Teacher, instructor, or lead teacher",(1) White Only,(5) Some college credit but no degree,1977,0,42,Between 41 and 50,Between $11 and $20
NA,"(2) Teacher, instructor, or lead teacher",(3) Asian Only,"(6) Associate degree (AA, AS)",1974,0,45,Between 41 and 50,NA
9,"(2) Teacher, instructor, or lead teacher",(2) Black or African American Only,(4) High school graduate,1978,0,41,Between 41 and 50,Less than $10
47.22222222223,"(2) Teacher, instructor, or lead teacher",(1) White Only,(8) Graduate or professional degree,1974,1,45,Between 41 and 50,More than $31
15,"(2) Teacher, instructor, or lead teacher",(1) White Only,"(6) Associate degree (AA, AS)",1964,4,55,More than 51,Between $11 and $20
NA,NA,NA,NA,NA,NA,NA,NA,NA
9,(1) Aide or assistant teacher,NA,(1) Less than High School,1996,3,23,Between 20 and 40,Less than $10
14.1,"(2) Teacher, instructor, or lead teacher",(2) Black or African American Only,"(6) Associate degree (AA, AS)",1982,2,37,Between 20 and 40,Between $11 and $20
11.5,(1) Aide or assistant teacher,(2) Black or African American Only,(4) High school graduate,1996,0,23,Between 20 and 40,Between $11 and $20
14,"(2) Teacher, instructor, or lead teacher",(1) White Only,"(6) Associate degree (AA, AS)",1979,0,40,Between 20 and 40,Between $11 and $20
11.5,"(2) Teacher, instructor, or lead teacher",(1) White Only,"(6) Associate degree (AA, AS)",1958,2,61,More than 51,Between $11 and $20
9,(1) Aide or assistant teacher,(1) White Only,(3) GED or high school equivalency,1964,0,55,More than 51,Less than $10
9,(1) Aide or assistant teacher,(1) White Only,(3) GED or high school equivalency,1998,1,21,Between 20 and 40,Less than $10
15,"(2) Teacher, instructor, or lead teacher",(1) White Only,(8) Graduate or professional degree,1981,10.5,38,Between 20 and 40,Between $11 and $20
16.83,"(2) Teacher, instructor, or lead teacher",(2) Black or African American Only,"(6) Associate degree (AA, AS)",1974,2,45,Between 41 and 50,Between $11 and $20
13.4,"(2) Teacher, instructor, or lead teacher",(1) White Only,(5) Some college credit but no degree,1965,0,54,More than 51,Between $11 and $20
NA,"(2) Teacher, instructor, or lead teacher",(1) White Only,(8) Graduate or professional degree,1976,2,43,Between 41 and 50,NA
8.5,(1) Aide or assistant teacher,(1) White Only,"(6) Associate degree (AA, AS)",1973,0,46,Between 41 and 50,Less than $10
8.5,"(2) Teacher, instructor, or lead teacher",(2) Black or African American Only,"(6) Associate degree (AA, AS)",1984,5,35,Between 20 and 40,Less than $10
NA,"(2) Teacher, instructor, or lead teacher",NA,(5) Some college credit but no degree,1977,0,42,Between 41 and 50,NA
18.75,(1) Aide or assistant teacher,(2) Black or African American Only,"(6) Associate degree (AA, AS)",1973,0,46,Between 41 and 50,Between $11 and $20
26.04,"(2) Teacher, instructor, or lead teacher",(2) Black or African American Only,"(6) Associate degree (AA, AS)",1950,0,69,More than 51,Between $21 and $30
11,(1) Aide or assistant teacher,(1) White Only,"(7) Bachelor's degree (BA, BS, AB)",1961,0,58,More than 51,Between $11 and $20
11,"(2) Teacher, instructor, or lead teacher",(1) White Only,"(7) Bachelor's degree (BA, BS, AB)",1958,0,61,More than 51,Between $11 and $20
13,(1) Aide or assistant teacher,(2) Black or African American Only,"(6) Associate degree (AA, AS)",1989,0,30,Between 20 and 40,Between $11 and $20
10,"(2) Teacher, instructor, or lead teacher",(2) Black or African American Only,(5) Some college credit but no degree,1994,2,25,Between 20 and 40,Less than $10
14.54,(1) Aide or assistant teacher,(1) White Only,"(7) Bachelor's degree (BA, BS, AB)",1977,3,42,Between 41 and 50,Between $11 and $20
13.69565217392,"(2) Teacher, instructor, or lead teacher",(2) Black or African American Only,(3) GED or high school equivalency,1990,0,29,Between 20 and 40,Between $11 and $20
11.22661122662,"(2) Teacher, instructor, or lead teacher",(1) White Only,(5) Some college credit but no degree,1990,6,29,Between 20 and 40,Between $11 and $20
15.5,"(2) Teacher, instructor, or lead teacher",(2) Black or African American Only,"(7) Bachelor's degree (BA, BS, AB)",1973,0,46,Between 41 and 50,Between $11 and $20
15,"(2) Teacher, instructor, or lead teacher",(2) Black or African American Only,"(7) Bachelor's degree (BA, BS, AB)",1974,0,45,Between 41 and 50,Between $11 and $20
NA,(1) Aide or assistant teacher,(2) Black or African American Only,(5) Some college credit but no degree,1971,0,48,Between 41 and 50,NA
7.96878378379,"(2) Teacher, instructor, or lead teacher",(1) White Only,(5) Some college credit but no degree,1998,0,21,Between 20 and 40,Less than $10
15,"(2) Teacher, instructor, or lead teacher",(2) Black or African American Only,(8) Graduate or professional degree,1961,7,58,More than 51,Between $11 and $20
14,"(2) Teacher, instructor, or lead teacher",(2) Black or African American Only,(5) Some college credit but no degree,1989,0,30,Between 20 and 40,Between $11 and $20
15,"(2) Teacher, instructor, or lead teacher",(1) White Only,"(7) Bachelor's degree (BA, BS, AB)",1974,1,45,Between 41 and 50,Between $11 and $20
51.42857142858,"(2) Teacher, instructor, or lead teacher",(3) Asian Only,(5) Some college credit but no degree,1987,0,32,Between 20 and 40,More than $31
107.32142857143,(1) Aide or assistant teacher,NA,"(6) Associate degree (AA, AS)",1971,0,48,Between 41 and 50,More than $31
33.33333333334,"(2) Teacher, instructor, or lead teacher",(1) White Only,"(7) Bachelor's degree (BA, BS, AB)",1962,0,57,More than 51,More than $31
15.54054054055,(1) Aide or assistant teacher,(1) White Only,(5) Some college credit but no degree,1987,0,32,Between 20 and 40,Between $11 and $20
7.91775,(1) Aide or assistant teacher,(2) Black or African American Only,(5) Some college credit but no degree,1992,0,27,Between 20 and 40,Less than $10
12.5,"(2) Teacher, instructor, or lead teacher",(1) White Only,(5) Some college credit but no degree,1964,0,55,More than 51,Between $11 and $20
16.5,(1) Aide or assistant teacher,(1) White Only,(5) Some college credit but no degree,1993,7,26,Between 20 and 40,Between $11 and $20
10,"(2) Teacher, instructor, or lead teacher",(1) White Only,"(6) Associate degree (AA, AS)",1965,0,54,More than 51,Less than $10
9.75,(1) Aide or assistant teacher,(1) White Only,"(6) Associate degree (AA, AS)",1988,1,31,Between 20 and 40,Less than $10
20,"(2) Teacher, instructor, or lead teacher",NA,"(7) Bachelor's degree (BA, BS, AB)",NA,NA,NA,NA,Between $11 and $20
9.25,(1) Aide or assistant teacher,(1) White Only,(5) Some college credit but no degree,1996,2,23,Between 20 and 40,Less than $10
13.7,"(2) Teacher, instructor, or lead teacher",(2) Black or African American Only,(5) Some college credit but no degree,1970,1,49,Between 41 and 50,Between $11 and $20
10.80000000001,"(2) Teacher, instructor, or lead teacher",(1) White Only,(5) Some college credit but no degree,1990,8,29,Between 20 and 40,NA
NA,NA,NA,NA,NA,NA,NA,NA,NA
16.45161290323,"(2) Teacher, instructor, or lead teacher",(1) White Only,"(6) Associate degree (AA, AS)",1976,5,43,Between 41 and 50,Between $11 and $20
15.88,(1) Aide or assistant teacher,(1) White Only,"(7) Bachelor's degree (BA, BS, AB)",1986,8,33,Between 20 and 40,Between $11 and $20
12.5,"(2) Teacher, instructor, or lead teacher",(1) White Only,"(7) Bachelor's degree (BA, BS, AB)",1991,6,28,Between 20 and 40,Between $11 and $20
51.42857142858,"(2) Teacher, instructor, or lead teacher",(1) White Only,(5) Some college credit but no degree,1965,0,54,More than 51,More than $31
NA,NA,NA,NA,NA,NA,NA,NA,NA
5.76923076924,"(2) Teacher, instructor, or lead teacher",(2) Black or African American Only,"(7) Bachelor's degree (BA, BS, AB)",1958,0,61,More than 51,Less than $10
NA,NA,NA,NA,NA,NA,NA,NA,NA
NA,(1) Aide or assistant teacher,(1) White Only,(5) Some college credit but no degree,1983,0,36,Between 20 and 40,NA
8,(1) Aide or assistant teacher,(2) Black or African American Only,(5) Some college credit but no degree,1992,3,27,Between 20 and 40,Less than $10
NA,(1) Aide or assistant teacher,(1) White Only,(3) GED or high school equivalency,1975,4,44,Between 41 and 50,NA
38.88888888889,"(2) Teacher, instructor, or lead teacher",(1) White Only,(8) Graduate or professional degree,1978,3,41,Between 41 and 50,More than $31
NA,(1) Aide or assistant teacher,NA,(4) High school graduate,NA,NA,NA,NA,NA
7.75,(1) Aide or assistant teacher,(2) Black or African American Only,(5) Some college credit but no degree,1998,3,21,Between 20 and 40,Less than $10
51.42857142858,"(2) Teacher, instructor, or lead teacher",NA,NA,NA,NA,NA,NA,More than $31
9,"(2) Teacher, instructor, or lead teacher",(2) Black or African American Only,(4) High school graduate,1988,5,31,Between 20 and 40,Less than $10
18.11025641026,"(2) Teacher, instructor, or lead teacher",(1) White Only,(8) Graduate or professional degree,1950,1,69,More than 51,Between $11 and $20
13.75,(1) Aide or assistant teacher,(2) Black or African American Only,"(6) Associate degree (AA, AS)",1984,9,35,Between 20 and 40,Between $11 and $20
NA,NA,NA,NA,NA,NA,NA,NA,NA
15,"(2) Teacher, instructor, or lead teacher",(1) White Only,(8) Graduate or professional degree,1975,0,44,Between 41 and 50,Between $11 and $20
13,"(2) Teacher, instructor, or lead teacher",(1) White Only,(3) GED or high school equivalency,1970,3,49,Between 41 and 50,Between $11 and $20
13.75,(1) Aide or assistant teacher,(2) Black or African American Only,(5) Some college credit but no degree,1967,8,52,More than 51,Between $11 and $20
19.25,"(2) Teacher, instructor, or lead teacher",(1) White Only,"(7) Bachelor's degree (BA, BS, AB)",1992,3,27,Between 20 and 40,Between $11 and $20
NA,(1) Aide or assistant teacher,(1) White Only,(4) High school graduate,NA,NA,NA,NA,NA
NA,NA,NA,NA,NA,NA,NA,NA,NA
NA,(1) Aide or assistant teacher,(1) White Only,(4) High school graduate,NA,0,NA,NA,NA
9,"(2) Teacher, instructor, or lead teacher",(2) Black or African American Only,"(7) Bachelor's degree (BA, BS, AB)",1950,2,69,More than 51,Less than $10
NA,NA,NA,NA,NA,NA,NA,NA,NA
13.46153846154,"(2) Teacher, instructor, or lead teacher",(1) White Only,"(6) Associate degree (AA, AS)",1987,0,32,Between 20 and 40,Between $11 and $20
8,"(2) Teacher, instructor, or lead teacher",(2) Black or African American Only,(5) Some college credit but no degree,1993,5,26,Between 20 and 40,Less than $10
12.04,"(2) Teacher, instructor, or lead teacher",(1) White Only,(4) High school graduate,1988,8,31,Between 20 and 40,Between $11 and $20
14.99,"(2) Teacher, instructor, or lead teacher",(2) Black or African American Only,"(6) Associate degree (AA, AS)",1980,2,39,Between 20 and 40,Between $11 and $20
9,"(2) Teacher, instructor, or lead teacher",(2) Black or African American Only,(5) Some college credit but no degree,1987,5,32,Between 20 and 40,Less than $10
NA,NA,NA,NA,NA,NA,NA,NA,NA
12,"(2) Teacher, instructor, or lead teacher",(2) Black or African American Only,"(6) Associate degree (AA, AS)",1986,4,33,Between 20 and 40,Between $11 and $20
9,(1) Aide or assistant teacher,(2) Black or African American Only,(3) GED or high school equivalency,1996,0,23,Between 20 and 40,Less than $10
9.5,(1) Aide or assistant teacher,NA,(4) High school graduate,NA,0,NA,NA,Less than $10
11.8,"(2) Teacher, instructor, or lead teacher",(1) White Only,(5) Some college credit but no degree,1998,2,21,Between 20 and 40,Between $11 and $20
22.575,"(2) Teacher, instructor, or lead teacher",(1) White Only,"(7) Bachelor's degree (BA, BS, AB)",1982,2,37,Between 20 and 40,Between $21 and $30
10,"(2) Teacher, instructor, or lead teacher",(1) White Only,(4) High school graduate,1983,5,36,Between 20 and 40,Less than $10
21.875,"(2) Teacher, instructor, or lead teacher",(1) White Only,(8) Graduate or professional degree,1979,2,40,Between 20 and 40,Between $21 and $30
17.61904761905,"(2) Teacher, instructor, or lead teacher",(1) White Only,"(7) Bachelor's degree (BA, BS, AB)",1979,1,40,Between 20 and 40,Between $11 and $20
9.25,(1) Aide or assistant teacher,(1) White Only,(5) Some college credit but no degree,1998,0,21,Between 20 and 40,Less than $10
11.8,(1) Aide or assistant teacher,(1) White Only,"(6) Associate degree (AA, AS)",1990,3,29,Between 20 and 40,Between $11 and $20
NA,NA,NA,NA,NA,NA,NA,NA,NA
NA,NA,NA,NA,NA,NA,NA,NA,NA
9,"(2) Teacher, instructor, or lead teacher",(1) White Only,(4) High school graduate,1991,2,28,Between 20 and 40,Less than $10
NA,"(2) Teacher, instructor, or lead teacher",(2) Black or African American Only,(8) Graduate or professional degree,1969,0,50,Between 41 and 50,NA
NA,"(2) Teacher, instructor, or lead teacher",(2) Black or African American Only,"(6) Associate degree (AA, AS)",1984,0,35,Between 20 and 40,NA
12,(1) Aide or assistant teacher,(1) White Only,(5) Some college credit but no degree,1987,1,32,Between 20 and 40,Between $11 and $20
18.52941176471,"(2) Teacher, instructor, or lead teacher",(2) Black or African American Only,(5) Some college credit but no degree,1972,5,47,Between 41 and 50,Between $11 and $20
22.47,(1) Aide or assistant teacher,(1) White Only,"(6) Associate degree (AA, AS)",1963,3,56,More than 51,Between $21 and $30
NA,NA,NA,NA,NA,NA,NA,NA,NA
22.15,"(2) Teacher, instructor, or lead teacher",(1) White Only,"(7) Bachelor's degree (BA, BS, AB)",1978,15,41,Between 41 and 50,Between $21 and $30
17.5,"(2) Teacher, instructor, or lead teacher",(1) White Only,"(7) Bachelor's degree (BA, BS, AB)",1967,7,52,More than 51,Between $11 and $20
15.5,"(2) Teacher, instructor, or lead teacher",(1) White Only,(5) Some college credit but no degree,1987,1,32,Between 20 and 40,Between $11 and $20
7.75,(1) Aide or assistant teacher,(2) Black or African American Only,"(7) Bachelor's degree (BA, BS, AB)",1996,0,23,Between 20 and 40,Less than $10
13.5,"(2) Teacher, instructor, or lead teacher",(3) Asian Only,(5) Some college credit but no degree,1986,0,33,Between 20 and 40,Between $11 and $20
20,"(2) Teacher, instructor, or lead teacher",(1) White Only,(8) Graduate or professional degree,1969,0,50,Between 41 and 50,Between $11 and $20
13.46153846154,"(2) Teacher, instructor, or lead teacher",(1) White Only,"(7) Bachelor's degree (BA, BS, AB)",1991,4,28,Between 20 and 40,Between $11 and $20
14,"(2) Teacher, instructor, or lead teacher",(1) White Only,"(6) Associate degree (AA, AS)",1978,2,41,Between 41 and 50,Between $11 and $20
6.42857142858,"(2) Teacher, instructor, or lead teacher",(1) White Only,(4) High school graduate,1994,12,25,Between 20 and 40,Less than $10
54.9575,"(2) Teacher, instructor, or lead teacher",(1) White Only,"(7) Bachelor's degree (BA, BS, AB)",1976,4,43,Between 41 and 50,More than $31
15.97,"(2) Teacher, instructor, or lead teacher",(1) White Only,"(6) Associate degree (AA, AS)",1972,15,47,Between 41 and 50,Between $11 and $20
22.97297297298,(1) Aide or assistant teacher,(1) White Only,(8) Graduate or professional degree,1968,1,51,More than 51,Between $21 and $30
15.98,(1) Aide or assistant teacher,(1) White Only,"(7) Bachelor's degree (BA, BS, AB)",1982,3,37,Between 20 and 40,Between $11 and $20
NA,(1) Aide or assistant teacher,(2) Black or African American Only,"(6) Associate degree (AA, AS)",1995,4,24,Between 20 and 40,NA
11,(1) Aide or assistant teacher,(1) White Only,(5) Some college credit but no degree,1984,0,35,Between 20 and 40,Between $11 and $20
10,"(2) Teacher, instructor, or lead teacher",NA,(4) High school graduate,1996,0,23,Between 20 and 40,Less than $10
13.75,"(2) Teacher, instructor, or lead teacher",(1) White Only,"(6) Associate degree (AA, AS)",1978,0,41,Between 41 and 50,Between $11 and $20
10.25,"(2) Teacher, instructor, or lead teacher",(1) White Only,(5) Some college credit but no degree,1998,NA,21,Between 20 and 40,NA
26.59375,"(2) Teacher, instructor, or lead teacher",NA,(4) High school graduate,1961,3,58,More than 51,Between $21 and $30
8,(1) Aide or assistant teacher,(1) White Only,(4) High school graduate,1998,17,21,Between 20 and 40,Less than $10
13.12308,(1) Aide or assistant teacher,(2) Black or African American Only,(5) Some college credit but no degree,1968,4,51,More than 51,Between $11 and $20
13.56,"(2) Teacher, instructor, or lead teacher",(1) White Only,(5) Some college credit but no degree,1992,5,27,Between 20 and 40,Between $11 and $20
21.32132132133,"(2) Teacher, instructor, or lead teacher",(1) White Only,(8) Graduate or professional degree,1975,5,44,Between 41 and 50,Between $21 and $30
9,(1) Aide or assistant teacher,(1) White Only,(5) Some college credit but no degree,1998,7,21,Between 20 and 40,Less than $10
17.85714285715,(1) Aide or assistant teacher,(1) White Only,(5) Some college credit but no degree,1991,1,28,Between 20 and 40,Between $11 and $20
NA,NA,NA,NA,NA,NA,NA,NA,NA
17,"(2) Teacher, instructor, or lead teacher",(8) Other,"(6) Associate degree (AA, AS)",1992,0,27,Between 20 and 40,Between $11 and $20
11,(1) Aide or assistant teacher,(1) White Only,"(7) Bachelor's degree (BA, BS, AB)",1950,0,69,More than 51,Between $11 and $20
13.89,"(2) Teacher, instructor, or lead teacher",(1) White Only,"(6) Associate degree (AA, AS)",1979,3,40,Between 20 and 40,Between $11 and $20
NA,NA,NA,NA,NA,NA,NA,NA,NA
12.5,"(2) Teacher, instructor, or lead teacher",(1) White Only,(5) Some college credit but no degree,1981,0,38,Between 20 and 40,Between $11 and $20
8,(1) Aide or assistant teacher,(2) Black or African American Only,(5) Some college credit but no degree,1994,1,25,Between 20 and 40,Less than $10
NA,NA,NA,NA,NA,NA,NA,NA,NA
28.82882882883,"(2) Teacher, instructor, or lead teacher",(2) Black or African American Only,(8) Graduate or professional degree,1960,0,59,More than 51,Between $21 and $30
12.5,"(2) Teacher, instructor, or lead teacher",(8) Other,(5) Some college credit but no degree,1998,6,21,Between 20 and 40,Between $11 and $20
19,"(2) Teacher, instructor, or lead teacher",(1) White Only,(8) Graduate or professional degree,1983,5,36,Between 20 and 40,Between $11 and $20
7.85,(1) Aide or assistant teacher,(1) White Only,(5) Some college credit but no degree,1998,1,21,Between 20 and 40,Less than $10
54.9575,"(2) Teacher, instructor, or lead teacher",(2) Black or African American Only,"(7) Bachelor's degree (BA, BS, AB)",1980,2,39,Between 20 and 40,More than $31
13,"(2) Teacher, instructor, or lead teacher",(1) White Only,(5) Some college credit but no degree,1990,10,29,Between 20 and 40,Between $11 and $20
NA,NA,NA,NA,NA,NA,NA,NA,NA
18,(1) Aide or assistant teacher,(2) Black or African American Only,"(6) Associate degree (AA, AS)",1995,0,24,Between 20 and 40,Between $11 and $20
18,(1) Aide or assistant teacher,(1) White Only,(5) Some college credit but no degree,1963,0,56,More than 51,Between $11 and $20
19.84895833334,"(2) Teacher, instructor, or lead teacher",(1) White Only,(8) Graduate or professional degree,1980,2,39,Between 20 and 40,Between $11 and $20
NA,NA,NA,NA,NA,NA,NA,NA,NA
10,(1) Aide or assistant teacher,(3) Asian Only,(1) Less than High School,1980,1,39,Between 20 and 40,Less than $10
11.08108108109,(1) Aide or assistant teacher,(1) White Only,"(6) Associate degree (AA, AS)",1998,2,21,Between 20 and 40,Between $11 and $20
10.5,(1) Aide or assistant teacher,(1) White Only,(5) Some college credit but no degree,1998,0,21,Between 20 and 40,NA
16.54135338346,"(2) Teacher, instructor, or lead teacher",(1) White Only,(8) Graduate or professional degree,1981,4,38,Between 20 and 40,Between $11 and $20
NA,"(2) Teacher, instructor, or lead teacher",(1) White Only,"(7) Bachelor's degree (BA, BS, AB)",NA,NA,NA,NA,NA
NA,"(2) Teacher, instructor, or lead teacher",(2) Black or African American Only,"(7) Bachelor's degree (BA, BS, AB)",1966,3,53,More than 51,NA
6.5,(1) Aide or assistant teacher,(3) Asian Only,(8) Graduate or professional degree,1985,3,34,Between 20 and 40,Less than $10
9,"(2) Teacher, instructor, or lead teacher",(1) White Only,(4) High school graduate,1973,2,46,Between 41 and 50,Less than $10
13,"(2) Teacher, instructor, or lead teacher",(1) White Only,(4) High school graduate,1962,2,57,More than 51,Between $11 and $20
7.5,(1) Aide or assistant teacher,(1) White Only,(5) Some college credit but no degree,1975,4,44,Between 41 and 50,Less than $10
14.70588235295,"(2) Teacher, instructor, or lead teacher",(2) Black or African American Only,(5) Some college credit but no degree,1996,13,23,Between 20 and 40,Between $11 and $20
7.25,"(2) Teacher, instructor, or lead teacher",(1) White Only,(4) High school graduate,1998,11,21,Between 20 and 40,Less than $10
13.75,"(2) Teacher, instructor, or lead teacher",(1) White Only,"(7) Bachelor's degree (BA, BS, AB)",1994,1,25,Between 20 and 40,Between $11 and $20
14.5,"(2) Teacher, instructor, or lead teacher",(8) Other,(5) Some college credit but no degree,1991,4,28,Between 20 and 40,Between $11 and $20
16.5,"(2) Teacher, instructor, or lead teacher",(1) White Only,(5) Some college credit but no degree,1972,4,47,Between 41 and 50,Between $11 and $20
10.25,"(2) Teacher, instructor, or lead teacher",(1) White Only,(4) High school graduate,1985,3,34,Between 20 and 40,NA
10.20408163266,"(2) Teacher, instructor, or lead teacher",(1) White Only,(4) High school graduate,1972,4,47,Between 41 and 50,NA
10,(1) Aide or assistant teacher,(1) White Only,(8) Graduate or professional degree,1950,7,69,More than 51,Less than $10
16,"(2) Teacher, instructor, or lead teacher",NA,(5) Some college credit but no degree,1971,0,48,Between 41 and 50,Between $11 and $20
13.5,"(2) Teacher, instructor, or lead teacher",NA,"(6) Associate degree (AA, AS)",1996,2,23,Between 20 and 40,Between $11 and $20
37.5,"(2) Teacher, instructor, or lead teacher",(2) Black or African American Only,(8) Graduate or professional degree,1966,7,53,More than 51,More than $31
12.5,"(2) Teacher, instructor, or lead teacher",NA,"(7) Bachelor's degree (BA, BS, AB)",1995,2,24,Between 20 and 40,Between $11 and $20
12,"(2) Teacher, instructor, or lead teacher",(1) White Only,(5) Some college credit but no degree,1992,9,27,Between 20 and 40,Between $11 and $20
NA,(1) Aide or assistant teacher,(1) White Only,"(7) Bachelor's degree (BA, BS, AB)",1958,1,61,More than 51,NA
10,(1) Aide or assistant teacher,(3) Asian Only,"(7) Bachelor's degree (BA, BS, AB)",1986,0,33,Between 20 and 40,Less than $10
12,(1) Aide or assistant teacher,(8) Other,"(7) Bachelor's degree (BA, BS, AB)",1988,0,31,Between 20 and 40,Between $11 and $20
10.82,"(2) Teacher, instructor, or lead teacher",NA,(5) Some college credit but no degree,1969,1,50,Between 41 and 50,NA
16,"(2) Teacher, instructor, or lead teacher",(1) White Only,"(7) Bachelor's degree (BA, BS, AB)",1992,4,27,Between 20 and 40,Between $11 and $20
20.3,"(2) Teacher, instructor, or lead teacher",(3) Asian Only,(8) Graduate or professional degree,1966,1,53,More than 51,NA
7.7125,(1) Aide or assistant teacher,NA,(5) Some college credit but no degree,NA,2,NA,NA,Less than $10
9.8076923077,"(2) Teacher, instructor, or lead teacher",(1) White Only,(5) Some college credit but no degree,1998,1,21,Between 20 and 40,Less than $10
20,"(2) Teacher, instructor, or lead teacher",(2) Black or African American Only,(8) Graduate or professional degree,1983,0,36,Between 20 and 40,Between $11 and $20
13,"(2) Teacher, instructor, or lead teacher",(2) Black or African American Only,(5) Some college credit but no degree,1998,7,21,Between 20 and 40,Between $11 and $20
8,(1) Aide or assistant teacher,(2) Black or African American Only,(3) GED or high school equivalency,1958,2,61,More than 51,Less than $10
NA,NA,NA,NA,NA,NA,NA,NA,NA
17.46,"(2) Teacher, instructor, or lead teacher",(8) Other,"(6) Associate degree (AA, AS)",1963,8,56,More than 51,Between $11 and $20
19,"(2) Teacher, instructor, or lead teacher",(8) Other,"(6) Associate degree (AA, AS)",1994,4,25,Between 20 and 40,Between $11 and $20
6.875,(1) Aide or assistant teacher,(1) White Only,(4) High school graduate,1993,3,26,Between 20 and 40,Less than $10
11.59678858163,"(2) Teacher, instructor, or lead teacher",(1) White Only,"(6) Associate degree (AA, AS)",1982,0,37,Between 20 and 40,Between $11 and $20
9,"(2) Teacher, instructor, or lead teacher",(2) Black or African American Only,(5) Some college credit but no degree,1996,5,23,Between 20 and 40,Less than $10
8.57142857143,(1) Aide or assistant teacher,(2) Black or African American Only,(5) Some college credit but no degree,1976,3,43,Between 41 and 50,Less than $10
10,(1) Aide or assistant teacher,(1) White Only,(5) Some college credit but no degree,1986,0,33,Between 20 and 40,Less than $10
5.71428571429,"(2) Teacher, instructor, or lead teacher",(8) Other,(8) Graduate or professional degree,1958,14,61,More than 51,Less than $10
26.90972222223,"(2) Teacher, instructor, or lead teacher",(1) White Only,(5) Some college credit but no degree,1962,0,57,More than 51,Between $21 and $30
13.942307692309999,"(2) Teacher, instructor, or lead teacher",(1) White Only,(4) High school graduate,1963,2,56,More than 51,Between $11 and $20
NA,NA,NA,NA,NA,NA,NA,NA,NA
NA,"(2) Teacher, instructor, or lead teacher",(1) White Only,(5) Some college credit but no degree,1972,3,47,Between 41 and 50,NA
27.59740259741,"(2) Teacher, instructor, or lead teacher",(1) White Only,(8) Graduate or professional degree,1966,4,53,More than 51,Between $21 and $30
19.25,"(2) Teacher, instructor, or lead teacher",NA,"(6) Associate degree (AA, AS)",1965,10,54,More than 51,Between $11 and $20
11,(1) Aide or assistant teacher,(1) White Only,"(6) Associate degree (AA, AS)",1958,0,61,More than 51,Between $11 and $20
15.25,"(2) Teacher, instructor, or lead teacher",(1) White Only,"(6) Associate degree (AA, AS)",1990,4,29,Between 20 and 40,Between $11 and $20
8,"(2) Teacher, instructor, or lead teacher",(1) White Only,(4) High school graduate,1966,4,53,More than 51,Less than $10
NA,"(2) Teacher, instructor, or lead teacher",(8) Other,(8) Graduate or professional degree,NA,3,NA,NA,NA
NA,(1) Aide or assistant teacher,(3) Asian Only,"(6) Associate degree (AA, AS)",1965,0,54,More than 51,NA
11.27,"(2) Teacher, instructor, or lead teacher",(1) White Only,(4) High school graduate,1958,1,61,More than 51,Between $11 and $20
13,"(2) Teacher, instructor, or lead teacher",(1) White Only,(5) Some college credit but no degree,1998,5,21,Between 20 and 40,Between $11 and $20
11.538461538469999,(1) Aide or assistant teacher,(1) White Only,(5) Some college credit but no degree,1992,1,27,Between 20 and 40,Between $11 and $20
18.75,(1) Aide or assistant teacher,NA,(5) Some college credit but no degree,1992,1,27,Between 20 and 40,Between $11 and $20
15,"(2) Teacher, instructor, or lead teacher",(1) White Only,"(6) Associate degree (AA, AS)",1991,6,28,Between 20 and 40,Between $11 and $20
10,"(2) Teacher, instructor, or lead teacher",(1) White Only,(5) Some college credit but no degree,1967,2,52,More than 51,Less than $10
8.1,"(2) Teacher, instructor, or lead teacher",(1) White Only,(5) Some college credit but no degree,1998,2,21,Between 20 and 40,Less than $10
8.1,(1) Aide or assistant teacher,(2) Black or African American Only,(5) Some college credit but no degree,1991,8,28,Between 20 and 40,Less than $10
16.29,"(2) Teacher, instructor, or lead teacher",NA,"(6) Associate degree (AA, AS)",1969,NA,50,Between 41 and 50,Between $11 and $20
12.13,(1) Aide or assistant teacher,(1) White Only,(5) Some college credit but no degree,1998,0,21,Between 20 and 40,Between $11 and $20
39.47368421053,"(2) Teacher, instructor, or lead teacher",(1) White Only,(8) Graduate or professional degree,1964,11,55,More than 51,More than $31
NA,NA,NA,NA,NA,NA,NA,NA,NA
12,"(2) Teacher, instructor, or lead teacher",(1) White Only,(4) High school graduate,1967,0,52,More than 51,Between $11 and $20
12.75,"(2) Teacher, instructor, or lead teacher",(1) White Only,(5) Some college credit but no degree,1986,9,33,Between 20 and 40,Between $11 and $20
13,"(2) Teacher, instructor, or lead teacher",(1) White Only,"(6) Associate degree (AA, AS)",1976,3,43,Between 41 and 50,Between $11 and $20
11,"(2) Teacher, instructor, or lead teacher",(2) Black or African American Only,(4) High school graduate,1998,3,21,Between 20 and 40,Between $11 and $20
8.88000000001,"(2) Teacher, instructor, or lead teacher",(1) White Only,(5) Some college credit but no degree,1975,4,44,Between 41 and 50,Less than $10
11.78,(1) Aide or assistant teacher,(1) White Only,(5) Some college credit but no degree,1965,4,54,More than 51,Between $11 and $20
NA,"(2) Teacher, instructor, or lead teacher",(2) Black or African American Only,(5) Some college credit but no degree,1975,12,44,Between 41 and 50,NA
12,"(2) Teacher, instructor, or lead teacher",(1) White Only,"(7) Bachelor's degree (BA, BS, AB)",1963,0,56,More than 51,Between $11 and $20
11,"(2) Teacher, instructor, or lead teacher",(1) White Only,(4) High school graduate,1979,3,40,Between 20 and 40,Between $11 and $20
12,"(2) Teacher, instructor, or lead teacher",(1) White Only,(5) Some college credit but no degree,1995,0,24,Between 20 and 40,Between $11 and $20
13.65,"(2) Teacher, instructor, or lead teacher",(2) Black or African American Only,(5) Some college credit but no degree,1977,10.5,42,Between 41 and 50,Between $11 and $20
15,(1) Aide or assistant teacher,(1) White Only,(5) Some college credit but no degree,1970,0,49,Between 41 and 50,Between $11 and $20
11,(1) Aide or assistant teacher,(3) Asian Only,(4) High school graduate,1977,5,42,Between 41 and 50,Between $11 and $20
15,(1) Aide or assistant teacher,(1) White Only,(5) Some college credit but no degree,1970,1,49,Between 41 and 50,Between $11 and $20
10.5,(1) Aide or assistant teacher,(1) White Only,"(6) Associate degree (AA, AS)",1962,3,57,More than 51,NA
13.538461538469999,"(2) Teacher, instructor, or lead teacher",NA,"(6) Associate degree (AA, AS)",1978,0,41,Between 41 and 50,Between $11 and $20
NA,(1) Aide or assistant teacher,(2) Black or African American Only,"(7) Bachelor's degree (BA, BS, AB)",1958,0,61,More than 51,NA
NA,"(2) Teacher, instructor, or lead teacher",(1) White Only,"(6) Associate degree (AA, AS)",NA,3,NA,NA,NA
NA,NA,NA,NA,NA,NA,NA,NA,NA
12,"(2) Teacher, instructor, or lead teacher",(1) White Only,"(7) Bachelor's degree (BA, BS, AB)",1973,0,46,Between 41 and 50,Between $11 and $20
9.30000000001,"(2) Teacher, instructor, or lead teacher",(1) White Only,(4) High school graduate,1982,0,37,Between 20 and 40,Less than $10
16,"(2) Teacher, instructor, or lead teacher",(1) White Only,"(7) Bachelor's degree (BA, BS, AB)",1990,1,29,Between 20 and 40,Between $11 and $20
107.5,"(2) Teacher, instructor, or lead teacher",(1) White Only,"(7) Bachelor's degree (BA, BS, AB)",1992,0,27,Between 20 and 40,More than $31
11,(1) Aide or assistant teacher,(1) White Only,(8) Graduate or professional degree,1975,7,44,Between 41 and 50,Between $11 and $20
22.94,"(2) Teacher, instructor, or lead teacher",(1) White Only,"(7) Bachelor's degree (BA, BS, AB)",1976,5,43,Between 41 and 50,Between $21 and $30
24.17582417583,"(2) Teacher, instructor, or lead teacher",(2) Black or African American Only,(8) Graduate or professional degree,1958,0,61,More than 51,Between $21 and $30
20.86,(1) Aide or assistant teacher,(2) Black or African American Only,"(6) Associate degree (AA, AS)",1981,1,38,Between 20 and 40,NA
53.38345864662,"(2) Teacher, instructor, or lead teacher",(1) White Only,(8) Graduate or professional degree,1984,0,35,Between 20 and 40,More than $31
NA,(1) Aide or assistant teacher,(8) Other,(4) High school graduate,1979,0,40,Between 20 and 40,NA
17,"(2) Teacher, instructor, or lead teacher",(2) Black or African American Only,"(6) Associate degree (AA, AS)",1958,3,61,More than 51,Between $11 and $20
12.18,"(2) Teacher, instructor, or lead teacher",(1) White Only,(5) Some college credit but no degree,1998,4,21,Between 20 and 40,Between $11 and $20
28.01,"(2) Teacher, instructor, or lead teacher",(3) Asian Only,"(7) Bachelor's degree (BA, BS, AB)",1971,2,48,Between 41 and 50,Between $21 and $30
8.0375,(1) Aide or assistant teacher,(3) Asian Only,(4) High school graduate,1998,13,21,Between 20 and 40,Less than $10
10.25,(1) Aide or assistant teacher,(1) White Only,"(6) Associate degree (AA, AS)",1993,2.333333333333,26,Between 20 and 40,NA
NA,"(2) Teacher, instructor, or lead teacher",(1) White Only,(4) High school graduate,1994,0,25,Between 20 and 40,NA
10,(1) Aide or assistant teacher,(1) White Only,(4) High school graduate,1995,0,24,Between 20 and 40,Less than $10
8.75,"(2) Teacher, instructor, or lead teacher",(8) Other,(5) Some college credit but no degree,1984,2,35,Between 20 and 40,Less than $10
7.33333333334,"(2) Teacher, instructor, or lead teacher",(1) White Only,(5) Some college credit but no degree,1998,11,21,Between 20 and 40,Less than $10
11.5,(1) Aide or assistant teacher,(1) White Only,(4) High school graduate,1984,4,35,Between 20 and 40,Between $11 and $20
7.5,(1) Aide or assistant teacher,(1) White Only,(4) High school graduate,1964,7,55,More than 51,Less than $10
13,(1) Aide or assistant teacher,(2) Black or African American Only,"(7) Bachelor's degree (BA, BS, AB)",1950,0,69,More than 51,Between $11 and $20
12.5,"(2) Teacher, instructor, or lead teacher",(2) Black or African American Only,(4) High school graduate,1985,5,34,Between 20 and 40,Between $11 and $20
9.5,(1) Aide or assistant teacher,(1) White Only,(4) High school graduate,1998,0,21,Between 20 and 40,Less than $10
10.1,"(2) Teacher, instructor, or lead teacher",(8) Other,(5) Some college credit but no degree,1996,12,23,Between 20 and 40,NA
NA,"(2) Teacher, instructor, or lead teacher",(1) White Only,"(7) Bachelor's degree (BA, BS, AB)",1990,NA,29,Between 20 and 40,NA
24.10714285715,"(2) Teacher, instructor, or lead teacher",(1) White Only,"(7) Bachelor's degree (BA, BS, AB)",1990,4,29,Between 20 and 40,Between $21 and $30
14.3,"(2) Teacher, instructor, or lead teacher",(1) White Only,"(6) Associate degree (AA, AS)",1989,1,30,Between 20 and 40,Between $11 and $20
9.25,(1) Aide or assistant teacher,(1) White Only,(1) Less than High School,1998,1,21,Between 20 and 40,Less than $10
9,"(2) Teacher, instructor, or lead teacher",(1) White Only,(4) High school graduate,1998,0,21,Between 20 and 40,Less than $10
12,"(2) Teacher, instructor, or lead teacher",(1) White Only,"(7) Bachelor's degree (BA, BS, AB)",1998,0,21,Between 20 and 40,Between $11 and $20
17,"(2) Teacher, instructor, or lead teacher",(1) White Only,(5) Some college credit but no degree,1979,2,40,Between 20 and 40,Between $11 and $20
15,"(2) Teacher, instructor, or lead teacher",(2) Black or African American Only,"(7) Bachelor's degree (BA, BS, AB)",1958,0,61,More than 51,Between $11 and $20
14.25,(1) Aide or assistant teacher,(1) White Only,(5) Some college credit but no degree,1982,3,37,Between 20 and 40,Between $11 and $20
41.66666666667,(1) Aide or assistant teacher,(1) White Only,"(7) Bachelor's degree (BA, BS, AB)",1995,3,24,Between 20 and 40,More than $31
30,(1) Aide or assistant teacher,(1) White Only,"(7) Bachelor's degree (BA, BS, AB)",1975,0,44,Between 41 and 50,Between $21 and $30
10,"(2) Teacher, instructor, or lead teacher",(8) Other,(4) High school graduate,1990,2,29,Between 20 and 40,Less than $10
25,"(2) Teacher, instructor, or lead teacher",NA,"(7) Bachelor's degree (BA, BS, AB)",1982,2,37,Between 20 and 40,Between $21 and $30
17.21,(1) Aide or assistant teacher,NA,"(7) Bachelor's degree (BA, BS, AB)",1994,0,25,Between 20 and 40,Between $11 and $20
15.76923076924,"(2) Teacher, instructor, or lead teacher",(1) White Only,"(7) Bachelor's degree (BA, BS, AB)",1992,1.166666666667,27,Between 20 and 40,Between $11 and $20
NA,NA,NA,NA,NA,NA,NA,NA,NA
9.5,"(2) Teacher, instructor, or lead teacher",(2) Black or African American Only,(3) GED or high school equivalency,1995,4,24,Between 20 and 40,Less than $10
NA,NA,NA,NA,NA,NA,NA,NA,NA
NA,"(2) Teacher, instructor, or lead teacher",NA,(4) High school graduate,1971,1,48,Between 41 and 50,NA
17,"(2) Teacher, instructor, or lead teacher",(3) Asian Only,(5) Some college credit but no degree,1963,1,56,More than 51,Between $11 and $20
17,(1) Aide or assistant teacher,(1) White Only,(5) Some college credit but no degree,1994,2,25,Between 20 and 40,Between $11 and $20
16,"(2) Teacher, instructor, or lead teacher",(1) White Only,"(6) Associate degree (AA, AS)",1986,5,33,Between 20 and 40,Between $11 and $20
NA,"(2) Teacher, instructor, or lead teacher",(1) White Only,(5) Some college credit but no degree,1976,0,43,Between 41 and 50,NA
NA,(1) Aide or assistant teacher,NA,(4) High school graduate,NA,NA,NA,NA,NA
9.5,(1) Aide or assistant teacher,(1) White Only,(4) High school graduate,1992,4,27,Between 20 and 40,Less than $10
11.83431952663,"(2) Teacher, instructor, or lead teacher",(1) White Only,(8) Graduate or professional degree,1971,11,48,Between 41 and 50,Between $11 and $20
11.15,(1) Aide or assistant teacher,(1) White Only,"(6) Associate degree (AA, AS)",1994,0,25,Between 20 and 40,Between $11 and $20
8.25,"(2) Teacher, instructor, or lead teacher",NA,(4) High school graduate,1998,0,21,Between 20 and 40,Less than $10
19.38895417157,"(2) Teacher, instructor, or lead teacher",(1) White Only,(5) Some college credit but no degree,1958,0,61,More than 51,Between $11 and $20
16,"(2) Teacher, instructor, or lead teacher",(1) White Only,"(6) Associate degree (AA, AS)",1972,1,47,Between 41 and 50,Between $11 and $20
NA,"(2) Teacher, instructor, or lead teacher",(2) Black or African American Only,(4) High school graduate,1985,0,34,Between 20 and 40,NA
13.09090909091,"(2) Teacher, instructor, or lead teacher",(1) White Only,"(7) Bachelor's degree (BA, BS, AB)",1958,1,61,More than 51,Between $11 and $20
NA,NA,NA,NA,NA,NA,NA,NA,NA
8.65,"(2) Teacher, instructor, or lead teacher",(2) Black or African American Only,"(6) Associate degree (AA, AS)",1950,0,69,More than 51,Less than $10
10.5,(1) Aide or assistant teacher,(1) White Only,(5) Some college credit but no degree,1970,0,49,Between 41 and 50,NA
12.12121212122,"(2) Teacher, instructor, or lead teacher",(1) White Only,"(6) Associate degree (AA, AS)",1963,0,56,More than 51,Between $11 and $20
14.75,(1) Aide or assistant teacher,(1) White Only,"(7) Bachelor's degree (BA, BS, AB)",1988,2,31,Between 20 and 40,Between $11 and $20
NA,NA,NA,NA,NA,NA,NA,NA,NA
8,(1) Aide or assistant teacher,(2) Black or African American Only,(4) High school graduate,1950,0,69,More than 51,Less than $10
13,(1) Aide or assistant teacher,(1) White Only,(5) Some college credit but no degree,1958,0,61,More than 51,Between $11 and $20
11.97777777778,"(2) Teacher, instructor, or lead teacher",(1) White Only,"(7) Bachelor's degree (BA, BS, AB)",1961,2,58,More than 51,Between $11 and $20
15.78947368422,(1) Aide or assistant teacher,(1) White Only,"(6) Associate degree (AA, AS)",1973,1,46,Between 41 and 50,Between $11 and $20
16.5,(1) Aide or assistant teacher,(1) White Only,"(7) Bachelor's degree (BA, BS, AB)",1950,0,69,More than 51,Between $11 and $20
12.82051282052,"(2) Teacher, instructor, or lead teacher",(1) White Only,"(7) Bachelor's degree (BA, BS, AB)",1979,5,40,Between 20 and 40,Between $11 and $20
8.75,"(2) Teacher, instructor, or lead teacher",(2) Black or African American Only,(4) High school graduate,1971,3,48,Between 41 and 50,Less than $10
11,"(2) Teacher, instructor, or lead teacher",(1) White Only,"(7) Bachelor's degree (BA, BS, AB)",1986,0,33,Between 20 and 40,Between $11 and $20
11,(1) Aide or assistant teacher,(8) Other,(5) Some college credit but no degree,1992,14,27,Between 20 and 40,Between $11 and $20
20.4255319149,(1) Aide or assistant teacher,(1) White Only,(4) High school graduate,NA,2,NA,NA,NA
10.78947368422,(1) Aide or assistant teacher,(1) White Only,(4) High school graduate,1988,1,31,Between 20 and 40,NA
11,"(2) Teacher, instructor, or lead teacher",(3) Asian Only,"(7) Bachelor's degree (BA, BS, AB)",1990,12,29,Between 20 and 40,Between $11 and $20
20,"(2) Teacher, instructor, or lead teacher",(1) White Only,(4) High school graduate,1972,0,47,Between 41 and 50,Between $11 and $20
14.33,"(2) Teacher, instructor, or lead teacher",(1) White Only,"(6) Associate degree (AA, AS)",1965,2,54,More than 51,Between $11 and $20
14.5,"(2) Teacher, instructor, or lead teacher",(1) White Only,"(7) Bachelor's degree (BA, BS, AB)",1993,1,26,Between 20 and 40,Between $11 and $20
17.45454545455,"(2) Teacher, instructor, or lead teacher",(1) White Only,"(6) Associate degree (AA, AS)",1980,6,39,Between 20 and 40,Between $11 and $20
12,"(2) Teacher, instructor, or lead teacher",(1) White Only,(5) Some college credit but no degree,1964,2,55,More than 51,Between $11 and $20
15,(1) Aide or assistant teacher,NA,(5) Some college credit but no degree,1965,0,54,More than 51,Between $11 and $20
8.5,(1) Aide or assistant teacher,(1) White Only,(5) Some college credit but no degree,1979,3,40,Between 20 and 40,Less than $10
15.49,(1) Aide or assistant teacher,(1) White Only,"(6) Associate degree (AA, AS)",1958,0,61,More than 51,Between $11 and $20
NA,"(2) Teacher, instructor, or lead teacher",(1) White Only,"(6) Associate degree (AA, AS)",1962,0,57,More than 51,NA
11,"(2) Teacher, instructor, or lead teacher",(1) White Only,(4) High school graduate,1998,0,21,Between 20 and 40,Between $11 and $20
8.75,"(2) Teacher, instructor, or lead teacher",(1) White Only,(5) Some college credit but no degree,1990,0,29,Between 20 and 40,Less than $10
20.43,"(2) Teacher, instructor, or lead teacher",(1) White Only,"(7) Bachelor's degree (BA, BS, AB)",1989,0,30,Between 20 and 40,NA
10,(1) Aide or assistant teacher,(1) White Only,"(6) Associate degree (AA, AS)",1976,0,43,Between 41 and 50,Less than $10
8,"(2) Teacher, instructor, or lead teacher",(1) White Only,"(6) Associate degree (AA, AS)",1992,9,27,Between 20 and 40,Less than $10
NA,NA,NA,NA,NA,NA,NA,NA,NA
8.75,"(2) Teacher, instructor, or lead teacher",(1) White Only,(4) High school graduate,1994,2,25,Between 20 and 40,Less than $10
18.360125,"(2) Teacher, instructor, or lead teacher",NA,"(7) Bachelor's degree (BA, BS, AB)",1975,8,44,Between 41 and 50,Between $11 and $20
11,"(2) Teacher, instructor, or lead teacher",(1) White Only,(4) High school graduate,1995,1,24,Between 20 and 40,Between $11 and $20
9.4,"(2) Teacher, instructor, or lead teacher",NA,(4) High school graduate,1998,5,21,Between 20 and 40,Less than $10
NA,"(2) Teacher, instructor, or lead teacher",NA,"(7) Bachelor's degree (BA, BS, AB)",1988,0,31,Between 20 and 40,NA
6,"(2) Teacher, instructor, or lead teacher",(2) Black or African American Only,"(7) Bachelor's degree (BA, BS, AB)",1987,10,32,Between 20 and 40,Less than $10
15,"(2) Teacher, instructor, or lead teacher",(3) Asian Only,(8) Graduate or professional degree,1982,8,37,Between 20 and 40,Between $11 and $20
13.75,"(2) Teacher, instructor, or lead teacher",(1) White Only,(3) GED or high school equivalency,1979,11,40,Between 20 and 40,Between $11 and $20
13,"(2) Teacher, instructor, or lead teacher",(8) Other,"(6) Associate degree (AA, AS)",1998,2,21,Between 20 and 40,Between $11 and $20
NA,NA,NA,NA,NA,NA,NA,NA,NA
NA,NA,NA,NA,NA,NA,NA,NA,NA
13.75,"(2) Teacher, instructor, or lead teacher",(1) White Only,(5) Some college credit but no degree,1964,5,55,More than 51,Between $11 and $20
10.57,(1) Aide or assistant teacher,NA,"(7) Bachelor's degree (BA, BS, AB)",1971,0,48,Between 41 and 50,NA
NA,(1) Aide or assistant teacher,NA,"(6) Associate degree (AA, AS)",1980,NA,39,Between 20 and 40,NA
9.02,(1) Aide or assistant teacher,(2) Black or African American Only,(1) Less than High School,1998,4,21,Between 20 and 40,Less than $10
12,(1) Aide or assistant teacher,(1) White Only,(3) GED or high school equivalency,1984,0,35,Between 20 and 40,Between $11 and $20
17,"(2) Teacher, instructor, or lead teacher",(1) White Only,"(6) Associate degree (AA, AS)",1985,0,34,Between 20 and 40,Between $11 and $20
8.25,"(2) Teacher, instructor, or lead teacher",(1) White Only,(5) Some college credit but no degree,1987,1,32,Between 20 and 40,Less than $10
12,(1) Aide or assistant teacher,(1) White Only,(4) High school graduate,1998,2,21,Between 20 and 40,Between $11 and $20
13,"(2) Teacher, instructor, or lead teacher",(3) Asian Only,(5) Some college credit but no degree,1975,1,44,Between 41 and 50,Between $11 and $20
NA,NA,NA,NA,NA,NA,NA,NA,NA
NA,NA,NA,NA,NA,NA,NA,NA,NA
39.61352657005,"(2) Teacher, instructor, or lead teacher",(1) White Only,(8) Graduate or professional degree,NA,NA,NA,NA,More than $31
7.69230769231,"(2) Teacher, instructor, or lead teacher",(2) Black or African American Only,(4) High school graduate,1972,1,47,Between 41 and 50,Less than $10
9.02,"(2) Teacher, instructor, or lead teacher",(1) White Only,(8) Graduate or professional degree,1981,2,38,Between 20 and 40,Less than $10
9.02,"(2) Teacher, instructor, or lead teacher",(1) White Only,(8) Graduate or professional degree,1981,2,38,Between 20 and 40,Less than $10
NA,NA,NA,NA,NA,NA,NA,NA,NA
12.5,(1) Aide or assistant teacher,(1) White Only,"(7) Bachelor's degree (BA, BS, AB)",1995,0,24,Between 20 and 40,Between $11 and $20
43.15315315316,"(2) Teacher, instructor, or lead teacher",(1) White Only,(8) Graduate or professional degree,1977,2,42,Between 41 and 50,More than $31
17.8553688824,(1) Aide or assistant teacher,NA,(5) Some college credit but no degree,1973,7,46,Between 41 and 50,Between $11 and $20
10,"(2) Teacher, instructor, or lead teacher",(2) Black or African American Only,(4) High school graduate,1998,0,21,Between 20 and 40,Less than $10
107.5,"(2) Teacher, instructor, or lead teacher",(8) Other,"(7) Bachelor's degree (BA, BS, AB)",1978,1,41,Between 41 and 50,More than $31
NA,"(2) Teacher, instructor, or lead teacher",(2) Black or African American Only,(4) High school graduate,1966,4,53,More than 51,NA
7.91666666667,(1) Aide or assistant teacher,(1) White Only,(5) Some college credit but no degree,1993,4,26,Between 20 and 40,Less than $10
9.16666666667,"(2) Teacher, instructor, or lead teacher",(1) White Only,(5) Some college credit but no degree,1963,NA,56,More than 51,Less than $10
17,"(2) Teacher, instructor, or lead teacher",(1) White Only,"(6) Associate degree (AA, AS)",1958,NA,61,More than 51,Between $11 and $20
17,"(2) Teacher, instructor, or lead teacher",(3) Asian Only,(8) Graduate or professional degree,1987,2,32,Between 20 and 40,Between $11 and $20
12.5,"(2) Teacher, instructor, or lead teacher",(1) White Only,(5) Some college credit but no degree,1963,1,56,More than 51,Between $11 and $20
NA,"(2) Teacher, instructor, or lead teacher",(1) White Only,(5) Some college credit but no degree,1987,0,32,Between 20 and 40,NA
10,(1) Aide or assistant teacher,(1) White Only,"(6) Associate degree (AA, AS)",1998,4,21,Between 20 and 40,Less than $10
15.78947368422,(1) Aide or assistant teacher,(1) White Only,(5) Some college credit but no degree,1982,7,37,Between 20 and 40,Between $11 and $20
12,(1) Aide or assistant teacher,(8) Other,(5) Some college credit but no degree,1963,0,56,More than 51,Between $11 and $20
17.84,"(2) Teacher, instructor, or lead teacher",(1) White Only,"(7) Bachelor's degree (BA, BS, AB)",1989,7,30,Between 20 and 40,Between $11 and $20
107.5,(1) Aide or assistant teacher,(1) White Only,"(7) Bachelor's degree (BA, BS, AB)",1978,0,41,Between 41 and 50,More than $31
NA,NA,NA,NA,NA,NA,NA,NA,NA
NA,(1) Aide or assistant teacher,(1) White Only,(4) High school graduate,1967,0,52,More than 51,NA
NA,"(2) Teacher, instructor, or lead teacher",(1) White Only,(5) Some college credit but no degree,1975,0,44,Between 41 and 50,NA
15,(1) Aide or assistant teacher,(1) White Only,(5) Some college credit but no degree,1983,0,36,Between 20 and 40,Between $11 and $20
20.81,"(2) Teacher, instructor, or lead teacher",(1) White Only,"(7) Bachelor's degree (BA, BS, AB)",1965,0,54,More than 51,NA
20,"(2) Teacher, instructor, or lead teacher",(2) Black or African American Only,"(7) Bachelor's degree (BA, BS, AB)",1950,0,69,More than 51,Between $11 and $20
18,"(2) Teacher, instructor, or lead teacher",(1) White Only,"(6) Associate degree (AA, AS)",1989,0,30,Between 20 and 40,Between $11 and $20
35.60606060607,"(2) Teacher, instructor, or lead teacher",(1) White Only,(8) Graduate or professional degree,1976,3,43,Between 41 and 50,More than $31
12,"(2) Teacher, instructor, or lead teacher",(8) Other,(5) Some college credit but no degree,1998,3,21,Between 20 and 40,Between $11 and $20
NA,NA,NA,NA,NA,NA,NA,NA,NA
13,"(2) Teacher, instructor, or lead teacher",(1) White Only,(5) Some college credit but no degree,1968,1,51,More than 51,Between $11 and $20
9.9,"(2) Teacher, instructor, or lead teacher",(8) Other,(5) Some college credit but no degree,1977,0,42,Between 41 and 50,Less than $10
16.33,(1) Aide or assistant teacher,(3) Asian Only,"(7) Bachelor's degree (BA, BS, AB)",1993,2,26,Between 20 and 40,Between $11 and $20
8.65,(1) Aide or assistant teacher,(2) Black or African American Only,(5) Some college credit but no degree,1983,4,36,Between 20 and 40,Less than $10
17.23,"(2) Teacher, instructor, or lead teacher",(8) Other,"(7) Bachelor's degree (BA, BS, AB)",1984,12,35,Between 20 and 40,Between $11 and $20
17.36842105264,"(2) Teacher, instructor, or lead teacher",(2) Black or African American Only,"(7) Bachelor's degree (BA, BS, AB)",1979,0,40,Between 20 and 40,Between $11 and $20
15,(1) Aide or assistant teacher,NA,(4) High school graduate,1995,2,24,Between 20 and 40,Between $11 and $20
10.25,(1) Aide or assistant teacher,(1) White Only,(4) High school graduate,1976,3,43,Between 41 and 50,NA
28.88888888889,"(2) Teacher, instructor, or lead teacher",(1) White Only,"(7) Bachelor's degree (BA, BS, AB)",1981,8,38,Between 20 and 40,Between $21 and $30
18,"(2) Teacher, instructor, or lead teacher",(1) White Only,"(6) Associate degree (AA, AS)",1991,0,28,Between 20 and 40,Between $11 and $20
NA,"(2) Teacher, instructor, or lead teacher",(2) Black or African American Only,(8) Graduate or professional degree,1961,0,58,More than 51,NA
9.5,"(2) Teacher, instructor, or lead teacher",(1) White Only,(5) Some college credit but no degree,1980,0,39,Between 20 and 40,Less than $10
NA,NA,NA,NA,NA,NA,NA,NA,NA
14,(1) Aide or assistant teacher,NA,"(7) Bachelor's degree (BA, BS, AB)",1983,0,36,Between 20 and 40,Between $11 and $20
36.11111111112,"(2) Teacher, instructor, or lead teacher",(1) White Only,(8) Graduate or professional degree,1964,0,55,More than 51,More than $31
12,"(2) Teacher, instructor, or lead teacher",(1) White Only,(5) Some college credit but no degree,1983,8,36,Between 20 and 40,Between $11 and $20
16.5,"(2) Teacher, instructor, or lead teacher",(1) White Only,"(7) Bachelor's degree (BA, BS, AB)",1982,0,37,Between 20 and 40,Between $11 and $20
16,"(2) Teacher, instructor, or lead teacher",(1) White Only,(5) Some college credit but no degree,1970,8,49,Between 41 and 50,Between $11 and $20
NA,(1) Aide or assistant teacher,(1) White Only,"(7) Bachelor's degree (BA, BS, AB)",1958,3,61,More than 51,NA
17,"(2) Teacher, instructor, or lead teacher",(2) Black or African American Only,(5) Some college credit but no degree,1958,1,61,More than 51,Between $11 and $20
4.72972972973,"(2) Teacher, instructor, or lead teacher",(1) White Only,"(7) Bachelor's degree (BA, BS, AB)",1982,4,37,Between 20 and 40,Less than $10
16.71,"(2) Teacher, instructor, or lead teacher",(1) White Only,"(6) Associate degree (AA, AS)",1969,0,50,Between 41 and 50,Between $11 and $20
9,(1) Aide or assistant teacher,(2) Black or African American Only,(4) High school graduate,1998,7,21,Between 20 and 40,Less than $10
16.85000000001,"(2) Teacher, instructor, or lead teacher",NA,"(7) Bachelor's degree (BA, BS, AB)",NA,2,NA,NA,Between $11 and $20
16.32,(1) Aide or assistant teacher,(2) Black or African American Only,(8) Graduate or professional degree,1963,15,56,More than 51,Between $11 and $20
14,"(2) Teacher, instructor, or lead teacher",(1) White Only,(5) Some college credit but no degree,1988,1,31,Between 20 and 40,Between $11 and $20
14.0625,(1) Aide or assistant teacher,(1) White Only,(4) High school graduate,1987,2,32,Between 20 and 40,Between $11 and $20
13.02083333334,(1) Aide or assistant teacher,(1) White Only,"(6) Associate degree (AA, AS)",1971,0,48,Between 41 and 50,Between $11 and $20
20,"(2) Teacher, instructor, or lead teacher",(1) White Only,(5) Some college credit but no degree,1998,0,21,Between 20 and 40,Between $11 and $20
NA,"(2) Teacher, instructor, or lead teacher",NA,"(7) Bachelor's degree (BA, BS, AB)",NA,NA,NA,NA,NA
NA,NA,NA,NA,NA,NA,NA,NA,NA
13.75,"(2) Teacher, instructor, or lead teacher",(8) Other,(5) Some college credit but no degree,1958,2,61,More than 51,Between $11 and $20
14.5,"(2) Teacher, instructor, or lead teacher",(2) Black or African American Only,(5) Some college credit but no degree,1982,2,37,Between 20 and 40,Between $11 and $20
NA,"(2) Teacher, instructor, or lead teacher",(1) White Only,(5) Some college credit but no degree,1977,3,42,Between 41 and 50,NA
19,"(2) Teacher, instructor, or lead teacher",(1) White Only,(4) High school graduate,1998,0,21,Between 20 and 40,Between $11 and $20
NA,"(2) Teacher, instructor, or lead teacher",(1) White Only,"(7) Bachelor's degree (BA, BS, AB)",1982,0,37,Between 20 and 40,NA
13.45,(1) Aide or assistant teacher,(1) White Only,"(7) Bachelor's degree (BA, BS, AB)",1950,0,69,More than 51,Between $11 and $20
28.43137254902,"(2) Teacher, instructor, or lead teacher",(1) White Only,"(7) Bachelor's degree (BA, BS, AB)",1980,2,39,Between 20 and 40,Between $21 and $30
13.89,(1) Aide or assistant teacher,(1) White Only,"(6) Associate degree (AA, AS)",1965,0,54,More than 51,Between $11 and $20
14,"(2) Teacher, instructor, or lead teacher",(1) White Only,(5) Some college credit but no degree,1958,0,61,More than 51,Between $11 and $20
NA,NA,NA,NA,NA,NA,NA,NA,NA
NA,NA,NA,NA,NA,NA,NA,NA,NA
NA,(1) Aide or assistant teacher,NA,"(7) Bachelor's degree (BA, BS, AB)",NA,0,NA,NA,NA
13.5,"(2) Teacher, instructor, or lead teacher",(1) White Only,(4) High school graduate,1993,6,26,Between 20 and 40,Between $11 and $20
16.48,"(2) Teacher, instructor, or lead teacher",(1) White Only,(5) Some college credit but no degree,NA,0,NA,NA,Between $11 and $20
16,"(2) Teacher, instructor, or lead teacher",(1) White Only,"(7) Bachelor's degree (BA, BS, AB)",1973,5,46,Between 41 and 50,Between $11 and $20
8.125,(1) Aide or assistant teacher,NA,(4) High school graduate,NA,NA,NA,NA,Less than $10
8.25,(1) Aide or assistant teacher,NA,(4) High school graduate,1998,0,21,Between 20 and 40,Less than $10
11,(1) Aide or assistant teacher,(1) White Only,"(6) Associate degree (AA, AS)",1990,6,29,Between 20 and 40,Between $11 and $20
25,"(2) Teacher, instructor, or lead teacher",(1) White Only,(5) Some college credit but no degree,1973,4,46,Between 41 and 50,Between $21 and $30
14.14,"(2) Teacher, instructor, or lead teacher",(1) White Only,"(6) Associate degree (AA, AS)",1966,1,53,More than 51,Between $11 and $20
14.42307692308,(1) Aide or assistant teacher,(2) Black or African American Only,(5) Some college credit but no degree,1950,0,69,More than 51,Between $11 and $20
4,"(2) Teacher, instructor, or lead teacher",(1) White Only,"(7) Bachelor's degree (BA, BS, AB)",1974,NA,45,Between 41 and 50,Less than $10
12,"(2) Teacher, instructor, or lead teacher",(2) Black or African American Only,(5) Some college credit but no degree,1986,0,33,Between 20 and 40,Between $11 and $20
54.9575,"(2) Teacher, instructor, or lead teacher",(1) White Only,"(7) Bachelor's degree (BA, BS, AB)",1982,0,37,Between 20 and 40,More than $31
NA,NA,NA,NA,NA,NA,NA,NA,NA
NA,NA,NA,NA,NA,NA,NA,NA,NA
8.3076923077,"(2) Teacher, instructor, or lead teacher",(1) White Only,(5) Some college credit but no degree,1993,4,26,Between 20 and 40,Less than $10
10,"(2) Teacher, instructor, or lead teacher",(2) Black or African American Only,(4) High school graduate,1988,1,31,Between 20 and 40,Less than $10
12.44444444445,(1) Aide or assistant teacher,(1) White Only,(5) Some college credit but no degree,1962,0,57,More than 51,Between $11 and $20
10,(1) Aide or assistant teacher,(1) White Only,(4) High school graduate,1970,20,49,Between 41 and 50,Less than $10
NA,NA,NA,NA,NA,NA,NA,NA,NA
16,(1) Aide or assistant teacher,NA,"(6) Associate degree (AA, AS)",1968,10,51,More than 51,Between $11 and $20
NA,NA,NA,NA,NA,NA,NA,NA,NA
13.77,"(2) Teacher, instructor, or lead teacher",(2) Black or African American Only,"(6) Associate degree (AA, AS)",1991,0,28,Between 20 and 40,Between $11 and $20
18,"(2) Teacher, instructor, or lead teacher",NA,(4) High school graduate,1961,2,58,More than 51,Between $11 and $20
NA,NA,NA,NA,NA,NA,NA,NA,NA
13,"(2) Teacher, instructor, or lead teacher",(1) White Only,"(6) Associate degree (AA, AS)",1989,1,30,Between 20 and 40,Between $11 and $20
18.75,"(2) Teacher, instructor, or lead teacher",(1) White Only,"(7) Bachelor's degree (BA, BS, AB)",1971,0,48,Between 41 and 50,Between $11 and $20
NA,(1) Aide or assistant teacher,(2) Black or African American Only,(5) Some college credit but no degree,1998,4,21,Between 20 and 40,NA
9,"(2) Teacher, instructor, or lead teacher",(1) White Only,"(6) Associate degree (AA, AS)",1982,0,37,Between 20 and 40,Less than $10
NA,(1) Aide or assistant teacher,(1) White Only,(8) Graduate or professional degree,1988,0,31,Between 20 and 40,NA
11.56462585035,(1) Aide or assistant teacher,(1) White Only,"(7) Bachelor's degree (BA, BS, AB)",1983,0,36,Between 20 and 40,Between $11 and $20
NA,"(2) Teacher, instructor, or lead teacher",NA,NA,NA,NA,NA,NA,NA
NA,NA,NA,NA,NA,NA,NA,NA,NA
NA,"(2) Teacher, instructor, or lead teacher",(1) White Only,(4) High school graduate,1976,0,43,Between 41 and 50,NA
17.75898520085,(1) Aide or assistant teacher,(1) White Only,(8) Graduate or professional degree,1989,9,30,Between 20 and 40,Between $11 and $20
NA,"(2) Teacher, instructor, or lead teacher",(1) White Only,(5) Some college credit but no degree,1998,0,21,Between 20 and 40,NA
11.5,"(2) Teacher, instructor, or lead teacher",(2) Black or African American Only,(4) High school graduate,1996,2,23,Between 20 and 40,Between $11 and $20
NA,NA,NA,NA,NA,NA,NA,NA,NA
19.92394179895,"(2) Teacher, instructor, or lead teacher",(1) White Only,"(7) Bachelor's degree (BA, BS, AB)",1990,1,29,Between 20 and 40,Between $11 and $20
20,"(2) Teacher, instructor, or lead teacher",(2) Black or African American Only,"(6) Associate degree (AA, AS)",1984,0,35,Between 20 and 40,Between $11 and $20
NA,(1) Aide or assistant teacher,(3) Asian Only,(5) Some college credit but no degree,1983,4,36,Between 20 and 40,NA
15,"(2) Teacher, instructor, or lead teacher",(1) White Only,"(7) Bachelor's degree (BA, BS, AB)",1981,0,38,Between 20 and 40,Between $11 and $20
3.44566666667,(1) Aide or assistant teacher,(3) Asian Only,"(6) Associate degree (AA, AS)",1970,2,49,Between 41 and 50,Less than $10
14,"(2) Teacher, instructor, or lead teacher",(2) Black or African American Only,"(7) Bachelor's degree (BA, BS, AB)",1950,0,69,More than 51,Between $11 and $20
17,(1) Aide or assistant teacher,(2) Black or African American Only,(8) Graduate or professional degree,1988,0,31,Between 20 and 40,Between $11 and $20
17.44138888889,"(2) Teacher, instructor, or lead teacher",(2) Black or African American Only,(5) Some college credit but no degree,1979,7,40,Between 20 and 40,Between $11 and $20
NA,NA,NA,NA,NA,NA,NA,NA,NA
33.33333333334,"(2) Teacher, instructor, or lead teacher",(1) White Only,"(7) Bachelor's degree (BA, BS, AB)",1950,0,69,More than 51,More than $31
22.5,"(2) Teacher, instructor, or lead teacher",(8) Other,"(7) Bachelor's degree (BA, BS, AB)",1975,4,44,Between 41 and 50,Between $21 and $30
9.41176470589,"(2) Teacher, instructor, or lead teacher",NA,(1) Less than High School,1978,4,41,Between 41 and 50,Less than $10
9.25,"(2) Teacher, instructor, or lead teacher",(1) White Only,"(6) Associate degree (AA, AS)",1990,13,29,Between 20 and 40,Less than $10
NA,NA,NA,NA,NA,NA,NA,NA,NA
NA,"(2) Teacher, instructor, or lead teacher",(8) Other,(8) Graduate or professional degree,1950,3,69,More than 51,NA
10.22000000001,"(2) Teacher, instructor, or lead teacher",(2) Black or African American Only,"(7) Bachelor's degree (BA, BS, AB)",1958,1,61,More than 51,NA
8.75,"(2) Teacher, instructor, or lead teacher",(2) Black or African American Only,(1) Less than High School,1950,0,69,More than 51,Less than $10
9,"(2) Teacher, instructor, or lead teacher",(2) Black or African American Only,(5) Some college credit but no degree,1998,6,21,Between 20 and 40,Less than $10
17,(1) Aide or assistant teacher,(1) White Only,"(7) Bachelor's degree (BA, BS, AB)",1987,1,32,Between 20 and 40,Between $11 and $20
12.72727272728,"(2) Teacher, instructor, or lead teacher",(1) White Only,(5) Some college credit but no degree,1969,1,50,Between 41 and 50,Between $11 and $20
NA,"(2) Teacher, instructor, or lead teacher",(1) White Only,(8) Graduate or professional degree,1958,0,61,More than 51,NA
NA,NA,NA,NA,NA,NA,NA,NA,NA
14.5,"(2) Teacher, instructor, or lead teacher",(2) Black or African American Only,(5) Some college credit but no degree,1980,3,39,Between 20 and 40,Between $11 and $20
NA,(1) Aide or assistant teacher,(1) White Only,"(6) Associate degree (AA, AS)",1974,0,45,Between 41 and 50,NA
NA,NA,NA,NA,NA,NA,NA,NA,NA
13,"(2) Teacher, instructor, or lead teacher",(1) White Only,"(6) Associate degree (AA, AS)",1993,1,26,Between 20 and 40,Between $11 and $20
17,"(2) Teacher, instructor, or lead teacher",(2) Black or African American Only,"(7) Bachelor's degree (BA, BS, AB)",1968,0,51,More than 51,Between $11 and $20
NA,NA,NA,NA,NA,NA,NA,NA,NA
12.5,"(2) Teacher, instructor, or lead teacher",(1) White Only,(4) High school graduate,1990,5,29,Between 20 and 40,Between $11 and $20
8.57142857143,"(2) Teacher, instructor, or lead teacher",(1) White Only,"(6) Associate degree (AA, AS)",1985,5,34,Between 20 and 40,Less than $10
11.38461538462,"(2) Teacher, instructor, or lead teacher",(1) White Only,"(7) Bachelor's degree (BA, BS, AB)",1989,8,30,Between 20 and 40,Between $11 and $20
10,(1) Aide or assistant teacher,(1) White Only,(5) Some college credit but no degree,1998,8,21,Between 20 and 40,Less than $10
10.5,"(2) Teacher, instructor, or lead teacher",(2) Black or African American Only,"(6) Associate degree (AA, AS)",1978,2,41,Between 41 and 50,NA
13.5,"(2) Teacher, instructor, or lead teacher",(2) Black or African American Only,"(6) Associate degree (AA, AS)",1962,6,57,More than 51,Between $11 and $20
11.5,"(2) Teacher, instructor, or lead teacher",(1) White Only,(5) Some college credit but no degree,1969,2,50,Between 41 and 50,Between $11 and $20
11,"(2) Teacher, instructor, or lead teacher",(8) Other,"(6) Associate degree (AA, AS)",1991,3,28,Between 20 and 40,Between $11 and $20
8.56,"(2) Teacher, instructor, or lead teacher",(2) Black or African American Only,(4) High school graduate,1995,6,24,Between 20 and 40,Less than $10
16,(1) Aide or assistant teacher,(3) Asian Only,(5) Some college credit but no degree,1987,4,32,Between 20 and 40,Between $11 and $20
11.11111111112,"(2) Teacher, instructor, or lead teacher",(1) White Only,(4) High school graduate,1958,3,61,More than 51,Between $11 and $20
12.5,"(2) Teacher, instructor, or lead teacher",NA,(4) High school graduate,1958,0,61,More than 51,Between $11 and $20
27.08333333334,"(2) Teacher, instructor, or lead teacher",(8) Other,(8) Graduate or professional degree,1979,4,40,Between 20 and 40,Between $21 and $30
11.42857142858,"(2) Teacher, instructor, or lead teacher",(1) White Only,"(7) Bachelor's degree (BA, BS, AB)",1958,0,61,More than 51,Between $11 and $20
11.25,"(2) Teacher, instructor, or lead teacher",(1) White Only,(4) High school graduate,1977,2,42,Between 41 and 50,Between $11 and $20
11.41304347827,(1) Aide or assistant teacher,(1) White Only,"(7) Bachelor's degree (BA, BS, AB)",1981,7,38,Between 20 and 40,Between $11 and $20
11.75,"(2) Teacher, instructor, or lead teacher",(1) White Only,"(7) Bachelor's degree (BA, BS, AB)",1996,1,23,Between 20 and 40,Between $11 and $20
16.63783783784,(1) Aide or assistant teacher,NA,"(7) Bachelor's degree (BA, BS, AB)",1971,6,48,Between 41 and 50,Between $11 and $20
51.42857142858,(1) Aide or assistant teacher,(1) White Only,(5) Some college credit but no degree,1994,0,25,Between 20 and 40,More than $31
17,"(2) Teacher, instructor, or lead teacher",(1) White Only,"(6) Associate degree (AA, AS)",1989,1,30,Between 20 and 40,Between $11 and $20
28.75,"(2) Teacher, instructor, or lead teacher",(1) White Only,(8) Graduate or professional degree,1950,8,69,More than 51,Between $21 and $30
12,(1) Aide or assistant teacher,(1) White Only,(4) High school graduate,1998,1,21,Between 20 and 40,Between $11 and $20
15,"(2) Teacher, instructor, or lead teacher",(1) White Only,(4) High school graduate,1972,6,47,Between 41 and 50,Between $11 and $20
12.89473684211,"(2) Teacher, instructor, or lead teacher",(1) White Only,(4) High school graduate,1950,0,69,More than 51,Between $11 and $20
9.65,(1) Aide or assistant teacher,(2) Black or African American Only,(5) Some college credit but no degree,1958,NA,61,More than 51,Less than $10
21.59090909091,"(2) Teacher, instructor, or lead teacher",(1) White Only,"(6) Associate degree (AA, AS)",1965,4,54,More than 51,Between $21 and $30
14.71,"(2) Teacher, instructor, or lead teacher",(2) Black or African American Only,(5) Some college credit but no degree,1992,3,27,Between 20 and 40,Between $11 and $20
9,(1) Aide or assistant teacher,(8) Other,(5) Some college credit but no degree,1998,2,21,Between 20 and 40,Less than $10
16,"(2) Teacher, instructor, or lead teacher",(3) Asian Only,"(7) Bachelor's degree (BA, BS, AB)",1980,0,39,Between 20 and 40,Between $11 and $20
NA,NA,NA,NA,NA,NA,NA,NA,NA
NA,NA,NA,NA,NA,NA,NA,NA,NA
8.55000000001,(1) Aide or assistant teacher,(1) White Only,(4) High school graduate,1998,10,21,Between 20 and 40,Less than $10
9.25,(1) Aide or assistant teacher,(1) White Only,(4) High school graduate,1992,6,27,Between 20 and 40,Less than $10
10,(1) Aide or assistant teacher,(2) Black or African American Only,"(7) Bachelor's degree (BA, BS, AB)",1958,2,61,More than 51,Less than $10
7.65,"(2) Teacher, instructor, or lead teacher",(2) Black or African American Only,(4) High school graduate,1950,0,69,More than 51,Less than $10
19,"(2) Teacher, instructor, or lead teacher",(8) Other,"(6) Associate degree (AA, AS)",1985,3,34,Between 20 and 40,Between $11 and $20
10,"(2) Teacher, instructor, or lead teacher",(1) White Only,(4) High school graduate,1971,3,48,Between 41 and 50,Less than $10
6.25,"(2) Teacher, instructor, or lead teacher",(2) Black or African American Only,"(6) Associate degree (AA, AS)",1962,6,57,More than 51,Less than $10
16,"(2) Teacher, instructor, or lead teacher",(1) White Only,"(6) Associate degree (AA, AS)",1976,1,43,Between 41 and 50,Between $11 and $20
10.5,"(2) Teacher, instructor, or lead teacher",(2) Black or African American Only,(5) Some college credit but no degree,1958,0,61,More than 51,NA
14.26329861112,"(2) Teacher, instructor, or lead teacher",(1) White Only,"(7) Bachelor's degree (BA, BS, AB)",1961,0,58,More than 51,Between $11 and $20
NA,NA,NA,NA,NA,NA,NA,NA,NA
4.63636363637,"(2) Teacher, instructor, or lead teacher",(2) Black or African American Only,"(7) Bachelor's degree (BA, BS, AB)",1987,1,32,Between 20 and 40,Less than $10
10.5,"(2) Teacher, instructor, or lead teacher",NA,(4) High school graduate,1998,3,21,Between 20 and 40,NA
11,"(2) Teacher, instructor, or lead teacher",(8) Other,(4) High school graduate,1969,1,50,Between 41 and 50,Between $11 and $20
NA,NA,NA,NA,NA,NA,NA,NA,NA
18.75,"(2) Teacher, instructor, or lead teacher",NA,(5) Some college credit but no degree,1991,3,28,Between 20 and 40,Between $11 and $20
13.69047619048,(1) Aide or assistant teacher,NA,(5) Some college credit but no degree,1988,5,31,Between 20 and 40,Between $11 and $20
10.25,"(2) Teacher, instructor, or lead teacher",(8) Other,(5) Some college credit but no degree,1993,0,26,Between 20 and 40,NA
10,(1) Aide or assistant teacher,(1) White Only,(5) Some college credit but no degree,1998,0,21,Between 20 and 40,Less than $10
11.2,(1) Aide or assistant teacher,(1) White Only,(5) Some college credit but no degree,1977,0,42,Between 41 and 50,Between $11 and $20
17,(1) Aide or assistant teacher,(1) White Only,"(7) Bachelor's degree (BA, BS, AB)",1992,3,27,Between 20 and 40,Between $11 and $20
6.25,"(2) Teacher, instructor, or lead teacher",(2) Black or African American Only,(8) Graduate or professional degree,1950,1,69,More than 51,Less than $10
14,(1) Aide or assistant teacher,(1) White Only,(5) Some college credit but no degree,1990,0,29,Between 20 and 40,Between $11 and $20
NA,NA,NA,NA,NA,NA,NA,NA,NA
18,"(2) Teacher, instructor, or lead teacher",(1) White Only,"(7) Bachelor's degree (BA, BS, AB)",1961,2,58,More than 51,Between $11 and $20
107.5,"(2) Teacher, instructor, or lead teacher",(1) White Only,"(7) Bachelor's degree (BA, BS, AB)",1950,0,69,More than 51,More than $31
40,"(2) Teacher, instructor, or lead teacher",(1) White Only,(8) Graduate or professional degree,1968,6,51,More than 51,More than $31
12,(1) Aide or assistant teacher,(2) Black or African American Only,(1) Less than High School,1950,8,69,More than 51,Between $11 and $20
NA,"(2) Teacher, instructor, or lead teacher",(2) Black or African American Only,(5) Some college credit but no degree,1964,3,55,More than 51,NA
NA,(1) Aide or assistant teacher,(2) Black or African American Only,"(6) Associate degree (AA, AS)",1975,NA,44,Between 41 and 50,NA
21,"(2) Teacher, instructor, or lead teacher",(3) Asian Only,(8) Graduate or professional degree,1974,2,45,Between 41 and 50,Between $21 and $30
9.5,"(2) Teacher, instructor, or lead teacher",(1) White Only,(4) High school graduate,1991,5,28,Between 20 and 40,Less than $10
12.5,(1) Aide or assistant teacher,(2) Black or African American Only,(5) Some college credit but no degree,1958,9,61,More than 51,Between $11 and $20
42.85714285715,(1) Aide or assistant teacher,(1) White Only,"(7) Bachelor's degree (BA, BS, AB)",1967,0,52,More than 51,More than $31
13,"(2) Teacher, instructor, or lead teacher",(1) White Only,(1) Less than High School,1987,5,32,Between 20 and 40,Between $11 and $20
9.5,"(2) Teacher, instructor, or lead teacher",(1) White Only,(4) High school graduate,1995,10,24,Between 20 and 40,Less than $10
9,"(2) Teacher, instructor, or lead teacher",(8) Other,(5) Some college credit but no degree,1992,2,27,Between 20 and 40,Less than $10
NA,NA,NA,NA,NA,NA,NA,NA,NA
107.5,(1) Aide or assistant teacher,(2) Black or African American Only,"(7) Bachelor's degree (BA, BS, AB)",1958,NA,61,More than 51,More than $31
13.5,"(2) Teacher, instructor, or lead teacher",(1) White Only,(5) Some college credit but no degree,1996,5,23,Between 20 and 40,Between $11 and $20
8.46000000001,"(2) Teacher, instructor, or lead teacher",(1) White Only,(4) High school graduate,1967,2.8,52,More than 51,Less than $10
14.6,"(2) Teacher, instructor, or lead teacher",(1) White Only,(5) Some college credit but no degree,1971,2,48,Between 41 and 50,Between $11 and $20
27.77777777778,"(2) Teacher, instructor, or lead teacher",(1) White Only,"(7) Bachelor's degree (BA, BS, AB)",1958,1,61,More than 51,Between $21 and $30
15,"(2) Teacher, instructor, or lead teacher",(1) White Only,"(6) Associate degree (AA, AS)",1977,2,42,Between 41 and 50,Between $11 and $20
NA,NA,NA,NA,NA,NA,NA,NA,NA
8,"(2) Teacher, instructor, or lead teacher",(1) White Only,(4) High school graduate,1984,0,35,Between 20 and 40,Less than $10
NA,NA,NA,NA,NA,NA,NA,NA,NA
NA,(1) Aide or assistant teacher,NA,"(7) Bachelor's degree (BA, BS, AB)",NA,NA,NA,NA,NA
NA,NA,NA,NA,NA,NA,NA,NA,NA
15,"(2) Teacher, instructor, or lead teacher",NA,(8) Graduate or professional degree,NA,NA,NA,NA,Between $11 and $20
14,"(2) Teacher, instructor, or lead teacher",(1) White Only,(4) High school graduate,1987,4,32,Between 20 and 40,Between $11 and $20
15.42857142858,(1) Aide or assistant teacher,(1) White Only,"(7) Bachelor's degree (BA, BS, AB)",1981,3,38,Between 20 and 40,Between $11 and $20
18.48,"(2) Teacher, instructor, or lead teacher",(2) Black or African American Only,(5) Some college credit but no degree,1972,2,47,Between 41 and 50,Between $11 and $20
45.40540540541,"(2) Teacher, instructor, or lead teacher",(1) White Only,"(6) Associate degree (AA, AS)",1961,NA,58,More than 51,More than $31
17.02,(1) Aide or assistant teacher,(1) White Only,(8) Graduate or professional degree,1978,4,41,Between 41 and 50,Between $11 and $20
25,(1) Aide or assistant teacher,(2) Black or African American Only,"(7) Bachelor's degree (BA, BS, AB)",1971,3,48,Between 41 and 50,Between $21 and $30
16.35000000001,(1) Aide or assistant teacher,NA,(4) High school graduate,1986,3,33,Between 20 and 40,Between $11 and $20
23,"(2) Teacher, instructor, or lead teacher",(3) Asian Only,"(6) Associate degree (AA, AS)",1965,0,54,More than 51,Between $21 and $30
33.91812865498,"(2) Teacher, instructor, or lead teacher",NA,(8) Graduate or professional degree,NA,0,NA,NA,More than $31
9,"(2) Teacher, instructor, or lead teacher",(1) White Only,"(6) Associate degree (AA, AS)",1993,4,26,Between 20 and 40,Less than $10
9,"(2) Teacher, instructor, or lead teacher",(1) White Only,(4) High school graduate,1976,0,43,Between 41 and 50,Less than $10
11.62790697675,"(2) Teacher, instructor, or lead teacher",(1) White Only,"(7) Bachelor's degree (BA, BS, AB)",1991,0,28,Between 20 and 40,Between $11 and $20
9,(1) Aide or assistant teacher,(2) Black or African American Only,(4) High school graduate,1971,1,48,Between 41 and 50,Less than $10
NA,NA,NA,NA,NA,NA,NA,NA,NA
12.64705882353,"(2) Teacher, instructor, or lead teacher",(1) White Only,(5) Some college credit but no degree,1998,8,21,Between 20 and 40,Between $11 and $20
11.5,"(2) Teacher, instructor, or lead teacher",(1) White Only,(4) High school graduate,1950,2,69,More than 51,Between $11 and $20
12.25,(1) Aide or assistant teacher,NA,(8) Graduate or professional degree,NA,0,NA,NA,Between $11 and $20
15.83333333334,(1) Aide or assistant teacher,(1) White Only,(5) Some college credit but no degree,1972,2,47,Between 41 and 50,Between $11 and $20
15.625,(1) Aide or assistant teacher,NA,(4) High school graduate,1986,3,33,Between 20 and 40,Between $11 and $20
12,"(2) Teacher, instructor, or lead teacher",(1) White Only,"(6) Associate degree (AA, AS)",1969,0,50,Between 41 and 50,Between $11 and $20
19.5,(1) Aide or assistant teacher,(1) White Only,"(7) Bachelor's degree (BA, BS, AB)",1990,10,29,Between 20 and 40,Between $11 and $20
19.711538461539998,"(2) Teacher, instructor, or lead teacher",(2) Black or African American Only,"(7) Bachelor's degree (BA, BS, AB)",1982,4,37,Between 20 and 40,Between $11 and $20
16.57,"(2) Teacher, instructor, or lead teacher",(1) White Only,"(6) Associate degree (AA, AS)",1985,10,34,Between 20 and 40,Between $11 and $20
18.33333333334,"(2) Teacher, instructor, or lead teacher",(1) White Only,(8) Graduate or professional degree,1965,1,54,More than 51,Between $11 and $20
14.4,"(2) Teacher, instructor, or lead teacher",(1) White Only,"(6) Associate degree (AA, AS)",1958,0,61,More than 51,Between $11 and $20
NA,NA,NA,NA,NA,NA,NA,NA,NA
NA,NA,NA,NA,NA,NA,NA,NA,NA
NA,"(2) Teacher, instructor, or lead teacher",(1) White Only,(5) Some college credit but no degree,1958,0,61,More than 51,NA
10.52631578948,"(2) Teacher, instructor, or lead teacher",(1) White Only,(5) Some college credit but no degree,1950,2,69,More than 51,NA
NA,"(2) Teacher, instructor, or lead teacher",(3) Asian Only,(5) Some college credit but no degree,NA,NA,NA,NA,NA
10,"(2) Teacher, instructor, or lead teacher",(1) White Only,(3) GED or high school equivalency,1983,0,36,Between 20 and 40,Less than $10
12,(1) Aide or assistant teacher,(1) White Only,(3) GED or high school equivalency,1950,0,69,More than 51,Between $11 and $20
NA,NA,NA,NA,NA,NA,NA,NA,NA
17.2,(1) Aide or assistant teacher,(1) White Only,"(7) Bachelor's degree (BA, BS, AB)",1960,2,59,More than 51,Between $11 and $20
7.5,"(2) Teacher, instructor, or lead teacher",(1) White Only,(4) High school graduate,1995,5,24,Between 20 and 40,Less than $10
NA,NA,NA,NA,NA,NA,NA,NA,NA
13.75,(1) Aide or assistant teacher,NA,(5) Some college credit but no degree,1969,1,50,Between 41 and 50,Between $11 and $20
17.14285714286,"(2) Teacher, instructor, or lead teacher",(2) Black or African American Only,"(7) Bachelor's degree (BA, BS, AB)",1987,3,32,Between 20 and 40,Between $11 and $20
16,"(2) Teacher, instructor, or lead teacher",(3) Asian Only,(3) GED or high school equivalency,1972,0,47,Between 41 and 50,Between $11 and $20
11,(1) Aide or assistant teacher,(1) White Only,"(6) Associate degree (AA, AS)",1984,1,35,Between 20 and 40,Between $11 and $20
12,"(2) Teacher, instructor, or lead teacher",(1) White Only,(4) High school graduate,1961,6,58,More than 51,Between $11 and $20
11,(1) Aide or assistant teacher,(1) White Only,"(6) Associate degree (AA, AS)",1994,0,25,Between 20 and 40,Between $11 and $20
9.09090909091,"(2) Teacher, instructor, or lead teacher",(2) Black or African American Only,"(6) Associate degree (AA, AS)",1958,8,61,More than 51,Less than $10
18,"(2) Teacher, instructor, or lead teacher",(1) White Only,"(7) Bachelor's degree (BA, BS, AB)",1982,0,37,Between 20 and 40,Between $11 and $20
11.75,(1) Aide or assistant teacher,(1) White Only,(5) Some college credit but no degree,1987,4,32,Between 20 and 40,Between $11 and $20
12.5,(1) Aide or assistant teacher,(1) White Only,(5) Some college credit but no degree,1972,0,47,Between 41 and 50,Between $11 and $20
10,(1) Aide or assistant teacher,(1) White Only,(1) Less than High School,1990,0,29,Between 20 and 40,Less than $10
10.5,"(2) Teacher, instructor, or lead teacher",(2) Black or African American Only,(4) High school graduate,1967,4,52,More than 51,NA
54.9575,"(2) Teacher, instructor, or lead teacher",(2) Black or African American Only,"(6) Associate degree (AA, AS)",1986,9,33,Between 20 and 40,More than $31
16.19736842106,(1) Aide or assistant teacher,(3) Asian Only,"(7) Bachelor's degree (BA, BS, AB)",1989,10,30,Between 20 and 40,Between $11 and $20
10,"(2) Teacher, instructor, or lead teacher",(1) White Only,(4) High school graduate,1950,0,69,More than 51,Less than $10
10.80000000001,(1) Aide or assistant teacher,(1) White Only,(1) Less than High School,1966,0,53,More than 51,NA
15,"(2) Teacher, instructor, or lead teacher",(2) Black or African American Only,"(6) Associate degree (AA, AS)",1994,0,25,Between 20 and 40,Between $11 and $20
13,(1) Aide or assistant teacher,(8) Other,"(6) Associate degree (AA, AS)",1993,6,26,Between 20 and 40,Between $11 and $20
15,"(2) Teacher, instructor, or lead teacher",(2) Black or African American Only,"(7) Bachelor's degree (BA, BS, AB)",1965,1,54,More than 51,Between $11 and $20
NA,"(2) Teacher, instructor, or lead teacher",NA,NA,NA,NA,NA,NA,NA
NA,"(2) Teacher, instructor, or lead teacher",NA,(8) Graduate or professional degree,NA,5,NA,NA,NA
8.85,(1) Aide or assistant teacher,(1) White Only,(5) Some college credit but no degree,1998,1,21,Between 20 and 40,Less than $10
9.75,(1) Aide or assistant teacher,(1) White Only,(5) Some college credit but no degree,1950,1,69,More than 51,Less than $10
10.38000000001,(1) Aide or assistant teacher,(8) Other,(8) Graduate or professional degree,1990,8,29,Between 20 and 40,NA
NA,(1) Aide or assistant teacher,(1) White Only,(5) Some college credit but no degree,1965,1,54,More than 51,NA
12,(1) Aide or assistant teacher,(1) White Only,"(7) Bachelor's degree (BA, BS, AB)",1962,0,57,More than 51,Between $11 and $20
28.125,"(2) Teacher, instructor, or lead teacher",(1) White Only,"(7) Bachelor's degree (BA, BS, AB)",1962,9,57,More than 51,Between $21 and $30
12,"(2) Teacher, instructor, or lead teacher",(2) Black or African American Only,"(6) Associate degree (AA, AS)",1990,1,29,Between 20 and 40,Between $11 and $20
11,"(2) Teacher, instructor, or lead teacher",(2) Black or African American Only,(4) High school graduate,1993,3,26,Between 20 and 40,Between $11 and $20
12.5,"(2) Teacher, instructor, or lead teacher",(1) White Only,"(6) Associate degree (AA, AS)",1985,0,34,Between 20 and 40,Between $11 and $20
14.5,"(2) Teacher, instructor, or lead teacher",(3) Asian Only,"(6) Associate degree (AA, AS)",1963,3,56,More than 51,Between $11 and $20
9.35,(1) Aide or assistant teacher,(1) White Only,(5) Some college credit but no degree,1998,3,21,Between 20 and 40,Less than $10
13,(1) Aide or assistant teacher,(1) White Only,"(7) Bachelor's degree (BA, BS, AB)",1978,NA,41,Between 41 and 50,Between $11 and $20
10,"(2) Teacher, instructor, or lead teacher",(1) White Only,"(7) Bachelor's degree (BA, BS, AB)",1950,0,69,More than 51,Less than $10
52.85714285715,(1) Aide or assistant teacher,(2) Black or African American Only,"(6) Associate degree (AA, AS)",1976,7,43,Between 41 and 50,More than $31
NA,"(2) Teacher, instructor, or lead teacher",NA,"(6) Associate degree (AA, AS)",1988,0,31,Between 20 and 40,NA
17.43,"(2) Teacher, instructor, or lead teacher",(2) Black or African American Only,(5) Some college credit but no degree,1969,3,50,Between 41 and 50,Between $11 and $20
20,"(2) Teacher, instructor, or lead teacher",(1) White Only,(5) Some college credit but no degree,1984,0,35,Between 20 and 40,Between $11 and $20
NA,"(2) Teacher, instructor, or lead teacher",NA,NA,NA,NA,NA,NA,NA
NA,"(2) Teacher, instructor, or lead teacher",NA,(4) High school graduate,1980,1,39,Between 20 and 40,NA
26.44230769231,"(2) Teacher, instructor, or lead teacher",(1) White Only,"(7) Bachelor's degree (BA, BS, AB)",1989,6,30,Between 20 and 40,Between $21 and $30
7.95918367347,"(2) Teacher, instructor, or lead teacher",(3) Asian Only,"(7) Bachelor's degree (BA, BS, AB)",1972,6,47,Between 41 and 50,Less than $10
11.25,"(2) Teacher, instructor, or lead teacher",(1) White Only,(4) High school graduate,1958,0,61,More than 51,Between $11 and $20
NA,NA,NA,NA,NA,NA,NA,NA,NA
13,"(2) Teacher, instructor, or lead teacher",(1) White Only,(5) Some college credit but no degree,1978,1,41,Between 41 and 50,Between $11 and $20
15.45,"(2) Teacher, instructor, or lead teacher",(2) Black or African American Only,(5) Some college credit but no degree,1988,8,31,Between 20 and 40,Between $11 and $20
12.75,(1) Aide or assistant teacher,(2) Black or African American Only,"(7) Bachelor's degree (BA, BS, AB)",1994,6,25,Between 20 and 40,Between $11 and $20
NA,NA,NA,NA,NA,NA,NA,NA,NA
8.5,"(2) Teacher, instructor, or lead teacher",(1) White Only,(4) High school graduate,1998,3,21,Between 20 and 40,Less than $10
20.93981481482,"(2) Teacher, instructor, or lead teacher",(1) White Only,"(6) Associate degree (AA, AS)",1962,0,57,More than 51,NA
20,"(2) Teacher, instructor, or lead teacher",(2) Black or African American Only,(8) Graduate or professional degree,1986,0,33,Between 20 and 40,Between $11 and $20
10.25,"(2) Teacher, instructor, or lead teacher",(1) White Only,"(7) Bachelor's degree (BA, BS, AB)",1969,0,50,Between 41 and 50,NA
12,"(2) Teacher, instructor, or lead teacher",(1) White Only,(5) Some college credit but no degree,1988,2,31,Between 20 and 40,Between $11 and $20
24.30555555556,(1) Aide or assistant teacher,(1) White Only,"(7) Bachelor's degree (BA, BS, AB)",1962,0,57,More than 51,Between $21 and $30
NA,"(2) Teacher, instructor, or lead teacher",NA,(8) Graduate or professional degree,1970,0,49,Between 41 and 50,NA
NA,NA,NA,NA,NA,NA,NA,NA,NA
11.75,"(2) Teacher, instructor, or lead teacher",(2) Black or African American Only,"(6) Associate degree (AA, AS)",1950,1,69,More than 51,Between $11 and $20
9,"(2) Teacher, instructor, or lead teacher",(2) Black or African American Only,(5) Some college credit but no degree,1972,7,47,Between 41 and 50,Less than $10
7.146125,"(2) Teacher, instructor, or lead teacher",(1) White Only,(3) GED or high school equivalency,1992,2,27,Between 20 and 40,Less than $10
12.5,"(2) Teacher, instructor, or lead teacher",(1) White Only,(5) Some college credit but no degree,1975,2,44,Between 41 and 50,Between $11 and $20
NA,NA,NA,NA,NA,NA,NA,NA,NA
12.5,"(2) Teacher, instructor, or lead teacher",(2) Black or African American Only,(5) Some college credit but no degree,1969,3,50,Between 41 and 50,Between $11 and $20
12,(1) Aide or assistant teacher,(1) White Only,"(7) Bachelor's degree (BA, BS, AB)",1996,3,23,Between 20 and 40,Between $11 and $20
9.56,(1) Aide or assistant teacher,(1) White Only,"(6) Associate degree (AA, AS)",NA,0,NA,NA,Less than $10
12,(1) Aide or assistant teacher,(3) Asian Only,"(7) Bachelor's degree (BA, BS, AB)",1979,4,40,Between 20 and 40,Between $11 and $20
15.14,"(2) Teacher, instructor, or lead teacher",(1) White Only,"(7) Bachelor's degree (BA, BS, AB)",1992,11,27,Between 20 and 40,Between $11 and $20
8.75,"(2) Teacher, instructor, or lead teacher",(8) Other,(5) Some college credit but no degree,1972,6,47,Between 41 and 50,Less than $10
9.25,"(2) Teacher, instructor, or lead teacher",(1) White Only,"(7) Bachelor's degree (BA, BS, AB)",1982,2,37,Between 20 and 40,Less than $10
22.36842105264,"(2) Teacher, instructor, or lead teacher",(1) White Only,"(7) Bachelor's degree (BA, BS, AB)",1993,4,26,Between 20 and 40,Between $21 and $30
11,(1) Aide or assistant teacher,(1) White Only,"(7) Bachelor's degree (BA, BS, AB)",1981,0,38,Between 20 and 40,Between $11 and $20
18.88888888889,"(2) Teacher, instructor, or lead teacher",(1) White Only,"(6) Associate degree (AA, AS)",1986,6,33,Between 20 and 40,Between $11 and $20
NA,"(2) Teacher, instructor, or lead teacher",(2) Black or African American Only,(5) Some college credit but no degree,1976,NA,43,Between 41 and 50,NA
8.125,(1) Aide or assistant teacher,(1) White Only,(5) Some college credit but no degree,1993,9,26,Between 20 and 40,Less than $10
NA,NA,NA,NA,NA,NA,NA,NA,NA
13,(1) Aide or assistant teacher,(1) White Only,"(6) Associate degree (AA, AS)",1975,0,44,Between 41 and 50,Between $11 and $20
NA,(1) Aide or assistant teacher,NA,(8) Graduate or professional degree,1966,NA,53,More than 51,NA
11,(1) Aide or assistant teacher,(1) White Only,(4) High school graduate,1977,3,42,Between 41 and 50,Between $11 and $20
15,"(2) Teacher, instructor, or lead teacher",(2) Black or African American Only,(4) High school graduate,1987,1,32,Between 20 and 40,Between $11 and $20
12.24,"(2) Teacher, instructor, or lead teacher",(1) White Only,(5) Some college credit but no degree,1992,3,27,Between 20 and 40,Between $11 and $20
9,(1) Aide or assistant teacher,(1) White Only,(5) Some college credit but no degree,1991,1,28,Between 20 and 40,Less than $10
16,"(2) Teacher, instructor, or lead teacher",(1) White Only,(4) High school graduate,1983,3,36,Between 20 and 40,Between $11 and $20
12.16822,(1) Aide or assistant teacher,(1) White Only,"(6) Associate degree (AA, AS)",1965,1,54,More than 51,Between $11 and $20
12,(1) Aide or assistant teacher,(1) White Only,(5) Some college credit but no degree,1980,7,39,Between 20 and 40,Between $11 and $20
5,(1) Aide or assistant teacher,NA,(1) Less than High School,NA,NA,NA,NA,Less than $10
NA,"(2) Teacher, instructor, or lead teacher",(1) White Only,"(6) Associate degree (AA, AS)",1976,NA,43,Between 41 and 50,NA
10,(1) Aide or assistant teacher,(1) White Only,(5) Some college credit but no degree,1998,3,21,Between 20 and 40,Less than $10
8.75,"(2) Teacher, instructor, or lead teacher",(1) White Only,(5) Some college credit but no degree,1994,3,25,Between 20 and 40,Less than $10
3.75,"(2) Teacher, instructor, or lead teacher",(2) Black or African American Only,(5) Some college credit but no degree,1967,0,52,More than 51,Less than $10
10.33333333334,"(2) Teacher, instructor, or lead teacher",(1) White Only,(4) High school graduate,1985,1,34,Between 20 and 40,NA
10.83333333334,"(2) Teacher, instructor, or lead teacher",(1) White Only,(4) High school graduate,1985,5,34,Between 20 and 40,NA
54.9575,"(2) Teacher, instructor, or lead teacher",(1) White Only,"(6) Associate degree (AA, AS)",1974,5,45,Between 41 and 50,More than $31
16.76000000001,"(2) Teacher, instructor, or lead teacher",(1) White Only,"(7) Bachelor's degree (BA, BS, AB)",1967,1,52,More than 51,Between $11 and $20
9.5,"(2) Teacher, instructor, or lead teacher",(2) Black or African American Only,(5) Some college credit but no degree,1989,1,30,Between 20 and 40,Less than $10
8,"(2) Teacher, instructor, or lead teacher",(1) White Only,"(6) Associate degree (AA, AS)",1966,2,53,More than 51,Less than $10
42.61842105264,(1) Aide or assistant teacher,NA,(8) Graduate or professional degree,1961,0,58,More than 51,More than $31
33.62679425838,"(2) Teacher, instructor, or lead teacher",(1) White Only,"(7) Bachelor's degree (BA, BS, AB)",1989,0,30,Between 20 and 40,More than $31
5.3,(1) Aide or assistant teacher,(1) White Only,(5) Some college credit but no degree,1958,0,61,More than 51,Less than $10
NA,"(2) Teacher, instructor, or lead teacher",(1) White Only,"(6) Associate degree (AA, AS)",1985,1,34,Between 20 and 40,NA
15.36,"(2) Teacher, instructor, or lead teacher",(1) White Only,"(7) Bachelor's degree (BA, BS, AB)",1983,4,36,Between 20 and 40,Between $11 and $20
38.88888888889,"(2) Teacher, instructor, or lead teacher",(2) Black or African American Only,(8) Graduate or professional degree,1988,0,31,Between 20 and 40,More than $31
NA,(1) Aide or assistant teacher,NA,"(7) Bachelor's degree (BA, BS, AB)",NA,3,NA,NA,NA
13.77,(1) Aide or assistant teacher,(1) White Only,(4) High school graduate,1970,0,49,Between 41 and 50,Between $11 and $20
15,(1) Aide or assistant teacher,(8) Other,"(6) Associate degree (AA, AS)",1983,1.166666666667,36,Between 20 and 40,Between $11 and $20
24.16666666667,"(2) Teacher, instructor, or lead teacher",(1) White Only,"(7) Bachelor's degree (BA, BS, AB)",1987,3,32,Between 20 and 40,Between $21 and $30
16,"(2) Teacher, instructor, or lead teacher",(2) Black or African American Only,"(7) Bachelor's degree (BA, BS, AB)",1992,0,27,Between 20 and 40,Between $11 and $20
10,(1) Aide or assistant teacher,NA,(5) Some college credit but no degree,1976,0,43,Between 41 and 50,Less than $10
6.92307692308,"(2) Teacher, instructor, or lead teacher",(1) White Only,"(6) Associate degree (AA, AS)",1989,1,30,Between 20 and 40,Less than $10
NA,NA,NA,NA,NA,NA,NA,NA,NA
16.5,"(2) Teacher, instructor, or lead teacher",(2) Black or African American Only,"(7) Bachelor's degree (BA, BS, AB)",1992,13,27,Between 20 and 40,Between $11 and $20
NA,NA,NA,NA,NA,NA,NA,NA,NA
9,"(2) Teacher, instructor, or lead teacher",(1) White Only,"(6) Associate degree (AA, AS)",1994,0,25,Between 20 and 40,Less than $10
NA,"(2) Teacher, instructor, or lead teacher",(2) Black or African American Only,(4) High school graduate,1974,4,45,Between 41 and 50,NA
8,"(2) Teacher, instructor, or lead teacher",(2) Black or African American Only,(5) Some college credit but no degree,1961,7,58,More than 51,Less than $10
15,"(2) Teacher, instructor, or lead teacher",(1) White Only,"(6) Associate degree (AA, AS)",1958,0,61,More than 51,Between $11 and $20
15.82,"(2) Teacher, instructor, or lead teacher",(1) White Only,"(7) Bachelor's degree (BA, BS, AB)",1993,2,26,Between 20 and 40,Between $11 and $20
13.95,(1) Aide or assistant teacher,(1) White Only,"(6) Associate degree (AA, AS)",1970,3,49,Between 41 and 50,Between $11 and $20
6.96263736264,(1) Aide or assistant teacher,(1) White Only,"(7) Bachelor's degree (BA, BS, AB)",NA,0,NA,NA,Less than $10
8.49,"(2) Teacher, instructor, or lead teacher",(2) Black or African American Only,"(7) Bachelor's degree (BA, BS, AB)",1958,2,61,More than 51,Less than $10
28,"(2) Teacher, instructor, or lead teacher",(2) Black or African American Only,"(6) Associate degree (AA, AS)",1991,3,28,Between 20 and 40,Between $21 and $30
38.88888888889,"(2) Teacher, instructor, or lead teacher",(1) White Only,"(7) Bachelor's degree (BA, BS, AB)",1994,0,25,Between 20 and 40,More than $31
14,(1) Aide or assistant teacher,(1) White Only,(4) High school graduate,1991,0,28,Between 20 and 40,Between $11 and $20
38.88888888889,"(2) Teacher, instructor, or lead teacher",(1) White Only,"(6) Associate degree (AA, AS)",1958,1,61,More than 51,More than $31
5.76923076924,(1) Aide or assistant teacher,(2) Black or African American Only,"(6) Associate degree (AA, AS)",1988,0,31,Between 20 and 40,Less than $10
5.76923076924,"(2) Teacher, instructor, or lead teacher",(2) Black or African American Only,(5) Some college credit but no degree,1981,0,38,Between 20 and 40,Less than $10
27.73826458037,"(2) Teacher, instructor, or lead teacher",(2) Black or African American Only,"(7) Bachelor's degree (BA, BS, AB)",1979,3,40,Between 20 and 40,Between $21 and $30
12,(1) Aide or assistant teacher,(1) White Only,(5) Some college credit but no degree,1998,0,21,Between 20 and 40,Between $11 and $20
13,"(2) Teacher, instructor, or lead teacher",(1) White Only,(4) High school graduate,1981,0,38,Between 20 and 40,Between $11 and $20
12,"(2) Teacher, instructor, or lead teacher",(2) Black or African American Only,(3) GED or high school equivalency,1974,0,45,Between 41 and 50,Between $11 and $20
26.78571428572,"(2) Teacher, instructor, or lead teacher",(1) White Only,"(6) Associate degree (AA, AS)",1987,0,32,Between 20 and 40,Between $21 and $30
12,(1) Aide or assistant teacher,(1) White Only,"(7) Bachelor's degree (BA, BS, AB)",1972,1,47,Between 41 and 50,Between $11 and $20
11.8,(1) Aide or assistant teacher,(1) White Only,"(7) Bachelor's degree (BA, BS, AB)",1994,3,25,Between 20 and 40,Between $11 and $20
12,(1) Aide or assistant teacher,(8) Other,"(7) Bachelor's degree (BA, BS, AB)",1967,0,52,More than 51,Between $11 and $20
NA,NA,NA,NA,NA,NA,NA,NA,NA
7.5,"(2) Teacher, instructor, or lead teacher",NA,(1) Less than High School,1986,3,33,Between 20 and 40,Less than $10
15.38461538462,"(2) Teacher, instructor, or lead teacher",(1) White Only,"(7) Bachelor's degree (BA, BS, AB)",1962,1,57,More than 51,Between $11 and $20
11.538461538469999,"(2) Teacher, instructor, or lead teacher",(1) White Only,"(7) Bachelor's degree (BA, BS, AB)",1984,0,35,Between 20 and 40,Between $11 and $20
12,"(2) Teacher, instructor, or lead teacher",(1) White Only,"(7) Bachelor's degree (BA, BS, AB)",1990,3,29,Between 20 and 40,Between $11 and $20
12,"(2) Teacher, instructor, or lead teacher",(1) White Only,(5) Some college credit but no degree,1978,0,41,Between 41 and 50,Between $11 and $20
19.24,(1) Aide or assistant teacher,(8) Other,"(7) Bachelor's degree (BA, BS, AB)",1971,0,48,Between 41 and 50,Between $11 and $20
12.04545454546,"(2) Teacher, instructor, or lead teacher",(1) White Only,(8) Graduate or professional degree,1981,0,38,Between 20 and 40,Between $11 and $20
NA,(1) Aide or assistant teacher,(2) Black or African American Only,"(6) Associate degree (AA, AS)",1992,0,27,Between 20 and 40,NA
15.45,"(2) Teacher, instructor, or lead teacher",(1) White Only,"(6) Associate degree (AA, AS)",1965,0,54,More than 51,Between $11 and $20
8.25,"(2) Teacher, instructor, or lead teacher",(1) White Only,"(7) Bachelor's degree (BA, BS, AB)",1998,1,21,Between 20 and 40,Less than $10
11,"(2) Teacher, instructor, or lead teacher",(1) White Only,"(7) Bachelor's degree (BA, BS, AB)",1970,12,49,Between 41 and 50,Between $11 and $20
12,"(2) Teacher, instructor, or lead teacher",(2) Black or African American Only,(4) High school graduate,1966,1,53,More than 51,Between $11 and $20
20.20833333334,"(2) Teacher, instructor, or lead teacher",(1) White Only,(8) Graduate or professional degree,1950,1,69,More than 51,NA
NA,"(2) Teacher, instructor, or lead teacher",(2) Black or African American Only,(5) Some college credit but no degree,1970,0,49,Between 41 and 50,NA
NA,"(2) Teacher, instructor, or lead teacher",(2) Black or African American Only,(4) High school graduate,1976,6,43,Between 41 and 50,NA
NA,(1) Aide or assistant teacher,(2) Black or African American Only,(4) High school graduate,1995,5,24,Between 20 and 40,NA
20,"(2) Teacher, instructor, or lead teacher",(3) Asian Only,"(7) Bachelor's degree (BA, BS, AB)",1958,0,61,More than 51,Between $11 and $20
38.09523809524,"(2) Teacher, instructor, or lead teacher",(1) White Only,"(7) Bachelor's degree (BA, BS, AB)",1970,3,49,Between 41 and 50,More than $31
8,(1) Aide or assistant teacher,(1) White Only,(4) High school graduate,1998,5,21,Between 20 and 40,Less than $10
15.59,(1) Aide or assistant teacher,(2) Black or African American Only,(5) Some college credit but no degree,1975,0,44,Between 41 and 50,Between $11 and $20
19,"(2) Teacher, instructor, or lead teacher",(3) Asian Only,"(7) Bachelor's degree (BA, BS, AB)",1969,0,50,Between 41 and 50,Between $11 and $20
11,(1) Aide or assistant teacher,(1) White Only,(8) Graduate or professional degree,1958,0,61,More than 51,Between $11 and $20
23,"(2) Teacher, instructor, or lead teacher",(2) Black or African American Only,"(7) Bachelor's degree (BA, BS, AB)",1958,0,61,More than 51,Between $21 and $30
10,"(2) Teacher, instructor, or lead teacher",(8) Other,(5) Some college credit but no degree,1996,5.833333333333,23,Between 20 and 40,Less than $10
13.5,"(2) Teacher, instructor, or lead teacher",(3) Asian Only,"(6) Associate degree (AA, AS)",1970,0,49,Between 41 and 50,Between $11 and $20
14.25,"(2) Teacher, instructor, or lead teacher",(1) White Only,"(7) Bachelor's degree (BA, BS, AB)",1963,1,56,More than 51,Between $11 and $20
16.60000000001,"(2) Teacher, instructor, or lead teacher",(1) White Only,(5) Some college credit but no degree,1965,0,54,More than 51,Between $11 and $20
NA,NA,NA,NA,NA,NA,NA,NA,NA
NA,NA,NA,NA,NA,NA,NA,NA,NA
NA,(1) Aide or assistant teacher,(1) White Only,(5) Some college credit but no degree,1971,NA,48,Between 41 and 50,NA
NA,"(2) Teacher, instructor, or lead teacher",(1) White Only,"(7) Bachelor's degree (BA, BS, AB)",1950,0,69,More than 51,NA
14,"(2) Teacher, instructor, or lead teacher",NA,"(6) Associate degree (AA, AS)",1991,2,28,Between 20 and 40,Between $11 and $20
NA,NA,NA,NA,NA,NA,NA,NA,NA
10.22727272728,"(2) Teacher, instructor, or lead teacher",(1) White Only,(5) Some college credit but no degree,1973,7,46,Between 41 and 50,NA
16,"(2) Teacher, instructor, or lead teacher",(2) Black or African American Only,"(7) Bachelor's degree (BA, BS, AB)",1992,4,27,Between 20 and 40,Between $11 and $20
12.13,"(2) Teacher, instructor, or lead teacher",(2) Black or African American Only,"(7) Bachelor's degree (BA, BS, AB)",1991,1,28,Between 20 and 40,Between $11 and $20
12.5,"(2) Teacher, instructor, or lead teacher",(2) Black or African American Only,(5) Some college credit but no degree,1973,2,46,Between 41 and 50,Between $11 and $20
16.25,"(2) Teacher, instructor, or lead teacher",(3) Asian Only,"(7) Bachelor's degree (BA, BS, AB)",1987,0,32,Between 20 and 40,Between $11 and $20
11,"(2) Teacher, instructor, or lead teacher",(1) White Only,(4) High school graduate,1967,0,52,More than 51,Between $11 and $20
15,"(2) Teacher, instructor, or lead teacher",(3) Asian Only,"(7) Bachelor's degree (BA, BS, AB)",1987,3,32,Between 20 and 40,Between $11 and $20
6.41025641026,"(2) Teacher, instructor, or lead teacher",(2) Black or African American Only,(5) Some college credit but no degree,1992,7,27,Between 20 and 40,Less than $10
33.33333333334,"(2) Teacher, instructor, or lead teacher",(2) Black or African American Only,(8) Graduate or professional degree,1988,3,31,Between 20 and 40,More than $31
11,(1) Aide or assistant teacher,(1) White Only,(5) Some college credit but no degree,1996,11,23,Between 20 and 40,Between $11 and $20
14.66,"(2) Teacher, instructor, or lead teacher",(1) White Only,"(7) Bachelor's degree (BA, BS, AB)",1988,15,31,Between 20 and 40,Between $11 and $20
NA,"(2) Teacher, instructor, or lead teacher",(1) White Only,(8) Graduate or professional degree,1984,0,35,Between 20 and 40,NA
11,"(2) Teacher, instructor, or lead teacher",(1) White Only,(4) High school graduate,1986,0,33,Between 20 and 40,Between $11 and $20
13.5,"(2) Teacher, instructor, or lead teacher",(2) Black or African American Only,(5) Some college credit but no degree,1969,1,50,Between 41 and 50,Between $11 and $20
15,"(2) Teacher, instructor, or lead teacher",(1) White Only,"(6) Associate degree (AA, AS)",1985,0,34,Between 20 and 40,Between $11 and $20
12.5,"(2) Teacher, instructor, or lead teacher",(2) Black or African American Only,(3) GED or high school equivalency,1992,3,27,Between 20 and 40,Between $11 and $20
7.69230769231,"(2) Teacher, instructor, or lead teacher",(1) White Only,(4) High school graduate,1961,0,58,More than 51,Less than $10
17.55,"(2) Teacher, instructor, or lead teacher",(1) White Only,"(7) Bachelor's degree (BA, BS, AB)",1974,0,45,Between 41 and 50,Between $11 and $20
15.11111111112,"(2) Teacher, instructor, or lead teacher",(1) White Only,(4) High school graduate,1962,4,57,More than 51,Between $11 and $20
12,(1) Aide or assistant teacher,(2) Black or African American Only,(4) High school graduate,1989,0,30,Between 20 and 40,Between $11 and $20
17.46,"(2) Teacher, instructor, or lead teacher",(1) White Only,"(6) Associate degree (AA, AS)",1984,0,35,Between 20 and 40,Between $11 and $20
11,"(2) Teacher, instructor, or lead teacher",(3) Asian Only,"(7) Bachelor's degree (BA, BS, AB)",1977,0,42,Between 41 and 50,Between $11 and $20
18.61360718871,"(2) Teacher, instructor, or lead teacher",(3) Asian Only,"(7) Bachelor's degree (BA, BS, AB)",1962,1,57,More than 51,Between $11 and $20
18,"(2) Teacher, instructor, or lead teacher",NA,(8) Graduate or professional degree,1973,0,46,Between 41 and 50,Between $11 and $20
NA,(1) Aide or assistant teacher,(1) White Only,(5) Some college credit but no degree,1966,3,53,More than 51,NA
NA,NA,NA,NA,NA,NA,NA,NA,NA
12,"(2) Teacher, instructor, or lead teacher",(1) White Only,"(6) Associate degree (AA, AS)",1979,0,40,Between 20 and 40,Between $11 and $20
NA,NA,NA,NA,NA,NA,NA,NA,NA
NA,NA,NA,NA,NA,NA,NA,NA,NA
7.5,"(2) Teacher, instructor, or lead teacher",(2) Black or African American Only,(5) Some college credit but no degree,1998,8,21,Between 20 and 40,Less than $10
12.5,"(2) Teacher, instructor, or lead teacher",(2) Black or African American Only,(5) Some college credit but no degree,1958,4,61,More than 51,Between $11 and $20
19.8717948718,(1) Aide or assistant teacher,(1) White Only,(4) High school graduate,1986,0,33,Between 20 and 40,Between $11 and $20
NA,NA,NA,NA,NA,NA,NA,NA,NA
26.31578947369,"(2) Teacher, instructor, or lead teacher",(1) White Only,(5) Some college credit but no degree,1958,0,61,More than 51,Between $21 and $30
9.5,"(2) Teacher, instructor, or lead teacher",(2) Black or African American Only,"(7) Bachelor's degree (BA, BS, AB)",1968,4,51,More than 51,Less than $10
12,"(2) Teacher, instructor, or lead teacher",(1) White Only,"(6) Associate degree (AA, AS)",1950,3,69,More than 51,Between $11 and $20
51.42857142858,(1) Aide or assistant teacher,NA,(4) High school graduate,1998,NA,21,Between 20 and 40,More than $31
9,"(2) Teacher, instructor, or lead teacher",NA,(5) Some college credit but no degree,1971,1,48,Between 41 and 50,Less than $10
18,"(2) Teacher, instructor, or lead teacher",(1) White Only,(8) Graduate or professional degree,1965,1,54,More than 51,Between $11 and $20
8.6538461538499991,"(2) Teacher, instructor, or lead teacher",(1) White Only,(8) Graduate or professional degree,1950,0,69,More than 51,Less than $10
8,"(2) Teacher, instructor, or lead teacher",(1) White Only,(3) GED or high school equivalency,1990,15.166666666667,29,Between 20 and 40,Less than $10
12,"(2) Teacher, instructor, or lead teacher",NA,(1) Less than High School,1991,7,28,Between 20 and 40,Between $11 and $20
14,"(2) Teacher, instructor, or lead teacher",(2) Black or African American Only,(4) High school graduate,1989,3,30,Between 20 and 40,Between $11 and $20
NA,NA,NA,NA,NA,NA,NA,NA,NA
22.5,"(2) Teacher, instructor, or lead teacher",(1) White Only,(8) Graduate or professional degree,1950,2,69,More than 51,Between $21 and $30
15.25,(1) Aide or assistant teacher,(1) White Only,"(7) Bachelor's degree (BA, BS, AB)",1958,2,61,More than 51,Between $11 and $20
32.14285714286,"(2) Teacher, instructor, or lead teacher",NA,"(7) Bachelor's degree (BA, BS, AB)",1966,3,53,More than 51,More than $31
20,"(2) Teacher, instructor, or lead teacher",(3) Asian Only,"(7) Bachelor's degree (BA, BS, AB)",1977,1,42,Between 41 and 50,Between $11 and $20
18.32,"(2) Teacher, instructor, or lead teacher",(1) White Only,"(7) Bachelor's degree (BA, BS, AB)",1960,4,59,More than 51,Between $11 and $20
15,(1) Aide or assistant teacher,(1) White Only,(5) Some college credit but no degree,1963,2,56,More than 51,Between $11 and $20
4,"(2) Teacher, instructor, or lead teacher",(2) Black or African American Only,"(7) Bachelor's degree (BA, BS, AB)",1950,0,69,More than 51,Less than $10
NA,NA,NA,NA,NA,NA,NA,NA,NA
10,(1) Aide or assistant teacher,(1) White Only,(5) Some college credit but no degree,1998,5,21,Between 20 and 40,Less than $10
NA,(1) Aide or assistant teacher,(1) White Only,(5) Some college credit but no degree,1998,0,21,Between 20 and 40,NA
7,"(2) Teacher, instructor, or lead teacher",(2) Black or African American Only,(4) High school graduate,1975,0,44,Between 41 and 50,Less than $10
14.5,"(2) Teacher, instructor, or lead teacher",(1) White Only,(8) Graduate or professional degree,1977,8,42,Between 41 and 50,Between $11 and $20
2.85714285715,(1) Aide or assistant teacher,NA,"(7) Bachelor's degree (BA, BS, AB)",NA,0,NA,NA,Less than $10
NA,(1) Aide or assistant teacher,(2) Black or African American Only,"(7) Bachelor's degree (BA, BS, AB)",1978,0,41,Between 41 and 50,NA
15,"(2) Teacher, instructor, or lead teacher",(1) White Only,(4) High school graduate,1958,0,61,More than 51,Between $11 and $20
15.75,"(2) Teacher, instructor, or lead teacher",(1) White Only,(4) High school graduate,1958,1,61,More than 51,Between $11 and $20
NA,NA,NA,NA,NA,NA,NA,NA,NA
18.88888888889,"(2) Teacher, instructor, or lead teacher",(1) White Only,"(7) Bachelor's degree (BA, BS, AB)",1962,8,57,More than 51,Between $11 and $20
NA,"(2) Teacher, instructor, or lead teacher",(1) White Only,"(6) Associate degree (AA, AS)",1958,0,61,More than 51,NA
9,"(2) Teacher, instructor, or lead teacher",(1) White Only,(4) High school graduate,1972,0,47,Between 41 and 50,Less than $10
NA,(1) Aide or assistant teacher,(1) White Only,(4) High school graduate,1984,9,35,Between 20 and 40,NA
8.6052631579,(1) Aide or assistant teacher,NA,(4) High school graduate,NA,NA,NA,NA,Less than $10
9.6,"(2) Teacher, instructor, or lead teacher",(1) White Only,(5) Some college credit but no degree,1985,1,34,Between 20 and 40,Less than $10
NA,(1) Aide or assistant teacher,NA,(5) Some college credit but no degree,1991,1,28,Between 20 and 40,NA
NA,"(2) Teacher, instructor, or lead teacher",(8) Other,(5) Some college credit but no degree,1996,3,23,Between 20 and 40,NA
11,(1) Aide or assistant teacher,(2) Black or African American Only,(4) High school graduate,1998,1,21,Between 20 and 40,Between $11 and $20
12,"(2) Teacher, instructor, or lead teacher",(1) White Only,"(6) Associate degree (AA, AS)",1974,2,45,Between 41 and 50,Between $11 and $20
13.75,(1) Aide or assistant teacher,(1) White Only,(5) Some college credit but no degree,1992,0,27,Between 20 and 40,Between $11 and $20
16.5,"(2) Teacher, instructor, or lead teacher",(3) Asian Only,(5) Some college credit but no degree,1980,7,39,Between 20 and 40,Between $11 and $20
NA,"(2) Teacher, instructor, or lead teacher",(1) White Only,(4) High school graduate,1980,0,39,Between 20 and 40,NA
16.54054054055,"(2) Teacher, instructor, or lead teacher",(1) White Only,"(6) Associate degree (AA, AS)",1969,5,50,Between 41 and 50,Between $11 and $20
10,(1) Aide or assistant teacher,(1) White Only,"(6) Associate degree (AA, AS)",1983,0,36,Between 20 and 40,Less than $10
NA,NA,NA,NA,NA,NA,NA,NA,NA
10,"(2) Teacher, instructor, or lead teacher",(1) White Only,(5) Some college credit but no degree,1969,2,50,Between 41 and 50,Less than $10
10,"(2) Teacher, instructor, or lead teacher",(1) White Only,"(7) Bachelor's degree (BA, BS, AB)",1962,1,57,More than 51,Less than $10
12.75,"(2) Teacher, instructor, or lead teacher",NA,(4) High school graduate,1970,1,49,Between 41 and 50,Between $11 and $20
11.32011133604,"(2) Teacher, instructor, or lead teacher",(1) White Only,"(6) Associate degree (AA, AS)",1978,4,41,Between 41 and 50,Between $11 and $20
12,"(2) Teacher, instructor, or lead teacher",(2) Black or African American Only,"(7) Bachelor's degree (BA, BS, AB)",1986,0,33,Between 20 and 40,Between $11 and $20
24.44444444445,"(2) Teacher, instructor, or lead teacher",NA,"(7) Bachelor's degree (BA, BS, AB)",1974,4,45,Between 41 and 50,Between $21 and $30
7.14285714286,(1) Aide or assistant teacher,NA,"(6) Associate degree (AA, AS)",1963,0,56,More than 51,Less than $10
8,"(2) Teacher, instructor, or lead teacher",(2) Black or African American Only,"(7) Bachelor's degree (BA, BS, AB)",1976,0,43,Between 41 and 50,Less than $10
NA,NA,NA,NA,NA,NA,NA,NA,NA
19.41666666667,"(2) Teacher, instructor, or lead teacher",(8) Other,(5) Some college credit but no degree,1967,10,52,More than 51,Between $11 and $20
15.725,(1) Aide or assistant teacher,(1) White Only,(5) Some college credit but no degree,1987,8,32,Between 20 and 40,Between $11 and $20
9.5,(1) Aide or assistant teacher,(1) White Only,"(7) Bachelor's degree (BA, BS, AB)",1993,9,26,Between 20 and 40,Less than $10
10.5,(1) Aide or assistant teacher,(1) White Only,(4) High school graduate,1983,4,36,Between 20 and 40,NA
16.45,"(2) Teacher, instructor, or lead teacher",(1) White Only,"(7) Bachelor's degree (BA, BS, AB)",1961,7,58,More than 51,Between $11 and $20
19.53,"(2) Teacher, instructor, or lead teacher",(1) White Only,(5) Some college credit but no degree,1950,0,69,More than 51,Between $11 and $20
8,"(2) Teacher, instructor, or lead teacher",(1) White Only,(4) High school graduate,1998,0,21,Between 20 and 40,Less than $10
8.25,"(2) Teacher, instructor, or lead teacher",(2) Black or African American Only,"(6) Associate degree (AA, AS)",1984,13,35,Between 20 and 40,Less than $10
13.75,"(2) Teacher, instructor, or lead teacher",NA,"(6) Associate degree (AA, AS)",1986,3,33,Between 20 and 40,Between $11 and $20
28,"(2) Teacher, instructor, or lead teacher",(1) White Only,"(7) Bachelor's degree (BA, BS, AB)",1966,1,53,More than 51,Between $21 and $30
8.5,"(2) Teacher, instructor, or lead teacher",(1) White Only,"(7) Bachelor's degree (BA, BS, AB)",1950,0,69,More than 51,Less than $10
10.5,"(2) Teacher, instructor, or lead teacher",(1) White Only,(5) Some college credit but no degree,1950,2,69,More than 51,NA
9.5,(1) Aide or assistant teacher,(2) Black or African American Only,(4) High school graduate,1966,1,53,More than 51,Less than $10
16,"(2) Teacher, instructor, or lead teacher",(2) Black or African American Only,"(7) Bachelor's degree (BA, BS, AB)",1968,2,51,More than 51,Between $11 and $20
5,"(2) Teacher, instructor, or lead teacher",(2) Black or African American Only,"(7) Bachelor's degree (BA, BS, AB)",1965,2,54,More than 51,Less than $10
NA,(1) Aide or assistant teacher,(2) Black or African American Only,(3) GED or high school equivalency,1964,0,55,More than 51,NA
NA,NA,NA,NA,NA,NA,NA,NA,NA
NA,"(2) Teacher, instructor, or lead teacher",(2) Black or African American Only,(4) High school graduate,1958,3,61,More than 51,NA
16.73611111112,(1) Aide or assistant teacher,(3) Asian Only,"(6) Associate degree (AA, AS)",1987,2,32,Between 20 and 40,Between $11 and $20
11,"(2) Teacher, instructor, or lead teacher",NA,(4) High school graduate,NA,0,NA,NA,Between $11 and $20
54.9575,"(2) Teacher, instructor, or lead teacher",(1) White Only,"(7) Bachelor's degree (BA, BS, AB)",1976,0,43,Between 41 and 50,More than $31
10,(1) Aide or assistant teacher,(1) White Only,(5) Some college credit but no degree,1962,0,57,More than 51,Less than $10
15.19,(1) Aide or assistant teacher,NA,"(7) Bachelor's degree (BA, BS, AB)",1970,1,49,Between 41 and 50,Between $11 and $20
12,(1) Aide or assistant teacher,(1) White Only,"(6) Associate degree (AA, AS)",1991,2,28,Between 20 and 40,Between $11 and $20
NA,NA,NA,NA,NA,NA,NA,NA,NA
13.75,"(2) Teacher, instructor, or lead teacher",(1) White Only,"(6) Associate degree (AA, AS)",1985,0,34,Between 20 and 40,Between $11 and $20
7.5,(1) Aide or assistant teacher,(2) Black or African American Only,(5) Some college credit but no degree,1998,0,21,Between 20 and 40,Less than $10
9.5,"(2) Teacher, instructor, or lead teacher",(1) White Only,(5) Some college credit but no degree,1992,0,27,Between 20 and 40,Less than $10
10.46875,(1) Aide or assistant teacher,(1) White Only,(1) Less than High School,1998,2,21,Between 20 and 40,NA
14.85,"(2) Teacher, instructor, or lead teacher",(2) Black or African American Only,(5) Some college credit but no degree,1950,0,69,More than 51,Between $11 and $20
54.9575,"(2) Teacher, instructor, or lead teacher",(2) Black or African American Only,(8) Graduate or professional degree,1950,0,69,More than 51,More than $31
14.5,"(2) Teacher, instructor, or lead teacher",(1) White Only,"(7) Bachelor's degree (BA, BS, AB)",1950,0,69,More than 51,Between $11 and $20
NA,NA,NA,NA,NA,NA,NA,NA,NA
15.25,"(2) Teacher, instructor, or lead teacher",(3) Asian Only,(8) Graduate or professional degree,1963,0,56,More than 51,Between $11 and $20
NA,NA,NA,NA,NA,NA,NA,NA,NA
15,"(2) Teacher, instructor, or lead teacher",(1) White Only,"(6) Associate degree (AA, AS)",1950,NA,69,More than 51,Between $11 and $20
50.83333333334,"(2) Teacher, instructor, or lead teacher",(1) White Only,(8) Graduate or professional degree,1987,3,32,Between 20 and 40,More than $31
10.75,(1) Aide or assistant teacher,(1) White Only,(5) Some college credit but no degree,1991,0,28,Between 20 and 40,NA
23.33333333334,"(2) Teacher, instructor, or lead teacher",(1) White Only,(8) Graduate or professional degree,1950,2,69,More than 51,Between $21 and $30
24,"(2) Teacher, instructor, or lead teacher",(1) White Only,"(6) Associate degree (AA, AS)",1988,6,31,Between 20 and 40,Between $21 and $30
12.5,"(2) Teacher, instructor, or lead teacher",(2) Black or African American Only,"(6) Associate degree (AA, AS)",1995,0,24,Between 20 and 40,Between $11 and $20
22.22222222223,"(2) Teacher, instructor, or lead teacher",(1) White Only,"(7) Bachelor's degree (BA, BS, AB)",1968,2,51,More than 51,Between $21 and $30
11.96581196582,(1) Aide or assistant teacher,(1) White Only,(5) Some college credit but no degree,1985,0,34,Between 20 and 40,Between $11 and $20
40.70000000001,"(2) Teacher, instructor, or lead teacher",(3) Asian Only,(8) Graduate or professional degree,1958,0,61,More than 51,More than $31
11,"(2) Teacher, instructor, or lead teacher",(1) White Only,(5) Some college credit but no degree,NA,NA,NA,NA,Between $11 and $20
8.6046511628,(1) Aide or assistant teacher,(1) White Only,"(6) Associate degree (AA, AS)",1989,0,30,Between 20 and 40,Less than $10
23.95833333334,"(2) Teacher, instructor, or lead teacher",(1) White Only,"(7) Bachelor's degree (BA, BS, AB)",1989,10,30,Between 20 and 40,Between $21 and $30
12.42,(1) Aide or assistant teacher,(1) White Only,(5) Some college credit but no degree,1960,9,59,More than 51,Between $11 and $20
NA,"(2) Teacher, instructor, or lead teacher",(1) White Only,"(6) Associate degree (AA, AS)",1981,0,38,Between 20 and 40,NA
NA,(1) Aide or assistant teacher,(1) White Only,"(7) Bachelor's degree (BA, BS, AB)",1988,0,31,Between 20 and 40,NA
10,"(2) Teacher, instructor, or lead teacher",(1) White Only,"(6) Associate degree (AA, AS)",1988,0,31,Between 20 and 40,Less than $10
7.9875,"(2) Teacher, instructor, or lead teacher",NA,"(7) Bachelor's degree (BA, BS, AB)",1994,5,25,Between 20 and 40,Less than $10
20,"(2) Teacher, instructor, or lead teacher",(1) White Only,"(7) Bachelor's degree (BA, BS, AB)",1962,0,57,More than 51,Between $11 and $20
9.33333333334,"(2) Teacher, instructor, or lead teacher",(1) White Only,"(7) Bachelor's degree (BA, BS, AB)",1995,8,24,Between 20 and 40,Less than $10
13.5,"(2) Teacher, instructor, or lead teacher",(1) White Only,"(6) Associate degree (AA, AS)",1984,0,35,Between 20 and 40,Between $11 and $20
12.82051282052,"(2) Teacher, instructor, or lead teacher",(2) Black or African American Only,(4) High school graduate,1974,2,45,Between 41 and 50,Between $11 and $20
NA,NA,NA,NA,NA,NA,NA,NA,NA
NA,NA,NA,NA,NA,NA,NA,NA,NA
16,(1) Aide or assistant teacher,(8) Other,(5) Some college credit but no degree,1975,0,44,Between 41 and 50,Between $11 and $20
13.23529411765,(1) Aide or assistant teacher,(2) Black or African American Only,(5) Some college credit but no degree,1958,0,61,More than 51,Between $11 and $20
8.25,(1) Aide or assistant teacher,(1) White Only,(4) High school graduate,1998,7,21,Between 20 and 40,Less than $10
10,(1) Aide or assistant teacher,(1) White Only,(4) High school graduate,1983,0,36,Between 20 and 40,Less than $10
8.68,"(2) Teacher, instructor, or lead teacher",(1) White Only,(4) High school graduate,1985,6,34,Between 20 and 40,Less than $10
8.25,(1) Aide or assistant teacher,(2) Black or African American Only,(4) High school graduate,1998,0,21,Between 20 and 40,Less than $10
14.28571428572,"(2) Teacher, instructor, or lead teacher",(1) White Only,(8) Graduate or professional degree,1965,0,54,More than 51,Between $11 and $20
7.5,"(2) Teacher, instructor, or lead teacher",(8) Other,(5) Some college credit but no degree,1992,0,27,Between 20 and 40,Less than $10
8.64411764706,(1) Aide or assistant teacher,(1) White Only,"(6) Associate degree (AA, AS)",1979,7,40,Between 20 and 40,Less than $10
16.5,(1) Aide or assistant teacher,(1) White Only,(4) High school graduate,1969,1,50,Between 41 and 50,Between $11 and $20
NA,"(2) Teacher, instructor, or lead teacher",(1) White Only,"(7) Bachelor's degree (BA, BS, AB)",1971,0,48,Between 41 and 50,NA
12,"(2) Teacher, instructor, or lead teacher",(1) White Only,(5) Some college credit but no degree,1992,3,27,Between 20 and 40,Between $11 and $20
NA,NA,NA,NA,NA,NA,NA,NA,NA
10.625,(1) Aide or assistant teacher,(2) Black or African American Only,(4) High school graduate,1974,0,45,Between 41 and 50,NA
10,(1) Aide or assistant teacher,(1) White Only,(5) Some college credit but no degree,1965,0,54,More than 51,Less than $10
30.61224489796,(1) Aide or assistant teacher,(1) White Only,(8) Graduate or professional degree,1985,6,34,Between 20 and 40,NA
11.35,(1) Aide or assistant teacher,(1) White Only,(5) Some college credit but no degree,1958,2,61,More than 51,Between $11 and $20
15.30612244898,"(2) Teacher, instructor, or lead teacher",(1) White Only,"(7) Bachelor's degree (BA, BS, AB)",1981,0,38,Between 20 and 40,Between $11 and $20
10.52,(1) Aide or assistant teacher,(1) White Only,(4) High school graduate,1991,3,28,Between 20 and 40,NA
NA,"(2) Teacher, instructor, or lead teacher",(1) White Only,"(7) Bachelor's degree (BA, BS, AB)",NA,0,NA,NA,NA
25.46388888889,"(2) Teacher, instructor, or lead teacher",(1) White Only,(8) Graduate or professional degree,1975,2,44,Between 41 and 50,Between $21 and $30
9,(3) Other/undetermined,(1) White Only,(5) Some college credit but no degree,1986,0,33,Between 20 and 40,Less than $10
13.98601398602,"(2) Teacher, instructor, or lead teacher",(1) White Only,(5) Some college credit but no degree,1963,3,56,More than 51,Between $11 and $20
17.42919389979,"(2) Teacher, instructor, or lead teacher",(1) White Only,"(7) Bachelor's degree (BA, BS, AB)",1972,1,47,Between 41 and 50,Between $11 and $20
9,(1) Aide or assistant teacher,(1) White Only,(5) Some college credit but no degree,1950,0,69,More than 51,Less than $10
4.44444444445,"(2) Teacher, instructor, or lead teacher",NA,(1) Less than High School,1969,0,50,Between 41 and 50,Less than $10
8,(1) Aide or assistant teacher,(2) Black or African American Only,(3) GED or high school equivalency,1963,8,56,More than 51,Less than $10
13.4168157424,"(2) Teacher, instructor, or lead teacher",(1) White Only,"(7) Bachelor's degree (BA, BS, AB)",1990,2,29,Between 20 and 40,Between $11 and $20
25.64102564103,"(2) Teacher, instructor, or lead teacher",(1) White Only,"(7) Bachelor's degree (BA, BS, AB)",1979,0,40,Between 20 and 40,Between $21 and $30
9.75,"(2) Teacher, instructor, or lead teacher",(1) White Only,(3) GED or high school equivalency,1998,7,21,Between 20 and 40,Less than $10
8,"(2) Teacher, instructor, or lead teacher",(1) White Only,"(6) Associate degree (AA, AS)",1962,3,57,More than 51,Less than $10
18,"(2) Teacher, instructor, or lead teacher",(1) White Only,"(7) Bachelor's degree (BA, BS, AB)",1982,0,37,Between 20 and 40,Between $11 and $20
107.5,"(2) Teacher, instructor, or lead teacher",(2) Black or African American Only,(8) Graduate or professional degree,1971,0,48,Between 41 and 50,More than $31
10,"(2) Teacher, instructor, or lead teacher",(2) Black or African American Only,"(6) Associate degree (AA, AS)",1976,7,43,Between 41 and 50,Less than $10
13,"(2) Teacher, instructor, or lead teacher",(1) White Only,"(7) Bachelor's degree (BA, BS, AB)",1993,2,26,Between 20 and 40,Between $11 and $20
14.25,(1) Aide or assistant teacher,(2) Black or African American Only,(4) High school graduate,1977,12,42,Between 41 and 50,Between $11 and $20
12.5,"(2) Teacher, instructor, or lead teacher",(1) White Only,"(6) Associate degree (AA, AS)",1968,0,51,More than 51,Between $11 and $20
11.25,"(2) Teacher, instructor, or lead teacher",(1) White Only,(5) Some college credit but no degree,1998,2,21,Between 20 and 40,Between $11 and $20
11.17,(1) Aide or assistant teacher,(3) Asian Only,(4) High school graduate,1983,0,36,Between 20 and 40,Between $11 and $20
8.65,"(2) Teacher, instructor, or lead teacher",(2) Black or African American Only,(5) Some college credit but no degree,1958,7,61,More than 51,Less than $10
9,(1) Aide or assistant teacher,(1) White Only,(3) GED or high school equivalency,1982,3,37,Between 20 and 40,Less than $10
NA,NA,NA,NA,NA,NA,NA,NA,NA
11,"(2) Teacher, instructor, or lead teacher",(8) Other,(4) High school graduate,1998,7,21,Between 20 and 40,Between $11 and $20
7.25,"(2) Teacher, instructor, or lead teacher",(1) White Only,(5) Some college credit but no degree,1998,0,21,Between 20 and 40,Less than $10
7.25,"(2) Teacher, instructor, or lead teacher",(1) White Only,(5) Some college credit but no degree,1991,2,28,Between 20 and 40,Less than $10
NA,(1) Aide or assistant teacher,(2) Black or African American Only,(5) Some college credit but no degree,1996,2,23,Between 20 and 40,NA
9,"(2) Teacher, instructor, or lead teacher",(1) White Only,(5) Some college credit but no degree,1995,0,24,Between 20 and 40,Less than $10
14,(1) Aide or assistant teacher,(1) White Only,"(6) Associate degree (AA, AS)",1962,1,57,More than 51,Between $11 and $20
18.441625,(1) Aide or assistant teacher,(2) Black or African American Only,(8) Graduate or professional degree,1968,0,51,More than 51,Between $11 and $20
7.63,(1) Aide or assistant teacher,(2) Black or African American Only,(5) Some college credit but no degree,1998,4.666666666667,21,Between 20 and 40,Less than $10
3.84615384616,"(2) Teacher, instructor, or lead teacher",(1) White Only,(4) High school graduate,1998,0,21,Between 20 and 40,Less than $10
11.71875,(1) Aide or assistant teacher,NA,"(7) Bachelor's degree (BA, BS, AB)",NA,0,NA,NA,Between $11 and $20
11.538461538469999,(1) Aide or assistant teacher,NA,(4) High school graduate,1996,3,23,Between 20 and 40,Between $11 and $20
18.42105263158,"(2) Teacher, instructor, or lead teacher",(1) White Only,"(6) Associate degree (AA, AS)",1970,10,49,Between 41 and 50,Between $11 and $20
9.5,"(2) Teacher, instructor, or lead teacher",(1) White Only,(4) High school graduate,1994,2,25,Between 20 and 40,Less than $10
8,(1) Aide or assistant teacher,(1) White Only,"(6) Associate degree (AA, AS)",1982,1.166666666667,37,Between 20 and 40,Less than $10
11.22,"(2) Teacher, instructor, or lead teacher",(3) Asian Only,"(7) Bachelor's degree (BA, BS, AB)",1963,4,56,More than 51,Between $11 and $20
16.66666666667,"(2) Teacher, instructor, or lead teacher",(1) White Only,(5) Some college credit but no degree,1966,0,53,More than 51,Between $11 and $20
11.25,"(2) Teacher, instructor, or lead teacher",(1) White Only,"(6) Associate degree (AA, AS)",1971,0,48,Between 41 and 50,Between $11 and $20
19.37837837838,(1) Aide or assistant teacher,(2) Black or African American Only,(3) GED or high school equivalency,1970,1,49,Between 41 and 50,Between $11 and $20
8.5,(1) Aide or assistant teacher,(2) Black or African American Only,(5) Some college credit but no degree,1988,0,31,Between 20 and 40,Less than $10
15,"(2) Teacher, instructor, or lead teacher",(2) Black or African American Only,"(6) Associate degree (AA, AS)",1975,0,44,Between 41 and 50,Between $11 and $20
6.66666666667,"(2) Teacher, instructor, or lead teacher",(2) Black or African American Only,(5) Some college credit but no degree,1971,4,48,Between 41 and 50,Less than $10
17,(1) Aide or assistant teacher,(1) White Only,"(6) Associate degree (AA, AS)",1982,2,37,Between 20 and 40,Between $11 and $20
NA,NA,NA,NA,NA,NA,NA,NA,NA
14.87,"(2) Teacher, instructor, or lead teacher",(1) White Only,"(7) Bachelor's degree (BA, BS, AB)",1977,8,42,Between 41 and 50,Between $11 and $20
11,(1) Aide or assistant teacher,(1) White Only,(5) Some college credit but no degree,NA,2,NA,NA,Between $11 and $20
11.25,(1) Aide or assistant teacher,(8) Other,(5) Some college credit but no degree,1984,2,35,Between 20 and 40,Between $11 and $20
11,(1) Aide or assistant teacher,(3) Asian Only,(4) High school graduate,1992,9,27,Between 20 and 40,Between $11 and $20
19.5,"(2) Teacher, instructor, or lead teacher",(3) Asian Only,"(7) Bachelor's degree (BA, BS, AB)",1979,0,40,Between 20 and 40,Between $11 and $20
24,"(2) Teacher, instructor, or lead teacher",(1) White Only,(5) Some college credit but no degree,1971,0,48,Between 41 and 50,Between $21 and $30
10,(1) Aide or assistant teacher,(2) Black or African American Only,(4) High school graduate,1991,NA,28,Between 20 and 40,Less than $10
10,"(2) Teacher, instructor, or lead teacher",NA,(5) Some college credit but no degree,1993,0,26,Between 20 and 40,Less than $10
10,(1) Aide or assistant teacher,NA,(5) Some college credit but no degree,1983,4,36,Between 20 and 40,Less than $10
9.75,(1) Aide or assistant teacher,(1) White Only,(1) Less than High School,1974,0,45,Between 41 and 50,Less than $10
15,"(2) Teacher, instructor, or lead teacher",(1) White Only,"(6) Associate degree (AA, AS)",1984,0,35,Between 20 and 40,Between $11 and $20
17,"(2) Teacher, instructor, or lead teacher",(1) White Only,"(6) Associate degree (AA, AS)",1970,9,49,Between 41 and 50,Between $11 and $20
30,"(2) Teacher, instructor, or lead teacher",(1) White Only,"(7) Bachelor's degree (BA, BS, AB)",1967,0,52,More than 51,Between $21 and $30
12.71428571429,(1) Aide or assistant teacher,(2) Black or African American Only,(5) Some college credit but no degree,1958,0,61,More than 51,Between $11 and $20
11,"(2) Teacher, instructor, or lead teacher",(1) White Only,"(6) Associate degree (AA, AS)",1996,3,23,Between 20 and 40,Between $11 and $20
10.5,"(2) Teacher, instructor, or lead teacher",(1) White Only,(4) High school graduate,1994,3,25,Between 20 and 40,NA
16.25,"(2) Teacher, instructor, or lead teacher",(1) White Only,"(7) Bachelor's degree (BA, BS, AB)",1976,5,43,Between 41 and 50,Between $11 and $20
20.20202020203,(1) Aide or assistant teacher,(1) White Only,"(7) Bachelor's degree (BA, BS, AB)",1958,4,61,More than 51,NA
13.33333333334,(1) Aide or assistant teacher,NA,(8) Graduate or professional degree,1977,0,42,Between 41 and 50,Between $11 and $20
13.34,"(2) Teacher, instructor, or lead teacher",(1) White Only,"(6) Associate degree (AA, AS)",1978,17,41,Between 41 and 50,Between $11 and $20
10.05000000001,(1) Aide or assistant teacher,(1) White Only,(5) Some college credit but no degree,NA,4,NA,NA,NA
18.18181818182,"(2) Teacher, instructor, or lead teacher",(1) White Only,"(7) Bachelor's degree (BA, BS, AB)",1958,0,61,More than 51,Between $11 and $20
9.5,(1) Aide or assistant teacher,(2) Black or African American Only,(5) Some college credit but no degree,1976,4,43,Between 41 and 50,Less than $10
11.25,(1) Aide or assistant teacher,(8) Other,"(7) Bachelor's degree (BA, BS, AB)",1972,3,47,Between 41 and 50,Between $11 and $20
19.45,"(2) Teacher, instructor, or lead teacher",(1) White Only,(5) Some college credit but no degree,1989,1,30,Between 20 and 40,Between $11 and $20
7.5,"(2) Teacher, instructor, or lead teacher",(1) White Only,(8) Graduate or professional degree,1975,0,44,Between 41 and 50,Less than $10
19.49,(1) Aide or assistant teacher,(1) White Only,(5) Some college credit but no degree,1958,1,61,More than 51,Between $11 and $20
11.76176470589,"(2) Teacher, instructor, or lead teacher",(1) White Only,(5) Some college credit but no degree,1983,0,36,Between 20 and 40,Between $11 and $20
14.11764705883,(1) Aide or assistant teacher,(1) White Only,"(7) Bachelor's degree (BA, BS, AB)",1967,0,52,More than 51,Between $11 and $20
4.5,"(2) Teacher, instructor, or lead teacher",(2) Black or African American Only,"(6) Associate degree (AA, AS)",1994,0,25,Between 20 and 40,Less than $10
NA,NA,NA,NA,NA,NA,NA,NA,NA
14,(1) Aide or assistant teacher,(1) White Only,(4) High school graduate,1964,8,55,More than 51,Between $11 and $20
8.26086956522,"(2) Teacher, instructor, or lead teacher",(1) White Only,"(7) Bachelor's degree (BA, BS, AB)",1950,2,69,More than 51,Less than $10
NA,NA,NA,NA,NA,NA,NA,NA,NA
15.55555555556,"(2) Teacher, instructor, or lead teacher",(1) White Only,(5) Some college credit but no degree,1996,3,23,Between 20 and 40,Between $11 and $20
14,"(2) Teacher, instructor, or lead teacher",(1) White Only,(5) Some college credit but no degree,1958,0,61,More than 51,Between $11 and $20
11.25,(1) Aide or assistant teacher,(2) Black or African American Only,"(6) Associate degree (AA, AS)",1981,3,38,Between 20 and 40,Between $11 and $20
16,"(2) Teacher, instructor, or lead teacher",(8) Other,(5) Some college credit but no degree,1986,0,33,Between 20 and 40,Between $11 and $20
9,"(2) Teacher, instructor, or lead teacher",(1) White Only,"(7) Bachelor's degree (BA, BS, AB)",1950,0,69,More than 51,Less than $10
13,"(2) Teacher, instructor, or lead teacher",(1) White Only,"(7) Bachelor's degree (BA, BS, AB)",1985,0,34,Between 20 and 40,Between $11 and $20
12.5,"(2) Teacher, instructor, or lead teacher",(1) White Only,"(6) Associate degree (AA, AS)",1970,0,49,Between 41 and 50,Between $11 and $20
10,(1) Aide or assistant teacher,(1) White Only,"(7) Bachelor's degree (BA, BS, AB)",1989,0,30,Between 20 and 40,Less than $10
20,"(2) Teacher, instructor, or lead teacher",(1) White Only,(5) Some college credit but no degree,1988,2,31,Between 20 and 40,Between $11 and $20
NA,NA,NA,NA,NA,NA,NA,NA,NA
14,(1) Aide or assistant teacher,NA,(5) Some college credit but no degree,1971,5,48,Between 41 and 50,Between $11 and $20
NA,"(2) Teacher, instructor, or lead teacher",(2) Black or African American Only,"(6) Associate degree (AA, AS)",1966,0,53,More than 51,NA
14,"(2) Teacher, instructor, or lead teacher",(2) Black or African American Only,(5) Some college credit but no degree,1993,3,26,Between 20 and 40,Between $11 and $20
8,(1) Aide or assistant teacher,(1) White Only,"(7) Bachelor's degree (BA, BS, AB)",1987,5,32,Between 20 and 40,Less than $10
18.45,"(2) Teacher, instructor, or lead teacher",(1) White Only,"(6) Associate degree (AA, AS)",1972,4,47,Between 41 and 50,Between $11 and $20
NA,(1) Aide or assistant teacher,(1) White Only,(5) Some college credit but no degree,1950,1,69,More than 51,NA
10.75,"(2) Teacher, instructor, or lead teacher",(1) White Only,(5) Some college credit but no degree,1983,4,36,Between 20 and 40,NA
7.5,(1) Aide or assistant teacher,(2) Black or African American Only,(4) High school graduate,1993,3,26,Between 20 and 40,Less than $10
11,(1) Aide or assistant teacher,(1) White Only,(5) Some college credit but no degree,1974,0,45,Between 41 and 50,Between $11 and $20
8.5,"(2) Teacher, instructor, or lead teacher",(2) Black or African American Only,(5) Some college credit but no degree,1967,1.166666666667,52,More than 51,Less than $10
NA,NA,NA,NA,NA,NA,NA,NA,NA
8.25,(1) Aide or assistant teacher,(1) White Only,(5) Some college credit but no degree,1996,4,23,Between 20 and 40,Less than $10
16,"(2) Teacher, instructor, or lead teacher",(2) Black or African American Only,"(6) Associate degree (AA, AS)",1972,2,47,Between 41 and 50,Between $11 and $20
NA,"(2) Teacher, instructor, or lead teacher",(1) White Only,(5) Some college credit but no degree,1971,1,48,Between 41 and 50,NA
11.826923076929999,"(2) Teacher, instructor, or lead teacher",(1) White Only,(3) GED or high school equivalency,1981,NA,38,Between 20 and 40,Between $11 and $20
15,"(2) Teacher, instructor, or lead teacher",NA,"(6) Associate degree (AA, AS)",1991,0,28,Between 20 and 40,Between $11 and $20
27.35,"(2) Teacher, instructor, or lead teacher",(2) Black or African American Only,"(7) Bachelor's degree (BA, BS, AB)",1963,NA,56,More than 51,Between $21 and $30
10.15,(1) Aide or assistant teacher,(1) White Only,(5) Some college credit but no degree,1963,1,56,More than 51,NA
51.42857142858,(1) Aide or assistant teacher,(1) White Only,(4) High school graduate,1992,0,27,Between 20 and 40,More than $31
NA,"(2) Teacher, instructor, or lead teacher",(2) Black or African American Only,"(7) Bachelor's degree (BA, BS, AB)",1971,2,48,Between 41 and 50,NA
21.82,"(2) Teacher, instructor, or lead teacher",(1) White Only,"(7) Bachelor's degree (BA, BS, AB)",1963,1,56,More than 51,Between $21 and $30
27.71354166667,(1) Aide or assistant teacher,(1) White Only,"(7) Bachelor's degree (BA, BS, AB)",1967,0,52,More than 51,Between $21 and $30
13.75,"(2) Teacher, instructor, or lead teacher",(1) White Only,(8) Graduate or professional degree,1989,1,30,Between 20 and 40,Between $11 and $20
8.5,(1) Aide or assistant teacher,(8) Other,(5) Some college credit but no degree,1989,5,30,Between 20 and 40,Less than $10
51.42857142858,"(2) Teacher, instructor, or lead teacher",(1) White Only,(5) Some college credit but no degree,1950,0,69,More than 51,More than $31
10,(1) Aide or assistant teacher,NA,(5) Some college credit but no degree,1977,3,42,Between 41 and 50,Less than $10
15,(1) Aide or assistant teacher,NA,"(6) Associate degree (AA, AS)",1995,1,24,Between 20 and 40,Between $11 and $20
10.41666666667,(1) Aide or assistant teacher,(2) Black or African American Only,(4) High school graduate,1989,0,30,Between 20 and 40,NA
10,"(2) Teacher, instructor, or lead teacher",(8) Other,(4) High school graduate,1992,1,27,Between 20 and 40,Less than $10
NA,NA,NA,NA,NA,NA,NA,NA,NA
11.275,(1) Aide or assistant teacher,(1) White Only,(4) High school graduate,1998,1,21,Between 20 and 40,Between $11 and $20
12.5,"(2) Teacher, instructor, or lead teacher",(1) White Only,"(6) Associate degree (AA, AS)",1960,4,59,More than 51,Between $11 and $20
18,(1) Aide or assistant teacher,(1) White Only,"(6) Associate degree (AA, AS)",1971,0,48,Between 41 and 50,Between $11 and $20
17.02857142858,(1) Aide or assistant teacher,(2) Black or African American Only,(5) Some college credit but no degree,1950,1,69,More than 51,Between $11 and $20
13,"(2) Teacher, instructor, or lead teacher",(1) White Only,(5) Some college credit but no degree,1983,5,36,Between 20 and 40,Between $11 and $20
12.54166666667,(1) Aide or assistant teacher,(8) Other,(5) Some college credit but no degree,1968,5,51,More than 51,Between $11 and $20
11.25,(1) Aide or assistant teacher,NA,(5) Some college credit but no degree,NA,1.166666666667,NA,NA,Between $11 and $20
11,(1) Aide or assistant teacher,(1) White Only,"(7) Bachelor's degree (BA, BS, AB)",1964,0,55,More than 51,Between $11 and $20
12.25,"(2) Teacher, instructor, or lead teacher",NA,(5) Some college credit but no degree,1989,8,30,Between 20 and 40,Between $11 and $20
12,(1) Aide or assistant teacher,(1) White Only,(5) Some college credit but no degree,1998,0,21,Between 20 and 40,Between $11 and $20
8.25,(1) Aide or assistant teacher,(1) White Only,(5) Some college credit but no degree,1985,4,34,Between 20 and 40,Less than $10
10.66,(1) Aide or assistant teacher,(1) White Only,(4) High school graduate,1991,2,28,Between 20 and 40,NA
17.64,"(2) Teacher, instructor, or lead teacher",(1) White Only,"(7) Bachelor's degree (BA, BS, AB)",1980,4,39,Between 20 and 40,Between $11 and $20
16.45,"(2) Teacher, instructor, or lead teacher",(1) White Only,"(7) Bachelor's degree (BA, BS, AB)",1987,6,32,Between 20 and 40,Between $11 and $20
14.55,(1) Aide or assistant teacher,NA,(5) Some college credit but no degree,1974,1,45,Between 41 and 50,Between $11 and $20
NA,(1) Aide or assistant teacher,(1) White Only,"(7) Bachelor's degree (BA, BS, AB)",1964,0,55,More than 51,NA
17,"(2) Teacher, instructor, or lead teacher",(1) White Only,"(6) Associate degree (AA, AS)",1980,4,39,Between 20 and 40,Between $11 and $20
39.28571428572,"(2) Teacher, instructor, or lead teacher",(1) White Only,(8) Graduate or professional degree,1982,1,37,Between 20 and 40,More than $31
8.25,"(2) Teacher, instructor, or lead teacher",(2) Black or African American Only,(5) Some college credit but no degree,1990,0,29,Between 20 and 40,Less than $10
9.5,"(2) Teacher, instructor, or lead teacher",(2) Black or African American Only,(5) Some college credit but no degree,1991,3,28,Between 20 and 40,Less than $10
NA,(1) Aide or assistant teacher,(1) White Only,"(6) Associate degree (AA, AS)",1991,0,28,Between 20 and 40,NA
11,"(2) Teacher, instructor, or lead teacher",(1) White Only,(5) Some college credit but no degree,1998,6,21,Between 20 and 40,Between $11 and $20
11,"(2) Teacher, instructor, or lead teacher",(1) White Only,(4) High school graduate,1994,2,25,Between 20 and 40,Between $11 and $20
15,"(2) Teacher, instructor, or lead teacher",(1) White Only,"(6) Associate degree (AA, AS)",1971,1,48,Between 41 and 50,Between $11 and $20
15,(1) Aide or assistant teacher,(1) White Only,"(6) Associate degree (AA, AS)",1982,3,37,Between 20 and 40,Between $11 and $20
10,"(2) Teacher, instructor, or lead teacher",(2) Black or African American Only,"(6) Associate degree (AA, AS)",1963,1,56,More than 51,Less than $10
10,(1) Aide or assistant teacher,(1) White Only,"(7) Bachelor's degree (BA, BS, AB)",1972,2,47,Between 41 and 50,Less than $10
10.5,(1) Aide or assistant teacher,(1) White Only,(5) Some college credit but no degree,1998,3,21,Between 20 and 40,NA
NA,(1) Aide or assistant teacher,(1) White Only,(8) Graduate or professional degree,1963,0,56,More than 51,NA
18.66666666667,"(2) Teacher, instructor, or lead teacher",(1) White Only,"(7) Bachelor's degree (BA, BS, AB)",1983,0,36,Between 20 and 40,Between $11 and $20
11.5,"(2) Teacher, instructor, or lead teacher",(1) White Only,(4) High school graduate,1998,14,21,Between 20 and 40,Between $11 and $20
26.11479069768,"(2) Teacher, instructor, or lead teacher",(1) White Only,"(7) Bachelor's degree (BA, BS, AB)",1986,0,33,Between 20 and 40,Between $21 and $30
13.42105263158,"(2) Teacher, instructor, or lead teacher",(1) White Only,(5) Some college credit but no degree,1995,7,24,Between 20 and 40,Between $11 and $20
12.5,(1) Aide or assistant teacher,(1) White Only,(4) High school graduate,1984,4,35,Between 20 and 40,Between $11 and $20
12.5,"(2) Teacher, instructor, or lead teacher",(2) Black or African American Only,(5) Some college credit but no degree,1961,1,58,More than 51,Between $11 and $20
11,"(2) Teacher, instructor, or lead teacher",(1) White Only,"(6) Associate degree (AA, AS)",1989,1,30,Between 20 and 40,Between $11 and $20
9.27,(1) Aide or assistant teacher,(8) Other,(4) High school graduate,1993,0,26,Between 20 and 40,Less than $10
15,"(2) Teacher, instructor, or lead teacher",(1) White Only,"(6) Associate degree (AA, AS)",1983,0,36,Between 20 and 40,Between $11 and $20
9.9,(1) Aide or assistant teacher,(1) White Only,(4) High school graduate,1950,0,69,More than 51,Less than $10
NA,NA,NA,NA,NA,NA,NA,NA,NA
18,"(2) Teacher, instructor, or lead teacher",(1) White Only,"(7) Bachelor's degree (BA, BS, AB)",1968,2,51,More than 51,Between $11 and $20
10,"(2) Teacher, instructor, or lead teacher",(8) Other,(5) Some college credit but no degree,1998,1,21,Between 20 and 40,Less than $10
16.25,"(2) Teacher, instructor, or lead teacher",(2) Black or African American Only,(5) Some college credit but no degree,1982,1,37,Between 20 and 40,Between $11 and $20
13.88888888889,(1) Aide or assistant teacher,(2) Black or African American Only,(5) Some college credit but no degree,1966,9,53,More than 51,Between $11 and $20
25.86046511628,(1) Aide or assistant teacher,(1) White Only,"(7) Bachelor's degree (BA, BS, AB)",1960,1,59,More than 51,Between $21 and $30
8.33333333334,(1) Aide or assistant teacher,(1) White Only,(5) Some college credit but no degree,1982,4,37,Between 20 and 40,Less than $10
30.55555555556,"(2) Teacher, instructor, or lead teacher",(1) White Only,(8) Graduate or professional degree,1965,0,54,More than 51,NA
NA,NA,NA,NA,NA,NA,NA,NA,NA
18.22368421053,"(2) Teacher, instructor, or lead teacher",(1) White Only,"(7) Bachelor's degree (BA, BS, AB)",1980,2,39,Between 20 and 40,Between $11 and $20
11.64473684211,(1) Aide or assistant teacher,(1) White Only,(8) Graduate or professional degree,1992,5,27,Between 20 and 40,Between $11 and $20
37.20238095239,"(2) Teacher, instructor, or lead teacher",NA,(8) Graduate or professional degree,NA,3,NA,NA,More than $31
9.5,(1) Aide or assistant teacher,(1) White Only,"(6) Associate degree (AA, AS)",1990,4,29,Between 20 and 40,Less than $10
NA,"(2) Teacher, instructor, or lead teacher",(2) Black or African American Only,"(6) Associate degree (AA, AS)",1989,2,30,Between 20 and 40,NA
7.25,(1) Aide or assistant teacher,(1) White Only,(5) Some college credit but no degree,1994,4,25,Between 20 and 40,Less than $10
9,(1) Aide or assistant teacher,(1) White Only,(5) Some college credit but no degree,1998,2,21,Between 20 and 40,Less than $10
4.25,"(2) Teacher, instructor, or lead teacher",(1) White Only,"(6) Associate degree (AA, AS)",1986,7,33,Between 20 and 40,Less than $10
9.72222222223,(1) Aide or assistant teacher,(1) White Only,(4) High school graduate,1983,3,36,Between 20 and 40,Less than $10
33,"(2) Teacher, instructor, or lead teacher",(1) White Only,(8) Graduate or professional degree,1974,2,45,Between 41 and 50,More than $31
13.2,(3) Other/undetermined,(1) White Only,(8) Graduate or professional degree,1964,0,55,More than 51,Between $11 and $20
17,"(2) Teacher, instructor, or lead teacher",(1) White Only,"(7) Bachelor's degree (BA, BS, AB)",1976,0,43,Between 41 and 50,Between $11 and $20
8.25,(1) Aide or assistant teacher,(2) Black or African American Only,(4) High school graduate,1991,0,28,Between 20 and 40,Less than $10
11,(1) Aide or assistant teacher,(2) Black or African American Only,(3) GED or high school equivalency,1962,2,57,More than 51,Between $11 and $20
18.02,"(2) Teacher, instructor, or lead teacher",(1) White Only,"(6) Associate degree (AA, AS)",1991,4,28,Between 20 and 40,Between $11 and $20
9.5,(1) Aide or assistant teacher,(2) Black or African American Only,"(6) Associate degree (AA, AS)",1965,4,54,More than 51,Less than $10
11.25,"(2) Teacher, instructor, or lead teacher",(1) White Only,(5) Some college credit but no degree,1998,1,21,Between 20 and 40,Between $11 and $20
12.5,(1) Aide or assistant teacher,(1) White Only,(3) GED or high school equivalency,1968,2,51,More than 51,Between $11 and $20
NA,"(2) Teacher, instructor, or lead teacher",(2) Black or African American Only,"(7) Bachelor's degree (BA, BS, AB)",1970,0,49,Between 41 and 50,NA
NA,NA,NA,NA,NA,NA,NA,NA,NA
13.4,"(2) Teacher, instructor, or lead teacher",(2) Black or African American Only,"(7) Bachelor's degree (BA, BS, AB)",1991,6,28,Between 20 and 40,Between $11 and $20
29.86111111112,"(2) Teacher, instructor, or lead teacher",(2) Black or African American Only,"(7) Bachelor's degree (BA, BS, AB)",1972,3,47,Between 41 and 50,Between $21 and $30
NA,"(2) Teacher, instructor, or lead teacher",NA,"(7) Bachelor's degree (BA, BS, AB)",NA,0,NA,NA,NA
12.8125,"(2) Teacher, instructor, or lead teacher",(1) White Only,(8) Graduate or professional degree,1963,0,56,More than 51,Between $11 and $20
11,"(2) Teacher, instructor, or lead teacher",(1) White Only,(5) Some college credit but no degree,1996,9,23,Between 20 and 40,Between $11 and $20
9.3918918919,(1) Aide or assistant teacher,(3) Asian Only,(4) High school graduate,1974,0,45,Between 41 and 50,Less than $10
25.43859649123,"(2) Teacher, instructor, or lead teacher",(1) White Only,(8) Graduate or professional degree,1961,1,58,More than 51,Between $21 and $30
15,"(2) Teacher, instructor, or lead teacher",(1) White Only,(8) Graduate or professional degree,1981,0,38,Between 20 and 40,Between $11 and $20
18.33333333334,"(2) Teacher, instructor, or lead teacher",(1) White Only,"(7) Bachelor's degree (BA, BS, AB)",1989,4,30,Between 20 and 40,Between $11 and $20
NA,"(2) Teacher, instructor, or lead teacher",(2) Black or African American Only,(4) High school graduate,1998,0,21,Between 20 and 40,NA
9,"(2) Teacher, instructor, or lead teacher",(1) White Only,(4) High school graduate,1960,5,59,More than 51,Less than $10
16.25,"(2) Teacher, instructor, or lead teacher",(2) Black or African American Only,"(7) Bachelor's degree (BA, BS, AB)",1991,0,28,Between 20 and 40,Between $11 and $20
12.76595744681,"(2) Teacher, instructor, or lead teacher",(1) White Only,"(7) Bachelor's degree (BA, BS, AB)",1958,0,61,More than 51,Between $11 and $20
12,(1) Aide or assistant teacher,(1) White Only,(5) Some college credit but no degree,1996,2,23,Between 20 and 40,Between $11 and $20
12.5,"(2) Teacher, instructor, or lead teacher",(1) White Only,(5) Some college credit but no degree,1982,6,37,Between 20 and 40,Between $11 and $20
NA,NA,NA,NA,NA,NA,NA,NA,NA
12,"(2) Teacher, instructor, or lead teacher",(1) White Only,(5) Some college credit but no degree,1998,8,21,Between 20 and 40,Between $11 and $20
25,(3) Other/undetermined,(1) White Only,"(7) Bachelor's degree (BA, BS, AB)",1966,5,53,More than 51,Between $21 and $30
15,(1) Aide or assistant teacher,NA,"(6) Associate degree (AA, AS)",1973,3,46,Between 41 and 50,Between $11 and $20
14.66,(1) Aide or assistant teacher,(1) White Only,(5) Some college credit but no degree,1966,1,53,More than 51,Between $11 and $20
12,(1) Aide or assistant teacher,(1) White Only,(1) Less than High School,1977,0,42,Between 41 and 50,Between $11 and $20
9,"(2) Teacher, instructor, or lead teacher",(1) White Only,(8) Graduate or professional degree,1995,1,24,Between 20 and 40,Less than $10
10,"(2) Teacher, instructor, or lead teacher",(1) White Only,(5) Some college credit but no degree,1988,7,31,Between 20 and 40,Less than $10
15.76923076924,"(2) Teacher, instructor, or lead teacher",(8) Other,"(7) Bachelor's degree (BA, BS, AB)",1977,3,42,Between 41 and 50,Between $11 and $20
23.07692307693,"(2) Teacher, instructor, or lead teacher",(1) White Only,(8) Graduate or professional degree,1977,0,42,Between 41 and 50,Between $21 and $30
13,"(2) Teacher, instructor, or lead teacher",(1) White Only,(3) GED or high school equivalency,1976,NA,43,Between 41 and 50,Between $11 and $20
13.75,(1) Aide or assistant teacher,NA,"(7) Bachelor's degree (BA, BS, AB)",1980,1,39,Between 20 and 40,Between $11 and $20
18,(1) Aide or assistant teacher,(3) Asian Only,"(6) Associate degree (AA, AS)",1950,0,69,More than 51,Between $11 and $20
10,"(2) Teacher, instructor, or lead teacher",(1) White Only,(4) High school graduate,1993,10,26,Between 20 and 40,Less than $10
11,"(2) Teacher, instructor, or lead teacher",(1) White Only,(5) Some college credit but no degree,1995,11,24,Between 20 and 40,Between $11 and $20
11,"(2) Teacher, instructor, or lead teacher",(1) White Only,"(7) Bachelor's degree (BA, BS, AB)",1971,0,48,Between 41 and 50,Between $11 and $20
12,(1) Aide or assistant teacher,NA,"(6) Associate degree (AA, AS)",NA,0,NA,NA,Between $11 and $20
20.45454545455,"(2) Teacher, instructor, or lead teacher",(3) Asian Only,"(7) Bachelor's degree (BA, BS, AB)",1960,0,59,More than 51,NA
14.5,(1) Aide or assistant teacher,(2) Black or African American Only,(4) High school graduate,1961,0,58,More than 51,Between $11 and $20
9.75,"(2) Teacher, instructor, or lead teacher",(1) White Only,(4) High school graduate,1995,4,24,Between 20 and 40,Less than $10
22.86,"(2) Teacher, instructor, or lead teacher",(1) White Only,"(6) Associate degree (AA, AS)",1984,4,35,Between 20 and 40,Between $21 and $30
12,"(2) Teacher, instructor, or lead teacher",(1) White Only,"(6) Associate degree (AA, AS)",1962,7,57,More than 51,Between $11 and $20
13.25,"(2) Teacher, instructor, or lead teacher",(1) White Only,(5) Some college credit but no degree,1988,0,31,Between 20 and 40,Between $11 and $20
NA,NA,NA,NA,NA,NA,NA,NA,NA
16,(1) Aide or assistant teacher,(1) White Only,(5) Some college credit but no degree,1960,NA,59,More than 51,Between $11 and $20
NA,"(2) Teacher, instructor, or lead teacher",NA,(5) Some college credit but no degree,1950,0,69,More than 51,NA
10.5,(1) Aide or assistant teacher,(1) White Only,(5) Some college credit but no degree,1996,3,23,Between 20 and 40,NA
12,"(2) Teacher, instructor, or lead teacher",(2) Black or African American Only,(8) Graduate or professional degree,1976,0,43,Between 41 and 50,Between $11 and $20
29.22077922078,"(2) Teacher, instructor, or lead teacher",(1) White Only,(8) Graduate or professional degree,1980,4,39,Between 20 and 40,Between $21 and $30
11,"(2) Teacher, instructor, or lead teacher",(2) Black or African American Only,"(6) Associate degree (AA, AS)",1988,5.6,31,Between 20 and 40,Between $11 and $20
NA,NA,NA,NA,NA,NA,NA,NA,NA
NA,NA,NA,NA,NA,NA,NA,NA,NA
12.45,"(2) Teacher, instructor, or lead teacher",(1) White Only,(5) Some college credit but no degree,1981,1,38,Between 20 and 40,Between $11 and $20
12.55,"(2) Teacher, instructor, or lead teacher",(1) White Only,(5) Some college credit but no degree,1972,7,47,Between 41 and 50,Between $11 and $20
14,"(2) Teacher, instructor, or lead teacher",(2) Black or African American Only,(4) High school graduate,1950,0,69,More than 51,Between $11 and $20
20.35000000001,(1) Aide or assistant teacher,NA,"(6) Associate degree (AA, AS)",1986,0,33,Between 20 and 40,NA
NA,(1) Aide or assistant teacher,(2) Black or African American Only,(8) Graduate or professional degree,1976,0,43,Between 41 and 50,NA
1.875,(1) Aide or assistant teacher,(2) Black or African American Only,(8) Graduate or professional degree,1983,0,36,Between 20 and 40,Less than $10
15.5,(1) Aide or assistant teacher,(2) Black or African American Only,"(7) Bachelor's degree (BA, BS, AB)",1960,2,59,More than 51,Between $11 and $20
NA,"(2) Teacher, instructor, or lead teacher",(1) White Only,(4) High school graduate,1998,0,21,Between 20 and 40,NA
NA,NA,NA,NA,NA,NA,NA,NA,NA
13,(1) Aide or assistant teacher,(1) White Only,"(7) Bachelor's degree (BA, BS, AB)",1968,0,51,More than 51,Between $11 and $20
7.25,"(2) Teacher, instructor, or lead teacher",(1) White Only,(4) High school graduate,1994,0,25,Between 20 and 40,Less than $10
20.11,"(2) Teacher, instructor, or lead teacher",NA,"(6) Associate degree (AA, AS)",1961,3,58,More than 51,NA
9.5,"(2) Teacher, instructor, or lead teacher",(8) Other,(5) Some college credit but no degree,1994,11,25,Between 20 and 40,Less than $10
10,(1) Aide or assistant teacher,(1) White Only,"(7) Bachelor's degree (BA, BS, AB)",NA,0,NA,NA,Less than $10
13,"(2) Teacher, instructor, or lead teacher",(1) White Only,(5) Some college credit but no degree,1994,0,25,Between 20 and 40,Between $11 and $20
31.92857142858,"(2) Teacher, instructor, or lead teacher",(1) White Only,"(7) Bachelor's degree (BA, BS, AB)",1968,0,51,More than 51,More than $31
NA,(1) Aide or assistant teacher,(1) White Only,(8) Graduate or professional degree,NA,0,NA,NA,NA
18.40277777778,(1) Aide or assistant teacher,NA,(5) Some college credit but no degree,1983,3,36,Between 20 and 40,Between $11 and $20
8.25,"(2) Teacher, instructor, or lead teacher",(2) Black or African American Only,(4) High school graduate,1998,5,21,Between 20 and 40,Less than $10
24,"(2) Teacher, instructor, or lead teacher",(1) White Only,"(7) Bachelor's degree (BA, BS, AB)",1978,2,41,Between 41 and 50,Between $21 and $30
NA,NA,NA,NA,NA,NA,NA,NA,NA
13,(1) Aide or assistant teacher,(3) Asian Only,"(7) Bachelor's degree (BA, BS, AB)",1965,2,54,More than 51,Between $11 and $20
15,"(2) Teacher, instructor, or lead teacher",(3) Asian Only,(5) Some college credit but no degree,1978,4,41,Between 41 and 50,Between $11 and $20
14.5,(1) Aide or assistant teacher,(1) White Only,(4) High school graduate,1975,NA,44,Between 41 and 50,Between $11 and $20
9.5,(1) Aide or assistant teacher,(3) Asian Only,"(7) Bachelor's degree (BA, BS, AB)",1958,0,61,More than 51,Less than $10
10.09642857143,"(2) Teacher, instructor, or lead teacher",(1) White Only,(4) High school graduate,1982,7,37,Between 20 and 40,NA
12,"(2) Teacher, instructor, or lead teacher",(2) Black or African American Only,(4) High school graduate,1975,1,44,Between 41 and 50,Between $11 and $20
16,"(2) Teacher, instructor, or lead teacher",(1) White Only,"(7) Bachelor's degree (BA, BS, AB)",1975,0,44,Between 41 and 50,Between $11 and $20
15,(1) Aide or assistant teacher,(1) White Only,"(6) Associate degree (AA, AS)",1991,4,28,Between 20 and 40,Between $11 and $20
9.5,"(2) Teacher, instructor, or lead teacher",(1) White Only,(4) High school graduate,1975,0,44,Between 41 and 50,Less than $10
15.26,"(2) Teacher, instructor, or lead teacher",(2) Black or African American Only,(3) GED or high school equivalency,1958,1,61,More than 51,Between $11 and $20
15,"(2) Teacher, instructor, or lead teacher",(1) White Only,(8) Graduate or professional degree,1988,0,31,Between 20 and 40,Between $11 and $20
17.66176470589,"(2) Teacher, instructor, or lead teacher",(1) White Only,"(6) Associate degree (AA, AS)",1986,4,33,Between 20 and 40,Between $11 and $20
9.25,"(2) Teacher, instructor, or lead teacher",(1) White Only,(5) Some college credit but no degree,1998,1,21,Between 20 and 40,Less than $10
10.52,(1) Aide or assistant teacher,(2) Black or African American Only,"(6) Associate degree (AA, AS)",1978,1,41,Between 41 and 50,NA
9.5,"(2) Teacher, instructor, or lead teacher",(1) White Only,"(7) Bachelor's degree (BA, BS, AB)",1988,14,31,Between 20 and 40,Less than $10
10.75,"(2) Teacher, instructor, or lead teacher",(2) Black or African American Only,(5) Some college credit but no degree,1994,5,25,Between 20 and 40,NA
16,"(2) Teacher, instructor, or lead teacher",(1) White Only,"(6) Associate degree (AA, AS)",1987,11,32,Between 20 and 40,Between $11 and $20
7.25,"(2) Teacher, instructor, or lead teacher",(1) White Only,"(7) Bachelor's degree (BA, BS, AB)",1950,6,69,More than 51,Less than $10
15.5,(1) Aide or assistant teacher,(3) Asian Only,(4) High school graduate,1969,3,50,Between 41 and 50,Between $11 and $20
107.5,"(2) Teacher, instructor, or lead teacher",NA,"(7) Bachelor's degree (BA, BS, AB)",1987,3,32,Between 20 and 40,More than $31
25,(1) Aide or assistant teacher,(3) Asian Only,"(7) Bachelor's degree (BA, BS, AB)",1968,2,51,More than 51,Between $21 and $30
9,(1) Aide or assistant teacher,(2) Black or African American Only,(1) Less than High School,1992,0,27,Between 20 and 40,Less than $10
9.5,"(2) Teacher, instructor, or lead teacher",(1) White Only,(4) High school graduate,1995,0,24,Between 20 and 40,Less than $10
14,(1) Aide or assistant teacher,NA,"(7) Bachelor's degree (BA, BS, AB)",1950,0,69,More than 51,Between $11 and $20
23,"(2) Teacher, instructor, or lead teacher",(1) White Only,"(7) Bachelor's degree (BA, BS, AB)",1970,2,49,Between 41 and 50,Between $21 and $30
NA,NA,NA,NA,NA,NA,NA,NA,NA
20,"(2) Teacher, instructor, or lead teacher",(3) Asian Only,"(6) Associate degree (AA, AS)",1981,2,38,Between 20 and 40,Between $11 and $20
24.39024390244,(1) Aide or assistant teacher,(2) Black or African American Only,"(7) Bachelor's degree (BA, BS, AB)",1966,3,53,More than 51,Between $21 and $30
NA,NA,NA,NA,NA,NA,NA,NA,NA
18,"(2) Teacher, instructor, or lead teacher",(1) White Only,"(6) Associate degree (AA, AS)",1983,2,36,Between 20 and 40,Between $11 and $20
NA,(1) Aide or assistant teacher,(1) White Only,(5) Some college credit but no degree,1985,1,34,Between 20 and 40,NA
9.5,"(2) Teacher, instructor, or lead teacher",(1) White Only,(4) High school graduate,1984,0,35,Between 20 and 40,Less than $10
8,(1) Aide or assistant teacher,(1) White Only,(5) Some college credit but no degree,1998,5,21,Between 20 and 40,Less than $10
7.09090909091,(1) Aide or assistant teacher,(2) Black or African American Only,(5) Some college credit but no degree,1988,4,31,Between 20 and 40,Less than $10
15.9,(1) Aide or assistant teacher,(1) White Only,(8) Graduate or professional degree,1986,4,33,Between 20 and 40,Between $11 and $20
10.77,"(2) Teacher, instructor, or lead teacher",(2) Black or African American Only,(8) Graduate or professional degree,1967,1,52,More than 51,NA
51.42857142858,(1) Aide or assistant teacher,(1) White Only,(4) High school graduate,1998,12,21,Between 20 and 40,More than $31
9,(1) Aide or assistant teacher,(1) White Only,(4) High school graduate,1998,5,21,Between 20 and 40,Less than $10
11.7,"(2) Teacher, instructor, or lead teacher",(2) Black or African American Only,(5) Some college credit but no degree,1996,0,23,Between 20 and 40,Between $11 and $20
NA,NA,NA,NA,NA,NA,NA,NA,NA
15.11627906977,"(2) Teacher, instructor, or lead teacher",(2) Black or African American Only,(4) High school graduate,1964,4,55,More than 51,Between $11 and $20
3.57142857143,(1) Aide or assistant teacher,(1) White Only,NA,1998,0,21,Between 20 and 40,Less than $10
NA,NA,NA,NA,NA,NA,NA,NA,NA
NA,NA,NA,NA,NA,NA,NA,NA,NA
15.9375,"(2) Teacher, instructor, or lead teacher",(1) White Only,(8) Graduate or professional degree,1975,0,44,Between 41 and 50,Between $11 and $20
27.77777777778,"(2) Teacher, instructor, or lead teacher",(2) Black or African American Only,(8) Graduate or professional degree,1978,9.333333333333,41,Between 41 and 50,Between $21 and $30
15,(1) Aide or assistant teacher,(1) White Only,"(7) Bachelor's degree (BA, BS, AB)",1980,0,39,Between 20 and 40,Between $11 and $20
15,"(2) Teacher, instructor, or lead teacher",(1) White Only,(5) Some college credit but no degree,1986,0,33,Between 20 and 40,Between $11 and $20
10.5,"(2) Teacher, instructor, or lead teacher",(1) White Only,(4) High school graduate,1966,0,53,More than 51,NA
33.27205882353,"(2) Teacher, instructor, or lead teacher",(1) White Only,(8) Graduate or professional degree,1990,2,29,Between 20 and 40,More than $31
NA,NA,NA,NA,NA,NA,NA,NA,NA
20.55,"(2) Teacher, instructor, or lead teacher",NA,(5) Some college credit but no degree,1982,0,37,Between 20 and 40,NA
20,"(2) Teacher, instructor, or lead teacher",(2) Black or African American Only,"(6) Associate degree (AA, AS)",1981,0,38,Between 20 and 40,Between $11 and $20
NA,"(2) Teacher, instructor, or lead teacher",(2) Black or African American Only,NA,NA,NA,NA,NA,NA
8.73750000001,(1) Aide or assistant teacher,(1) White Only,(4) High school graduate,1993,0,26,Between 20 and 40,Less than $10
21.88,(1) Aide or assistant teacher,(1) White Only,"(6) Associate degree (AA, AS)",1977,0,42,Between 41 and 50,Between $21 and $30
14.21568627451,"(2) Teacher, instructor, or lead teacher",(1) White Only,"(7) Bachelor's degree (BA, BS, AB)",1992,13,27,Between 20 and 40,Between $11 and $20
10,"(2) Teacher, instructor, or lead teacher",(2) Black or African American Only,(1) Less than High School,1967,3,52,More than 51,Less than $10
NA,"(2) Teacher, instructor, or lead teacher",(2) Black or African American Only,"(6) Associate degree (AA, AS)",1971,4,48,Between 41 and 50,NA
16.25,"(2) Teacher, instructor, or lead teacher",(1) White Only,"(7) Bachelor's degree (BA, BS, AB)",1986,0,33,Between 20 and 40,Between $11 and $20
15.21739130435,"(2) Teacher, instructor, or lead teacher",(8) Other,(5) Some college credit but no degree,1992,7,27,Between 20 and 40,Between $11 and $20
13.23,(1) Aide or assistant teacher,(1) White Only,(5) Some college credit but no degree,1958,0,61,More than 51,Between $11 and $20
16,"(2) Teacher, instructor, or lead teacher",(1) White Only,"(6) Associate degree (AA, AS)",1993,6,26,Between 20 and 40,Between $11 and $20
NA,NA,NA,NA,NA,NA,NA,NA,NA
26.77222222223,"(2) Teacher, instructor, or lead teacher",(1) White Only,"(7) Bachelor's degree (BA, BS, AB)",1982,0,37,Between 20 and 40,Between $21 and $30
13,(1) Aide or assistant teacher,(3) Asian Only,"(7) Bachelor's degree (BA, BS, AB)",1993,5,26,Between 20 and 40,Between $11 and $20
30,"(2) Teacher, instructor, or lead teacher",(1) White Only,"(6) Associate degree (AA, AS)",1967,1,52,More than 51,Between $21 and $30
14.45,"(2) Teacher, instructor, or lead teacher",(2) Black or African American Only,"(7) Bachelor's degree (BA, BS, AB)",1990,17,29,Between 20 and 40,Between $11 and $20
NA,"(2) Teacher, instructor, or lead teacher",(1) White Only,"(6) Associate degree (AA, AS)",NA,0,NA,NA,NA
7.5,"(2) Teacher, instructor, or lead teacher",(2) Black or African American Only,(8) Graduate or professional degree,1961,1,58,More than 51,Less than $10
16.57,"(2) Teacher, instructor, or lead teacher",(2) Black or African American Only,"(7) Bachelor's degree (BA, BS, AB)",1978,1,41,Between 41 and 50,Between $11 and $20
NA,NA,NA,NA,NA,NA,NA,NA,NA
12.19,(1) Aide or assistant teacher,(1) White Only,(4) High school graduate,1983,2,36,Between 20 and 40,Between $11 and $20
20,"(2) Teacher, instructor, or lead teacher",(1) White Only,"(7) Bachelor's degree (BA, BS, AB)",1970,0,49,Between 41 and 50,Between $11 and $20
7.5,"(2) Teacher, instructor, or lead teacher",(1) White Only,(4) High school graduate,1998,0,21,Between 20 and 40,Less than $10
13,"(2) Teacher, instructor, or lead teacher",(8) Other,"(6) Associate degree (AA, AS)",1983,0,36,Between 20 and 40,Between $11 and $20
9.5,(1) Aide or assistant teacher,(3) Asian Only,(8) Graduate or professional degree,1961,0,58,More than 51,Less than $10
9,(1) Aide or assistant teacher,(1) White Only,(1) Less than High School,1984,0,35,Between 20 and 40,Less than $10
9,(1) Aide or assistant teacher,(1) White Only,"(6) Associate degree (AA, AS)",1983,0,36,Between 20 and 40,Less than $10
10,"(2) Teacher, instructor, or lead teacher",(1) White Only,(5) Some college credit but no degree,1990,16,29,Between 20 and 40,Less than $10
20.007,"(2) Teacher, instructor, or lead teacher",NA,"(7) Bachelor's degree (BA, BS, AB)",1964,0,55,More than 51,NA
NA,NA,NA,NA,NA,NA,NA,NA,NA
12.5,(1) Aide or assistant teacher,(1) White Only,(5) Some college credit but no degree,1987,0,32,Between 20 and 40,Between $11 and $20
15.3,"(2) Teacher, instructor, or lead teacher",(2) Black or African American Only,(5) Some college credit but no degree,1991,0,28,Between 20 and 40,Between $11 and $20
10.5,(1) Aide or assistant teacher,(2) Black or African American Only,"(6) Associate degree (AA, AS)",1977,1,42,Between 41 and 50,NA
10.5,(1) Aide or assistant teacher,(8) Other,(4) High school graduate,1998,6,21,Between 20 and 40,NA
12.5,"(2) Teacher, instructor, or lead teacher",(2) Black or African American Only,"(7) Bachelor's degree (BA, BS, AB)",1958,0,61,More than 51,Between $11 and $20
15.625,(1) Aide or assistant teacher,(1) White Only,"(6) Associate degree (AA, AS)",1968,2,51,More than 51,Between $11 and $20
9.16666666667,"(2) Teacher, instructor, or lead teacher",(1) White Only,(3) GED or high school equivalency,1981,7,38,Between 20 and 40,Less than $10
NA,"(2) Teacher, instructor, or lead teacher",(1) White Only,(5) Some college credit but no degree,1950,5,69,More than 51,NA
16.28,"(2) Teacher, instructor, or lead teacher",(1) White Only,"(7) Bachelor's degree (BA, BS, AB)",NA,2,NA,NA,Between $11 and $20
NA,NA,NA,NA,NA,NA,NA,NA,NA
12.8125,(1) Aide or assistant teacher,(1) White Only,"(6) Associate degree (AA, AS)",1963,0,56,More than 51,Between $11 and $20
12.83,"(2) Teacher, instructor, or lead teacher",(1) White Only,"(7) Bachelor's degree (BA, BS, AB)",1985,16,34,Between 20 and 40,Between $11 and $20
NA,"(2) Teacher, instructor, or lead teacher",(1) White Only,(4) High school graduate,1974,0,45,Between 41 and 50,NA
NA,NA,NA,NA,NA,NA,NA,NA,NA
NA,NA,NA,NA,NA,NA,NA,NA,NA
9,"(2) Teacher, instructor, or lead teacher",(1) White Only,(4) High school graduate,1984,0,35,Between 20 and 40,Less than $10
5.95535714286,(1) Aide or assistant teacher,(2) Black or African American Only,(5) Some college credit but no degree,1981,1,38,Between 20 and 40,Less than $10
NA,NA,NA,NA,NA,NA,NA,NA,NA
11,(1) Aide or assistant teacher,(1) White Only,(5) Some college credit but no degree,1964,2,55,More than 51,Between $11 and $20
NA,NA,NA,NA,NA,NA,NA,NA,NA
8.25,"(2) Teacher, instructor, or lead teacher",(2) Black or African American Only,(4) High school graduate,1994,3,25,Between 20 and 40,Less than $10
37.1052631579,"(2) Teacher, instructor, or lead teacher",(1) White Only,"(7) Bachelor's degree (BA, BS, AB)",1978,1,41,Between 41 and 50,More than $31
NA,"(2) Teacher, instructor, or lead teacher",(2) Black or African American Only,"(7) Bachelor's degree (BA, BS, AB)",1950,1,69,More than 51,NA
25,"(2) Teacher, instructor, or lead teacher",(1) White Only,(8) Graduate or professional degree,1964,0,55,More than 51,Between $21 and $30
10.75,(1) Aide or assistant teacher,(1) White Only,"(6) Associate degree (AA, AS)",1976,6,43,Between 41 and 50,NA
19.36,"(2) Teacher, instructor, or lead teacher",(3) Asian Only,"(6) Associate degree (AA, AS)",1975,0,44,Between 41 and 50,Between $11 and $20
15.30612244898,"(2) Teacher, instructor, or lead teacher",(2) Black or African American Only,"(6) Associate degree (AA, AS)",1960,1,59,More than 51,Between $11 and $20
12,(1) Aide or assistant teacher,(2) Black or African American Only,(4) High school graduate,1994,3,25,Between 20 and 40,Between $11 and $20
NA,NA,NA,NA,NA,NA,NA,NA,NA
15,"(2) Teacher, instructor, or lead teacher",(1) White Only,(5) Some college credit but no degree,1985,3,34,Between 20 and 40,Between $11 and $20
15.25,"(2) Teacher, instructor, or lead teacher",(1) White Only,"(7) Bachelor's degree (BA, BS, AB)",1985,4,34,Between 20 and 40,Between $11 and $20
16.5343915344,(1) Aide or assistant teacher,NA,(4) High school graduate,1986,0,33,Between 20 and 40,Between $11 and $20
30,"(2) Teacher, instructor, or lead teacher",(1) White Only,"(7) Bachelor's degree (BA, BS, AB)",1969,1,50,Between 41 and 50,Between $21 and $30
10,"(2) Teacher, instructor, or lead teacher",(1) White Only,(4) High school graduate,1993,4,26,Between 20 and 40,Less than $10
10.54054054055,(1) Aide or assistant teacher,(2) Black or African American Only,(5) Some college credit but no degree,1989,7,30,Between 20 and 40,NA
10.30000000001,(1) Aide or assistant teacher,(1) White Only,(5) Some college credit but no degree,1983,0,36,Between 20 and 40,NA
12.16216216217,"(2) Teacher, instructor, or lead teacher",(3) Asian Only,"(7) Bachelor's degree (BA, BS, AB)",NA,0,NA,NA,Between $11 and $20
9,"(2) Teacher, instructor, or lead teacher",(1) White Only,"(7) Bachelor's degree (BA, BS, AB)",1989,0,30,Between 20 and 40,Less than $10
20.4268292683,(1) Aide or assistant teacher,(1) White Only,"(7) Bachelor's degree (BA, BS, AB)",1970,0,49,Between 41 and 50,NA
13,"(2) Teacher, instructor, or lead teacher",(1) White Only,"(7) Bachelor's degree (BA, BS, AB)",1985,0,34,Between 20 and 40,Between $11 and $20
8,"(2) Teacher, instructor, or lead teacher",(1) White Only,(5) Some college credit but no degree,1998,0,21,Between 20 and 40,Less than $10
9.09090909091,"(2) Teacher, instructor, or lead teacher",(1) White Only,(5) Some college credit but no degree,1961,2,58,More than 51,Less than $10
14,"(2) Teacher, instructor, or lead teacher",(2) Black or African American Only,"(6) Associate degree (AA, AS)",1958,2,61,More than 51,Between $11 and $20
23,"(2) Teacher, instructor, or lead teacher",(1) White Only,"(7) Bachelor's degree (BA, BS, AB)",1972,3,47,Between 41 and 50,Between $21 and $30
10.5,"(2) Teacher, instructor, or lead teacher",(2) Black or African American Only,(4) High school graduate,1967,3,52,More than 51,NA
11.5,"(2) Teacher, instructor, or lead teacher",(1) White Only,(5) Some college credit but no degree,1983,2,36,Between 20 and 40,Between $11 and $20
17.5,(1) Aide or assistant teacher,(8) Other,(5) Some college credit but no degree,1976,3,43,Between 41 and 50,Between $11 and $20
23.07692307693,"(2) Teacher, instructor, or lead teacher",NA,"(7) Bachelor's degree (BA, BS, AB)",1962,4,57,More than 51,Between $21 and $30
12,"(2) Teacher, instructor, or lead teacher",(1) White Only,"(7) Bachelor's degree (BA, BS, AB)",1990,1,29,Between 20 and 40,Between $11 and $20
11.15,(1) Aide or assistant teacher,(1) White Only,"(7) Bachelor's degree (BA, BS, AB)",1983,0,36,Between 20 and 40,Between $11 and $20
12.25,(1) Aide or assistant teacher,(1) White Only,(5) Some college credit but no degree,1977,11,42,Between 41 and 50,Between $11 and $20
NA,"(2) Teacher, instructor, or lead teacher",(8) Other,(8) Graduate or professional degree,1958,6,61,More than 51,NA
25,(1) Aide or assistant teacher,(1) White Only,(8) Graduate or professional degree,1958,3,61,More than 51,Between $21 and $30
16.66666666667,"(2) Teacher, instructor, or lead teacher",(1) White Only,(5) Some college credit but no degree,1971,0,48,Between 41 and 50,Between $11 and $20
9,"(2) Teacher, instructor, or lead teacher",(1) White Only,(5) Some college credit but no degree,1973,0,46,Between 41 and 50,Less than $10
11.78,(1) Aide or assistant teacher,(1) White Only,"(7) Bachelor's degree (BA, BS, AB)",1969,0,50,Between 41 and 50,Between $11 and $20
14.14,"(2) Teacher, instructor, or lead teacher",NA,(4) High school graduate,1962,0,57,More than 51,Between $11 and $20
14,"(2) Teacher, instructor, or lead teacher",(1) White Only,"(7) Bachelor's degree (BA, BS, AB)",1995,4,24,Between 20 and 40,Between $11 and $20
12.5,(1) Aide or assistant teacher,(1) White Only,"(6) Associate degree (AA, AS)",1990,0,29,Between 20 and 40,Between $11 and $20
NA,NA,NA,NA,NA,NA,NA,NA,NA
12.4875,(1) Aide or assistant teacher,(3) Asian Only,"(6) Associate degree (AA, AS)",1958,3,61,More than 51,Between $11 and $20
5.55555555556,(1) Aide or assistant teacher,(1) White Only,(1) Less than High School,1998,5,21,Between 20 and 40,Less than $10
NA,"(2) Teacher, instructor, or lead teacher",(1) White Only,"(7) Bachelor's degree (BA, BS, AB)",1971,1,48,Between 41 and 50,NA
7.25,"(2) Teacher, instructor, or lead teacher",(1) White Only,(5) Some college credit but no degree,1987,5,32,Between 20 and 40,Less than $10
9,"(2) Teacher, instructor, or lead teacher",(8) Other,(5) Some college credit but no degree,1995,6,24,Between 20 and 40,Less than $10
14.2,"(2) Teacher, instructor, or lead teacher",(1) White Only,"(7) Bachelor's degree (BA, BS, AB)",1977,4,42,Between 41 and 50,Between $11 and $20
NA,NA,NA,NA,NA,NA,NA,NA,NA
NA,"(2) Teacher, instructor, or lead teacher",(1) White Only,(5) Some college credit but no degree,1976,1,43,Between 41 and 50,NA
NA,(1) Aide or assistant teacher,(1) White Only,(5) Some college credit but no degree,1960,NA,59,More than 51,NA
9.5,"(2) Teacher, instructor, or lead teacher",(2) Black or African American Only,(4) High school graduate,1989,8,30,Between 20 and 40,Less than $10
8.5,"(2) Teacher, instructor, or lead teacher",(2) Black or African American Only,(4) High school graduate,1950,2,69,More than 51,Less than $10
13,(1) Aide or assistant teacher,(8) Other,"(7) Bachelor's degree (BA, BS, AB)",1994,0,25,Between 20 and 40,Between $11 and $20
NA,NA,NA,NA,NA,NA,NA,NA,NA
NA,NA,NA,NA,NA,NA,NA,NA,NA
NA,NA,NA,NA,NA,NA,NA,NA,NA
NA,NA,NA,NA,NA,NA,NA,NA,NA
13.125,(1) Aide or assistant teacher,(1) White Only,"(7) Bachelor's degree (BA, BS, AB)",1990,1,29,Between 20 and 40,Between $11 and $20
8.25,(1) Aide or assistant teacher,(2) Black or African American Only,(1) Less than High School,1973,1,46,Between 41 and 50,Less than $10
15.5,"(2) Teacher, instructor, or lead teacher",(1) White Only,"(7) Bachelor's degree (BA, BS, AB)",1982,1,37,Between 20 and 40,Between $11 and $20
16.5,"(2) Teacher, instructor, or lead teacher",(1) White Only,"(7) Bachelor's degree (BA, BS, AB)",1992,6,27,Between 20 and 40,Between $11 and $20
11.55,"(2) Teacher, instructor, or lead teacher",(1) White Only,(4) High school graduate,1979,2,40,Between 20 and 40,Between $11 and $20
10.15,(1) Aide or assistant teacher,NA,"(7) Bachelor's degree (BA, BS, AB)",NA,4.666666666667,NA,NA,NA
NA,"(2) Teacher, instructor, or lead teacher",(2) Black or African American Only,(8) Graduate or professional degree,1967,0,52,More than 51,NA
10.625,"(2) Teacher, instructor, or lead teacher",(1) White Only,(4) High school graduate,1984,0,35,Between 20 and 40,NA
NA,(1) Aide or assistant teacher,(1) White Only,(4) High school graduate,NA,3,NA,NA,NA
12.01923076924,"(2) Teacher, instructor, or lead teacher",(2) Black or African American Only,"(7) Bachelor's degree (BA, BS, AB)",1985,2,34,Between 20 and 40,Between $11 and $20
NA,"(2) Teacher, instructor, or lead teacher",(1) White Only,(5) Some college credit but no degree,1962,0,57,More than 51,NA
NA,NA,NA,NA,NA,NA,NA,NA,NA
NA,NA,NA,NA,NA,NA,NA,NA,NA
16,"(2) Teacher, instructor, or lead teacher",(1) White Only,(5) Some college credit but no degree,1970,8,49,Between 41 and 50,Between $11 and $20
9.06432748539,"(2) Teacher, instructor, or lead teacher",(1) White Only,(4) High school graduate,1992,4,27,Between 20 and 40,Less than $10
11,"(2) Teacher, instructor, or lead teacher",(1) White Only,(4) High school graduate,1976,0,43,Between 41 and 50,Between $11 and $20
10.7,"(2) Teacher, instructor, or lead teacher",(3) Asian Only,"(7) Bachelor's degree (BA, BS, AB)",1976,2,43,Between 41 and 50,NA
9,"(2) Teacher, instructor, or lead teacher",(1) White Only,(5) Some college credit but no degree,1991,0,28,Between 20 and 40,Less than $10
NA,NA,NA,NA,NA,NA,NA,NA,NA
NA,(1) Aide or assistant teacher,NA,"(6) Associate degree (AA, AS)",NA,0,NA,NA,NA
9,"(2) Teacher, instructor, or lead teacher",(1) White Only,(8) Graduate or professional degree,1981,0,38,Between 20 and 40,Less than $10
51.42857142858,(1) Aide or assistant teacher,(8) Other,(3) GED or high school equivalency,1989,0,30,Between 20 and 40,More than $31
15,(1) Aide or assistant teacher,(1) White Only,(5) Some college credit but no degree,1973,0,46,Between 41 and 50,Between $11 and $20
NA,"(2) Teacher, instructor, or lead teacher",(2) Black or African American Only,(8) Graduate or professional degree,1958,0,61,More than 51,NA
NA,"(2) Teacher, instructor, or lead teacher",(1) White Only,"(6) Associate degree (AA, AS)",1969,0,50,Between 41 and 50,NA
13.12195121952,"(2) Teacher, instructor, or lead teacher",(1) White Only,(5) Some college credit but no degree,1964,1,55,More than 51,Between $11 and $20
12.5,"(2) Teacher, instructor, or lead teacher",(1) White Only,"(6) Associate degree (AA, AS)",1962,0,57,More than 51,Between $11 and $20
14.51,"(2) Teacher, instructor, or lead teacher",(1) White Only,"(7) Bachelor's degree (BA, BS, AB)",1984,1,35,Between 20 and 40,Between $11 and $20
24.39024390244,"(2) Teacher, instructor, or lead teacher",(1) White Only,"(7) Bachelor's degree (BA, BS, AB)",1965,3,54,More than 51,Between $21 and $30
2.5,(1) Aide or assistant teacher,(2) Black or African American Only,"(7) Bachelor's degree (BA, BS, AB)",1950,3,69,More than 51,Less than $10
NA,NA,NA,NA,NA,NA,NA,NA,NA
9.78260869566,(1) Aide or assistant teacher,(1) White Only,(4) High school graduate,1974,0,45,Between 41 and 50,Less than $10
11,"(2) Teacher, instructor, or lead teacher",(2) Black or African American Only,"(6) Associate degree (AA, AS)",1973,5,46,Between 41 and 50,Between $11 and $20
10.625,"(2) Teacher, instructor, or lead teacher",(2) Black or African American Only,(5) Some college credit but no degree,1964,0,55,More than 51,NA
15,(3) Other/undetermined,(1) White Only,"(7) Bachelor's degree (BA, BS, AB)",1996,7,23,Between 20 and 40,Between $11 and $20
13.5,"(2) Teacher, instructor, or lead teacher",NA,(4) High school graduate,1958,2,61,More than 51,Between $11 and $20
8,(1) Aide or assistant teacher,(2) Black or African American Only,(4) High school graduate,1998,4,21,Between 20 and 40,Less than $10
10.5,(1) Aide or assistant teacher,(1) White Only,(5) Some college credit but no degree,1983,0,36,Between 20 and 40,NA
7.25,(1) Aide or assistant teacher,(1) White Only,(5) Some college credit but no degree,1992,4,27,Between 20 and 40,Less than $10
NA,NA,NA,NA,NA,NA,NA,NA,NA
15.43209876544,"(2) Teacher, instructor, or lead teacher",(1) White Only,"(7) Bachelor's degree (BA, BS, AB)",1994,7,25,Between 20 and 40,Between $11 and $20
10.5,"(2) Teacher, instructor, or lead teacher",(1) White Only,(4) High school graduate,1961,1,58,More than 51,NA
7.25,"(2) Teacher, instructor, or lead teacher",(1) White Only,"(6) Associate degree (AA, AS)",1958,1,61,More than 51,Less than $10
13,"(2) Teacher, instructor, or lead teacher",(2) Black or African American Only,(4) High school graduate,1988,0,31,Between 20 and 40,Between $11 and $20
10,(1) Aide or assistant teacher,(2) Black or African American Only,(5) Some college credit but no degree,1998,0,21,Between 20 and 40,Less than $10
12.15,"(2) Teacher, instructor, or lead teacher",(2) Black or African American Only,"(6) Associate degree (AA, AS)",1976,4,43,Between 41 and 50,Between $11 and $20
12,"(2) Teacher, instructor, or lead teacher",(1) White Only,"(6) Associate degree (AA, AS)",1950,3,69,More than 51,Between $11 and $20
12.5,"(2) Teacher, instructor, or lead teacher",(1) White Only,(4) High school graduate,1989,1,30,Between 20 and 40,Between $11 and $20
11.25,"(2) Teacher, instructor, or lead teacher",(2) Black or African American Only,"(6) Associate degree (AA, AS)",1960,3,59,More than 51,Between $11 and $20
10.35,"(2) Teacher, instructor, or lead teacher",(2) Black or African American Only,"(6) Associate degree (AA, AS)",1960,3,59,More than 51,NA
9,"(2) Teacher, instructor, or lead teacher",(1) White Only,(4) High school graduate,1998,3,21,Between 20 and 40,Less than $10
52.5,(1) Aide or assistant teacher,NA,"(7) Bachelor's degree (BA, BS, AB)",1996,0,23,Between 20 and 40,More than $31
14,"(2) Teacher, instructor, or lead teacher",(1) White Only,"(7) Bachelor's degree (BA, BS, AB)",1983,0,36,Between 20 and 40,Between $11 and $20
10,"(2) Teacher, instructor, or lead teacher",(2) Black or African American Only,(5) Some college credit but no degree,1985,2,34,Between 20 and 40,Less than $10
10,"(2) Teacher, instructor, or lead teacher",(1) White Only,(4) High school graduate,1995,0,24,Between 20 and 40,Less than $10
7.25,"(2) Teacher, instructor, or lead teacher",NA,(4) High school graduate,NA,3,NA,NA,Less than $10
11.15,(1) Aide or assistant teacher,(1) White Only,(4) High school graduate,1950,3,69,More than 51,Between $11 and $20
16,"(2) Teacher, instructor, or lead teacher",(1) White Only,(4) High school graduate,1963,0,56,More than 51,Between $11 and $20
19.23076923077,(1) Aide or assistant teacher,(8) Other,"(7) Bachelor's degree (BA, BS, AB)",1974,0,45,Between 41 and 50,Between $11 and $20
22.05882352942,"(2) Teacher, instructor, or lead teacher",(1) White Only,"(7) Bachelor's degree (BA, BS, AB)",1972,5,47,Between 41 and 50,Between $21 and $30
23.94,"(2) Teacher, instructor, or lead teacher",NA,"(7) Bachelor's degree (BA, BS, AB)",1983,3,36,Between 20 and 40,Between $21 and $30
15,(1) Aide or assistant teacher,NA,"(7) Bachelor's degree (BA, BS, AB)",NA,NA,NA,NA,Between $11 and $20
11,(1) Aide or assistant teacher,(3) Asian Only,(4) High school graduate,1998,0,21,Between 20 and 40,Between $11 and $20
21,"(2) Teacher, instructor, or lead teacher",NA,(8) Graduate or professional degree,1967,0,52,More than 51,Between $21 and $30
14,(1) Aide or assistant teacher,(1) White Only,(4) High school graduate,1968,0,51,More than 51,Between $11 and $20
9,"(2) Teacher, instructor, or lead teacher",(1) White Only,(4) High school graduate,1995,0,24,Between 20 and 40,Less than $10
23.07692307693,"(2) Teacher, instructor, or lead teacher",(1) White Only,"(7) Bachelor's degree (BA, BS, AB)",1987,2,32,Between 20 and 40,Between $21 and $30
12.75,"(2) Teacher, instructor, or lead teacher",(8) Other,(4) High school graduate,1970,1,49,Between 41 and 50,Between $11 and $20
9,(1) Aide or assistant teacher,(1) White Only,(5) Some college credit but no degree,1998,0,21,Between 20 and 40,Less than $10
16,(1) Aide or assistant teacher,(2) Black or African American Only,(4) High school graduate,1974,0,45,Between 41 and 50,Between $11 and $20
25.6093125,(1) Aide or assistant teacher,(1) White Only,"(6) Associate degree (AA, AS)",1950,0,69,More than 51,Between $21 and $30
17.22,(1) Aide or assistant teacher,(1) White Only,(5) Some college credit but no degree,1966,6,53,More than 51,Between $11 and $20
NA,(1) Aide or assistant teacher,(1) White Only,"(7) Bachelor's degree (BA, BS, AB)",1963,0,56,More than 51,NA
15,(1) Aide or assistant teacher,(1) White Only,"(6) Associate degree (AA, AS)",1996,0,23,Between 20 and 40,Between $11 and $20
23,"(2) Teacher, instructor, or lead teacher",NA,"(7) Bachelor's degree (BA, BS, AB)",1975,0,44,Between 41 and 50,Between $21 and $30
17,"(2) Teacher, instructor, or lead teacher",(1) White Only,"(7) Bachelor's degree (BA, BS, AB)",1992,0,27,Between 20 and 40,Between $11 and $20
NA,(1) Aide or assistant teacher,NA,NA,NA,NA,NA,NA,NA
18.47222222223,"(2) Teacher, instructor, or lead teacher",(1) White Only,"(7) Bachelor's degree (BA, BS, AB)",1974,7,45,Between 41 and 50,Between $11 and $20
11.25,"(2) Teacher, instructor, or lead teacher",(1) White Only,"(7) Bachelor's degree (BA, BS, AB)",1990,5,29,Between 20 and 40,Between $11 and $20
12,(1) Aide or assistant teacher,(1) White Only,"(6) Associate degree (AA, AS)",1998,1,21,Between 20 and 40,Between $11 and $20
12,"(2) Teacher, instructor, or lead teacher",NA,"(7) Bachelor's degree (BA, BS, AB)",1985,0,34,Between 20 and 40,Between $11 and $20
11.03,"(2) Teacher, instructor, or lead teacher",(1) White Only,(5) Some college credit but no degree,1960,0,59,More than 51,Between $11 and $20
NA,"(2) Teacher, instructor, or lead teacher",(2) Black or African American Only,(5) Some college credit but no degree,1972,2,47,Between 41 and 50,NA
11,(1) Aide or assistant teacher,NA,(5) Some college credit but no degree,1998,0,21,Between 20 and 40,Between $11 and $20
11.5,"(2) Teacher, instructor, or lead teacher",NA,(5) Some college credit but no degree,1977,0,42,Between 41 and 50,Between $11 and $20
6.25,(1) Aide or assistant teacher,(1) White Only,(5) Some college credit but no degree,1998,3,21,Between 20 and 40,Less than $10
7.75,"(2) Teacher, instructor, or lead teacher",(1) White Only,(5) Some college credit but no degree,1996,5,23,Between 20 and 40,Less than $10
11.5,"(2) Teacher, instructor, or lead teacher",NA,(4) High school graduate,1973,0,46,Between 41 and 50,Between $11 and $20
19.5,(1) Aide or assistant teacher,(1) White Only,(8) Graduate or professional degree,1985,0,34,Between 20 and 40,Between $11 and $20
10.1,(1) Aide or assistant teacher,(1) White Only,(5) Some college credit but no degree,1994,6,25,Between 20 and 40,NA
10,"(2) Teacher, instructor, or lead teacher",(1) White Only,(4) High school graduate,NA,0,NA,NA,Less than $10
NA,NA,NA,NA,NA,NA,NA,NA,NA
16.43,(1) Aide or assistant teacher,(3) Asian Only,"(7) Bachelor's degree (BA, BS, AB)",1984,0,35,Between 20 and 40,Between $11 and $20
63.33333333334,"(2) Teacher, instructor, or lead teacher",(1) White Only,(8) Graduate or professional degree,1965,1,54,More than 51,More than $31
11.33,(1) Aide or assistant teacher,(1) White Only,"(7) Bachelor's degree (BA, BS, AB)",1971,0,48,Between 41 and 50,Between $11 and $20
15.2,"(2) Teacher, instructor, or lead teacher",(2) Black or African American Only,"(7) Bachelor's degree (BA, BS, AB)",1978,5,41,Between 41 and 50,Between $11 and $20
NA,NA,NA,NA,NA,NA,NA,NA,NA
8.125,(1) Aide or assistant teacher,(2) Black or African American Only,(5) Some college credit but no degree,1991,1,28,Between 20 and 40,Less than $10
23.61111111112,"(2) Teacher, instructor, or lead teacher",(1) White Only,(8) Graduate or professional degree,1988,1,31,Between 20 and 40,Between $21 and $30
13,(1) Aide or assistant teacher,(2) Black or African American Only,(4) High school graduate,1998,0,21,Between 20 and 40,Between $11 and $20
NA,NA,NA,NA,NA,NA,NA,NA,NA
20,"(2) Teacher, instructor, or lead teacher",(1) White Only,"(7) Bachelor's degree (BA, BS, AB)",1978,0,41,Between 41 and 50,Between $11 and $20
12,"(2) Teacher, instructor, or lead teacher",(1) White Only,"(7) Bachelor's degree (BA, BS, AB)",1970,2,49,Between 41 and 50,Between $11 and $20
12,"(2) Teacher, instructor, or lead teacher",NA,"(6) Associate degree (AA, AS)",1995,0,24,Between 20 and 40,Between $11 and $20
10,(1) Aide or assistant teacher,(1) White Only,"(6) Associate degree (AA, AS)",1990,1,29,Between 20 and 40,Less than $10
13.5,(1) Aide or assistant teacher,(8) Other,(5) Some college credit but no degree,1995,7,24,Between 20 and 40,Between $11 and $20
11.76470588236,"(2) Teacher, instructor, or lead teacher",(1) White Only,(5) Some college credit but no degree,1968,0,51,More than 51,Between $11 and $20
15,"(2) Teacher, instructor, or lead teacher",(1) White Only,"(6) Associate degree (AA, AS)",1961,2,58,More than 51,Between $11 and $20
15.25,(1) Aide or assistant teacher,NA,"(6) Associate degree (AA, AS)",NA,NA,NA,NA,Between $11 and $20
16,(1) Aide or assistant teacher,(1) White Only,(5) Some college credit but no degree,1973,0,46,Between 41 and 50,Between $11 and $20
13.5,"(2) Teacher, instructor, or lead teacher",(1) White Only,(5) Some college credit but no degree,1968,4,51,More than 51,Between $11 and $20
NA,NA,NA,NA,NA,NA,NA,NA,NA
14.5,(1) Aide or assistant teacher,(1) White Only,"(7) Bachelor's degree (BA, BS, AB)",1996,1,23,Between 20 and 40,Between $11 and $20
12,"(2) Teacher, instructor, or lead teacher",(1) White Only,"(6) Associate degree (AA, AS)",NA,0,NA,NA,Between $11 and $20
11.5,"(2) Teacher, instructor, or lead teacher",(2) Black or African American Only,"(7) Bachelor's degree (BA, BS, AB)",1990,0,29,Between 20 and 40,Between $11 and $20
10,"(2) Teacher, instructor, or lead teacher",(2) Black or African American Only,(8) Graduate or professional degree,1983,0,36,Between 20 and 40,Less than $10
9.438225,"(2) Teacher, instructor, or lead teacher",(1) White Only,"(6) Associate degree (AA, AS)",1963,2,56,More than 51,Less than $10
12,(1) Aide or assistant teacher,(1) White Only,"(7) Bachelor's degree (BA, BS, AB)",1996,1,23,Between 20 and 40,Between $11 and $20
9,(1) Aide or assistant teacher,(2) Black or African American Only,"(6) Associate degree (AA, AS)",1990,2,29,Between 20 and 40,Less than $10
41.11111111112,(1) Aide or assistant teacher,(3) Asian Only,(8) Graduate or professional degree,1966,1,53,More than 51,More than $31
NA,NA,NA,NA,NA,NA,NA,NA,NA
17.34,"(2) Teacher, instructor, or lead teacher",(1) White Only,"(6) Associate degree (AA, AS)",1970,0,49,Between 41 and 50,Between $11 and $20
13.5,"(2) Teacher, instructor, or lead teacher",(8) Other,(4) High school graduate,1979,0,40,Between 20 and 40,Between $11 and $20
5.45454545455,"(2) Teacher, instructor, or lead teacher",(2) Black or African American Only,(5) Some college credit but no degree,1975,6,44,Between 41 and 50,Less than $10
10.75,"(2) Teacher, instructor, or lead teacher",(1) White Only,(5) Some college credit but no degree,1990,3,29,Between 20 and 40,NA
13,(1) Aide or assistant teacher,(1) White Only,"(7) Bachelor's degree (BA, BS, AB)",1990,4,29,Between 20 and 40,Between $11 and $20
9,"(2) Teacher, instructor, or lead teacher",(2) Black or African American Only,(5) Some college credit but no degree,1991,5,28,Between 20 and 40,Less than $10
7.62222222223,"(2) Teacher, instructor, or lead teacher",NA,(3) GED or high school equivalency,1988,0,31,Between 20 and 40,Less than $10
13,"(2) Teacher, instructor, or lead teacher",(1) White Only,"(6) Associate degree (AA, AS)",1960,0,59,More than 51,Between $11 and $20
18,"(2) Teacher, instructor, or lead teacher",(1) White Only,"(6) Associate degree (AA, AS)",1960,0,59,More than 51,Between $11 and $20
14.0503875969,(1) Aide or assistant teacher,(3) Asian Only,(8) Graduate or professional degree,1977,0,42,Between 41 and 50,Between $11 and $20
20,"(2) Teacher, instructor, or lead teacher",(1) White Only,"(7) Bachelor's degree (BA, BS, AB)",NA,0,NA,NA,Between $11 and $20
14,"(2) Teacher, instructor, or lead teacher",(1) White Only,(5) Some college credit but no degree,1967,3,52,More than 51,Between $11 and $20
21,(1) Aide or assistant teacher,(1) White Only,(8) Graduate or professional degree,1963,0,56,More than 51,Between $21 and $30
15,"(2) Teacher, instructor, or lead teacher",(2) Black or African American Only,(5) Some college credit but no degree,1988,0,31,Between 20 and 40,Between $11 and $20
19.44444444445,"(2) Teacher, instructor, or lead teacher",(8) Other,"(7) Bachelor's degree (BA, BS, AB)",1967,3,52,More than 51,Between $11 and $20
7.5,"(2) Teacher, instructor, or lead teacher",(8) Other,(5) Some college credit but no degree,1998,0,21,Between 20 and 40,Less than $10
15.4845,(1) Aide or assistant teacher,(1) White Only,"(7) Bachelor's degree (BA, BS, AB)",1962,0,57,More than 51,Between $11 and $20
24.71,"(2) Teacher, instructor, or lead teacher",(1) White Only,"(6) Associate degree (AA, AS)",1974,4,45,Between 41 and 50,Between $21 and $30
11,(1) Aide or assistant teacher,(1) White Only,"(7) Bachelor's degree (BA, BS, AB)",1964,0,55,More than 51,Between $11 and $20
8.25,(1) Aide or assistant teacher,(1) White Only,(5) Some college credit but no degree,1974,19,45,Between 41 and 50,Less than $10
48.87218045113,"(2) Teacher, instructor, or lead teacher",(1) White Only,(8) Graduate or professional degree,1982,3.5,37,Between 20 and 40,More than $31
12.5,(1) Aide or assistant teacher,(1) White Only,(5) Some college credit but no degree,1986,1,33,Between 20 and 40,Between $11 and $20
12.13,(1) Aide or assistant teacher,(1) White Only,(5) Some college credit but no degree,1993,0,26,Between 20 and 40,Between $11 and $20
11,"(2) Teacher, instructor, or lead teacher",(1) White Only,(4) High school graduate,1987,0,32,Between 20 and 40,Between $11 and $20
16.16,"(2) Teacher, instructor, or lead teacher",(1) White Only,"(7) Bachelor's degree (BA, BS, AB)",1991,2,28,Between 20 and 40,Between $11 and $20
NA,NA,NA,NA,NA,NA,NA,NA,NA
5.678125,(1) Aide or assistant teacher,NA,(4) High school graduate,1998,0,21,Between 20 and 40,Less than $10
12.5,"(2) Teacher, instructor, or lead teacher",(1) White Only,"(6) Associate degree (AA, AS)",1973,0,46,Between 41 and 50,Between $11 and $20
8.75,"(2) Teacher, instructor, or lead teacher",(1) White Only,(5) Some college credit but no degree,1971,4.666666666667,48,Between 41 and 50,Less than $10
NA,(1) Aide or assistant teacher,(2) Black or African American Only,(4) High school graduate,1995,NA,24,Between 20 and 40,NA
28.33333333334,"(2) Teacher, instructor, or lead teacher",(8) Other,(1) Less than High School,1995,NA,24,Between 20 and 40,Between $21 and $30
16,"(2) Teacher, instructor, or lead teacher",(1) White Only,"(7) Bachelor's degree (BA, BS, AB)",1995,0,24,Between 20 and 40,Between $11 and $20
11.25,"(2) Teacher, instructor, or lead teacher",(1) White Only,(5) Some college credit but no degree,1995,8,24,Between 20 and 40,Between $11 and $20
29.16666666667,(1) Aide or assistant teacher,(1) White Only,"(7) Bachelor's degree (BA, BS, AB)",1998,2,21,Between 20 and 40,Between $21 and $30
3.67346938776,"(2) Teacher, instructor, or lead teacher",(2) Black or African American Only,(4) High school graduate,1965,3,54,More than 51,Less than $10
11,(1) Aide or assistant teacher,(1) White Only,(5) Some college credit but no degree,1963,0,56,More than 51,Between $11 and $20
16,(1) Aide or assistant teacher,(1) White Only,"(6) Associate degree (AA, AS)",1995,0,24,Between 20 and 40,Between $11 and $20
23,"(2) Teacher, instructor, or lead teacher",(2) Black or African American Only,(8) Graduate or professional degree,1980,0,39,Between 20 and 40,Between $21 and $30
10.1,(1) Aide or assistant teacher,(1) White Only,(3) GED or high school equivalency,1998,6,21,Between 20 and 40,NA
17,(1) Aide or assistant teacher,(3) Asian Only,(8) Graduate or professional degree,1985,2,34,Between 20 and 40,Between $11 and $20
NA,NA,NA,NA,NA,NA,NA,NA,NA
13,(1) Aide or assistant teacher,(1) White Only,(5) Some college credit but no degree,1969,1,50,Between 41 and 50,Between $11 and $20
NA,"(2) Teacher, instructor, or lead teacher",(1) White Only,"(7) Bachelor's degree (BA, BS, AB)",1971,1,48,Between 41 and 50,NA
11.06382978724,(1) Aide or assistant teacher,(8) Other,"(7) Bachelor's degree (BA, BS, AB)",1980,0,39,Between 20 and 40,Between $11 and $20
10.25,"(2) Teacher, instructor, or lead teacher",(2) Black or African American Only,(4) High school graduate,1978,0,41,Between 41 and 50,NA
12.5,"(2) Teacher, instructor, or lead teacher",(2) Black or African American Only,(5) Some college credit but no degree,1995,5,24,Between 20 and 40,Between $11 and $20
18,"(2) Teacher, instructor, or lead teacher",(2) Black or African American Only,"(6) Associate degree (AA, AS)",1950,1,69,More than 51,Between $11 and $20
10.9,(1) Aide or assistant teacher,(1) White Only,"(6) Associate degree (AA, AS)",1967,3,52,More than 51,NA
9.58605664489,(1) Aide or assistant teacher,(1) White Only,"(7) Bachelor's degree (BA, BS, AB)",1950,1.166666666667,69,More than 51,Less than $10
12.1,"(2) Teacher, instructor, or lead teacher",(1) White Only,"(6) Associate degree (AA, AS)",1994,11,25,Between 20 and 40,Between $11 and $20
19,(1) Aide or assistant teacher,(1) White Only,(5) Some college credit but no degree,1981,2,38,Between 20 and 40,Between $11 and $20
15.5,"(2) Teacher, instructor, or lead teacher",NA,(5) Some college credit but no degree,1994,1,25,Between 20 and 40,Between $11 and $20
17,"(2) Teacher, instructor, or lead teacher",(1) White Only,"(7) Bachelor's degree (BA, BS, AB)",1988,0,31,Between 20 and 40,Between $11 and $20
10,"(2) Teacher, instructor, or lead teacher",(1) White Only,(4) High school graduate,1986,0,33,Between 20 and 40,Less than $10
8.5,(1) Aide or assistant teacher,(3) Asian Only,"(7) Bachelor's degree (BA, BS, AB)",1984,0,35,Between 20 and 40,Less than $10
34.88372093024,"(2) Teacher, instructor, or lead teacher",(3) Asian Only,"(7) Bachelor's degree (BA, BS, AB)",1962,0,57,More than 51,More than $31
15,"(2) Teacher, instructor, or lead teacher",(1) White Only,"(7) Bachelor's degree (BA, BS, AB)",1964,5,55,More than 51,Between $11 and $20
9,(1) Aide or assistant teacher,(2) Black or African American Only,"(6) Associate degree (AA, AS)",1969,4,50,Between 41 and 50,Less than $10
NA,"(2) Teacher, instructor, or lead teacher",(1) White Only,(4) High school graduate,1950,6,69,More than 51,NA
10.35,(1) Aide or assistant teacher,(1) White Only,"(6) Associate degree (AA, AS)",1963,0,56,More than 51,NA
16.96252465484,"(2) Teacher, instructor, or lead teacher",(1) White Only,(8) Graduate or professional degree,1958,0,61,More than 51,Between $11 and $20
NA,NA,NA,NA,NA,NA,NA,NA,NA
12.79,(1) Aide or assistant teacher,NA,(5) Some college credit but no degree,1995,0,24,Between 20 and 40,Between $11 and $20
11.5,"(2) Teacher, instructor, or lead teacher",NA,(3) GED or high school equivalency,1950,5,69,More than 51,Between $11 and $20
NA,NA,NA,NA,NA,NA,NA,NA,NA
NA,NA,NA,NA,NA,NA,NA,NA,NA
NA,NA,NA,NA,NA,NA,NA,NA,NA
NA,NA,NA,NA,NA,NA,NA,NA,NA
NA,NA,NA,NA,NA,NA,NA,NA,NA
12.5,"(2) Teacher, instructor, or lead teacher",(1) White Only,(4) High school graduate,1992,5,27,Between 20 and 40,Between $11 and $20
19,"(2) Teacher, instructor, or lead teacher",(1) White Only,"(6) Associate degree (AA, AS)",1983,2,36,Between 20 and 40,Between $11 and $20
NA,NA,NA,NA,NA,NA,NA,NA,NA
10,"(2) Teacher, instructor, or lead teacher",(1) White Only,(5) Some college credit but no degree,1980,14,39,Between 20 and 40,Less than $10
29.8,(1) Aide or assistant teacher,(1) White Only,"(6) Associate degree (AA, AS)",1963,1,56,More than 51,Between $21 and $30
NA,(1) Aide or assistant teacher,(1) White Only,"(6) Associate degree (AA, AS)",NA,5,NA,NA,NA
16,(1) Aide or assistant teacher,(3) Asian Only,(8) Graduate or professional degree,1958,0,61,More than 51,Between $11 and $20
15,(1) Aide or assistant teacher,NA,(5) Some college credit but no degree,1974,2,45,Between 41 and 50,Between $11 and $20
NA,NA,NA,NA,NA,NA,NA,NA,NA
NA,NA,NA,NA,NA,NA,NA,NA,NA
NA,NA,NA,NA,NA,NA,NA,NA,NA
33.33333333334,"(2) Teacher, instructor, or lead teacher",(1) White Only,"(7) Bachelor's degree (BA, BS, AB)",1961,2,58,More than 51,More than $31
NA,NA,NA,NA,NA,NA,NA,NA,NA
NA,"(2) Teacher, instructor, or lead teacher",NA,"(7) Bachelor's degree (BA, BS, AB)",1961,0,58,More than 51,NA
NA,NA,NA,NA,NA,NA,NA,NA,NA
16.5,"(2) Teacher, instructor, or lead teacher",(1) White Only,(5) Some college credit but no degree,1981,3,38,Between 20 and 40,Between $11 and $20
NA,"(2) Teacher, instructor, or lead teacher",NA,"(6) Associate degree (AA, AS)",1958,0,61,More than 51,NA
9.5,"(2) Teacher, instructor, or lead teacher",(2) Black or African American Only,(1) Less than High School,1970,0,49,Between 41 and 50,Less than $10
10,"(2) Teacher, instructor, or lead teacher",(1) White Only,"(7) Bachelor's degree (BA, BS, AB)",1986,3,33,Between 20 and 40,Less than $10
8,(1) Aide or assistant teacher,(1) White Only,(5) Some college credit but no degree,1998,6,21,Between 20 and 40,Less than $10
13,(1) Aide or assistant teacher,(2) Black or African American Only,"(6) Associate degree (AA, AS)",1984,2,35,Between 20 and 40,Between $11 and $20
10,"(2) Teacher, instructor, or lead teacher",(2) Black or African American Only,"(6) Associate degree (AA, AS)",1994,4,25,Between 20 and 40,Less than $10
9,"(2) Teacher, instructor, or lead teacher",NA,(1) Less than High School,1950,10,69,More than 51,Less than $10
9,"(2) Teacher, instructor, or lead teacher",(2) Black or African American Only,(1) Less than High School,1950,3,69,More than 51,Less than $10
7.5,"(2) Teacher, instructor, or lead teacher",(2) Black or African American Only,(4) High school graduate,1996,3,23,Between 20 and 40,Less than $10
15,"(2) Teacher, instructor, or lead teacher",(1) White Only,(5) Some college credit but no degree,1966,3,53,More than 51,Between $11 and $20
12,(1) Aide or assistant teacher,(1) White Only,"(7) Bachelor's degree (BA, BS, AB)",1995,0,24,Between 20 and 40,Between $11 and $20
1.86170212766,"(2) Teacher, instructor, or lead teacher",(1) White Only,(8) Graduate or professional degree,1950,4,69,More than 51,Less than $10
8,"(2) Teacher, instructor, or lead teacher",(2) Black or African American Only,(3) GED or high school equivalency,1985,1,34,Between 20 and 40,Less than $10
7.25,"(2) Teacher, instructor, or lead teacher",(1) White Only,(5) Some college credit but no degree,1998,0,21,Between 20 and 40,Less than $10
20.68,(1) Aide or assistant teacher,(1) White Only,"(6) Associate degree (AA, AS)",1973,0,46,Between 41 and 50,NA
51.42857142858,"(2) Teacher, instructor, or lead teacher",(2) Black or African American Only,(5) Some college credit but no degree,1973,3,46,Between 41 and 50,More than $31
NA,NA,NA,NA,NA,NA,NA,NA,NA
12.72,"(2) Teacher, instructor, or lead teacher",(2) Black or African American Only,"(7) Bachelor's degree (BA, BS, AB)",1982,5,37,Between 20 and 40,Between $11 and $20
7.5,(1) Aide or assistant teacher,(2) Black or African American Only,"(7) Bachelor's degree (BA, BS, AB)",1958,4,61,More than 51,Less than $10
7.25,"(2) Teacher, instructor, or lead teacher",(2) Black or African American Only,(5) Some college credit but no degree,1985,2,34,Between 20 and 40,Less than $10
7.25,"(2) Teacher, instructor, or lead teacher",(2) Black or African American Only,(4) High school graduate,1950,NA,69,More than 51,Less than $10
NA,"(2) Teacher, instructor, or lead teacher",NA,(5) Some college credit but no degree,NA,NA,NA,NA,NA
38.88888888889,"(2) Teacher, instructor, or lead teacher",(8) Other,"(7) Bachelor's degree (BA, BS, AB)",1972,12,47,Between 41 and 50,More than $31
14,"(2) Teacher, instructor, or lead teacher",(1) White Only,"(7) Bachelor's degree (BA, BS, AB)",1993,1,26,Between 20 and 40,Between $11 and $20
NA,NA,NA,NA,NA,NA,NA,NA,NA
8.20270270271,(1) Aide or assistant teacher,(2) Black or African American Only,(5) Some college credit but no degree,1983,0,36,Between 20 and 40,Less than $10
20,"(2) Teacher, instructor, or lead teacher",(1) White Only,(4) High school graduate,1987,0,32,Between 20 and 40,Between $11 and $20
NA,NA,NA,NA,NA,NA,NA,NA,NA
12.5,"(2) Teacher, instructor, or lead teacher",(3) Asian Only,(8) Graduate or professional degree,1988,0,31,Between 20 and 40,Between $11 and $20
107.32142857143,"(2) Teacher, instructor, or lead teacher",(3) Asian Only,"(6) Associate degree (AA, AS)",1974,0,45,Between 41 and 50,More than $31
12,(1) Aide or assistant teacher,(8) Other,(4) High school graduate,1998,2,21,Between 20 and 40,Between $11 and $20
6,(1) Aide or assistant teacher,(1) White Only,"(7) Bachelor's degree (BA, BS, AB)",1994,4,25,Between 20 and 40,Less than $10
13.75,(1) Aide or assistant teacher,(1) White Only,(4) High school graduate,1975,3,44,Between 41 and 50,Between $11 and $20
10,"(2) Teacher, instructor, or lead teacher",(1) White Only,(4) High school graduate,1964,1,55,More than 51,Less than $10
11,"(2) Teacher, instructor, or lead teacher",(2) Black or African American Only,"(7) Bachelor's degree (BA, BS, AB)",1963,3,56,More than 51,Between $11 and $20
11,(1) Aide or assistant teacher,NA,(4) High school graduate,NA,0,NA,NA,Between $11 and $20
NA,NA,NA,NA,NA,NA,NA,NA,NA
18.42105263158,(1) Aide or assistant teacher,(2) Black or African American Only,"(7) Bachelor's degree (BA, BS, AB)",1995,0,24,Between 20 and 40,Between $11 and $20
12.35,(1) Aide or assistant teacher,(2) Black or African American Only,(4) High school graduate,1973,4,46,Between 41 and 50,Between $11 and $20
18.36,"(2) Teacher, instructor, or lead teacher",(1) White Only,"(7) Bachelor's degree (BA, BS, AB)",1958,0,61,More than 51,Between $11 and $20
18.91,"(2) Teacher, instructor, or lead teacher",(1) White Only,"(6) Associate degree (AA, AS)",1958,0,61,More than 51,Between $11 and $20
10.5,"(2) Teacher, instructor, or lead teacher",(1) White Only,"(7) Bachelor's degree (BA, BS, AB)",1985,6,34,Between 20 and 40,NA
20.40816326531,"(2) Teacher, instructor, or lead teacher",(1) White Only,"(7) Bachelor's degree (BA, BS, AB)",1983,0,36,Between 20 and 40,NA
18.60000000001,(1) Aide or assistant teacher,(1) White Only,"(6) Associate degree (AA, AS)",1974,3,45,Between 41 and 50,Between $11 and $20
8,"(2) Teacher, instructor, or lead teacher",(1) White Only,(4) High school graduate,1995,0,24,Between 20 and 40,Less than $10
13.44,(1) Aide or assistant teacher,(1) White Only,(5) Some college credit but no degree,1958,0,61,More than 51,Between $11 and $20
19,"(2) Teacher, instructor, or lead teacher",(1) White Only,(5) Some college credit but no degree,1993,0,26,Between 20 and 40,Between $11 and $20
22,"(2) Teacher, instructor, or lead teacher",(8) Other,"(7) Bachelor's degree (BA, BS, AB)",1984,0,35,Between 20 and 40,Between $21 and $30
30.88235294118,"(2) Teacher, instructor, or lead teacher",(1) White Only,"(7) Bachelor's degree (BA, BS, AB)",1992,3,27,Between 20 and 40,NA
8.23,(1) Aide or assistant teacher,(8) Other,"(7) Bachelor's degree (BA, BS, AB)",1979,3.5,40,Between 20 and 40,Less than $10
14.89,"(2) Teacher, instructor, or lead teacher",(2) Black or African American Only,(8) Graduate or professional degree,1972,1,47,Between 41 and 50,Between $11 and $20
14,"(2) Teacher, instructor, or lead teacher",(1) White Only,"(7) Bachelor's degree (BA, BS, AB)",1968,5,51,More than 51,Between $11 and $20
20,"(2) Teacher, instructor, or lead teacher",(1) White Only,(8) Graduate or professional degree,1969,0,50,Between 41 and 50,Between $11 and $20
13.5,(1) Aide or assistant teacher,NA,(4) High school graduate,1990,4,29,Between 20 and 40,Between $11 and $20
53.84615384616,"(2) Teacher, instructor, or lead teacher",(2) Black or African American Only,(8) Graduate or professional degree,1961,2,58,More than 51,More than $31
14,(1) Aide or assistant teacher,(1) White Only,"(6) Associate degree (AA, AS)",1998,4,21,Between 20 and 40,Between $11 and $20
8,(1) Aide or assistant teacher,(1) White Only,"(7) Bachelor's degree (BA, BS, AB)",1979,NA,40,Between 20 and 40,Less than $10
9,"(2) Teacher, instructor, or lead teacher",(1) White Only,(5) Some college credit but no degree,1979,0,40,Between 20 and 40,Less than $10
15.2380952381,"(2) Teacher, instructor, or lead teacher",(1) White Only,"(7) Bachelor's degree (BA, BS, AB)",1985,3,34,Between 20 and 40,Between $11 and $20
NA,NA,NA,NA,NA,NA,NA,NA,NA
NA,NA,NA,NA,NA,NA,NA,NA,NA
14.01445945946,(1) Aide or assistant teacher,(8) Other,"(6) Associate degree (AA, AS)",1961,0,58,More than 51,Between $11 and $20
19.37648648649,"(2) Teacher, instructor, or lead teacher",(2) Black or African American Only,"(6) Associate degree (AA, AS)",1950,NA,69,More than 51,Between $11 and $20
12.3076923077,"(2) Teacher, instructor, or lead teacher",(2) Black or African American Only,(4) High school graduate,1974,2,45,Between 41 and 50,Between $11 and $20
4.375,"(2) Teacher, instructor, or lead teacher",(2) Black or African American Only,(4) High school graduate,1960,2,59,More than 51,Less than $10
NA,"(2) Teacher, instructor, or lead teacher",NA,NA,NA,NA,NA,NA,NA
10,"(2) Teacher, instructor, or lead teacher",(1) White Only,"(7) Bachelor's degree (BA, BS, AB)",1979,0,40,Between 20 and 40,Less than $10
13,"(2) Teacher, instructor, or lead teacher",(2) Black or African American Only,"(6) Associate degree (AA, AS)",1970,0,49,Between 41 and 50,Between $11 and $20
10,"(2) Teacher, instructor, or lead teacher",(2) Black or African American Only,"(7) Bachelor's degree (BA, BS, AB)",1980,3,39,Between 20 and 40,Less than $10
8.5,(1) Aide or assistant teacher,(2) Black or African American Only,(4) High school graduate,1998,1,21,Between 20 and 40,Less than $10
21.5,(1) Aide or assistant teacher,(1) White Only,(5) Some college credit but no degree,1976,9,43,Between 41 and 50,Between $21 and $30
11.076923076929999,(1) Aide or assistant teacher,(2) Black or African American Only,(5) Some college credit but no degree,1981,0,38,Between 20 and 40,Between $11 and $20
14.94,"(2) Teacher, instructor, or lead teacher",(8) Other,(4) High school graduate,1993,6,26,Between 20 and 40,Between $11 and $20
23.21428571429,"(2) Teacher, instructor, or lead teacher",(2) Black or African American Only,"(7) Bachelor's degree (BA, BS, AB)",1986,3,33,Between 20 and 40,Between $21 and $30
15,(1) Aide or assistant teacher,NA,(4) High school graduate,1973,2,46,Between 41 and 50,Between $11 and $20
13,"(2) Teacher, instructor, or lead teacher",(1) White Only,"(7) Bachelor's degree (BA, BS, AB)",1961,3,58,More than 51,Between $11 and $20
15,"(2) Teacher, instructor, or lead teacher",(1) White Only,"(6) Associate degree (AA, AS)",1962,1,57,More than 51,Between $11 and $20
20,"(2) Teacher, instructor, or lead teacher",(2) Black or African American Only,"(7) Bachelor's degree (BA, BS, AB)",1985,3,34,Between 20 and 40,Between $11 and $20
9.22962962963,(1) Aide or assistant teacher,(1) White Only,(8) Graduate or professional degree,1962,0,57,More than 51,Less than $10
12.85,(1) Aide or assistant teacher,(1) White Only,(5) Some college credit but no degree,1972,6,47,Between 41 and 50,Between $11 and $20
NA,(1) Aide or assistant teacher,(2) Black or African American Only,(4) High school graduate,1998,0,21,Between 20 and 40,NA
12,"(2) Teacher, instructor, or lead teacher",(2) Black or African American Only,(8) Graduate or professional degree,1975,2,44,Between 41 and 50,Between $11 and $20
15,"(2) Teacher, instructor, or lead teacher",(1) White Only,(5) Some college credit but no degree,1995,1,24,Between 20 and 40,Between $11 and $20
10,"(2) Teacher, instructor, or lead teacher",(1) White Only,(5) Some college credit but no degree,1989,3,30,Between 20 and 40,Less than $10
12.9,"(2) Teacher, instructor, or lead teacher",(1) White Only,(5) Some college credit but no degree,1988,2,31,Between 20 and 40,Between $11 and $20
NA,"(2) Teacher, instructor, or lead teacher",(1) White Only,"(6) Associate degree (AA, AS)",1993,0,26,Between 20 and 40,NA
12.38,"(2) Teacher, instructor, or lead teacher",(1) White Only,(4) High school graduate,1995,2,24,Between 20 and 40,Between $11 and $20
20.40816326531,"(2) Teacher, instructor, or lead teacher",(2) Black or African American Only,"(6) Associate degree (AA, AS)",1950,6,69,More than 51,NA
8.55000000001,(1) Aide or assistant teacher,(1) White Only,(4) High school graduate,1975,3,44,Between 41 and 50,Less than $10
NA,NA,NA,NA,NA,NA,NA,NA,NA
16.3,"(2) Teacher, instructor, or lead teacher",(1) White Only,"(6) Associate degree (AA, AS)",1976,0,43,Between 41 and 50,Between $11 and $20
10.64,(1) Aide or assistant teacher,(1) White Only,(4) High school graduate,1989,0,30,Between 20 and 40,NA
NA,"(2) Teacher, instructor, or lead teacher",(2) Black or African American Only,(5) Some college credit but no degree,1950,0,69,More than 51,NA
14.42307692308,"(2) Teacher, instructor, or lead teacher",(1) White Only,(8) Graduate or professional degree,1950,1.166666666667,69,More than 51,Between $11 and $20
13,"(2) Teacher, instructor, or lead teacher",NA,(5) Some college credit but no degree,1970,0,49,Between 41 and 50,Between $11 and $20
8.25,"(2) Teacher, instructor, or lead teacher",(1) White Only,(5) Some college credit but no degree,1973,3,46,Between 41 and 50,Less than $10
40.625,"(2) Teacher, instructor, or lead teacher",(1) White Only,(8) Graduate or professional degree,1950,0,69,More than 51,More than $31
24,"(2) Teacher, instructor, or lead teacher",(3) Asian Only,(8) Graduate or professional degree,1962,NA,57,More than 51,Between $21 and $30
NA,(1) Aide or assistant teacher,NA,"(6) Associate degree (AA, AS)",1973,1,46,Between 41 and 50,NA
NA,NA,NA,NA,NA,NA,NA,NA,NA
12.47,"(2) Teacher, instructor, or lead teacher",(1) White Only,(5) Some college credit but no degree,1958,0,61,More than 51,Between $11 and $20
12,"(2) Teacher, instructor, or lead teacher",(1) White Only,(5) Some college credit but no degree,1993,0,26,Between 20 and 40,Between $11 and $20
9,"(2) Teacher, instructor, or lead teacher",(1) White Only,"(7) Bachelor's degree (BA, BS, AB)",1958,0,61,More than 51,Less than $10
8,"(2) Teacher, instructor, or lead teacher",(2) Black or African American Only,(5) Some college credit but no degree,1995,7,24,Between 20 and 40,Less than $10
9.6153846153899991,"(2) Teacher, instructor, or lead teacher",(1) White Only,(4) High school graduate,1968,0,51,More than 51,Less than $10
15,"(2) Teacher, instructor, or lead teacher",(1) White Only,(5) Some college credit but no degree,1971,2,48,Between 41 and 50,Between $11 and $20
14.66666666667,"(2) Teacher, instructor, or lead teacher",(1) White Only,"(7) Bachelor's degree (BA, BS, AB)",1983,0,36,Between 20 and 40,Between $11 and $20
7.75,(1) Aide or assistant teacher,(1) White Only,(5) Some college credit but no degree,1998,5,21,Between 20 and 40,Less than $10
11.6,"(2) Teacher, instructor, or lead teacher",(8) Other,(5) Some college credit but no degree,1982,0,37,Between 20 and 40,Between $11 and $20
9,(1) Aide or assistant teacher,NA,(4) High school graduate,1998,0,21,Between 20 and 40,Less than $10
23.6,(1) Aide or assistant teacher,(1) White Only,(3) GED or high school equivalency,1950,5,69,More than 51,Between $21 and $30
18.12636165578,"(2) Teacher, instructor, or lead teacher",(1) White Only,"(7) Bachelor's degree (BA, BS, AB)",1958,4,61,More than 51,Between $11 and $20
16.66666666667,"(2) Teacher, instructor, or lead teacher",(1) White Only,"(7) Bachelor's degree (BA, BS, AB)",1963,3,56,More than 51,Between $11 and $20
8,(1) Aide or assistant teacher,(2) Black or African American Only,(4) High school graduate,1984,0,35,Between 20 and 40,Less than $10
24.10714285715,"(2) Teacher, instructor, or lead teacher",(1) White Only,"(7) Bachelor's degree (BA, BS, AB)",1990,6,29,Between 20 and 40,Between $21 and $30
NA,NA,NA,NA,NA,NA,NA,NA,NA
15.34,"(2) Teacher, instructor, or lead teacher",(1) White Only,(5) Some college credit but no degree,1985,1,34,Between 20 and 40,Between $11 and $20
28.58,(1) Aide or assistant teacher,(2) Black or African American Only,"(6) Associate degree (AA, AS)",1969,1,50,Between 41 and 50,Between $21 and $30
20.21,"(2) Teacher, instructor, or lead teacher",(1) White Only,"(7) Bachelor's degree (BA, BS, AB)",1969,0,50,Between 41 and 50,NA
NA,"(2) Teacher, instructor, or lead teacher",(1) White Only,(8) Graduate or professional degree,1950,1,69,More than 51,NA
13,"(2) Teacher, instructor, or lead teacher",(1) White Only,(5) Some college credit but no degree,1986,1.4,33,Between 20 and 40,Between $11 and $20
18.4,"(2) Teacher, instructor, or lead teacher",(1) White Only,"(6) Associate degree (AA, AS)",1992,3,27,Between 20 and 40,Between $11 and $20
NA,"(2) Teacher, instructor, or lead teacher",(1) White Only,"(7) Bachelor's degree (BA, BS, AB)",1987,0,32,Between 20 and 40,NA
43.53333333334,"(2) Teacher, instructor, or lead teacher",NA,(8) Graduate or professional degree,1979,6,40,Between 20 and 40,More than $31
29.36642857143,(1) Aide or assistant teacher,(1) White Only,"(7) Bachelor's degree (BA, BS, AB)",1958,1,61,More than 51,Between $21 and $30
15.865384615389999,"(2) Teacher, instructor, or lead teacher",(2) Black or African American Only,"(7) Bachelor's degree (BA, BS, AB)",1950,4,69,More than 51,Between $11 and $20
12,"(2) Teacher, instructor, or lead teacher",(1) White Only,(8) Graduate or professional degree,1978,4,41,Between 41 and 50,Between $11 and $20
7.5,(1) Aide or assistant teacher,(2) Black or African American Only,"(7) Bachelor's degree (BA, BS, AB)",1992,0,27,Between 20 and 40,Less than $10
NA,(1) Aide or assistant teacher,(1) White Only,(5) Some college credit but no degree,NA,1,NA,NA,NA
16.5,"(2) Teacher, instructor, or lead teacher",(8) Other,(8) Graduate or professional degree,1982,1,37,Between 20 and 40,Between $11 and $20
13,"(2) Teacher, instructor, or lead teacher",(2) Black or African American Only,"(6) Associate degree (AA, AS)",1976,2,43,Between 41 and 50,Between $11 and $20
11,"(2) Teacher, instructor, or lead teacher",(1) White Only,"(7) Bachelor's degree (BA, BS, AB)",1996,2,23,Between 20 and 40,Between $11 and $20
12,"(2) Teacher, instructor, or lead teacher",(1) White Only,(5) Some college credit but no degree,1950,0,69,More than 51,Between $11 and $20
10.5,"(2) Teacher, instructor, or lead teacher",(1) White Only,(4) High school graduate,1998,9,21,Between 20 and 40,NA
NA,"(2) Teacher, instructor, or lead teacher",(1) White Only,"(7) Bachelor's degree (BA, BS, AB)",1990,1,29,Between 20 and 40,NA
NA,NA,NA,NA,NA,NA,NA,NA,NA
4.15384615385,(1) Aide or assistant teacher,(2) Black or African American Only,(4) High school graduate,1985,7,34,Between 20 and 40,Less than $10
NA,NA,NA,NA,NA,NA,NA,NA,NA
10,(1) Aide or assistant teacher,(1) White Only,(4) High school graduate,1971,2,48,Between 41 and 50,Less than $10
NA,"(2) Teacher, instructor, or lead teacher",(1) White Only,"(7) Bachelor's degree (BA, BS, AB)",1964,0,55,More than 51,NA
14.5,"(2) Teacher, instructor, or lead teacher",(8) Other,(5) Some college credit but no degree,1988,0,31,Between 20 and 40,Between $11 and $20
13.88888888889,(1) Aide or assistant teacher,(1) White Only,"(6) Associate degree (AA, AS)",1971,5,48,Between 41 and 50,Between $11 and $20
16.48,"(2) Teacher, instructor, or lead teacher",(1) White Only,"(7) Bachelor's degree (BA, BS, AB)",1950,2,69,More than 51,Between $11 and $20
24,"(2) Teacher, instructor, or lead teacher",(1) White Only,"(7) Bachelor's degree (BA, BS, AB)",1972,0,47,Between 41 and 50,Between $21 and $30
13,"(2) Teacher, instructor, or lead teacher",(2) Black or African American Only,"(7) Bachelor's degree (BA, BS, AB)",1958,1,61,More than 51,Between $11 and $20
17.14285714286,(1) Aide or assistant teacher,(2) Black or African American Only,"(6) Associate degree (AA, AS)",1977,3,42,Between 41 and 50,Between $11 and $20
17,"(2) Teacher, instructor, or lead teacher",(1) White Only,"(7) Bachelor's degree (BA, BS, AB)",1989,0,30,Between 20 and 40,Between $11 and $20
58.33333333334,"(2) Teacher, instructor, or lead teacher",(1) White Only,(8) Graduate or professional degree,1981,3,38,Between 20 and 40,More than $31
12,(1) Aide or assistant teacher,(1) White Only,"(7) Bachelor's degree (BA, BS, AB)",1971,0,48,Between 41 and 50,Between $11 and $20
NA,"(2) Teacher, instructor, or lead teacher",(2) Black or African American Only,"(7) Bachelor's degree (BA, BS, AB)",1989,3,30,Between 20 and 40,NA
13.5,"(2) Teacher, instructor, or lead teacher",(1) White Only,"(7) Bachelor's degree (BA, BS, AB)",1969,3,50,Between 41 and 50,Between $11 and $20
7.25,"(2) Teacher, instructor, or lead teacher",(2) Black or African American Only,(5) Some college credit but no degree,1977,0,42,Between 41 and 50,Less than $10
27,(1) Aide or assistant teacher,(1) White Only,(5) Some college credit but no degree,1962,0,57,More than 51,Between $21 and $30
43.91891891892,"(2) Teacher, instructor, or lead teacher",(1) White Only,"(7) Bachelor's degree (BA, BS, AB)",1960,0,59,More than 51,More than $31
8.56,(1) Aide or assistant teacher,(1) White Only,(3) GED or high school equivalency,1981,6,38,Between 20 and 40,Less than $10
41.66666666667,(1) Aide or assistant teacher,(1) White Only,"(7) Bachelor's degree (BA, BS, AB)",1979,2.333333333333,40,Between 20 and 40,More than $31
8.75,"(2) Teacher, instructor, or lead teacher",(8) Other,"(6) Associate degree (AA, AS)",1983,0,36,Between 20 and 40,Less than $10
9,"(2) Teacher, instructor, or lead teacher",(1) White Only,(1) Less than High School,1983,5,36,Between 20 and 40,Less than $10
11.11111111112,"(2) Teacher, instructor, or lead teacher",(1) White Only,(4) High school graduate,1990,11,29,Between 20 and 40,Between $11 and $20
NA,NA,NA,NA,NA,NA,NA,NA,NA
12.41,(1) Aide or assistant teacher,(1) White Only,"(6) Associate degree (AA, AS)",1950,0,69,More than 51,Between $11 and $20
14.26,(1) Aide or assistant teacher,(1) White Only,"(6) Associate degree (AA, AS)",1962,0,57,More than 51,Between $11 and $20
13,"(2) Teacher, instructor, or lead teacher",(1) White Only,(5) Some college credit but no degree,1958,0,61,More than 51,Between $11 and $20
11,"(2) Teacher, instructor, or lead teacher",(1) White Only,(4) High school graduate,1969,0,50,Between 41 and 50,Between $11 and $20
NA,(1) Aide or assistant teacher,(1) White Only,"(6) Associate degree (AA, AS)",1969,0,50,Between 41 and 50,NA
12,"(2) Teacher, instructor, or lead teacher",(1) White Only,(4) High school graduate,1958,2,61,More than 51,Between $11 and $20
37.5,"(2) Teacher, instructor, or lead teacher",(1) White Only,(8) Graduate or professional degree,1976,3,43,Between 41 and 50,More than $31
16.75,(1) Aide or assistant teacher,(2) Black or African American Only,"(6) Associate degree (AA, AS)",1981,2,38,Between 20 and 40,Between $11 and $20
NA,NA,NA,NA,NA,NA,NA,NA,NA
8.37837837838,"(2) Teacher, instructor, or lead teacher",(1) White Only,(4) High school graduate,1993,2,26,Between 20 and 40,Less than $10
13.25,(1) Aide or assistant teacher,(2) Black or African American Only,(3) GED or high school equivalency,1950,0,69,More than 51,Between $11 and $20
13.25,"(2) Teacher, instructor, or lead teacher",(2) Black or African American Only,"(6) Associate degree (AA, AS)",1972,0,47,Between 41 and 50,Between $11 and $20
NA,NA,NA,NA,NA,NA,NA,NA,NA
10,"(2) Teacher, instructor, or lead teacher",(2) Black or African American Only,(5) Some college credit but no degree,1996,6,23,Between 20 and 40,Less than $10
NA,NA,NA,NA,NA,NA,NA,NA,NA
8.35,(1) Aide or assistant teacher,(2) Black or African American Only,(4) High school graduate,1998,2,21,Between 20 and 40,Less than $10
7.25,(1) Aide or assistant teacher,(1) White Only,(4) High school graduate,1998,2,21,Between 20 and 40,Less than $10
12,"(2) Teacher, instructor, or lead teacher",(1) White Only,"(6) Associate degree (AA, AS)",1958,1,61,More than 51,Between $11 and $20
15,"(2) Teacher, instructor, or lead teacher",(2) Black or African American Only,"(7) Bachelor's degree (BA, BS, AB)",1983,1,36,Between 20 and 40,Between $11 and $20
13,"(2) Teacher, instructor, or lead teacher",(1) White Only,"(7) Bachelor's degree (BA, BS, AB)",1961,2,58,More than 51,Between $11 and $20
10,"(2) Teacher, instructor, or lead teacher",(2) Black or African American Only,(5) Some college credit but no degree,1984,1,35,Between 20 and 40,Less than $10
9,"(2) Teacher, instructor, or lead teacher",(2) Black or African American Only,(5) Some college credit but no degree,1998,1,21,Between 20 and 40,Less than $10
9,"(2) Teacher, instructor, or lead teacher",(1) White Only,"(6) Associate degree (AA, AS)",1961,2,58,More than 51,Less than $10
9.02,"(2) Teacher, instructor, or lead teacher",NA,(5) Some college credit but no degree,1991,2,28,Between 20 and 40,Less than $10
10.30000000001,"(2) Teacher, instructor, or lead teacher",(2) Black or African American Only,(5) Some college credit but no degree,1989,8,30,Between 20 and 40,NA
9.5,(1) Aide or assistant teacher,(2) Black or African American Only,(5) Some college credit but no degree,1991,1,28,Between 20 and 40,Less than $10
10.63000000001,(1) Aide or assistant teacher,(1) White Only,(8) Graduate or professional degree,NA,0,NA,NA,NA
11.7,(1) Aide or assistant teacher,(1) White Only,"(6) Associate degree (AA, AS)",1985,0,34,Between 20 and 40,Between $11 and $20
14.91,"(2) Teacher, instructor, or lead teacher",(2) Black or African American Only,"(6) Associate degree (AA, AS)",1971,0,48,Between 41 and 50,Between $11 and $20
15,"(2) Teacher, instructor, or lead teacher",(1) White Only,"(6) Associate degree (AA, AS)",1964,3,55,More than 51,Between $11 and $20
24.07407407408,"(2) Teacher, instructor, or lead teacher",(1) White Only,"(7) Bachelor's degree (BA, BS, AB)",1973,1,46,Between 41 and 50,Between $21 and $30
9,(1) Aide or assistant teacher,(1) White Only,(8) Graduate or professional degree,1979,6,40,Between 20 and 40,Less than $10
10,"(2) Teacher, instructor, or lead teacher",(2) Black or African American Only,"(6) Associate degree (AA, AS)",1958,6,61,More than 51,Less than $10
23,(1) Aide or assistant teacher,NA,"(7) Bachelor's degree (BA, BS, AB)",1984,6,35,Between 20 and 40,Between $21 and $30
NA,"(2) Teacher, instructor, or lead teacher",(1) White Only,(4) High school graduate,1974,0,45,Between 41 and 50,NA
8,"(2) Teacher, instructor, or lead teacher",(2) Black or African American Only,(3) GED or high school equivalency,1965,2,54,More than 51,Less than $10
15,(1) Aide or assistant teacher,(1) White Only,(5) Some college credit but no degree,1972,0,47,Between 41 and 50,Between $11 and $20
9,"(2) Teacher, instructor, or lead teacher",(2) Black or African American Only,(4) High school graduate,1995,0,24,Between 20 and 40,Less than $10
9,"(2) Teacher, instructor, or lead teacher",(1) White Only,(5) Some college credit but no degree,1994,0,25,Between 20 and 40,Less than $10
38.15789473685,"(2) Teacher, instructor, or lead teacher",(1) White Only,"(7) Bachelor's degree (BA, BS, AB)",1982,0,37,Between 20 and 40,More than $31
13,"(2) Teacher, instructor, or lead teacher",(1) White Only,"(7) Bachelor's degree (BA, BS, AB)",1977,4,42,Between 41 and 50,Between $11 and $20
20.5,"(2) Teacher, instructor, or lead teacher",(3) Asian Only,"(6) Associate degree (AA, AS)",1970,5,49,Between 41 and 50,NA
18.36734693878,(1) Aide or assistant teacher,(1) White Only,"(7) Bachelor's degree (BA, BS, AB)",1972,0,47,Between 41 and 50,Between $11 and $20
14,"(2) Teacher, instructor, or lead teacher",(1) White Only,"(7) Bachelor's degree (BA, BS, AB)",1958,3,61,More than 51,Between $11 and $20
15,"(2) Teacher, instructor, or lead teacher",(3) Asian Only,"(6) Associate degree (AA, AS)",1979,0,40,Between 20 and 40,Between $11 and $20
11.5,(1) Aide or assistant teacher,(1) White Only,(4) High school graduate,1980,0,39,Between 20 and 40,Between $11 and $20
NA,"(2) Teacher, instructor, or lead teacher",(1) White Only,"(7) Bachelor's degree (BA, BS, AB)",1985,0,34,Between 20 and 40,NA
NA,NA,NA,NA,NA,NA,NA,NA,NA
8.75,(1) Aide or assistant teacher,(1) White Only,(4) High school graduate,1998,0,21,Between 20 and 40,Less than $10
15,(1) Aide or assistant teacher,NA,NA,NA,2,NA,NA,Between $11 and $20
15.31822674419,(1) Aide or assistant teacher,(1) White Only,(4) High school graduate,1979,1,40,Between 20 and 40,Between $11 and $20
10.28,(1) Aide or assistant teacher,(1) White Only,(4) High school graduate,1998,5,21,Between 20 and 40,NA
NA,NA,NA,NA,NA,NA,NA,NA,NA
NA,(1) Aide or assistant teacher,NA,(5) Some college credit but no degree,NA,NA,NA,NA,NA
9,(1) Aide or assistant teacher,(1) White Only,"(6) Associate degree (AA, AS)",1950,0,69,More than 51,Less than $10
12.5,"(2) Teacher, instructor, or lead teacher",(1) White Only,(4) High school graduate,1996,5,23,Between 20 and 40,Between $11 and $20
NA,NA,NA,NA,NA,NA,NA,NA,NA
9.375,"(2) Teacher, instructor, or lead teacher",(1) White Only,"(7) Bachelor's degree (BA, BS, AB)",1962,2,57,More than 51,Less than $10
11.5,(1) Aide or assistant teacher,(8) Other,(5) Some college credit but no degree,1998,4,21,Between 20 and 40,Between $11 and $20
18.5,"(2) Teacher, instructor, or lead teacher",(1) White Only,"(6) Associate degree (AA, AS)",1986,0,33,Between 20 and 40,Between $11 and $20
NA,NA,NA,NA,NA,NA,NA,NA,NA
13,"(2) Teacher, instructor, or lead teacher",(1) White Only,"(6) Associate degree (AA, AS)",1986,8,33,Between 20 and 40,Between $11 and $20
13,(1) Aide or assistant teacher,(1) White Only,"(6) Associate degree (AA, AS)",1993,3,26,Between 20 and 40,Between $11 and $20
20.83333333334,"(2) Teacher, instructor, or lead teacher",(1) White Only,"(7) Bachelor's degree (BA, BS, AB)",1974,0,45,Between 41 and 50,NA
14.87,(1) Aide or assistant teacher,(1) White Only,"(7) Bachelor's degree (BA, BS, AB)",1958,0,61,More than 51,Between $11 and $20
NA,NA,NA,NA,NA,NA,NA,NA,NA
14,"(2) Teacher, instructor, or lead teacher",(1) White Only,"(6) Associate degree (AA, AS)",1992,2.333333333333,27,Between 20 and 40,Between $11 and $20
8,(1) Aide or assistant teacher,(2) Black or African American Only,(5) Some college credit but no degree,1969,3,50,Between 41 and 50,Less than $10
11.5,"(2) Teacher, instructor, or lead teacher",(1) White Only,"(6) Associate degree (AA, AS)",1977,3,42,Between 41 and 50,Between $11 and $20
12,"(2) Teacher, instructor, or lead teacher",(3) Asian Only,(5) Some college credit but no degree,1998,5,21,Between 20 and 40,Between $11 and $20
32.50591016549,"(2) Teacher, instructor, or lead teacher",(8) Other,(8) Graduate or professional degree,1960,0,59,More than 51,More than $31
14,(1) Aide or assistant teacher,(1) White Only,(5) Some college credit but no degree,1992,4,27,Between 20 and 40,Between $11 and $20
16.7,(3) Other/undetermined,(1) White Only,(8) Graduate or professional degree,1992,2,27,Between 20 and 40,Between $11 and $20
12,"(2) Teacher, instructor, or lead teacher",(1) White Only,"(6) Associate degree (AA, AS)",1990,0,29,Between 20 and 40,Between $11 and $20
12,"(2) Teacher, instructor, or lead teacher",(2) Black or African American Only,(5) Some college credit but no degree,1965,2,54,More than 51,Between $11 and $20
9,(1) Aide or assistant teacher,(2) Black or African American Only,"(6) Associate degree (AA, AS)",1981,1,38,Between 20 and 40,Less than $10
12.5,(1) Aide or assistant teacher,(8) Other,(4) High school graduate,1998,4,21,Between 20 and 40,Between $11 and $20
9,(1) Aide or assistant teacher,(1) White Only,(5) Some college credit but no degree,1996,4.666666666667,23,Between 20 and 40,Less than $10
31.57894736843,"(2) Teacher, instructor, or lead teacher",(1) White Only,(8) Graduate or professional degree,1978,6,41,Between 41 and 50,More than $31
8.5,"(2) Teacher, instructor, or lead teacher",(1) White Only,(5) Some college credit but no degree,1994,0,25,Between 20 and 40,Less than $10
11,(1) Aide or assistant teacher,(8) Other,"(7) Bachelor's degree (BA, BS, AB)",1982,1,37,Between 20 and 40,Between $11 and $20
43.05555555556,"(2) Teacher, instructor, or lead teacher",NA,(8) Graduate or professional degree,1977,11,42,Between 41 and 50,More than $31
51.42857142858,(1) Aide or assistant teacher,(1) White Only,(5) Some college credit but no degree,1991,5,28,Between 20 and 40,More than $31
14.75,(1) Aide or assistant teacher,NA,"(6) Associate degree (AA, AS)",1962,0,57,More than 51,Between $11 and $20
13,"(2) Teacher, instructor, or lead teacher",NA,"(6) Associate degree (AA, AS)",1958,3,61,More than 51,Between $11 and $20
NA,NA,NA,NA,NA,NA,NA,NA,NA
14,"(2) Teacher, instructor, or lead teacher",(2) Black or African American Only,(5) Some college credit but no degree,1973,0,46,Between 41 and 50,Between $11 and $20
11,"(2) Teacher, instructor, or lead teacher",(1) White Only,(4) High school graduate,1988,NA,31,Between 20 and 40,Between $11 and $20
14,"(2) Teacher, instructor, or lead teacher",(8) Other,"(6) Associate degree (AA, AS)",1966,5,53,More than 51,Between $11 and $20
NA,NA,NA,NA,NA,NA,NA,NA,NA
NA,"(2) Teacher, instructor, or lead teacher",NA,NA,NA,NA,NA,NA,NA
11.11,"(2) Teacher, instructor, or lead teacher",(3) Asian Only,"(7) Bachelor's degree (BA, BS, AB)",1960,3,59,More than 51,Between $11 and $20
NA,"(2) Teacher, instructor, or lead teacher",(2) Black or African American Only,(5) Some college credit but no degree,1987,NA,32,Between 20 and 40,NA
11.733173076929999,"(2) Teacher, instructor, or lead teacher",(1) White Only,(8) Graduate or professional degree,1964,0,55,More than 51,Between $11 and $20
12.5,"(2) Teacher, instructor, or lead teacher",(1) White Only,(5) Some college credit but no degree,1987,0,32,Between 20 and 40,Between $11 and $20
7.5,"(2) Teacher, instructor, or lead teacher",(1) White Only,(3) GED or high school equivalency,1988,1,31,Between 20 and 40,Less than $10
12.76,"(2) Teacher, instructor, or lead teacher",(1) White Only,(8) Graduate or professional degree,1985,3,34,Between 20 and 40,Between $11 and $20
16.75675675676,"(2) Teacher, instructor, or lead teacher",(1) White Only,"(7) Bachelor's degree (BA, BS, AB)",1983,0,36,Between 20 and 40,Between $11 and $20
10,"(2) Teacher, instructor, or lead teacher",(1) White Only,(4) High school graduate,1989,11,30,Between 20 and 40,Less than $10
2.22222222222,"(2) Teacher, instructor, or lead teacher",(2) Black or African American Only,(5) Some college credit but no degree,1986,9,33,Between 20 and 40,Less than $10
9.25,"(2) Teacher, instructor, or lead teacher",(1) White Only,(3) GED or high school equivalency,1988,3,31,Between 20 and 40,Less than $10
13.22,(1) Aide or assistant teacher,(1) White Only,(5) Some college credit but no degree,1998,2,21,Between 20 and 40,Between $11 and $20
19.72789115647,"(2) Teacher, instructor, or lead teacher",(1) White Only,(8) Graduate or professional degree,1983,4,36,Between 20 and 40,Between $11 and $20
15,"(2) Teacher, instructor, or lead teacher",(1) White Only,(8) Graduate or professional degree,1973,0,46,Between 41 and 50,Between $11 and $20
15.61,"(2) Teacher, instructor, or lead teacher",(1) White Only,"(6) Associate degree (AA, AS)",1974,3,45,Between 41 and 50,Between $11 and $20
13.2,"(2) Teacher, instructor, or lead teacher",(1) White Only,"(7) Bachelor's degree (BA, BS, AB)",1995,0,24,Between 20 and 40,Between $11 and $20
14,"(2) Teacher, instructor, or lead teacher",(2) Black or African American Only,"(7) Bachelor's degree (BA, BS, AB)",1960,6,59,More than 51,Between $11 and $20
19.36159079017,"(2) Teacher, instructor, or lead teacher",(1) White Only,(8) Graduate or professional degree,1981,5,38,Between 20 and 40,Between $11 and $20
11.538461538469999,"(2) Teacher, instructor, or lead teacher",(1) White Only,"(7) Bachelor's degree (BA, BS, AB)",1971,0,48,Between 41 and 50,Between $11 and $20
18,(1) Aide or assistant teacher,(1) White Only,(5) Some college credit but no degree,1980,0,39,Between 20 and 40,Between $11 and $20
15,"(2) Teacher, instructor, or lead teacher",(8) Other,(5) Some college credit but no degree,1994,7,25,Between 20 and 40,Between $11 and $20
10,(1) Aide or assistant teacher,(1) White Only,(5) Some college credit but no degree,1998,1,21,Between 20 and 40,Less than $10
15.78947368422,"(2) Teacher, instructor, or lead teacher",(1) White Only,"(7) Bachelor's degree (BA, BS, AB)",1975,2,44,Between 41 and 50,Between $11 and $20
NA,"(2) Teacher, instructor, or lead teacher",(2) Black or African American Only,"(7) Bachelor's degree (BA, BS, AB)",1988,3,31,Between 20 and 40,NA
9,(1) Aide or assistant teacher,(8) Other,(5) Some college credit but no degree,1995,2,24,Between 20 and 40,Less than $10
12,"(2) Teacher, instructor, or lead teacher",(1) White Only,"(7) Bachelor's degree (BA, BS, AB)",1967,0,52,More than 51,Between $11 and $20
14.25,"(2) Teacher, instructor, or lead teacher",(2) Black or African American Only,"(7) Bachelor's degree (BA, BS, AB)",1986,14,33,Between 20 and 40,Between $11 and $20
8,"(2) Teacher, instructor, or lead teacher",(2) Black or African American Only,(4) High school graduate,1998,3,21,Between 20 and 40,Less than $10
10.5,"(2) Teacher, instructor, or lead teacher",(1) White Only,"(6) Associate degree (AA, AS)",1993,1,26,Between 20 and 40,NA
9.5,(1) Aide or assistant teacher,(1) White Only,(4) High school graduate,1998,2.333333333333,21,Between 20 and 40,Less than $10
35.25835866262,(1) Aide or assistant teacher,(1) White Only,(8) Graduate or professional degree,1987,3,32,Between 20 and 40,More than $31
9,"(2) Teacher, instructor, or lead teacher",(1) White Only,(4) High school graduate,1988,1,31,Between 20 and 40,Less than $10
9,(1) Aide or assistant teacher,(1) White Only,(5) Some college credit but no degree,1998,0,21,Between 20 and 40,Less than $10
15.85,"(2) Teacher, instructor, or lead teacher",(2) Black or African American Only,(5) Some college credit but no degree,1987,7,32,Between 20 and 40,Between $11 and $20
33.33333333334,"(2) Teacher, instructor, or lead teacher",(1) White Only,(8) Graduate or professional degree,1977,2,42,Between 41 and 50,More than $31
10,(1) Aide or assistant teacher,(1) White Only,(5) Some college credit but no degree,1998,1,21,Between 20 and 40,Less than $10
16,(1) Aide or assistant teacher,(1) White Only,"(7) Bachelor's degree (BA, BS, AB)",1980,3,39,Between 20 and 40,Between $11 and $20
10,"(2) Teacher, instructor, or lead teacher",(2) Black or African American Only,"(6) Associate degree (AA, AS)",1977,1,42,Between 41 and 50,Less than $10
10,"(2) Teacher, instructor, or lead teacher",(2) Black or African American Only,(5) Some college credit but no degree,1980,0,39,Between 20 and 40,Less than $10
12.90322580646,"(2) Teacher, instructor, or lead teacher",(1) White Only,(5) Some college credit but no degree,1977,11,42,Between 41 and 50,Between $11 and $20
NA,"(2) Teacher, instructor, or lead teacher",NA,"(6) Associate degree (AA, AS)",1986,0,33,Between 20 and 40,NA
NA,NA,NA,NA,NA,NA,NA,NA,NA
13,(1) Aide or assistant teacher,(3) Asian Only,"(7) Bachelor's degree (BA, BS, AB)",1994,13,25,Between 20 and 40,Between $11 and $20
12.5,(1) Aide or assistant teacher,(1) White Only,(4) High school graduate,1998,3,21,Between 20 and 40,Between $11 and $20
7.5,"(2) Teacher, instructor, or lead teacher",(1) White Only,(4) High school graduate,1963,0,56,More than 51,Less than $10
15,"(2) Teacher, instructor, or lead teacher",(1) White Only,(5) Some college credit but no degree,1958,0,61,More than 51,Between $11 and $20
38.57142857143,"(2) Teacher, instructor, or lead teacher",(1) White Only,"(7) Bachelor's degree (BA, BS, AB)",1987,8,32,Between 20 and 40,More than $31
NA,"(2) Teacher, instructor, or lead teacher",(1) White Only,"(7) Bachelor's degree (BA, BS, AB)",1979,0,40,Between 20 and 40,NA
13,(1) Aide or assistant teacher,(1) White Only,"(7) Bachelor's degree (BA, BS, AB)",1989,5,30,Between 20 and 40,Between $11 and $20
9.25,"(2) Teacher, instructor, or lead teacher",(1) White Only,(5) Some college credit but no degree,1993,12,26,Between 20 and 40,Less than $10
NA,NA,NA,NA,NA,NA,NA,NA,NA
12.97297297298,"(2) Teacher, instructor, or lead teacher",(1) White Only,"(6) Associate degree (AA, AS)",1996,1,23,Between 20 and 40,Between $11 and $20
5.85,"(2) Teacher, instructor, or lead teacher",(1) White Only,(4) High school graduate,1981,4,38,Between 20 and 40,Less than $10
NA,"(2) Teacher, instructor, or lead teacher",(2) Black or African American Only,"(6) Associate degree (AA, AS)",1950,0,69,More than 51,NA
45.42124542125,"(2) Teacher, instructor, or lead teacher",(1) White Only,(8) Graduate or professional degree,1988,4,31,Between 20 and 40,More than $31
14.37,"(2) Teacher, instructor, or lead teacher",(1) White Only,(5) Some college credit but no degree,1973,4,46,Between 41 and 50,Between $11 and $20
16.16,"(2) Teacher, instructor, or lead teacher",(1) White Only,"(6) Associate degree (AA, AS)",1988,4,31,Between 20 and 40,Between $11 and $20
10,"(2) Teacher, instructor, or lead teacher",(2) Black or African American Only,"(7) Bachelor's degree (BA, BS, AB)",1990,4,29,Between 20 and 40,Less than $10
9,"(2) Teacher, instructor, or lead teacher",(2) Black or African American Only,(5) Some college credit but no degree,1964,0,55,More than 51,Less than $10
15.865384615389999,(1) Aide or assistant teacher,NA,(5) Some college credit but no degree,1964,0,55,More than 51,Between $11 and $20
NA,NA,NA,NA,NA,NA,NA,NA,NA
11,(1) Aide or assistant teacher,(1) White Only,(4) High school graduate,1993,2,26,Between 20 and 40,Between $11 and $20
20.83333333334,"(2) Teacher, instructor, or lead teacher",(1) White Only,(8) Graduate or professional degree,1974,3,45,Between 41 and 50,NA
11,(1) Aide or assistant teacher,(2) Black or African American Only,(5) Some college credit but no degree,1988,0,31,Between 20 and 40,Between $11 and $20
20.5,"(2) Teacher, instructor, or lead teacher",(2) Black or African American Only,"(7) Bachelor's degree (BA, BS, AB)",1984,5,35,Between 20 and 40,NA
9.23,(1) Aide or assistant teacher,(1) White Only,(5) Some college credit but no degree,1970,0,49,Between 41 and 50,Less than $10
NA,NA,NA,NA,NA,NA,NA,NA,NA
9,(1) Aide or assistant teacher,(1) White Only,(5) Some college credit but no degree,1973,3,46,Between 41 and 50,Less than $10
NA,NA,NA,NA,NA,NA,NA,NA,NA
11,"(2) Teacher, instructor, or lead teacher",(1) White Only,(5) Some college credit but no degree,1990,1,29,Between 20 and 40,Between $11 and $20
21.52777777778,"(2) Teacher, instructor, or lead teacher",(1) White Only,"(7) Bachelor's degree (BA, BS, AB)",1973,4,46,Between 41 and 50,Between $21 and $30
24.43716216217,(1) Aide or assistant teacher,(2) Black or African American Only,"(7) Bachelor's degree (BA, BS, AB)",1974,5,45,Between 41 and 50,Between $21 and $30
12.5,(1) Aide or assistant teacher,(1) White Only,(5) Some college credit but no degree,1979,2,40,Between 20 and 40,Between $11 and $20
20,"(2) Teacher, instructor, or lead teacher",(2) Black or African American Only,(5) Some college credit but no degree,1991,0,28,Between 20 and 40,Between $11 and $20
27.77777777778,"(2) Teacher, instructor, or lead teacher",(1) White Only,"(7) Bachelor's degree (BA, BS, AB)",1988,2,31,Between 20 and 40,Between $21 and $30
NA,"(2) Teacher, instructor, or lead teacher",(1) White Only,"(7) Bachelor's degree (BA, BS, AB)",1985,7,34,Between 20 and 40,NA
8,"(2) Teacher, instructor, or lead teacher",(1) White Only,(5) Some college credit but no degree,1989,3,30,Between 20 and 40,Less than $10
9.5,"(2) Teacher, instructor, or lead teacher",(2) Black or African American Only,(5) Some college credit but no degree,1974,4,45,Between 41 and 50,Less than $10
NA,NA,NA,NA,NA,NA,NA,NA,NA
NA,"(2) Teacher, instructor, or lead teacher",(1) White Only,"(7) Bachelor's degree (BA, BS, AB)",1988,0,31,Between 20 and 40,NA
22.25,"(2) Teacher, instructor, or lead teacher",(1) White Only,"(7) Bachelor's degree (BA, BS, AB)",1967,4.666666666667,52,More than 51,Between $21 and $30
17,(1) Aide or assistant teacher,(2) Black or African American Only,"(7) Bachelor's degree (BA, BS, AB)",1996,NA,23,Between 20 and 40,Between $11 and $20
11.4,"(2) Teacher, instructor, or lead teacher",(1) White Only,"(7) Bachelor's degree (BA, BS, AB)",1986,4,33,Between 20 and 40,Between $11 and $20
9,"(2) Teacher, instructor, or lead teacher",(1) White Only,(4) High school graduate,1993,0,26,Between 20 and 40,Less than $10
12.22222222223,"(2) Teacher, instructor, or lead teacher",(1) White Only,"(6) Associate degree (AA, AS)",1981,3,38,Between 20 and 40,Between $11 and $20
15,"(2) Teacher, instructor, or lead teacher",(1) White Only,"(7) Bachelor's degree (BA, BS, AB)",1969,0,50,Between 41 and 50,Between $11 and $20
9,"(2) Teacher, instructor, or lead teacher",(2) Black or African American Only,"(7) Bachelor's degree (BA, BS, AB)",1989,3,30,Between 20 and 40,Less than $10
11,(1) Aide or assistant teacher,NA,(5) Some college credit but no degree,1970,0,49,Between 41 and 50,Between $11 and $20
14.375,"(2) Teacher, instructor, or lead teacher",(1) White Only,(8) Graduate or professional degree,1950,1,69,More than 51,Between $11 and $20
12,(1) Aide or assistant teacher,(1) White Only,(5) Some college credit but no degree,1973,3,46,Between 41 and 50,Between $11 and $20
9.5,"(2) Teacher, instructor, or lead teacher",(2) Black or African American Only,(3) GED or high school equivalency,1975,6,44,Between 41 and 50,Less than $10
7.5,"(2) Teacher, instructor, or lead teacher",(2) Black or African American Only,(5) Some college credit but no degree,1998,3,21,Between 20 and 40,Less than $10
13.5,"(2) Teacher, instructor, or lead teacher",(1) White Only,"(7) Bachelor's degree (BA, BS, AB)",1984,1,35,Between 20 and 40,Between $11 and $20
15,"(2) Teacher, instructor, or lead teacher",(1) White Only,(5) Some college credit but no degree,1987,0,32,Between 20 and 40,Between $11 and $20
10,(1) Aide or assistant teacher,(3) Asian Only,"(6) Associate degree (AA, AS)",1975,3,44,Between 41 and 50,Less than $10
17,"(2) Teacher, instructor, or lead teacher",(1) White Only,"(7) Bachelor's degree (BA, BS, AB)",1993,1,26,Between 20 and 40,Between $11 and $20
12.5,"(2) Teacher, instructor, or lead teacher",NA,(5) Some college credit but no degree,1994,6,25,Between 20 and 40,Between $11 and $20
50,"(2) Teacher, instructor, or lead teacher",(1) White Only,(8) Graduate or professional degree,1958,0,61,More than 51,More than $31
41.66666666667,"(2) Teacher, instructor, or lead teacher",(1) White Only,"(7) Bachelor's degree (BA, BS, AB)",1988,1,31,Between 20 and 40,More than $31
107.5,"(2) Teacher, instructor, or lead teacher",(1) White Only,(8) Graduate or professional degree,1969,3,50,Between 41 and 50,More than $31
10.25,"(2) Teacher, instructor, or lead teacher",(1) White Only,"(7) Bachelor's degree (BA, BS, AB)",1977,1,42,Between 41 and 50,NA
NA,NA,NA,NA,NA,NA,NA,NA,NA
12,(1) Aide or assistant teacher,(1) White Only,(5) Some college credit but no degree,1974,0,45,Between 41 and 50,Between $11 and $20
NA,(1) Aide or assistant teacher,(1) White Only,(8) Graduate or professional degree,1991,0,28,Between 20 and 40,NA
4,"(2) Teacher, instructor, or lead teacher",(2) Black or African American Only,(5) Some college credit but no degree,1950,2,69,More than 51,Less than $10
12,"(2) Teacher, instructor, or lead teacher",(3) Asian Only,"(6) Associate degree (AA, AS)",1987,4,32,Between 20 and 40,Between $11 and $20
NA,NA,NA,NA,NA,NA,NA,NA,NA
10.75,"(2) Teacher, instructor, or lead teacher",(1) White Only,(4) High school graduate,1981,0,38,Between 20 and 40,NA
9,(1) Aide or assistant teacher,(1) White Only,"(7) Bachelor's degree (BA, BS, AB)",1995,0,24,Between 20 and 40,Less than $10
27.375,"(2) Teacher, instructor, or lead teacher",NA,"(7) Bachelor's degree (BA, BS, AB)",1969,4,50,Between 41 and 50,Between $21 and $30
18.45494505495,"(2) Teacher, instructor, or lead teacher",(2) Black or African American Only,(5) Some college credit but no degree,1962,4,57,More than 51,Between $11 and $20
7.1,(1) Aide or assistant teacher,(2) Black or African American Only,(4) High school graduate,1993,5,26,Between 20 and 40,Less than $10
8.25,(1) Aide or assistant teacher,(1) White Only,(1) Less than High School,1986,7,33,Between 20 and 40,Less than $10
NA,"(2) Teacher, instructor, or lead teacher",(1) White Only,"(7) Bachelor's degree (BA, BS, AB)",1982,5,37,Between 20 and 40,NA
7.5,(1) Aide or assistant teacher,(2) Black or African American Only,(1) Less than High School,1990,3,29,Between 20 and 40,Less than $10
12.88,"(2) Teacher, instructor, or lead teacher",(1) White Only,"(6) Associate degree (AA, AS)",1966,7,53,More than 51,Between $11 and $20
24.03846153847,(1) Aide or assistant teacher,(2) Black or African American Only,(4) High school graduate,1958,0,61,More than 51,Between $21 and $30
25,(1) Aide or assistant teacher,(2) Black or African American Only,"(7) Bachelor's degree (BA, BS, AB)",1988,2,31,Between 20 and 40,Between $21 and $30
25,"(2) Teacher, instructor, or lead teacher",(2) Black or African American Only,(8) Graduate or professional degree,1988,5,31,Between 20 and 40,Between $21 and $30
12.5,(1) Aide or assistant teacher,NA,(5) Some college credit but no degree,NA,NA,NA,NA,Between $11 and $20
10,(1) Aide or assistant teacher,(1) White Only,"(7) Bachelor's degree (BA, BS, AB)",1992,1,27,Between 20 and 40,Less than $10
NA,(1) Aide or assistant teacher,NA,"(7) Bachelor's degree (BA, BS, AB)",NA,NA,NA,NA,NA
22.45989304813,"(2) Teacher, instructor, or lead teacher",(1) White Only,(8) Graduate or professional degree,1974,7,45,Between 41 and 50,Between $21 and $30
32.35294117648,"(2) Teacher, instructor, or lead teacher",(1) White Only,"(7) Bachelor's degree (BA, BS, AB)",1963,0,56,More than 51,More than $31
18.27,"(2) Teacher, instructor, or lead teacher",(1) White Only,"(7) Bachelor's degree (BA, BS, AB)",1992,4,27,Between 20 and 40,Between $11 and $20
12,(1) Aide or assistant teacher,(1) White Only,"(6) Associate degree (AA, AS)",1983,2,36,Between 20 and 40,Between $11 and $20
15.37,(1) Aide or assistant teacher,(1) White Only,(3) GED or high school equivalency,1962,0,57,More than 51,Between $11 and $20
15.7,"(2) Teacher, instructor, or lead teacher",(8) Other,(5) Some college credit but no degree,1982,0,37,Between 20 and 40,Between $11 and $20
12,(1) Aide or assistant teacher,(1) White Only,(5) Some college credit but no degree,1995,0,24,Between 20 and 40,Between $11 and $20
20.99125364432,"(2) Teacher, instructor, or lead teacher",(2) Black or African American Only,(4) High school graduate,1950,2,69,More than 51,NA
13.5375,"(2) Teacher, instructor, or lead teacher",(1) White Only,"(6) Associate degree (AA, AS)",1976,0,43,Between 41 and 50,Between $11 and $20
13.5,"(2) Teacher, instructor, or lead teacher",(2) Black or African American Only,(5) Some college credit but no degree,1982,2,37,Between 20 and 40,Between $11 and $20
NA,NA,NA,NA,NA,NA,NA,NA,NA
14,(1) Aide or assistant teacher,NA,(5) Some college credit but no degree,NA,0,NA,NA,Between $11 and $20
15,"(2) Teacher, instructor, or lead teacher",(2) Black or African American Only,"(7) Bachelor's degree (BA, BS, AB)",1985,0,34,Between 20 and 40,Between $11 and $20
14.25,"(2) Teacher, instructor, or lead teacher",(1) White Only,(4) High school graduate,1998,8,21,Between 20 and 40,Between $11 and $20
NA,NA,NA,NA,NA,NA,NA,NA,NA
11,(1) Aide or assistant teacher,(1) White Only,(4) High school graduate,1990,3,29,Between 20 and 40,Between $11 and $20
NA,"(2) Teacher, instructor, or lead teacher",NA,NA,NA,NA,NA,NA,NA
14,"(2) Teacher, instructor, or lead teacher",(2) Black or African American Only,"(7) Bachelor's degree (BA, BS, AB)",1993,6,26,Between 20 and 40,Between $11 and $20
10,(1) Aide or assistant teacher,(1) White Only,(5) Some college credit but no degree,1987,0,32,Between 20 and 40,Less than $10
11,"(2) Teacher, instructor, or lead teacher",(1) White Only,(4) High school graduate,1988,0,31,Between 20 and 40,Between $11 and $20
7.875,(1) Aide or assistant teacher,(1) White Only,(8) Graduate or professional degree,1990,3,29,Between 20 and 40,Less than $10
11.25,(3) Other/undetermined,(1) White Only,(5) Some college credit but no degree,1993,4.666666666667,26,Between 20 and 40,Between $11 and $20
13,(1) Aide or assistant teacher,(1) White Only,"(7) Bachelor's degree (BA, BS, AB)",1992,7,27,Between 20 and 40,Between $11 and $20
23,"(2) Teacher, instructor, or lead teacher",(2) Black or African American Only,"(7) Bachelor's degree (BA, BS, AB)",1992,0,27,Between 20 and 40,Between $21 and $30
10,"(2) Teacher, instructor, or lead teacher",(1) White Only,"(6) Associate degree (AA, AS)",1998,0,21,Between 20 and 40,Less than $10
14,"(2) Teacher, instructor, or lead teacher",(3) Asian Only,(5) Some college credit but no degree,1989,7,30,Between 20 and 40,Between $11 and $20
20,"(2) Teacher, instructor, or lead teacher",NA,"(6) Associate degree (AA, AS)",1950,0,69,More than 51,Between $11 and $20
15.3,"(2) Teacher, instructor, or lead teacher",NA,"(6) Associate degree (AA, AS)",1992,1,27,Between 20 and 40,Between $11 and $20
8.5,(1) Aide or assistant teacher,NA,(4) High school graduate,1995,4,24,Between 20 and 40,Less than $10
NA,NA,NA,NA,NA,NA,NA,NA,NA
8.75,(1) Aide or assistant teacher,(2) Black or African American Only,(4) High school graduate,1998,0,21,Between 20 and 40,Less than $10
NA,NA,NA,NA,NA,NA,NA,NA,NA
17.49,(1) Aide or assistant teacher,(1) White Only,"(7) Bachelor's degree (BA, BS, AB)",1960,5,59,More than 51,Between $11 and $20
NA,"(2) Teacher, instructor, or lead teacher",(1) White Only,(5) Some college credit but no degree,1950,0,69,More than 51,NA
7.75,"(2) Teacher, instructor, or lead teacher",(1) White Only,(4) High school graduate,1998,2,21,Between 20 and 40,Less than $10
23,"(2) Teacher, instructor, or lead teacher",(1) White Only,(5) Some college credit but no degree,1994,3,25,Between 20 and 40,Between $21 and $30
8,"(2) Teacher, instructor, or lead teacher",(1) White Only,(4) High school graduate,1977,0,42,Between 41 and 50,Less than $10
13,"(2) Teacher, instructor, or lead teacher",(1) White Only,"(6) Associate degree (AA, AS)",1986,2,33,Between 20 and 40,Between $11 and $20
13.5,"(2) Teacher, instructor, or lead teacher",(1) White Only,"(6) Associate degree (AA, AS)",1977,12,42,Between 41 and 50,Between $11 and $20
17,"(2) Teacher, instructor, or lead teacher",(3) Asian Only,"(7) Bachelor's degree (BA, BS, AB)",1969,6,50,Between 41 and 50,Between $11 and $20
NA,"(2) Teacher, instructor, or lead teacher",(2) Black or African American Only,(1) Less than High School,1973,1,46,Between 41 and 50,NA
12,"(2) Teacher, instructor, or lead teacher",(1) White Only,(1) Less than High School,1995,8,24,Between 20 and 40,Between $11 and $20
13,"(2) Teacher, instructor, or lead teacher",(1) White Only,(5) Some college credit but no degree,1993,4,26,Between 20 and 40,Between $11 and $20
8.5384615384699991,"(2) Teacher, instructor, or lead teacher",(1) White Only,"(6) Associate degree (AA, AS)",1979,0,40,Between 20 and 40,Less than $10
9.25,(1) Aide or assistant teacher,(1) White Only,(8) Graduate or professional degree,1994,0,25,Between 20 and 40,Less than $10
26.4705882353,"(2) Teacher, instructor, or lead teacher",(2) Black or African American Only,(8) Graduate or professional degree,1950,0,69,More than 51,Between $21 and $30
12,(1) Aide or assistant teacher,(1) White Only,(5) Some college credit but no degree,1992,3,27,Between 20 and 40,Between $11 and $20
11.83255813954,(1) Aide or assistant teacher,(1) White Only,(5) Some college credit but no degree,1984,5,35,Between 20 and 40,Between $11 and $20
NA,(1) Aide or assistant teacher,(3) Asian Only,"(7) Bachelor's degree (BA, BS, AB)",1990,0,29,Between 20 and 40,NA
21.7,"(2) Teacher, instructor, or lead teacher",(1) White Only,"(6) Associate degree (AA, AS)",1981,11,38,Between 20 and 40,Between $21 and $30
NA,NA,NA,NA,NA,NA,NA,NA,NA
NA,NA,NA,NA,NA,NA,NA,NA,NA
11.25,(1) Aide or assistant teacher,(2) Black or African American Only,(4) High school graduate,1990,0,29,Between 20 and 40,Between $11 and $20
10.5,"(2) Teacher, instructor, or lead teacher",(1) White Only,(8) Graduate or professional degree,1988,0,31,Between 20 and 40,NA
20.45454545455,"(2) Teacher, instructor, or lead teacher",(1) White Only,"(7) Bachelor's degree (BA, BS, AB)",NA,0,NA,NA,NA
NA,NA,NA,NA,NA,NA,NA,NA,NA
10.5,(1) Aide or assistant teacher,(1) White Only,"(7) Bachelor's degree (BA, BS, AB)",1981,0,38,Between 20 and 40,NA
NA,NA,NA,NA,NA,NA,NA,NA,NA
11.33,(1) Aide or assistant teacher,(1) White Only,(5) Some college credit but no degree,1992,10,27,Between 20 and 40,Between $11 and $20
11,(1) Aide or assistant teacher,(1) White Only,(3) GED or high school equivalency,1998,0,21,Between 20 and 40,Between $11 and $20
10,(1) Aide or assistant teacher,(2) Black or African American Only,(4) High school graduate,1973,1,46,Between 41 and 50,Less than $10
9,"(2) Teacher, instructor, or lead teacher",(2) Black or African American Only,(4) High school graduate,1998,0,21,Between 20 and 40,Less than $10
NA,(1) Aide or assistant teacher,(1) White Only,"(7) Bachelor's degree (BA, BS, AB)",1982,NA,37,Between 20 and 40,NA
NA,NA,NA,NA,NA,NA,NA,NA,NA
NA,NA,NA,NA,NA,NA,NA,NA,NA
15.55,(1) Aide or assistant teacher,(8) Other,(5) Some college credit but no degree,1964,14,55,More than 51,Between $11 and $20
13.07189542484,(1) Aide or assistant teacher,(1) White Only,(4) High school graduate,1961,0,58,More than 51,Between $11 and $20
NA,"(2) Teacher, instructor, or lead teacher",NA,(8) Graduate or professional degree,NA,NA,NA,NA,NA
NA,"(2) Teacher, instructor, or lead teacher",(1) White Only,(8) Graduate or professional degree,NA,0,NA,NA,NA
20,"(2) Teacher, instructor, or lead teacher",(1) White Only,"(6) Associate degree (AA, AS)",1989,2,30,Between 20 and 40,Between $11 and $20
13,(1) Aide or assistant teacher,(2) Black or African American Only,(5) Some college credit but no degree,1973,1,46,Between 41 and 50,Between $11 and $20
11,"(2) Teacher, instructor, or lead teacher",NA,(4) High school graduate,1982,2,37,Between 20 and 40,Between $11 and $20
9.21052631579,"(2) Teacher, instructor, or lead teacher",(2) Black or African American Only,(5) Some college credit but no degree,1995,0,24,Between 20 and 40,Less than $10
17.35000000001,"(2) Teacher, instructor, or lead teacher",(1) White Only,(5) Some college credit but no degree,1982,5,37,Between 20 and 40,Between $11 and $20
8,(1) Aide or assistant teacher,(1) White Only,(5) Some college credit but no degree,1998,0,21,Between 20 and 40,Less than $10
13,"(2) Teacher, instructor, or lead teacher",(1) White Only,(5) Some college credit but no degree,1992,14,27,Between 20 and 40,Between $11 and $20
12,"(2) Teacher, instructor, or lead teacher",(1) White Only,"(7) Bachelor's degree (BA, BS, AB)",1996,1,23,Between 20 and 40,Between $11 and $20
9.25,(1) Aide or assistant teacher,(3) Asian Only,(8) Graduate or professional degree,1981,0,38,Between 20 and 40,Less than $10
9.25,(1) Aide or assistant teacher,(1) White Only,(5) Some college credit but no degree,1987,1,32,Between 20 and 40,Less than $10
11,(1) Aide or assistant teacher,(1) White Only,(5) Some college credit but no degree,1998,2,21,Between 20 and 40,Between $11 and $20
21.42857142858,"(2) Teacher, instructor, or lead teacher",(2) Black or African American Only,"(6) Associate degree (AA, AS)",1972,3,47,Between 41 and 50,Between $21 and $30
10,(1) Aide or assistant teacher,(1) White Only,(4) High school graduate,1998,0,21,Between 20 and 40,Less than $10
13,"(2) Teacher, instructor, or lead teacher",(1) White Only,"(6) Associate degree (AA, AS)",1996,0,23,Between 20 and 40,Between $11 and $20
9,"(2) Teacher, instructor, or lead teacher",NA,(4) High school graduate,NA,5,NA,NA,Less than $10
9.5,"(2) Teacher, instructor, or lead teacher",(2) Black or African American Only,(5) Some college credit but no degree,1986,1,33,Between 20 and 40,Less than $10
NA,NA,NA,NA,NA,NA,NA,NA,NA
NA,"(2) Teacher, instructor, or lead teacher",(2) Black or African American Only,"(6) Associate degree (AA, AS)",1981,NA,38,Between 20 and 40,NA
13,(1) Aide or assistant teacher,(2) Black or African American Only,(5) Some college credit but no degree,1963,1,56,More than 51,Between $11 and $20
10,(1) Aide or assistant teacher,(8) Other,(5) Some college credit but no degree,1989,4,30,Between 20 and 40,Less than $10
13.7,(1) Aide or assistant teacher,(1) White Only,"(7) Bachelor's degree (BA, BS, AB)",1974,0,45,Between 41 and 50,Between $11 and $20
NA,NA,NA,NA,NA,NA,NA,NA,NA
11.5,"(2) Teacher, instructor, or lead teacher",(2) Black or African American Only,"(7) Bachelor's degree (BA, BS, AB)",1988,2,31,Between 20 and 40,Between $11 and $20
NA,NA,NA,NA,NA,NA,NA,NA,NA
12.5,"(2) Teacher, instructor, or lead teacher",(1) White Only,(4) High school graduate,1984,1,35,Between 20 and 40,Between $11 and $20
11.9,"(2) Teacher, instructor, or lead teacher",(2) Black or African American Only,(5) Some college credit but no degree,1998,0,21,Between 20 and 40,Between $11 and $20
8.57142857143,"(2) Teacher, instructor, or lead teacher",(2) Black or African American Only,(4) High school graduate,1996,0,23,Between 20 and 40,Less than $10
27,"(2) Teacher, instructor, or lead teacher",(3) Asian Only,(8) Graduate or professional degree,1968,3,51,More than 51,Between $21 and $30
25,"(2) Teacher, instructor, or lead teacher",(8) Other,(1) Less than High School,1950,5,69,More than 51,Between $21 and $30
9.5,(1) Aide or assistant teacher,(2) Black or African American Only,(4) High school graduate,1998,3,21,Between 20 and 40,Less than $10
18,"(2) Teacher, instructor, or lead teacher",NA,(8) Graduate or professional degree,NA,0,NA,NA,Between $11 and $20
107.5,"(2) Teacher, instructor, or lead teacher",(1) White Only,(8) Graduate or professional degree,1977,0,42,Between 41 and 50,More than $31
NA,NA,NA,NA,NA,NA,NA,NA,NA
21,"(2) Teacher, instructor, or lead teacher",(1) White Only,"(7) Bachelor's degree (BA, BS, AB)",1974,3,45,Between 41 and 50,Between $21 and $30
14.5,"(2) Teacher, instructor, or lead teacher",NA,"(6) Associate degree (AA, AS)",1991,0,28,Between 20 and 40,Between $11 and $20
54.9575,"(2) Teacher, instructor, or lead teacher",(1) White Only,"(7) Bachelor's degree (BA, BS, AB)",1966,1,53,More than 51,More than $31
30.88235294118,"(2) Teacher, instructor, or lead teacher",(1) White Only,(8) Graduate or professional degree,1970,10,49,Between 41 and 50,NA
NA,NA,NA,NA,NA,NA,NA,NA,NA
NA,NA,NA,NA,NA,NA,NA,NA,NA
NA,NA,NA,NA,NA,NA,NA,NA,NA
12,(1) Aide or assistant teacher,(1) White Only,(4) High school graduate,1998,1,21,Between 20 and 40,Between $11 and $20
NA,(1) Aide or assistant teacher,NA,"(7) Bachelor's degree (BA, BS, AB)",1979,1,40,Between 20 and 40,NA
48.57142857143,"(2) Teacher, instructor, or lead teacher",(1) White Only,(8) Graduate or professional degree,1979,3,40,Between 20 and 40,More than $31
12.5,"(2) Teacher, instructor, or lead teacher",(2) Black or African American Only,(5) Some college credit but no degree,1998,1,21,Between 20 and 40,Between $11 and $20
13.5875,(1) Aide or assistant teacher,NA,"(7) Bachelor's degree (BA, BS, AB)",1958,0,61,More than 51,Between $11 and $20
13,"(2) Teacher, instructor, or lead teacher",(2) Black or African American Only,"(7) Bachelor's degree (BA, BS, AB)",1993,11,26,Between 20 and 40,Between $11 and $20
30.33333333334,(1) Aide or assistant teacher,(1) White Only,"(6) Associate degree (AA, AS)",1968,0,51,More than 51,NA
16.66666666667,(1) Aide or assistant teacher,(1) White Only,"(7) Bachelor's degree (BA, BS, AB)",1966,0,53,More than 51,Between $11 and $20
13,(1) Aide or assistant teacher,(3) Asian Only,(5) Some college credit but no degree,1979,0,40,Between 20 and 40,Between $11 and $20
8,"(2) Teacher, instructor, or lead teacher",(1) White Only,(3) GED or high school equivalency,1988,0,31,Between 20 and 40,Less than $10
10.4,"(2) Teacher, instructor, or lead teacher",(1) White Only,(4) High school graduate,1998,2,21,Between 20 and 40,NA
10,(1) Aide or assistant teacher,(1) White Only,(5) Some college credit but no degree,1998,0,21,Between 20 and 40,Less than $10
54.9575,"(2) Teacher, instructor, or lead teacher",(1) White Only,(8) Graduate or professional degree,1958,2,61,More than 51,More than $31
30.71428571429,(1) Aide or assistant teacher,(1) White Only,(8) Graduate or professional degree,1990,0,29,Between 20 and 40,NA
NA,NA,NA,NA,NA,NA,NA,NA,NA
13.75,"(2) Teacher, instructor, or lead teacher",(1) White Only,"(7) Bachelor's degree (BA, BS, AB)",1988,5,31,Between 20 and 40,Between $11 and $20
NA,(1) Aide or assistant teacher,(1) White Only,(1) Less than High School,NA,5,NA,NA,NA
21,(1) Aide or assistant teacher,(8) Other,"(7) Bachelor's degree (BA, BS, AB)",1992,2,27,Between 20 and 40,Between $21 and $30
11.5,"(2) Teacher, instructor, or lead teacher",(1) White Only,(4) High school graduate,1972,0,47,Between 41 and 50,Between $11 and $20
NA,(3) Other/undetermined,(1) White Only,(1) Less than High School,1966,0,53,More than 51,NA
NA,"(2) Teacher, instructor, or lead teacher",(2) Black or African American Only,"(6) Associate degree (AA, AS)",1976,0,43,Between 41 and 50,NA
9,"(2) Teacher, instructor, or lead teacher",(1) White Only,(4) High school graduate,1969,3,50,Between 41 and 50,Less than $10
10,(1) Aide or assistant teacher,(2) Black or African American Only,(4) High school graduate,1982,1,37,Between 20 and 40,Less than $10
8.411125,(1) Aide or assistant teacher,(1) White Only,(4) High school graduate,1998,4,21,Between 20 and 40,Less than $10
NA,"(2) Teacher, instructor, or lead teacher",(2) Black or African American Only,(5) Some college credit but no degree,1982,1,37,Between 20 and 40,NA
17,"(2) Teacher, instructor, or lead teacher",(1) White Only,(5) Some college credit but no degree,1958,0,61,More than 51,Between $11 and $20
14,(1) Aide or assistant teacher,(2) Black or African American Only,(1) Less than High School,1988,0,31,Between 20 and 40,Between $11 and $20
NA,(1) Aide or assistant teacher,(1) White Only,"(6) Associate degree (AA, AS)",1992,NA,27,Between 20 and 40,NA
16.84782608696,"(2) Teacher, instructor, or lead teacher",(1) White Only,"(7) Bachelor's degree (BA, BS, AB)",1989,2,30,Between 20 and 40,Between $11 and $20
20.8,"(2) Teacher, instructor, or lead teacher",(1) White Only,"(6) Associate degree (AA, AS)",1973,5.833333333333,46,Between 41 and 50,NA
10,(1) Aide or assistant teacher,(1) White Only,(4) High school graduate,1994,5,25,Between 20 and 40,Less than $10
14.59,"(2) Teacher, instructor, or lead teacher",(2) Black or African American Only,"(6) Associate degree (AA, AS)",1986,7,33,Between 20 and 40,Between $11 and $20
13.33,"(2) Teacher, instructor, or lead teacher",(1) White Only,"(7) Bachelor's degree (BA, BS, AB)",1950,0,69,More than 51,Between $11 and $20
NA,NA,NA,NA,NA,NA,NA,NA,NA
18,"(2) Teacher, instructor, or lead teacher",(1) White Only,"(7) Bachelor's degree (BA, BS, AB)",1960,0,59,More than 51,Between $11 and $20
NA,NA,NA,NA,NA,NA,NA,NA,NA
12,"(2) Teacher, instructor, or lead teacher",(1) White Only,(8) Graduate or professional degree,1950,2,69,More than 51,Between $11 and $20
11,(1) Aide or assistant teacher,(1) White Only,(5) Some college credit but no degree,1960,0,59,More than 51,Between $11 and $20
11.538461538469999,(1) Aide or assistant teacher,(1) White Only,"(6) Associate degree (AA, AS)",1974,3,45,Between 41 and 50,Between $11 and $20
12.85714285715,(1) Aide or assistant teacher,(1) White Only,"(6) Associate degree (AA, AS)",1970,0,49,Between 41 and 50,Between $11 and $20
11,"(2) Teacher, instructor, or lead teacher",(2) Black or African American Only,(5) Some college credit but no degree,1976,7,43,Between 41 and 50,Between $11 and $20
NA,"(2) Teacher, instructor, or lead teacher",(2) Black or African American Only,(5) Some college credit but no degree,1976,1,43,Between 41 and 50,NA
7.5,"(2) Teacher, instructor, or lead teacher",(2) Black or African American Only,(3) GED or high school equivalency,1958,3,61,More than 51,Less than $10
7.25,(1) Aide or assistant teacher,(2) Black or African American Only,(4) High school graduate,1988,3,31,Between 20 and 40,Less than $10
4.32,(1) Aide or assistant teacher,NA,(5) Some college credit but no degree,1958,3,61,More than 51,Less than $10
NA,(1) Aide or assistant teacher,(2) Black or African American Only,(4) High school graduate,1998,4,21,Between 20 and 40,NA
8.25,"(2) Teacher, instructor, or lead teacher",(2) Black or African American Only,(4) High school graduate,1993,3,26,Between 20 and 40,Less than $10
15,"(2) Teacher, instructor, or lead teacher",(2) Black or African American Only,(5) Some college credit but no degree,1969,0,50,Between 41 and 50,Between $11 and $20
12,"(2) Teacher, instructor, or lead teacher",(1) White Only,(4) High school graduate,1979,3,40,Between 20 and 40,Between $11 and $20
9.67741935484,(1) Aide or assistant teacher,(1) White Only,(4) High school graduate,1981,2,38,Between 20 and 40,Less than $10
19.52380952381,"(2) Teacher, instructor, or lead teacher",(1) White Only,"(6) Associate degree (AA, AS)",1963,0,56,More than 51,Between $11 and $20
16.25,"(2) Teacher, instructor, or lead teacher",(1) White Only,"(7) Bachelor's degree (BA, BS, AB)",1993,2,26,Between 20 and 40,Between $11 and $20
NA,(1) Aide or assistant teacher,(1) White Only,"(6) Associate degree (AA, AS)",1986,1,33,Between 20 and 40,NA
17,(1) Aide or assistant teacher,(2) Black or African American Only,"(7) Bachelor's degree (BA, BS, AB)",1963,4,56,More than 51,Between $11 and $20
23.33333333334,"(2) Teacher, instructor, or lead teacher",(3) Asian Only,(8) Graduate or professional degree,1989,5,30,Between 20 and 40,Between $21 and $30
11,(1) Aide or assistant teacher,NA,(1) Less than High School,1975,0,44,Between 41 and 50,Between $11 and $20
13.33,(1) Aide or assistant teacher,(1) White Only,"(6) Associate degree (AA, AS)",1980,0,39,Between 20 and 40,Between $11 and $20
14.75,"(2) Teacher, instructor, or lead teacher",(1) White Only,"(6) Associate degree (AA, AS)",1989,1,30,Between 20 and 40,Between $11 and $20
15,"(2) Teacher, instructor, or lead teacher",(1) White Only,(4) High school graduate,1986,0,33,Between 20 and 40,Between $11 and $20
31.5,"(2) Teacher, instructor, or lead teacher",(1) White Only,"(7) Bachelor's degree (BA, BS, AB)",1964,0,55,More than 51,More than $31
19,(1) Aide or assistant teacher,(1) White Only,"(6) Associate degree (AA, AS)",1988,0,31,Between 20 and 40,Between $11 and $20
12.5,"(2) Teacher, instructor, or lead teacher",(1) White Only,(5) Some college credit but no degree,1998,3,21,Between 20 and 40,Between $11 and $20
10.5,(1) Aide or assistant teacher,(1) White Only,(3) GED or high school equivalency,1980,0,39,Between 20 and 40,NA
NA,"(2) Teacher, instructor, or lead teacher",(1) White Only,"(7) Bachelor's degree (BA, BS, AB)",1989,1,30,Between 20 and 40,NA
14,"(2) Teacher, instructor, or lead teacher",(8) Other,"(6) Associate degree (AA, AS)",1996,2,23,Between 20 and 40,Between $11 and $20
9.72222222223,(1) Aide or assistant teacher,(1) White Only,(5) Some college credit but no degree,1984,3,35,Between 20 and 40,Less than $10
18.75,(1) Aide or assistant teacher,NA,(4) High school graduate,1979,5,40,Between 20 and 40,Between $11 and $20
5,(1) Aide or assistant teacher,(2) Black or African American Only,"(6) Associate degree (AA, AS)",1987,4,32,Between 20 and 40,Less than $10
24.24242424243,(1) Aide or assistant teacher,(1) White Only,"(7) Bachelor's degree (BA, BS, AB)",1966,3,53,More than 51,Between $21 and $30
21.81818181819,"(2) Teacher, instructor, or lead teacher",(1) White Only,(8) Graduate or professional degree,1950,4,69,More than 51,Between $21 and $30
13.5,"(2) Teacher, instructor, or lead teacher",(8) Other,"(7) Bachelor's degree (BA, BS, AB)",1996,2,23,Between 20 and 40,Between $11 and $20
13,"(2) Teacher, instructor, or lead teacher",(1) White Only,"(7) Bachelor's degree (BA, BS, AB)",1988,4,31,Between 20 and 40,Between $11 and $20
10.71428571429,(1) Aide or assistant teacher,(2) Black or African American Only,(4) High school graduate,1995,0,24,Between 20 and 40,NA
16.25,"(2) Teacher, instructor, or lead teacher",NA,"(6) Associate degree (AA, AS)",1991,2,28,Between 20 and 40,Between $11 and $20
13,(1) Aide or assistant teacher,(1) White Only,"(6) Associate degree (AA, AS)",1993,0,26,Between 20 and 40,Between $11 and $20
14.5,"(2) Teacher, instructor, or lead teacher",(1) White Only,"(6) Associate degree (AA, AS)",1965,4,54,More than 51,Between $11 and $20
20,"(2) Teacher, instructor, or lead teacher",(1) White Only,(4) High school graduate,1966,3,53,More than 51,Between $11 and $20
17,"(2) Teacher, instructor, or lead teacher",(2) Black or African American Only,(5) Some college credit but no degree,1963,0,56,More than 51,Between $11 and $20
13.5,"(2) Teacher, instructor, or lead teacher",(1) White Only,"(6) Associate degree (AA, AS)",1988,0,31,Between 20 and 40,Between $11 and $20
22.26620484909,"(2) Teacher, instructor, or lead teacher",(8) Other,"(7) Bachelor's degree (BA, BS, AB)",1985,2,34,Between 20 and 40,Between $21 and $30
17.46031746032,"(2) Teacher, instructor, or lead teacher",(1) White Only,(5) Some college credit but no degree,1980,4,39,Between 20 and 40,Between $11 and $20
15,"(2) Teacher, instructor, or lead teacher",NA,"(7) Bachelor's degree (BA, BS, AB)",NA,NA,NA,NA,Between $11 and $20
9,"(2) Teacher, instructor, or lead teacher",(1) White Only,"(7) Bachelor's degree (BA, BS, AB)",1991,3,28,Between 20 and 40,Less than $10
11.25,(1) Aide or assistant teacher,(1) White Only,"(7) Bachelor's degree (BA, BS, AB)",1969,2,50,Between 41 and 50,Between $11 and $20
NA,NA,NA,NA,NA,NA,NA,NA,NA
10,"(2) Teacher, instructor, or lead teacher",(1) White Only,(5) Some college credit but no degree,1990,7,29,Between 20 and 40,Less than $10
12,"(2) Teacher, instructor, or lead teacher",(1) White Only,(4) High school graduate,1996,3,23,Between 20 and 40,Between $11 and $20
12,(1) Aide or assistant teacher,(2) Black or African American Only,(4) High school graduate,1998,0,21,Between 20 and 40,Between $11 and $20
15.625,"(2) Teacher, instructor, or lead teacher",(3) Asian Only,"(7) Bachelor's degree (BA, BS, AB)",1987,8,32,Between 20 and 40,Between $11 and $20
20,"(2) Teacher, instructor, or lead teacher",(3) Asian Only,(8) Graduate or professional degree,1981,0,38,Between 20 and 40,Between $11 and $20
12.675,(1) Aide or assistant teacher,(1) White Only,(5) Some college credit but no degree,1965,NA,54,More than 51,Between $11 and $20
NA,NA,NA,NA,NA,NA,NA,NA,NA
10,"(2) Teacher, instructor, or lead teacher",(2) Black or African American Only,(5) Some college credit but no degree,1990,10,29,Between 20 and 40,Less than $10
12,(1) Aide or assistant teacher,(1) White Only,(3) GED or high school equivalency,1988,2,31,Between 20 and 40,Between $11 and $20
10.25,"(2) Teacher, instructor, or lead teacher",(2) Black or African American Only,"(6) Associate degree (AA, AS)",1993,1,26,Between 20 and 40,NA
19.25,"(2) Teacher, instructor, or lead teacher",(3) Asian Only,"(7) Bachelor's degree (BA, BS, AB)",1995,4,24,Between 20 and 40,Between $11 and $20
13,(1) Aide or assistant teacher,(1) White Only,(5) Some college credit but no degree,1981,0,38,Between 20 and 40,Between $11 and $20
12,"(2) Teacher, instructor, or lead teacher",(1) White Only,"(6) Associate degree (AA, AS)",1989,0,30,Between 20 and 40,Between $11 and $20
11,(1) Aide or assistant teacher,(1) White Only,(4) High school graduate,1979,1,40,Between 20 and 40,Between $11 and $20
11,"(2) Teacher, instructor, or lead teacher",(1) White Only,(5) Some college credit but no degree,1958,1,61,More than 51,Between $11 and $20
10,"(2) Teacher, instructor, or lead teacher",(1) White Only,(5) Some college credit but no degree,1973,0,46,Between 41 and 50,Less than $10
16,"(2) Teacher, instructor, or lead teacher",(1) White Only,"(7) Bachelor's degree (BA, BS, AB)",1958,2,61,More than 51,Between $11 and $20
16.5,"(2) Teacher, instructor, or lead teacher",(1) White Only,"(7) Bachelor's degree (BA, BS, AB)",1990,3,29,Between 20 and 40,Between $11 and $20
7.91208791209,"(2) Teacher, instructor, or lead teacher",(2) Black or African American Only,"(6) Associate degree (AA, AS)",1988,2,31,Between 20 and 40,Less than $10
NA,NA,NA,NA,NA,NA,NA,NA,NA
9,"(2) Teacher, instructor, or lead teacher",(1) White Only,(4) High school graduate,1972,0,47,Between 41 and 50,Less than $10
19.5,"(2) Teacher, instructor, or lead teacher",(2) Black or African American Only,(8) Graduate or professional degree,1989,5,30,Between 20 and 40,Between $11 and $20
12.75,"(2) Teacher, instructor, or lead teacher",(1) White Only,(5) Some college credit but no degree,1982,0,37,Between 20 and 40,Between $11 and $20
12.5,"(2) Teacher, instructor, or lead teacher",(1) White Only,"(7) Bachelor's degree (BA, BS, AB)",1984,0,35,Between 20 and 40,Between $11 and $20
10.87209302326,(1) Aide or assistant teacher,(2) Black or African American Only,(4) High school graduate,1998,7,21,Between 20 and 40,NA
10.25,(1) Aide or assistant teacher,(1) White Only,(4) High school graduate,1970,2,49,Between 41 and 50,NA
13.3,"(2) Teacher, instructor, or lead teacher",(1) White Only,"(6) Associate degree (AA, AS)",1993,0,26,Between 20 and 40,Between $11 and $20
18.5,"(2) Teacher, instructor, or lead teacher",(1) White Only,"(6) Associate degree (AA, AS)",1966,1,53,More than 51,Between $11 and $20
12.31,(1) Aide or assistant teacher,(1) White Only,(5) Some college credit but no degree,1996,3,23,Between 20 and 40,Between $11 and $20
8,"(2) Teacher, instructor, or lead teacher",(1) White Only,(5) Some college credit but no degree,1992,4,27,Between 20 and 40,Less than $10
12,"(2) Teacher, instructor, or lead teacher",(1) White Only,"(6) Associate degree (AA, AS)",1998,2,21,Between 20 and 40,Between $11 and $20
44.21052631579,"(2) Teacher, instructor, or lead teacher",(1) White Only,(8) Graduate or professional degree,1950,0,69,More than 51,More than $31
10.44,(1) Aide or assistant teacher,NA,(4) High school graduate,1995,1,24,Between 20 and 40,NA
NA,NA,NA,NA,NA,NA,NA,NA,NA
14.44444444445,(1) Aide or assistant teacher,(2) Black or African American Only,"(7) Bachelor's degree (BA, BS, AB)",1968,1,51,More than 51,Between $11 and $20
15.75,"(2) Teacher, instructor, or lead teacher",(1) White Only,"(7) Bachelor's degree (BA, BS, AB)",1977,0,42,Between 41 and 50,Between $11 and $20
19.06,"(2) Teacher, instructor, or lead teacher",(1) White Only,"(7) Bachelor's degree (BA, BS, AB)",1974,0,45,Between 41 and 50,Between $11 and $20
20.27027027028,"(2) Teacher, instructor, or lead teacher",(1) White Only,"(6) Associate degree (AA, AS)",1969,2,50,Between 41 and 50,NA
10,"(2) Teacher, instructor, or lead teacher",(2) Black or African American Only,(3) GED or high school equivalency,1974,3,45,Between 41 and 50,Less than $10
13.25,"(2) Teacher, instructor, or lead teacher",(1) White Only,(4) High school graduate,1992,0,27,Between 20 and 40,Between $11 and $20
14,"(2) Teacher, instructor, or lead teacher",(1) White Only,(5) Some college credit but no degree,1964,1,55,More than 51,Between $11 and $20
8.66666666667,(1) Aide or assistant teacher,(8) Other,(1) Less than High School,1998,11,21,Between 20 and 40,Less than $10
7.025,"(2) Teacher, instructor, or lead teacher",(2) Black or African American Only,(4) High school graduate,1989,1,30,Between 20 and 40,Less than $10
12,"(2) Teacher, instructor, or lead teacher",(1) White Only,(5) Some college credit but no degree,1962,0,57,More than 51,Between $11 and $20
19.04761904762,"(2) Teacher, instructor, or lead teacher",(1) White Only,(5) Some college credit but no degree,1998,3,21,Between 20 and 40,Between $11 and $20
15,(1) Aide or assistant teacher,(8) Other,(5) Some college credit but no degree,1994,5,25,Between 20 and 40,Between $11 and $20
NA,NA,NA,NA,NA,NA,NA,NA,NA
15,"(2) Teacher, instructor, or lead teacher",(2) Black or African American Only,"(7) Bachelor's degree (BA, BS, AB)",1968,1,51,More than 51,Between $11 and $20
NA,NA,NA,NA,NA,NA,NA,NA,NA
11.1,(1) Aide or assistant teacher,(1) White Only,(4) High school graduate,1960,0,59,More than 51,Between $11 and $20
NA,NA,NA,NA,NA,NA,NA,NA,NA
12.25,"(2) Teacher, instructor, or lead teacher",(1) White Only,(5) Some college credit but no degree,1974,2.333333333333,45,Between 41 and 50,Between $11 and $20
39.77272727273,"(2) Teacher, instructor, or lead teacher",(8) Other,"(7) Bachelor's degree (BA, BS, AB)",1967,0,52,More than 51,More than $31
NA,NA,NA,NA,NA,NA,NA,NA,NA
12.248375,"(2) Teacher, instructor, or lead teacher",(1) White Only,"(7) Bachelor's degree (BA, BS, AB)",1993,4,26,Between 20 and 40,Between $11 and $20
15,(1) Aide or assistant teacher,(2) Black or African American Only,"(6) Associate degree (AA, AS)",1988,3,31,Between 20 and 40,Between $11 and $20
NA,NA,NA,NA,NA,NA,NA,NA,NA
10.375,(1) Aide or assistant teacher,(1) White Only,(4) High school graduate,1963,8,56,More than 51,NA
13.86666666667,"(2) Teacher, instructor, or lead teacher",(3) Asian Only,"(6) Associate degree (AA, AS)",1968,5,51,More than 51,Between $11 and $20
45.62083333334,"(2) Teacher, instructor, or lead teacher",(1) White Only,(8) Graduate or professional degree,1970,0,49,Between 41 and 50,More than $31
10,"(2) Teacher, instructor, or lead teacher",(1) White Only,(4) High school graduate,NA,0,NA,NA,Less than $10
NA,"(2) Teacher, instructor, or lead teacher",(2) Black or African American Only,"(6) Associate degree (AA, AS)",1975,NA,44,Between 41 and 50,NA
11.2,"(2) Teacher, instructor, or lead teacher",(1) White Only,(5) Some college credit but no degree,1971,3,48,Between 41 and 50,Between $11 and $20
11,"(2) Teacher, instructor, or lead teacher",(8) Other,(4) High school graduate,1998,1,21,Between 20 and 40,Between $11 and $20
19.72666666667,"(2) Teacher, instructor, or lead teacher",(1) White Only,"(7) Bachelor's degree (BA, BS, AB)",1996,4,23,Between 20 and 40,Between $11 and $20
15,"(2) Teacher, instructor, or lead teacher",(2) Black or African American Only,(5) Some college credit but no degree,1982,3,37,Between 20 and 40,Between $11 and $20
NA,NA,NA,NA,NA,NA,NA,NA,NA
8,"(2) Teacher, instructor, or lead teacher",(1) White Only,(4) High school graduate,1973,0,46,Between 41 and 50,Less than $10
14,"(2) Teacher, instructor, or lead teacher",(2) Black or African American Only,"(6) Associate degree (AA, AS)",1980,6,39,Between 20 and 40,Between $11 and $20
8.75,(1) Aide or assistant teacher,(1) White Only,(3) GED or high school equivalency,1988,2,31,Between 20 and 40,Less than $10
9.73333333334,"(2) Teacher, instructor, or lead teacher",(1) White Only,(5) Some college credit but no degree,1981,0,38,Between 20 and 40,Less than $10
10.5,(1) Aide or assistant teacher,(2) Black or African American Only,(5) Some college credit but no degree,1998,11,21,Between 20 and 40,NA
17,"(2) Teacher, instructor, or lead teacher",(2) Black or African American Only,"(6) Associate degree (AA, AS)",1983,2,36,Between 20 and 40,Between $11 and $20
32.47863247864,"(2) Teacher, instructor, or lead teacher",(1) White Only,"(7) Bachelor's degree (BA, BS, AB)",1961,1,58,More than 51,More than $31
20,"(2) Teacher, instructor, or lead teacher",(1) White Only,(5) Some college credit but no degree,1969,0,50,Between 41 and 50,Between $11 and $20
107.5,"(2) Teacher, instructor, or lead teacher",(2) Black or African American Only,"(7) Bachelor's degree (BA, BS, AB)",1978,6,41,Between 41 and 50,More than $31
12.5,(1) Aide or assistant teacher,NA,"(6) Associate degree (AA, AS)",1986,4,33,Between 20 and 40,Between $11 and $20
9,"(2) Teacher, instructor, or lead teacher",(1) White Only,(5) Some college credit but no degree,1972,8,47,Between 41 and 50,Less than $10
24.8,(1) Aide or assistant teacher,NA,"(7) Bachelor's degree (BA, BS, AB)",1980,7,39,Between 20 and 40,Between $21 and $30
NA,NA,NA,NA,NA,NA,NA,NA,NA
9.25,"(2) Teacher, instructor, or lead teacher",(1) White Only,(8) Graduate or professional degree,1995,10,24,Between 20 and 40,Less than $10
NA,"(2) Teacher, instructor, or lead teacher",NA,NA,NA,NA,NA,NA,NA
10.25,(1) Aide or assistant teacher,(1) White Only,(4) High school graduate,1998,0,21,Between 20 and 40,NA
10,"(2) Teacher, instructor, or lead teacher",(2) Black or African American Only,(4) High school graduate,1983,0,36,Between 20 and 40,Less than $10
20,"(2) Teacher, instructor, or lead teacher",NA,"(7) Bachelor's degree (BA, BS, AB)",1993,6,26,Between 20 and 40,Between $11 and $20
NA,NA,NA,NA,NA,NA,NA,NA,NA
NA,"(2) Teacher, instructor, or lead teacher",(1) White Only,"(6) Associate degree (AA, AS)",1988,0,31,Between 20 and 40,NA
42.1052631579,(3) Other/undetermined,(1) White Only,(8) Graduate or professional degree,1960,1,59,More than 51,More than $31
11.75,(1) Aide or assistant teacher,NA,(5) Some college credit but no degree,NA,3,NA,NA,Between $11 and $20
24.0625,"(2) Teacher, instructor, or lead teacher",NA,(4) High school graduate,1979,4,40,Between 20 and 40,Between $21 and $30
13.21428571429,(1) Aide or assistant teacher,NA,(4) High school graduate,1968,3,51,More than 51,Between $11 and $20
10,(1) Aide or assistant teacher,(1) White Only,(4) High school graduate,1966,0,53,More than 51,Less than $10
17.25,"(2) Teacher, instructor, or lead teacher",(1) White Only,(4) High school graduate,1979,0,40,Between 20 and 40,Between $11 and $20
14,(1) Aide or assistant teacher,(1) White Only,(5) Some college credit but no degree,1983,0,36,Between 20 and 40,Between $11 and $20
12,(1) Aide or assistant teacher,(1) White Only,"(7) Bachelor's degree (BA, BS, AB)",1993,0,26,Between 20 and 40,Between $11 and $20
NA,NA,NA,NA,NA,NA,NA,NA,NA
